/mnt/d/collections2026/phd_application/nanobot1/milestone2/bff/bff_service.py:712: DeprecationWarning: 
        on_event is deprecated, use lifespan event handlers instead.

        Read more about it in the
        [FastAPI docs for Lifespan Events](https://fastapi.tiangolo.com/advanced/events/).
        
  @app.on_event("startup")
INFO:     Started server process [27535]
INFO:     Waiting for application startup.
INFO:     Application startup complete.
INFO:     Uvicorn running on http://0.0.0.0:8000 (Press CTRL+C to quit)
2026-04-21 22:37:27,329 - httpx - INFO - HTTP Request: GET http://localhost:19351/health "HTTP/1.1 200 OK"
2026-04-21 22:37:27,443 - httpx - INFO - HTTP Request: GET http://localhost:19351/stats "HTTP/1.1 200 OK"
2026-04-21 22:37:27,755 - httpx - INFO - HTTP Request: GET http://localhost:19351/stats "HTTP/1.1 200 OK"
2026-04-21 22:37:27,954 - httpx - INFO - HTTP Request: POST http://localhost:19351/preset-skill-0 "HTTP/1.1 200 OK"
2026-04-21 22:37:32,652 - httpx - INFO - HTTP Request: GET http://localhost:19353/health "HTTP/1.1 200 OK"
2026-04-21 22:37:35,813 - httpx - INFO - HTTP Request: GET http://localhost:19356/health "HTTP/1.1 200 OK"
2026-04-21 22:37:37,937 - httpx - INFO - HTTP Request: GET http://localhost:19357/health "HTTP/1.1 200 OK"
2026-04-21 22:37:40,897 - httpx - INFO - HTTP Request: GET http://localhost:19362/health "HTTP/1.1 200 OK"
2026-04-21 22:37:43,020 - httpx - INFO - HTTP Request: GET http://localhost:19373/health "HTTP/1.1 200 OK"
2026-04-21 22:37:45,950 - httpx - INFO - HTTP Request: GET http://localhost:19384/health "HTTP/1.1 200 OK"
2026-04-21 22:37:48,071 - httpx - INFO - HTTP Request: GET http://localhost:19387/health "HTTP/1.1 200 OK"
2026-04-21 22:37:51,298 - httpx - INFO - HTTP Request: GET http://localhost:19398/health "HTTP/1.1 200 OK"
2026-04-21 22:37:53,448 - httpx - INFO - HTTP Request: GET http://localhost:19403/health "HTTP/1.1 200 OK"
2026-04-21 22:37:56,601 - httpx - INFO - HTTP Request: GET http://localhost:19426/health "HTTP/1.1 200 OK"
2026-04-21 22:37:58,733 - httpx - INFO - HTTP Request: GET http://localhost:19443/health "HTTP/1.1 200 OK"
2026-04-21 22:38:01,796 - httpx - INFO - HTTP Request: GET http://localhost:19457/health "HTTP/1.1 200 OK"
2026-04-21 22:38:03,927 - httpx - INFO - HTTP Request: GET http://localhost:19466/health "HTTP/1.1 200 OK"
2026-04-21 22:38:06,968 - httpx - INFO - HTTP Request: GET http://localhost:19486/health "HTTP/1.1 200 OK"
2026-04-21 22:38:09,081 - httpx - INFO - HTTP Request: GET http://localhost:19494/health "HTTP/1.1 200 OK"
2026-04-21 22:38:12,191 - httpx - INFO - HTTP Request: GET http://localhost:19524/health "HTTP/1.1 200 OK"
2026-04-21 22:38:14,336 - httpx - INFO - HTTP Request: GET http://localhost:20068/health "HTTP/1.1 200 OK"
2026-04-21 22:38:17,482 - httpx - INFO - HTTP Request: GET http://localhost:20095/health "HTTP/1.1 200 OK"
2026-04-21 22:38:20,088 - httpx - INFO - HTTP Request: GET http://localhost:19351/task?agent_id=206fb109 "HTTP/1.1 200 OK"
2026-04-21 22:38:20,090 - httpx - INFO - HTTP Request: GET http://localhost:19351/task?agent_id=3e473202 "HTTP/1.1 200 OK"
2026-04-21 22:38:20,091 - httpx - INFO - HTTP Request: GET http://localhost:20116/health "HTTP/1.1 200 OK"
2026-04-21 22:38:20,092 - httpx - INFO - HTTP Request: GET http://localhost:19351/task?agent_id=b076818a "HTTP/1.1 200 OK"
2026-04-21 22:38:20,092 - httpx - INFO - HTTP Request: GET http://localhost:19351/task?agent_id=c01d46ac "HTTP/1.1 200 OK"
2026-04-21 22:38:20,093 - httpx - INFO - HTTP Request: GET http://localhost:19351/task?agent_id=4f4a09ef "HTTP/1.1 200 OK"
2026-04-21 22:38:20,094 - httpx - INFO - HTTP Request: GET http://localhost:19351/task?agent_id=5b0ab4c2 "HTTP/1.1 200 OK"
2026-04-21 22:38:20,094 - httpx - INFO - HTTP Request: GET http://localhost:19351/task?agent_id=8b461f3d "HTTP/1.1 200 OK"
2026-04-21 22:38:20,095 - httpx - INFO - HTTP Request: GET http://localhost:19351/task?agent_id=f7470fa0 "HTTP/1.1 200 OK"
2026-04-21 22:38:20,095 - httpx - INFO - HTTP Request: GET http://localhost:19351/task?agent_id=9f005100 "HTTP/1.1 200 OK"
2026-04-21 22:38:20,120 - httpx - INFO - HTTP Request: GET http://localhost:19351/task?agent_id=91abe0a0 "HTTP/1.1 200 OK"
2026-04-21 22:38:22,357 - httpx - INFO - HTTP Request: GET http://localhost:19351/task?agent_id=31877661 "HTTP/1.1 200 OK"
2026-04-21 22:38:22,359 - httpx - INFO - HTTP Request: GET http://localhost:19351/task?agent_id=45b1447d "HTTP/1.1 200 OK"
2026-04-21 22:38:22,360 - httpx - INFO - HTTP Request: GET http://localhost:19351/task?agent_id=e07b58b0 "HTTP/1.1 200 OK"
2026-04-21 22:38:22,363 - httpx - INFO - HTTP Request: GET http://localhost:19351/task?agent_id=cd956f8c "HTTP/1.1 200 OK"
2026-04-21 22:38:22,364 - httpx - INFO - HTTP Request: GET http://localhost:19351/task?agent_id=269662a6 "HTTP/1.1 200 OK"
2026-04-21 22:38:22,365 - httpx - INFO - HTTP Request: GET http://localhost:19351/task?agent_id=221a3768 "HTTP/1.1 200 OK"
2026-04-21 22:38:22,366 - httpx - INFO - HTTP Request: GET http://localhost:19351/task?agent_id=3ff882e7 "HTTP/1.1 200 OK"
2026-04-21 22:38:22,366 - httpx - INFO - HTTP Request: GET http://localhost:19351/task?agent_id=1899dd93 "HTTP/1.1 200 OK"
2026-04-21 22:38:22,367 - httpx - INFO - HTTP Request: GET http://localhost:19351/task?agent_id=823eaa27 "HTTP/1.1 200 OK"
2026-04-21 22:38:22,367 - httpx - INFO - HTTP Request: GET http://localhost:19351/task?agent_id=d620df34 "HTTP/1.1 200 OK"
2026-04-21 22:38:24,896 - httpx - INFO - HTTP Request: GET http://localhost:19351/task?agent_id=e07b58b0 "HTTP/1.1 200 OK"
2026-04-21 22:38:25,360 - httpx - INFO - HTTP Request: GET http://localhost:19351/task?agent_id=e07b58b0 "HTTP/1.1 200 OK"
2026-04-21 22:38:25,964 - httpx - INFO - HTTP Request: GET http://localhost:19351/task?agent_id=e07b58b0 "HTTP/1.1 200 OK"
2026-04-21 22:38:26,444 - httpx - INFO - HTTP Request: GET http://localhost:19351/task?agent_id=e07b58b0 "HTTP/1.1 200 OK"
2026-04-21 22:38:26,947 - httpx - INFO - HTTP Request: GET http://localhost:19351/task?agent_id=e07b58b0 "HTTP/1.1 200 OK"
2026-04-21 22:38:27,419 - httpx - INFO - HTTP Request: GET http://localhost:19351/task?agent_id=e07b58b0 "HTTP/1.1 200 OK"
[BFF] 初始化数据库...
[DB] usage 字段已存在，跳过迁移
[DB] 数据库初始化完成
[BFF] 启动时清理无效对话...
[BFF] 清理完成，剩余对话: 0
[BFF] 开始迁移对话数据，补充 Power 机制字段...
[BFF] 迁移完成，共处理 0 个对话
[BFF] 启动定时邻居发现任务
[BFF] 启动容器健康监控任务
[BFF] 邻居发现: 节点数量不足 (0)，跳过
[BFF] KM容器不存在，创建中...
[Orchestrator] PUBLIC_MEMORY_HOST_PATH from env: None
[Orchestrator] Using fallback path: /mnt/d/collections2026/phd_application/nanobot1/data/public_memory
[Orchestrator] KM容器挂载PublicMemory: /mnt/d/collections2026/phd_application/nanobot1/data/public_memory -> /app/public_memory
[Orchestrator] KM合并阈值: 5, 间隔: 60秒
[Orchestrator] KM的BFF_BASE_URL: http://host.docker.internal:8000
[Orchestrator] Container nanobot_conv_9764e920 is ready
[Orchestrator] Created container nanobot_conv_9764e920
[BFF] KM容器已创建: 9764e920, 端口: 19351
[KM] 预置0号Skill，转发到KM容器
[Orchestrator] Container nanobot_conv_206fb109 is ready
[Orchestrator] Created container nanobot_conv_206fb109
[Orchestrator] Container nanobot_conv_3e473202 is ready
[Orchestrator] Created container nanobot_conv_3e473202
[Orchestrator] Container nanobot_conv_31877661 is ready
[Orchestrator] Created container nanobot_conv_31877661
[Orchestrator] Container nanobot_conv_c01d46ac is ready
[Orchestrator] Created container nanobot_conv_c01d46ac
[Orchestrator] Container nanobot_conv_45b1447d is ready
[Orchestrator] Created container nanobot_conv_45b1447d
[Orchestrator] Container nanobot_conv_b076818a is ready
[Orchestrator] Created container nanobot_conv_b076818a
[Orchestrator] Container nanobot_conv_269662a6 is ready
[Orchestrator] Created container nanobot_conv_269662a6
[Orchestrator] Container nanobot_conv_5b0ab4c2 is ready
[Orchestrator] Created container nanobot_conv_5b0ab4c2
[Orchestrator] Container nanobot_conv_1899dd93 is ready
[Orchestrator] Created container nanobot_conv_1899dd93
[Orchestrator] Container nanobot_conv_8b461f3d is ready
[Orchestrator] Created container nanobot_conv_8b461f3d
[Orchestrator] Container nanobot_conv_cd956f8c is ready
[Orchestrator] Created container nanobot_conv_cd956f8c
[Orchestrator] Container nanobot_conv_4f4a09ef is ready
[Orchestrator] Created container nanobot_conv_4f4a09ef
[Orchestrator] Container nanobot_conv_3ff882e7 is ready
[Orchestrator] Created container nanobot_conv_3ff882e7
[Orchestrator] Container nanobot_conv_91abe0a0 is ready
[Orchestrator] Created container nanobot_conv_91abe0a0
[Orchestrator] Container nanobot_conv_823eaa27 is ready
[Orchestrator] Created container nanobot_conv_823eaa27
[Orchestrator] Container nanobot_conv_f7470fa0 is ready
[Orchestrator] Created container nanobot_conv_f7470fa0
[Orchestrator] Container nanobot_conv_d620df34 is ready
[Orchestrator] Created container nanobot_conv_d620df34
[Orchestrator] Container nanobot_conv_9f005100 is ready
[Orchestrator] Created container nanobot_conv_9f005100
[Orchestrator] Container nanobot_conv_221a3768 is ready
[Orchestrator] Created container nanobot_conv_221a3768
[BFF] 邻居发现: 所有父子关系已建立
[BFF] 读取PublicMemory (物理路径): /mnt/d/collections2026/phd_application/nanobot1/milestone2/data/public_memory/public_memory.jsonl, top_k=2
[BFF] 读取PublicMemory完成: 0 条记录
[BFF] 读取PublicMemory (物理路径): /mnt/d/collections2026/phd_application/nanobot1/milestone2/data/public_memory/public_memory.jsonl, top_k=2
[BFF] 读取PublicMemory完成: 0 条记录
[BFF] 读取PublicMemory (物理路径): /mnt/d/collections2026/phd_application/nanobot1/milestone2/data/public_memory/public_memory.jsonl, top_k=2
[BFF] 读取PublicMemory完成: 0 条记录
[BFF] 读取PublicMemory (物理路径): /mnt/d/collections2026/phd_application/nanobot1/milestone2/data/public_memory/public_memory.jsonl, top_k=2
[BFF] 读取PublicMemory完成: 0 条记录
[BFF] 读取PublicMemory (物理路径): /mnt/d/collections2026/phd_application/nanobot1/milestone2/data/public_memory/public_memory.jsonl, top_k=2
[BFF] 读取PublicMemory完成: 0 条记录
[BFF] 读取PublicMemory (物理路径): /mnt/d/collections2026/phd_application/nanobot1/milestone2/data/public_memory/public_memory.jsonl, top_k=2
[BFF] 读取PublicMemory完成: 0 条记录
[BFF] 读取PublicMemory (物理路径): /mnt/d/collections2026/phd_application/nanobot1/milestone2/data/public_memory/public_memory.jsonl, top_k=2
[BFF] 读取PublicMemory完成: 0 条记录
[BFF] 读取PublicMemory (物理路径): /mnt/d/collections2026/phd_application/nanobot1/milestone2/data/public_memory/public_memory.jsonl, top_k=2
[BFF] 读取PublicMemory完成: 0 条记录
[BFF] 读取PublicMemory (物理路径): /mnt/d/collections2026/phd_application/nanobot1/milestone2/data/public_memory/public_memory.jsonl, top_k=2
[BFF] 读取PublicMemory完成: 0 条记录
[BFF] 读取PublicMemory (物理路径): /mnt/d/collections2026/phd_application/nanobot1/milestone2/data/public_memory/public_memory.jsonl, top_k=2
[BFF] 读取PublicMemory完成: 0 条记录
[BFF] 读取PublicMemory (物理路径): /mnt/d/collections2026/phd_application/nanobot1/milestone2/data/public_memory/public_memory.jsonl, top_k=2
[BFF] 读取PublicMemory完成: 0 条记录
[BFF] 读取PublicMemory (物理路径): /mnt/d/collections2026/phd_application/nanobot1/milestone2/data/public_memory/public_memory.jsonl, top_k=2
[BFF] 读取PublicMemory完成: 0 条记录
[BFF] 读取PublicMemory (物理路径): /mnt/d/collections2026/phd_application/nanobot1/milestone2/data/public_memory/public_memory.jsonl, top_k=2
[BFF] 读取PublicMemory完成: 0 条记录
[BFF] 读取PublicMemory (物理路径): /mnt/d/collections2026/phd_application/nanobot1/milestone2/data/public_memory/public_memory.jsonl, top_k=2
[BFF] 读取PublicMemory完成: 0 条记录
[BFF] 读取PublicMemory (物理路径): /mnt/d/collections2026/phd_application/nanobot1/milestone2/data/public_memory/public_memory.jsonl, top_k=2
[BFF] 读取PublicMemory完成: 0 条记录
[BFF] 读取PublicMemory (物理路径): /mnt/d/collections2026/phd_application/nanobot1/milestone2/data/public_memory/public_memory.jsonl, top_k=2
[BFF] 读取PublicMemory完成: 0 条记录
[BFF] 读取PublicMemory (物理路径): /mnt/d/collections2026/phd_application/nanobot1/milestone2/data/public_memory/public_memory.jsonl, top_k=2
[BFF] 读取PublicMemory完成: 0 条记录
[BFF] 读取PublicMemory (物理路径): /mnt/d/collections2026/phd_application/nanobot1/milestone2/data/public_memory/public_memory.jsonl, top_k=2
[BFF] 读取PublicMemory完成: 0 条记录
[BFF] 读取PublicMemory (物理路径): /mnt/d/collections2026/phd_application/nanobot1/milestone2/data/public_memory/public_memory.jsonl, top_k=2
[BFF] 读取PublicMemory完成: 0 条记录
[BFF] 读取PublicMemory (物理路径): /mnt/d/collections2026/phd_application/nanobot1/milestone2/data/public_memory/public_memory.jsonl, top_k=2
[BFF] 读取PublicMemory完成: 0 条记录
[BFF] 读取PublicMemory (物理路径): /mnt/d/collections2026/phd_application/nanobot1/milestone2/data/public_memory/public_memory.jsonl, top_k=2
[BFF] 读取PublicMemory完成: 0 条记录
[BFF] 读取PublicMemory (物理路径): /mnt/d/collections2026/phd_application/nanobot1/milestone2/data/public_memory/public_memory.jsonl, top_k=2
[BFF] 读取PublicMemory完成: 0 条记录
[BFF] 读取PublicMemory (物理路径): /mnt/d/collections2026/phd_application/nanobot1/milestone2/data/public_memory/public_memory.jsonl, top_k=2
[BFF] 读取PublicMemory完成: 0 条记录
[BFF] 读取PublicMemory (物理路径): /mnt/d/collections2026/phd_application/nanobot1/milestone2/data/public_memory/public_memory.jsonl, top_k=2
[BFF] 读取PublicMemory完成: 0 条记录
[BFF] 读取PublicMemory (物理路径): /mnt/d/collections2026/phd_application/nanobot1/milestone2/data/public_memory/public_memory.jsonl, top_k=2
[BFF] 读取PublicMemory完成: 0 条记录
[BFF] 读取PublicMemory (物理路径): /mnt/d/collections2026/phd_application/nanobot1/milestone2/data/public_memory/public_memory.jsonl, top_k=2
2026-04-21 22:38:27,895 - httpx - INFO - HTTP Request: GET http://localhost:19351/task?agent_id=e07b58b0 "HTTP/1.1 200 OK"
2026-04-21 22:38:28,381 - httpx - INFO - HTTP Request: GET http://localhost:19351/task?agent_id=e07b58b0 "HTTP/1.1 200 OK"
2026-04-21 22:38:28,839 - httpx - INFO - HTTP Request: GET http://localhost:19351/task?agent_id=e07b58b0 "HTTP/1.1 200 OK"
2026-04-21 22:38:29,285 - httpx - INFO - HTTP Request: GET http://localhost:19351/task?agent_id=e07b58b0 "HTTP/1.1 200 OK"
2026-04-21 22:38:29,751 - httpx - INFO - HTTP Request: GET http://localhost:19351/task?agent_id=e07b58b0 "HTTP/1.1 200 OK"
2026-04-21 22:38:30,260 - httpx - INFO - HTTP Request: GET http://localhost:19351/task?agent_id=e07b58b0 "HTTP/1.1 200 OK"
2026-04-21 22:38:30,765 - httpx - INFO - HTTP Request: GET http://localhost:19351/task?agent_id=e07b58b0 "HTTP/1.1 200 OK"
2026-04-21 22:38:31,360 - httpx - INFO - HTTP Request: GET http://localhost:19351/task?agent_id=e07b58b0 "HTTP/1.1 200 OK"
2026-04-21 22:38:31,773 - httpx - INFO - HTTP Request: GET http://localhost:19351/task?agent_id=e07b58b0 "HTTP/1.1 200 OK"
2026-04-21 22:38:32,251 - httpx - INFO - HTTP Request: GET http://localhost:19351/task?agent_id=e07b58b0 "HTTP/1.1 200 OK"
2026-04-21 22:38:32,741 - httpx - INFO - HTTP Request: GET http://localhost:19351/task?agent_id=e07b58b0 "HTTP/1.1 200 OK"
2026-04-21 22:38:33,308 - httpx - INFO - HTTP Request: GET http://localhost:19351/task?agent_id=e07b58b0 "HTTP/1.1 200 OK"
2026-04-21 22:38:33,772 - httpx - INFO - HTTP Request: GET http://localhost:19351/task?agent_id=e07b58b0 "HTTP/1.1 200 OK"
2026-04-21 22:38:34,208 - httpx - INFO - HTTP Request: GET http://localhost:19351/task?agent_id=e07b58b0 "HTTP/1.1 200 OK"
2026-04-21 22:38:34,658 - httpx - INFO - HTTP Request: GET http://localhost:19351/task?agent_id=e07b58b0 "HTTP/1.1 200 OK"
2026-04-21 22:38:35,185 - httpx - INFO - HTTP Request: GET http://localhost:19351/task?agent_id=e07b58b0 "HTTP/1.1 200 OK"
2026-04-21 22:38:35,697 - httpx - INFO - HTTP Request: GET http://localhost:19351/task?agent_id=e07b58b0 "HTTP/1.1 200 OK"
2026-04-21 22:38:36,280 - httpx - INFO - HTTP Request: GET http://localhost:19351/task?agent_id=e07b58b0 "HTTP/1.1 200 OK"
2026-04-21 22:38:42,391 - httpx - INFO - HTTP Request: GET http://localhost:19351/task?agent_id=e07b58b0 "HTTP/1.1 200 OK"
2026-04-21 22:38:42,855 - httpx - INFO - HTTP Request: GET http://localhost:19351/task?agent_id=e07b58b0 "HTTP/1.1 200 OK"
2026-04-21 22:38:43,310 - httpx - INFO - HTTP Request: GET http://localhost:19351/task?agent_id=e07b58b0 "HTTP/1.1 200 OK"
2026-04-21 22:38:43,717 - httpx - INFO - HTTP Request: GET http://localhost:19351/task?agent_id=e07b58b0 "HTTP/1.1 200 OK"
2026-04-21 22:38:44,236 - httpx - INFO - HTTP Request: GET http://localhost:19351/task?agent_id=e07b58b0 "HTTP/1.1 200 OK"
2026-04-21 22:38:44,660 - httpx - INFO - HTTP Request: GET http://localhost:19351/task?agent_id=e07b58b0 "HTTP/1.1 200 OK"
2026-04-21 22:38:45,128 - httpx - INFO - HTTP Request: GET http://localhost:19351/task?agent_id=e07b58b0 "HTTP/1.1 200 OK"
2026-04-21 22:38:45,639 - httpx - INFO - HTTP Request: GET http://localhost:19351/task?agent_id=e07b58b0 "HTTP/1.1 200 OK"
2026-04-21 22:38:46,252 - httpx - INFO - HTTP Request: GET http://localhost:19351/task?agent_id=e07b58b0 "HTTP/1.1 200 OK"
2026-04-21 22:38:46,771 - httpx - INFO - HTTP Request: GET http://localhost:19351/task?agent_id=e07b58b0 "HTTP/1.1 200 OK"
2026-04-21 22:38:47,263 - httpx - INFO - HTTP Request: GET http://localhost:19351/task?agent_id=e07b58b0 "HTTP/1.1 200 OK"
2026-04-21 22:38:47,724 - httpx - INFO - HTTP Request: GET http://localhost:19351/task?agent_id=e07b58b0 "HTTP/1.1 200 OK"
2026-04-21 22:38:48,232 - httpx - INFO - HTTP Request: GET http://localhost:19351/task?agent_id=e07b58b0 "HTTP/1.1 200 OK"
2026-04-21 22:38:48,716 - httpx - INFO - HTTP Request: GET http://localhost:19351/task?agent_id=e07b58b0 "HTTP/1.1 200 OK"
2026-04-21 22:38:49,130 - httpx - INFO - HTTP Request: GET http://localhost:19351/task?agent_id=e07b58b0 "HTTP/1.1 200 OK"
2026-04-21 22:38:49,604 - httpx - INFO - HTTP Request: GET http://localhost:19351/task?agent_id=e07b58b0 "HTTP/1.1 200 OK"
2026-04-21 22:38:50,061 - httpx - INFO - HTTP Request: GET http://localhost:19351/task?agent_id=e07b58b0 "HTTP/1.1 200 OK"
2026-04-21 22:38:50,485 - httpx - INFO - HTTP Request: GET http://localhost:19351/task?agent_id=e07b58b0 "HTTP/1.1 200 OK"
2026-04-21 22:38:50,916 - httpx - INFO - HTTP Request: GET http://localhost:19351/task?agent_id=e07b58b0 "HTTP/1.1 200 OK"
2026-04-21 22:38:51,457 - httpx - INFO - HTTP Request: GET http://localhost:19351/task?agent_id=e07b58b0 "HTTP/1.1 200 OK"
2026-04-21 22:38:51,971 - httpx - INFO - HTTP Request: GET http://localhost:19351/task?agent_id=e07b58b0 "HTTP/1.1 200 OK"
2026-04-21 22:38:52,451 - httpx - INFO - HTTP Request: GET http://localhost:19351/task?agent_id=e07b58b0 "HTTP/1.1 200 OK"
2026-04-21 22:38:52,957 - httpx - INFO - HTTP Request: GET http://localhost:19351/task?agent_id=e07b58b0 "HTTP/1.1 200 OK"
2026-04-21 22:38:58,126 - httpx - INFO - HTTP Request: GET http://localhost:19356/heap/unmerged "HTTP/1.1 200 OK"
2026-04-21 22:39:02,665 - httpx - INFO - HTTP Request: GET http://localhost:19357/heap/unmerged "HTTP/1.1 200 OK"
2026-04-21 22:39:02,822 - httpx - INFO - HTTP Request: GET http://localhost:19362/heap/unmerged "HTTP/1.1 200 OK"
2026-04-21 22:39:11,499 - httpx - INFO - HTTP Request: GET http://localhost:19373/heap/unmerged "HTTP/1.1 200 OK"
2026-04-21 22:39:11,643 - httpx - INFO - HTTP Request: GET http://localhost:19384/heap/unmerged "HTTP/1.1 200 OK"
[BFF] 读取PublicMemory完成: 0 条记录
[BFF] 读取PublicMemory (物理路径): /mnt/d/collections2026/phd_application/nanobot1/milestone2/data/public_memory/public_memory.jsonl, top_k=2
[BFF] 读取PublicMemory完成: 0 条记录
[BFF] 读取PublicMemory (物理路径): /mnt/d/collections2026/phd_application/nanobot1/milestone2/data/public_memory/public_memory.jsonl, top_k=2
[BFF] 读取PublicMemory完成: 0 条记录
[BFF] 读取PublicMemory (物理路径): /mnt/d/collections2026/phd_application/nanobot1/milestone2/data/public_memory/public_memory.jsonl, top_k=2
[BFF] 读取PublicMemory完成: 0 条记录
[BFF] 读取PublicMemory (物理路径): /mnt/d/collections2026/phd_application/nanobot1/milestone2/data/public_memory/public_memory.jsonl, top_k=2
[BFF] 读取PublicMemory完成: 0 条记录
[BFF] 读取PublicMemory (物理路径): /mnt/d/collections2026/phd_application/nanobot1/milestone2/data/public_memory/public_memory.jsonl, top_k=2
[BFF] 读取PublicMemory完成: 0 条记录
[BFF] 读取PublicMemory (物理路径): /mnt/d/collections2026/phd_application/nanobot1/milestone2/data/public_memory/public_memory.jsonl, top_k=2
[BFF] 读取PublicMemory完成: 0 条记录
[BFF] 读取PublicMemory (物理路径): /mnt/d/collections2026/phd_application/nanobot1/milestone2/data/public_memory/public_memory.jsonl, top_k=2
[BFF] 读取PublicMemory完成: 0 条记录
[BFF] 读取PublicMemory (物理路径): /mnt/d/collections2026/phd_application/nanobot1/milestone2/data/public_memory/public_memory.jsonl, top_k=2
[BFF] 读取PublicMemory完成: 0 条记录
[BFF] 读取PublicMemory (物理路径): /mnt/d/collections2026/phd_application/nanobot1/milestone2/data/public_memory/public_memory.jsonl, top_k=2
[BFF] 读取PublicMemory完成: 0 条记录
[BFF] 读取PublicMemory (物理路径): /mnt/d/collections2026/phd_application/nanobot1/milestone2/data/public_memory/public_memory.jsonl, top_k=2
[BFF] 读取PublicMemory完成: 0 条记录
[BFF] 读取PublicMemory (物理路径): /mnt/d/collections2026/phd_application/nanobot1/milestone2/data/public_memory/public_memory.jsonl, top_k=2
[BFF] 读取PublicMemory完成: 0 条记录
[BFF] 读取PublicMemory (物理路径): /mnt/d/collections2026/phd_application/nanobot1/milestone2/data/public_memory/public_memory.jsonl, top_k=2
[BFF] 读取PublicMemory完成: 0 条记录
[BFF] 读取PublicMemory (物理路径): /mnt/d/collections2026/phd_application/nanobot1/milestone2/data/public_memory/public_memory.jsonl, top_k=2
[BFF] 读取PublicMemory完成: 0 条记录
[BFF] 读取PublicMemory (物理路径): /mnt/d/collections2026/phd_application/nanobot1/milestone2/data/public_memory/public_memory.jsonl, top_k=2
[BFF] 读取PublicMemory完成: 0 条记录
[BFF] 读取PublicMemory (物理路径): /mnt/d/collections2026/phd_application/nanobot1/milestone2/data/public_memory/public_memory.jsonl, top_k=2
[BFF] 读取PublicMemory完成: 0 条记录
[BFF] 读取PublicMemory (物理路径): /mnt/d/collections2026/phd_application/nanobot1/milestone2/data/public_memory/public_memory.jsonl, top_k=2
[BFF] 读取PublicMemory完成: 0 条记录
[BFF] 读取PublicMemory (物理路径): /mnt/d/collections2026/phd_application/nanobot1/milestone2/data/public_memory/public_memory.jsonl, top_k=2
[BFF] 读取PublicMemory完成: 0 条记录
[BFF] 读取PublicMemory (物理路径): /mnt/d/collections2026/phd_application/nanobot1/milestone2/data/public_memory/public_memory.jsonl, top_k=2
[BFF] 读取PublicMemory完成: 0 条记录
[BFF] 读取PublicMemory (物理路径): /mnt/d/collections2026/phd_application/nanobot1/milestone2/data/public_memory/public_memory.jsonl, top_k=2
[BFF] 读取PublicMemory完成: 0 条记录
[BFF] 读取PublicMemory (物理路径): /mnt/d/collections2026/phd_application/nanobot1/milestone2/data/public_memory/public_memory.jsonl, top_k=2
[BFF] 读取PublicMemory完成: 0 条记录
[BFF] 读取PublicMemory (物理路径): /mnt/d/collections2026/phd_application/nanobot1/milestone2/data/public_memory/public_memory.jsonl, top_k=2
[BFF] 读取PublicMemory完成: 0 条记录
[BFF] 读取PublicMemory (物理路径): /mnt/d/collections2026/phd_application/nanobot1/milestone2/data/public_memory/public_memory.jsonl, top_k=2
[BFF] 读取PublicMemory完成: 0 条记录
[BFF] 读取PublicMemory (物理路径): /mnt/d/collections2026/phd_application/nanobot1/milestone2/data/public_memory/public_memory.jsonl, top_k=2
[BFF] 读取PublicMemory完成: 0 条记录
[BFF] 读取PublicMemory (物理路径): /mnt/d/collections2026/phd_application/nanobot1/milestone2/data/public_memory/public_memory.jsonl, top_k=2
[BFF] 读取PublicMemory完成: 0 条记录
[BFF] 读取PublicMemory (物理路径): /mnt/d/collections2026/phd_application/nanobot1/milestone2/data/public_memory/public_memory.jsonl, top_k=2
[BFF] 读取PublicMemory完成: 0 条记录
[BFF] 读取PublicMemory (物理路径): /mnt/d/collections2026/phd_application/nanobot1/milestone2/data/public_memory/public_memory.jsonl, top_k=2
[BFF] 读取PublicMemory完成: 0 条记录
[BFF] 读取PublicMemory (物理路径): /mnt/d/collections2026/phd_application/nanobot1/milestone2/data/public_memory/public_memory.jsonl, top_k=2
[BFF] 读取PublicMemory完成: 0 条记录
[BFF] 读取PublicMemory (物理路径): /mnt/d/collections2026/phd_application/nanobot1/milestone2/data/public_memory/public_memory.jsonl, top_k=2
[BFF] 读取PublicMemory完成: 0 条记录
[BFF] 读取PublicMemory (物理路径): /mnt/d/collections2026/phd_application/nanobot1/milestone2/data/public_memory/public_memory.jsonl, top_k=2
[BFF] 读取PublicMemory完成: 0 条记录
[BFF] all-unmerged 请求正在进行，等待完成...
[BFF] 读取PublicMemory (物理路径): /mnt/d/collections2026/phd_application/nanobot1/milestone2/data/public_memory/public_memory.jsonl, top_k=2
[BFF] 读取PublicMemory完成: 0 条记录
[BFF] 读取PublicMemory (物理路径): /mnt/d/collections2026/phd_application/nanobot1/milestone2/data/public_memory/public_memory.jsonl, top_k=2
[BFF] 读取PublicMemory完成: 0 条记录
[BFF] 读取PublicMemory (物理路径): /mnt/d/collections2026/phd_application/nanobot1/milestone2/data/public_memory/public_memory.jsonl, top_k=2
[BFF] 读取PublicMemory完成: 0 条记录
[BFF] 读取PublicMemory (物理路径): /mnt/d/collections2026/phd_application/nanobot1/milestone2/data/public_memory/public_memory.jsonl, top_k=2
[BFF] 读取PublicMemory完成: 0 条记录
[BFF] 读取PublicMemory (物理路径): /mnt/d/collections2026/phd_application/nanobot1/milestone2/data/public_memory/public_memory.jsonl, top_k=2
[BFF] 读取PublicMemory完成: 0 条记录
[BFF] 读取PublicMemory (物理路径): /mnt/d/collections2026/phd_application/nanobot1/milestone2/data/public_memory/public_memory.jsonl, top_k=2
[BFF] 读取PublicMemory完成: 0 条记录
[BFF] 读取PublicMemory (物理路径): /mnt/d/collections2026/phd_application/nanobot1/milestone2/data/public_memory/public_memory.jsonl, top_k=2
[BFF] 读取PublicMemory完成: 0 条记录
[BFF] 读取PublicMemory (物理路径): /mnt/d/collections2026/phd_application/nanobot1/milestone2/data/public_memory/public_memory.jsonl, top_k=2
[BFF] 读取PublicMemory完成: 0 条记录
[BFF] 读取PublicMemory (物理路径): /mnt/d/collections2026/phd_application/nanobot1/milestone2/data/public_memory/public_memory.jsonl, top_k=2
[BFF] 读取PublicMemory完成: 0 条记录
[BFF] 读取PublicMemory (物理路径): /mnt/d/collections2026/phd_application/nanobot1/milestone2/data/public_memory/public_memory.jsonl, top_k=2
[BFF] 读取PublicMemory完成: 0 条记录
[BFF] 读取PublicMemory (物理路径): /mnt/d/collections2026/phd_application/nanobot1/milestone2/data/public_memory/public_memory.jsonl, top_k=2
[BFF] 读取PublicMemory完成: 0 条记录
[BFF] 读取PublicMemory (物理路径): /mnt/d/collections2026/phd_application/nanobot1/milestone2/data/public_memory/public_memory.jsonl, top_k=2
[BFF] 读取PublicMemory完成: 0 条记录
[BFF] 获取Agent 206fb109 堆段失败: 
[BFF] 获取Agent 3e473202 堆段: 0 条
[BFF] 获取Agent 31877661 堆段: 0 条
[BFF] 获取Agent c01d46ac 堆段: 0 条
[BFF] 获取Agent 45b1447d 堆段: 0 条
2026-04-21 22:39:11,766 - httpx - INFO - HTTP Request: GET http://localhost:19387/heap/unmerged "HTTP/1.1 200 OK"
2026-04-21 22:39:11,880 - httpx - INFO - HTTP Request: GET http://localhost:19398/heap/unmerged "HTTP/1.1 200 OK"
2026-04-21 22:39:12,003 - httpx - INFO - HTTP Request: GET http://localhost:19403/heap/unmerged "HTTP/1.1 200 OK"
2026-04-21 22:39:12,157 - httpx - INFO - HTTP Request: GET http://localhost:19426/heap/unmerged "HTTP/1.1 200 OK"
2026-04-21 22:39:12,305 - httpx - INFO - HTTP Request: GET http://localhost:19443/heap/unmerged "HTTP/1.1 200 OK"
2026-04-21 22:39:12,398 - httpx - INFO - HTTP Request: GET http://localhost:19457/heap/unmerged "HTTP/1.1 200 OK"
2026-04-21 22:39:12,582 - httpx - INFO - HTTP Request: GET http://localhost:19466/heap/unmerged "HTTP/1.1 200 OK"
2026-04-21 22:39:12,686 - httpx - INFO - HTTP Request: GET http://localhost:19351/task?agent_id=e07b58b0 "HTTP/1.1 200 OK"
2026-04-21 22:39:12,688 - httpx - INFO - HTTP Request: GET http://localhost:19351/task?agent_id=3ff882e7 "HTTP/1.1 200 OK"
2026-04-21 22:39:12,701 - httpx - INFO - HTTP Request: GET http://localhost:19486/heap/unmerged "HTTP/1.1 200 OK"
2026-04-21 22:39:12,812 - httpx - INFO - HTTP Request: GET http://localhost:19494/heap/unmerged "HTTP/1.1 200 OK"
2026-04-21 22:39:12,960 - httpx - INFO - HTTP Request: GET http://localhost:19524/heap/unmerged "HTTP/1.1 200 OK"
2026-04-21 22:39:13,326 - httpx - INFO - HTTP Request: GET http://localhost:19351/task?agent_id=823eaa27 "HTTP/1.1 200 OK"
2026-04-21 22:39:13,327 - httpx - INFO - HTTP Request: GET http://localhost:20068/heap/unmerged "HTTP/1.1 200 OK"
2026-04-21 22:39:13,330 - httpx - INFO - HTTP Request: GET http://localhost:19351/task?agent_id=d620df34 "HTTP/1.1 200 OK"
2026-04-21 22:39:13,466 - httpx - INFO - HTTP Request: GET http://localhost:20095/heap/unmerged "HTTP/1.1 200 OK"
2026-04-21 22:39:13,574 - httpx - INFO - HTTP Request: GET http://localhost:20116/heap/unmerged "HTTP/1.1 200 OK"
2026-04-21 22:39:13,940 - httpx - INFO - HTTP Request: GET http://localhost:19351/task?agent_id=e07b58b0 "HTTP/1.1 200 OK"
2026-04-21 22:39:14,563 - httpx - INFO - HTTP Request: GET http://localhost:19351/task?agent_id=e07b58b0 "HTTP/1.1 200 OK"
2026-04-21 22:39:15,080 - httpx - INFO - HTTP Request: GET http://localhost:19351/task?agent_id=e07b58b0 "HTTP/1.1 200 OK"
2026-04-21 22:39:15,579 - httpx - INFO - HTTP Request: GET http://localhost:19351/task?agent_id=e07b58b0 "HTTP/1.1 200 OK"
2026-04-21 22:39:16,068 - httpx - INFO - HTTP Request: GET http://localhost:19351/task?agent_id=e07b58b0 "HTTP/1.1 200 OK"
2026-04-21 22:39:16,636 - httpx - INFO - HTTP Request: GET http://localhost:19351/task?agent_id=e07b58b0 "HTTP/1.1 200 OK"
2026-04-21 22:39:17,176 - httpx - INFO - HTTP Request: GET http://localhost:19351/task?agent_id=e07b58b0 "HTTP/1.1 200 OK"
2026-04-21 22:39:17,725 - httpx - INFO - HTTP Request: GET http://localhost:19351/task?agent_id=e07b58b0 "HTTP/1.1 200 OK"
2026-04-21 22:39:18,295 - httpx - INFO - HTTP Request: GET http://localhost:19351/task?agent_id=e07b58b0 "HTTP/1.1 200 OK"
2026-04-21 22:39:18,829 - httpx - INFO - HTTP Request: GET http://localhost:19351/task?agent_id=e07b58b0 "HTTP/1.1 200 OK"
2026-04-21 22:39:19,303 - httpx - INFO - HTTP Request: GET http://localhost:19351/task?agent_id=e07b58b0 "HTTP/1.1 200 OK"
2026-04-21 22:39:19,715 - httpx - INFO - HTTP Request: GET http://localhost:19351/task?agent_id=e07b58b0 "HTTP/1.1 200 OK"
2026-04-21 22:39:20,162 - httpx - INFO - HTTP Request: GET http://localhost:19351/task?agent_id=e07b58b0 "HTTP/1.1 200 OK"
2026-04-21 22:39:21,004 - httpx - INFO - HTTP Request: GET http://localhost:19351/task?agent_id=e07b58b0 "HTTP/1.1 200 OK"
2026-04-21 22:39:21,432 - httpx - INFO - HTTP Request: GET http://localhost:19351/task?agent_id=e07b58b0 "HTTP/1.1 200 OK"
2026-04-21 22:39:21,928 - httpx - INFO - HTTP Request: GET http://localhost:19351/task?agent_id=e07b58b0 "HTTP/1.1 200 OK"
2026-04-21 22:39:22,492 - httpx - INFO - HTTP Request: GET http://localhost:19351/task?agent_id=e07b58b0 "HTTP/1.1 200 OK"
2026-04-21 22:39:22,928 - httpx - INFO - HTTP Request: GET http://localhost:19351/task?agent_id=e07b58b0 "HTTP/1.1 200 OK"
2026-04-21 22:39:23,378 - httpx - INFO - HTTP Request: GET http://localhost:19351/task?agent_id=e07b58b0 "HTTP/1.1 200 OK"
2026-04-21 22:39:23,954 - httpx - INFO - HTTP Request: GET http://localhost:19351/task?agent_id=e07b58b0 "HTTP/1.1 200 OK"
2026-04-21 22:39:24,398 - httpx - INFO - HTTP Request: GET http://localhost:19351/task?agent_id=e07b58b0 "HTTP/1.1 200 OK"
2026-04-21 22:39:24,837 - httpx - INFO - HTTP Request: GET http://localhost:19351/task?agent_id=e07b58b0 "HTTP/1.1 200 OK"
2026-04-21 22:39:25,304 - httpx - INFO - HTTP Request: GET http://localhost:19351/task?agent_id=e07b58b0 "HTTP/1.1 200 OK"
2026-04-21 22:39:25,860 - httpx - INFO - HTTP Request: GET http://localhost:19351/task?agent_id=e07b58b0 "HTTP/1.1 200 OK"
2026-04-21 22:39:26,295 - httpx - INFO - HTTP Request: GET http://localhost:19351/task?agent_id=e07b58b0 "HTTP/1.1 200 OK"
2026-04-21 22:39:26,807 - httpx - INFO - HTTP Request: GET http://localhost:19351/task?agent_id=e07b58b0 "HTTP/1.1 200 OK"
2026-04-21 22:39:27,289 - httpx - INFO - HTTP Request: GET http://localhost:19351/task?agent_id=e07b58b0 "HTTP/1.1 200 OK"
2026-04-21 22:39:27,739 - httpx - INFO - HTTP Request: GET http://localhost:19351/task?agent_id=e07b58b0 "HTTP/1.1 200 OK"
2026-04-21 22:39:28,248 - httpx - INFO - HTTP Request: GET http://localhost:19351/task?agent_id=e07b58b0 "HTTP/1.1 200 OK"
2026-04-21 22:39:28,704 - httpx - INFO - HTTP Request: GET http://localhost:19351/task?agent_id=e07b58b0 "HTTP/1.1 200 OK"
2026-04-21 22:39:29,158 - httpx - INFO - HTTP Request: GET http://localhost:19351/task?agent_id=e07b58b0 "HTTP/1.1 200 OK"
2026-04-21 22:39:29,631 - httpx - INFO - HTTP Request: GET http://localhost:19351/task?agent_id=e07b58b0 "HTTP/1.1 200 OK"
2026-04-21 22:39:30,067 - httpx - INFO - HTTP Request: GET http://localhost:19351/task?agent_id=e07b58b0 "HTTP/1.1 200 OK"
2026-04-21 22:39:30,603 - httpx - INFO - HTTP Request: GET http://localhost:19351/task?agent_id=e07b58b0 "HTTP/1.1 200 OK"
2026-04-21 22:39:31,043 - httpx - INFO - HTTP Request: GET http://localhost:19351/task?agent_id=e07b58b0 "HTTP/1.1 200 OK"
2026-04-21 22:39:31,525 - httpx - INFO - HTTP Request: GET http://localhost:19351/task?agent_id=e07b58b0 "HTTP/1.1 200 OK"
[BFF] 获取Agent b076818a 堆段: 0 条
[BFF] 获取Agent 269662a6 堆段: 0 条
[BFF] 获取Agent 5b0ab4c2 堆段: 0 条
[BFF] 获取Agent 1899dd93 堆段: 0 条
[BFF] 获取Agent 8b461f3d 堆段: 0 条
[BFF] 获取Agent cd956f8c 堆段: 0 条
[BFF] 获取Agent 4f4a09ef 堆段: 0 条
[BFF] 获取Agent 3ff882e7 堆段: 0 条
[BFF] 获取Agent 91abe0a0 堆段: 0 条
[BFF] 获取Agent 823eaa27 堆段: 0 条
[BFF] 获取Agent f7470fa0 堆段: 0 条
[BFF] 读取PublicMemory (物理路径): /mnt/d/collections2026/phd_application/nanobot1/milestone2/data/public_memory/public_memory.jsonl, top_k=2
[BFF] 读取PublicMemory完成: 0 条记录
[BFF] 读取PublicMemory (物理路径): /mnt/d/collections2026/phd_application/nanobot1/milestone2/data/public_memory/public_memory.jsonl, top_k=2
[BFF] 读取PublicMemory完成: 0 条记录
[BFF] 获取Agent d620df34 堆段: 0 条
[BFF] 获取Agent 9f005100 堆段: 0 条
[BFF] 获取Agent 221a3768 堆段: 0 条
[BFF] all-unmerged 获取完成: 0 条
[BFF] 读取PublicMemory (物理路径): /mnt/d/collections2026/phd_application/nanobot1/milestone2/data/public_memory/public_memory.jsonl, top_k=2
[BFF] 读取PublicMemory完成: 0 条记录
[BFF] 读取PublicMemory (物理路径): /mnt/d/collections2026/phd_application/nanobot1/milestone2/data/public_memory/public_memory.jsonl, top_k=2
[BFF] 读取PublicMemory完成: 0 条记录
[BFF] 读取PublicMemory (物理路径): /mnt/d/collections2026/phd_application/nanobot1/milestone2/data/public_memory/public_memory.jsonl, top_k=2
[BFF] 读取PublicMemory完成: 0 条记录
[BFF] 读取PublicMemory (物理路径): /mnt/d/collections2026/phd_application/nanobot1/milestone2/data/public_memory/public_memory.jsonl, top_k=2
[BFF] 读取PublicMemory完成: 0 条记录
[BFF] 读取PublicMemory (物理路径): /mnt/d/collections2026/phd_application/nanobot1/milestone2/data/public_memory/public_memory.jsonl, top_k=2
[BFF] 读取PublicMemory完成: 0 条记录
[BFF] 读取PublicMemory (物理路径): /mnt/d/collections2026/phd_application/nanobot1/milestone2/data/public_memory/public_memory.jsonl, top_k=2
[BFF] 读取PublicMemory完成: 0 条记录
[BFF] 读取PublicMemory (物理路径): /mnt/d/collections2026/phd_application/nanobot1/milestone2/data/public_memory/public_memory.jsonl, top_k=2
[BFF] 读取PublicMemory完成: 0 条记录
[BFF] 读取PublicMemory (物理路径): /mnt/d/collections2026/phd_application/nanobot1/milestone2/data/public_memory/public_memory.jsonl, top_k=2
[BFF] 读取PublicMemory完成: 0 条记录
[BFF] 读取PublicMemory (物理路径): /mnt/d/collections2026/phd_application/nanobot1/milestone2/data/public_memory/public_memory.jsonl, top_k=2
[BFF] 读取PublicMemory完成: 0 条记录
[BFF] 读取PublicMemory (物理路径): /mnt/d/collections2026/phd_application/nanobot1/milestone2/data/public_memory/public_memory.jsonl, top_k=2
[BFF] 读取PublicMemory完成: 0 条记录
[BFF] 读取PublicMemory (物理路径): /mnt/d/collections2026/phd_application/nanobot1/milestone2/data/public_memory/public_memory.jsonl, top_k=2
[BFF] 读取PublicMemory完成: 0 条记录
[BFF] 读取PublicMemory (物理路径): /mnt/d/collections2026/phd_application/nanobot1/milestone2/data/public_memory/public_memory.jsonl, top_k=2
[BFF] 读取PublicMemory完成: 0 条记录
[BFF] 读取PublicMemory (物理路径): /mnt/d/collections2026/phd_application/nanobot1/milestone2/data/public_memory/public_memory.jsonl, top_k=2
[BFF] 读取PublicMemory完成: 0 条记录
[BFF] 读取PublicMemory (物理路径): /mnt/d/collections2026/phd_application/nanobot1/milestone2/data/public_memory/public_memory.jsonl, top_k=2
[BFF] 读取PublicMemory完成: 0 条记录
[BFF] 邻居发现: 所有父子关系已建立
[BFF] 读取PublicMemory (物理路径): /mnt/d/collections2026/phd_application/nanobot1/milestone2/data/public_memory/public_memory.jsonl, top_k=2
[BFF] 读取PublicMemory完成: 0 条记录
[BFF] 读取PublicMemory (物理路径): /mnt/d/collections2026/phd_application/nanobot1/milestone2/data/public_memory/public_memory.jsonl, top_k=2
[BFF] 读取PublicMemory完成: 0 条记录
[BFF] 读取PublicMemory (物理路径): /mnt/d/collections2026/phd_application/nanobot1/milestone2/data/public_memory/public_memory.jsonl, top_k=2
[BFF] 读取PublicMemory完成: 0 条记录
[BFF] 读取PublicMemory (物理路径): /mnt/d/collections2026/phd_application/nanobot1/milestone2/data/public_memory/public_memory.jsonl, top_k=2
[BFF] 读取PublicMemory完成: 0 条记录
[BFF] 读取PublicMemory (物理路径): /mnt/d/collections2026/phd_application/nanobot1/milestone2/data/public_memory/public_memory.jsonl, top_k=2
[BFF] 读取PublicMemory完成: 0 条记录
[BFF] 读取PublicMemory (物理路径): /mnt/d/collections2026/phd_application/nanobot1/milestone2/data/public_memory/public_memory.jsonl, top_k=2
[BFF] 读取PublicMemory完成: 0 条记录
[BFF] 读取PublicMemory (物理路径): /mnt/d/collections2026/phd_application/nanobot1/milestone2/data/public_memory/public_memory.jsonl, top_k=2
[BFF] 读取PublicMemory完成: 0 条记录
[BFF] 读取PublicMemory (物理路径): /mnt/d/collections2026/phd_application/nanobot1/milestone2/data/public_memory/public_memory.jsonl, top_k=2
[BFF] 读取PublicMemory完成: 0 条记录
[BFF] 读取PublicMemory (物理路径): /mnt/d/collections2026/phd_application/nanobot1/milestone2/data/public_memory/public_memory.jsonl, top_k=2
[BFF] 读取PublicMemory完成: 0 条记录
[BFF] 读取PublicMemory (物理路径): /mnt/d/collections2026/phd_application/nanobot1/milestone2/data/public_memory/public_memory.jsonl, top_k=2
[BFF] 读取PublicMemory完成: 0 条记录
[BFF] 读取PublicMemory (物理路径): /mnt/d/collections2026/phd_application/nanobot1/milestone2/data/public_memory/public_memory.jsonl, top_k=2
[BFF] 读取PublicMemory完成: 0 条记录
[BFF] 读取PublicMemory (物理路径): /mnt/d/collections2026/phd_application/nanobot1/milestone2/data/public_memory/public_memory.jsonl, top_k=2
[BFF] 读取PublicMemory完成: 0 条记录
[BFF] 读取PublicMemory (物理路径): /mnt/d/collections2026/phd_application/nanobot1/milestone2/data/public_memory/public_memory.jsonl, top_k=2
[BFF] 读取PublicMemory完成: 0 条记录
[BFF] 读取PublicMemory (物理路径): /mnt/d/collections2026/phd_application/nanobot1/milestone2/data/public_memory/public_memory.jsonl, top_k=2
[BFF] 读取PublicMemory完成: 0 条记录
[BFF] 读取PublicMemory (物理路径): /mnt/d/collections2026/phd_application/nanobot1/milestone2/data/public_memory/public_memory.jsonl, top_k=2
[BFF] 读取PublicMemory完成: 0 条记录
[BFF] 读取PublicMemory (物理路径): /mnt/d/collections2026/phd_application/nanobot1/milestone2/data/public_memory/public_memory.jsonl, top_k=2
[BFF] 读取PublicMemory完成: 0 条记录
[BFF] 读取PublicMemory (物理路径): /mnt/d/collections2026/phd_application/nanobot1/milestone2/data/public_memory/public_memory.jsonl, top_k=2
[BFF] 读取PublicMemory完成: 0 条记录
[BFF] 读取PublicMemory (物理路径): /mnt/d/collections2026/phd_application/nanobot1/milestone2/data/public_memory/public_memory.jsonl, top_k=2
[BFF] 读取PublicMemory完成: 0 条记录
[BFF] 读取PublicMemory (物理路径): /mnt/d/collections2026/phd_application/nanobot1/milestone2/data/public_memory/public_memory.jsonl, top_k=2
[BFF] 读取PublicMemory完成: 0 条记录
[BFF] 读取PublicMemory (物理路径): /mnt/d/collections2026/phd_application/nanobot1/milestone2/data/public_memory/public_memory.jsonl, top_k=2
[BFF] 读取PublicMemory完成: 0 条记录
[BFF] 读取PublicMemory (物理路径): /mnt/d/collections2026/phd_application/nanobot1/milestone2/data/public_memory/public_memory.jsonl, top_k=2
[BFF] 读取PublicMemory完成: 0 条记录
[BFF] 读取PublicMemory (物理路径): /mnt/d/collections2026/phd_application/nanobot1/milestone2/data/public_memory/public_memory.jsonl, top_k=2
[BFF] 读取PublicMemory完成: 0 条记录
[BFF] 读取PublicMemory (物理路径): /mnt/d/collections2026/phd_application/nanobot1/milestone2/data/public_memory/public_memory.jsonl, top_k=2
[BFF] 读取PublicMemory完成: 0 条记录
2026-04-21 22:39:32,079 - httpx - INFO - HTTP Request: GET http://localhost:19351/task?agent_id=e07b58b0 "HTTP/1.1 200 OK"
2026-04-21 22:39:32,587 - httpx - INFO - HTTP Request: GET http://localhost:19351/task?agent_id=e07b58b0 "HTTP/1.1 200 OK"
2026-04-21 22:39:33,074 - httpx - INFO - HTTP Request: GET http://localhost:19351/task?agent_id=e07b58b0 "HTTP/1.1 200 OK"
2026-04-21 22:39:33,547 - httpx - INFO - HTTP Request: GET http://localhost:19351/task?agent_id=e07b58b0 "HTTP/1.1 200 OK"
2026-04-21 22:39:34,072 - httpx - INFO - HTTP Request: GET http://localhost:19351/task?agent_id=e07b58b0 "HTTP/1.1 200 OK"
2026-04-21 22:39:34,520 - httpx - INFO - HTTP Request: GET http://localhost:19351/task?agent_id=e07b58b0 "HTTP/1.1 200 OK"
2026-04-21 22:39:35,097 - httpx - INFO - HTTP Request: GET http://localhost:19351/task?agent_id=e07b58b0 "HTTP/1.1 200 OK"
2026-04-21 22:39:35,715 - httpx - INFO - HTTP Request: GET http://localhost:19351/task?agent_id=e07b58b0 "HTTP/1.1 200 OK"
2026-04-21 22:39:36,326 - httpx - INFO - HTTP Request: GET http://localhost:19351/task?agent_id=e07b58b0 "HTTP/1.1 200 OK"
2026-04-21 22:39:36,821 - httpx - INFO - HTTP Request: GET http://localhost:19351/task?agent_id=e07b58b0 "HTTP/1.1 200 OK"
2026-04-21 22:39:37,516 - httpx - INFO - HTTP Request: GET http://localhost:19351/task?agent_id=e07b58b0 "HTTP/1.1 200 OK"
2026-04-21 22:39:38,060 - httpx - INFO - HTTP Request: GET http://localhost:19351/task?agent_id=e07b58b0 "HTTP/1.1 200 OK"
2026-04-21 22:39:38,533 - httpx - INFO - HTTP Request: GET http://localhost:19351/task?agent_id=e07b58b0 "HTTP/1.1 200 OK"
2026-04-21 22:39:39,041 - httpx - INFO - HTTP Request: GET http://localhost:19351/task?agent_id=e07b58b0 "HTTP/1.1 200 OK"
2026-04-21 22:39:39,552 - httpx - INFO - HTTP Request: GET http://localhost:19351/task?agent_id=e07b58b0 "HTTP/1.1 200 OK"
2026-04-21 22:39:39,974 - httpx - INFO - HTTP Request: GET http://localhost:19351/task?agent_id=e07b58b0 "HTTP/1.1 200 OK"
2026-04-21 22:39:40,467 - httpx - INFO - HTTP Request: GET http://localhost:19351/task?agent_id=e07b58b0 "HTTP/1.1 200 OK"
2026-04-21 22:39:41,087 - httpx - INFO - HTTP Request: GET http://localhost:19351/task?agent_id=e07b58b0 "HTTP/1.1 200 OK"
2026-04-21 22:39:41,570 - httpx - INFO - HTTP Request: GET http://localhost:19351/task?agent_id=e07b58b0 "HTTP/1.1 200 OK"
2026-04-21 22:39:41,825 - httpx - INFO - HTTP Request: POST http://localhost:19351/allocate_page "HTTP/1.1 200 OK"
2026-04-21 22:39:42,410 - httpx - INFO - HTTP Request: GET http://localhost:19351/task?agent_id=e07b58b0 "HTTP/1.1 200 OK"
2026-04-21 22:39:42,414 - httpx - INFO - HTTP Request: POST http://localhost:19373/heap/append "HTTP/1.1 200 OK"
2026-04-21 22:39:42,530 - httpx - INFO - HTTP Request: POST http://localhost:19351/heap-written "HTTP/1.1 200 OK"
2026-04-21 22:39:42,804 - httpx - INFO - HTTP Request: GET http://localhost:19353/heap/unmerged "HTTP/1.1 200 OK"
2026-04-21 22:39:42,896 - httpx - INFO - HTTP Request: POST http://localhost:19351/allocate_page "HTTP/1.1 200 OK"
2026-04-21 22:39:43,175 - httpx - INFO - HTTP Request: GET http://localhost:19356/heap/unmerged "HTTP/1.1 200 OK"
2026-04-21 22:39:43,297 - httpx - INFO - HTTP Request: GET http://localhost:19351/task?agent_id=e07b58b0 "HTTP/1.1 200 OK"
2026-04-21 22:39:43,352 - httpx - INFO - HTTP Request: POST http://localhost:19373/heap/append "HTTP/1.1 200 OK"
2026-04-21 22:39:43,472 - httpx - INFO - HTTP Request: GET http://localhost:19357/heap/unmerged "HTTP/1.1 200 OK"
2026-04-21 22:39:43,709 - httpx - INFO - HTTP Request: POST http://localhost:19351/heap-written "HTTP/1.1 200 OK"
2026-04-21 22:39:43,715 - httpx - INFO - HTTP Request: GET http://localhost:19362/heap/unmerged "HTTP/1.1 200 OK"
2026-04-21 22:39:43,858 - httpx - INFO - HTTP Request: GET http://localhost:19351/task?agent_id=45b1447d "HTTP/1.1 200 OK"
2026-04-21 22:39:43,916 - httpx - INFO - HTTP Request: GET http://localhost:19373/heap/unmerged "HTTP/1.1 200 OK"
2026-04-21 22:39:44,172 - httpx - INFO - HTTP Request: GET http://localhost:19384/heap/unmerged "HTTP/1.1 200 OK"
2026-04-21 22:39:44,340 - httpx - INFO - HTTP Request: GET http://localhost:19351/task?agent_id=e07b58b0 "HTTP/1.1 200 OK"
2026-04-21 22:39:44,358 - httpx - INFO - HTTP Request: GET http://localhost:19387/heap/unmerged "HTTP/1.1 200 OK"
2026-04-21 22:39:44,466 - httpx - INFO - HTTP Request: GET http://localhost:19398/heap/unmerged "HTTP/1.1 200 OK"
2026-04-21 22:39:44,567 - httpx - INFO - HTTP Request: GET http://localhost:19403/heap/unmerged "HTTP/1.1 200 OK"
2026-04-21 22:39:44,660 - httpx - INFO - HTTP Request: GET http://localhost:19426/heap/unmerged "HTTP/1.1 200 OK"
2026-04-21 22:39:44,896 - httpx - INFO - HTTP Request: GET http://localhost:19443/heap/unmerged "HTTP/1.1 200 OK"
2026-04-21 22:39:44,999 - httpx - INFO - HTTP Request: GET http://localhost:19351/task?agent_id=e07b58b0 "HTTP/1.1 200 OK"
2026-04-21 22:39:45,013 - httpx - INFO - HTTP Request: GET http://localhost:19457/heap/unmerged "HTTP/1.1 200 OK"
2026-04-21 22:39:45,113 - httpx - INFO - HTTP Request: GET http://localhost:19466/heap/unmerged "HTTP/1.1 200 OK"
2026-04-21 22:39:45,224 - httpx - INFO - HTTP Request: GET http://localhost:19486/heap/unmerged "HTTP/1.1 200 OK"
2026-04-21 22:39:45,322 - httpx - INFO - HTTP Request: GET http://localhost:19494/heap/unmerged "HTTP/1.1 200 OK"
2026-04-21 22:39:45,549 - httpx - INFO - HTTP Request: GET http://localhost:19524/heap/unmerged "HTTP/1.1 200 OK"
2026-04-21 22:39:45,656 - httpx - INFO - HTTP Request: GET http://localhost:19351/task?agent_id=e07b58b0 "HTTP/1.1 200 OK"
2026-04-21 22:39:45,660 - httpx - INFO - HTTP Request: GET http://localhost:20068/heap/unmerged "HTTP/1.1 200 OK"
2026-04-21 22:39:45,794 - httpx - INFO - HTTP Request: GET http://localhost:20095/heap/unmerged "HTTP/1.1 200 OK"
2026-04-21 22:39:45,901 - httpx - INFO - HTTP Request: GET http://localhost:20116/heap/unmerged "HTTP/1.1 200 OK"
2026-04-21 22:39:46,231 - httpx - INFO - HTTP Request: GET http://localhost:19351/task?agent_id=e07b58b0 "HTTP/1.1 200 OK"
2026-04-21 22:39:46,691 - httpx - INFO - HTTP Request: GET http://localhost:19351/task?agent_id=e07b58b0 "HTTP/1.1 200 OK"
2026-04-21 22:39:47,312 - httpx - INFO - HTTP Request: GET http://localhost:19351/task?agent_id=e07b58b0 "HTTP/1.1 200 OK"
2026-04-21 22:39:47,316 - httpx - INFO - HTTP Request: POST http://localhost:19351/allocate_page "HTTP/1.1 200 OK"
2026-04-21 22:39:47,528 - httpx - INFO - HTTP Request: POST http://localhost:19356/heap/append "HTTP/1.1 200 OK"
2026-04-21 22:39:47,727 - httpx - INFO - HTTP Request: POST http://localhost:19351/heap-written "HTTP/1.1 200 OK"
2026-04-21 22:39:47,730 - httpx - INFO - HTTP Request: POST http://localhost:19351/allocate_page "HTTP/1.1 200 OK"
2026-04-21 22:39:48,024 - httpx - INFO - HTTP Request: GET http://localhost:19351/task?agent_id=e07b58b0 "HTTP/1.1 200 OK"
2026-04-21 22:39:48,030 - httpx - INFO - HTTP Request: POST http://localhost:19356/heap/append "HTTP/1.1 200 OK"
2026-04-21 22:39:48,240 - httpx - INFO - HTTP Request: POST http://localhost:19351/heap-written "HTTP/1.1 200 OK"
2026-04-21 22:39:48,243 - httpx - INFO - HTTP Request: GET http://localhost:19351/task?agent_id=3e473202 "HTTP/1.1 200 OK"
2026-04-21 22:39:48,511 - httpx - INFO - HTTP Request: GET http://localhost:19351/task?agent_id=e07b58b0 "HTTP/1.1 200 OK"
2026-04-21 22:39:49,063 - httpx - INFO - HTTP Request: GET http://localhost:19351/task?agent_id=e07b58b0 "HTTP/1.1 200 OK"
2026-04-21 22:39:49,565 - httpx - INFO - HTTP Request: GET http://localhost:19351/task?agent_id=e07b58b0 "HTTP/1.1 200 OK"
2026-04-21 22:39:50,034 - httpx - INFO - HTTP Request: GET http://localhost:19351/task?agent_id=e07b58b0 "HTTP/1.1 200 OK"
2026-04-21 22:39:50,558 - httpx - INFO - HTTP Request: GET http://localhost:19351/task?agent_id=e07b58b0 "HTTP/1.1 200 OK"
2026-04-21 22:39:51,082 - httpx - INFO - HTTP Request: GET http://localhost:19351/task?agent_id=e07b58b0 "HTTP/1.1 200 OK"
2026-04-21 22:39:51,592 - httpx - INFO - HTTP Request: GET http://localhost:19351/task?agent_id=e07b58b0 "HTTP/1.1 200 OK"
[BFF] 读取PublicMemory (物理路径): /mnt/d/collections2026/phd_application/nanobot1/milestone2/data/public_memory/public_memory.jsonl, top_k=2
[BFF] 读取PublicMemory完成: 0 条记录
[BFF] 读取PublicMemory (物理路径): /mnt/d/collections2026/phd_application/nanobot1/milestone2/data/public_memory/public_memory.jsonl, top_k=2
[BFF] 读取PublicMemory完成: 0 条记录
[BFF] 读取PublicMemory (物理路径): /mnt/d/collections2026/phd_application/nanobot1/milestone2/data/public_memory/public_memory.jsonl, top_k=2
[BFF] 读取PublicMemory完成: 0 条记录
[BFF] 读取PublicMemory (物理路径): /mnt/d/collections2026/phd_application/nanobot1/milestone2/data/public_memory/public_memory.jsonl, top_k=2
[BFF] 读取PublicMemory完成: 0 条记录
[BFF] 读取PublicMemory (物理路径): /mnt/d/collections2026/phd_application/nanobot1/milestone2/data/public_memory/public_memory.jsonl, top_k=2
[BFF] 读取PublicMemory完成: 0 条记录
[BFF] 读取PublicMemory (物理路径): /mnt/d/collections2026/phd_application/nanobot1/milestone2/data/public_memory/public_memory.jsonl, top_k=2
[BFF] 读取PublicMemory完成: 0 条记录
[BFF] 读取PublicMemory (物理路径): /mnt/d/collections2026/phd_application/nanobot1/milestone2/data/public_memory/public_memory.jsonl, top_k=2
[BFF] 读取PublicMemory完成: 0 条记录
[BFF] 读取PublicMemory (物理路径): /mnt/d/collections2026/phd_application/nanobot1/milestone2/data/public_memory/public_memory.jsonl, top_k=2
[BFF] 读取PublicMemory完成: 0 条记录
[BFF] 读取PublicMemory (物理路径): /mnt/d/collections2026/phd_application/nanobot1/milestone2/data/public_memory/public_memory.jsonl, top_k=2
[BFF] 读取PublicMemory完成: 0 条记录
[BFF] 读取PublicMemory (物理路径): /mnt/d/collections2026/phd_application/nanobot1/milestone2/data/public_memory/public_memory.jsonl, top_k=2
[BFF] 读取PublicMemory完成: 0 条记录
[BFF] 读取PublicMemory (物理路径): /mnt/d/collections2026/phd_application/nanobot1/milestone2/data/public_memory/public_memory.jsonl, top_k=2
[BFF] 读取PublicMemory完成: 0 条记录
[BFF] 读取PublicMemory (物理路径): /mnt/d/collections2026/phd_application/nanobot1/milestone2/data/public_memory/public_memory.jsonl, top_k=2
[BFF] 读取PublicMemory完成: 0 条记录
[BFF] 读取PublicMemory (物理路径): /mnt/d/collections2026/phd_application/nanobot1/milestone2/data/public_memory/public_memory.jsonl, top_k=2
[BFF] 读取PublicMemory完成: 0 条记录
[BFF] 读取PublicMemory (物理路径): /mnt/d/collections2026/phd_application/nanobot1/milestone2/data/public_memory/public_memory.jsonl, top_k=2
[BFF] 读取PublicMemory完成: 0 条记录
[BFF] 读取PublicMemory (物理路径): /mnt/d/collections2026/phd_application/nanobot1/milestone2/data/public_memory/public_memory.jsonl, top_k=2
[BFF] 读取PublicMemory完成: 0 条记录
[BFF] 读取PublicMemory (物理路径): /mnt/d/collections2026/phd_application/nanobot1/milestone2/data/public_memory/public_memory.jsonl, top_k=2
[BFF] 读取PublicMemory完成: 0 条记录
[BFF] 读取PublicMemory (物理路径): /mnt/d/collections2026/phd_application/nanobot1/milestone2/data/public_memory/public_memory.jsonl, top_k=2
[BFF] 读取PublicMemory完成: 0 条记录
[BFF] 读取PublicMemory (物理路径): /mnt/d/collections2026/phd_application/nanobot1/milestone2/data/public_memory/public_memory.jsonl, top_k=2
[BFF] 读取PublicMemory完成: 0 条记录
[BFF] 读取PublicMemory (物理路径): /mnt/d/collections2026/phd_application/nanobot1/milestone2/data/public_memory/public_memory.jsonl, top_k=2
[BFF] 读取PublicMemory完成: 0 条记录
[BFF] 读取PublicMemory (物理路径): /mnt/d/collections2026/phd_application/nanobot1/milestone2/data/public_memory/public_memory.jsonl, top_k=2
[BFF] 读取PublicMemory完成: 0 条记录
[BFF] 读取PublicMemory (物理路径): /mnt/d/collections2026/phd_application/nanobot1/milestone2/data/public_memory/public_memory.jsonl, top_k=2
[BFF] 读取PublicMemory完成: 0 条记录
[BFF] 获取Agent 206fb109 堆段: 0 条
[BFF] 获取Agent 3e473202 堆段: 0 条
[BFF] 获取Agent 31877661 堆段: 0 条
[BFF] 读取PublicMemory (物理路径): /mnt/d/collections2026/phd_application/nanobot1/milestone2/data/public_memory/public_memory.jsonl, top_k=2
[BFF] 读取PublicMemory完成: 0 条记录
[BFF] all-unmerged 请求正在进行，等待完成...
[BFF] 获取Agent c01d46ac 堆段: 0 条
[BFF] 获取Agent 45b1447d 堆段: 2 条
[BFF] 读取PublicMemory (物理路径): /mnt/d/collections2026/phd_application/nanobot1/milestone2/data/public_memory/public_memory.jsonl, top_k=2
[BFF] 读取PublicMemory完成: 0 条记录
[BFF] 获取Agent b076818a 堆段: 0 条
[BFF] 获取Agent 269662a6 堆段: 0 条
[BFF] 读取PublicMemory (物理路径): /mnt/d/collections2026/phd_application/nanobot1/milestone2/data/public_memory/public_memory.jsonl, top_k=2
[BFF] 读取PublicMemory完成: 0 条记录
[BFF] 获取Agent 5b0ab4c2 堆段: 0 条
[BFF] 获取Agent 1899dd93 堆段: 0 条
[BFF] 获取Agent 8b461f3d 堆段: 0 条
[BFF] 获取Agent cd956f8c 堆段: 0 条
[BFF] 获取Agent 4f4a09ef 堆段: 0 条
[BFF] 获取Agent 3ff882e7 堆段: 0 条
[BFF] 读取PublicMemory (物理路径): /mnt/d/collections2026/phd_application/nanobot1/milestone2/data/public_memory/public_memory.jsonl, top_k=2
[BFF] 读取PublicMemory完成: 0 条记录
[BFF] 获取Agent 91abe0a0 堆段: 0 条
[BFF] 获取Agent 823eaa27 堆段: 0 条
[BFF] 获取Agent f7470fa0 堆段: 0 条
[BFF] 获取Agent d620df34 堆段: 0 条
[BFF] 获取Agent 9f005100 堆段: 0 条
[BFF] 读取PublicMemory (物理路径): /mnt/d/collections2026/phd_application/nanobot1/milestone2/data/public_memory/public_memory.jsonl, top_k=2
[BFF] 读取PublicMemory完成: 0 条记录
[BFF] 获取Agent 221a3768 堆段: 0 条
[BFF] all-unmerged 获取完成: 2 条
[BFF] 读取PublicMemory (物理路径): /mnt/d/collections2026/phd_application/nanobot1/milestone2/data/public_memory/public_memory.jsonl, top_k=2
[BFF] 读取PublicMemory完成: 0 条记录
[BFF] 读取PublicMemory (物理路径): /mnt/d/collections2026/phd_application/nanobot1/milestone2/data/public_memory/public_memory.jsonl, top_k=2
[BFF] 读取PublicMemory完成: 0 条记录
[BFF] all-unmerged 命中缓存: 2 条 (缓存剩余 3.5s)
[BFF] 读取PublicMemory (物理路径): /mnt/d/collections2026/phd_application/nanobot1/milestone2/data/public_memory/public_memory.jsonl, top_k=2
[BFF] 读取PublicMemory完成: 0 条记录
[BFF] all-unmerged 命中缓存: 2 条 (缓存剩余 3.0s)
[BFF] 读取PublicMemory (物理路径): /mnt/d/collections2026/phd_application/nanobot1/milestone2/data/public_memory/public_memory.jsonl, top_k=2
[BFF] 读取PublicMemory完成: 0 条记录
[BFF] all-unmerged 命中缓存: 2 条 (缓存剩余 2.7s)
[BFF] 读取PublicMemory (物理路径): /mnt/d/collections2026/phd_application/nanobot1/milestone2/data/public_memory/public_memory.jsonl, top_k=2
[BFF] 读取PublicMemory完成: 0 条记录
[BFF] 读取PublicMemory (物理路径): /mnt/d/collections2026/phd_application/nanobot1/milestone2/data/public_memory/public_memory.jsonl, top_k=2
[BFF] 读取PublicMemory完成: 0 条记录
[BFF] 读取PublicMemory (物理路径): /mnt/d/collections2026/phd_application/nanobot1/milestone2/data/public_memory/public_memory.jsonl, top_k=2
[BFF] 读取PublicMemory完成: 0 条记录
[BFF] 读取PublicMemory (物理路径): /mnt/d/collections2026/phd_application/nanobot1/milestone2/data/public_memory/public_memory.jsonl, top_k=2
[BFF] 读取PublicMemory完成: 0 条记录
[BFF] 读取PublicMemory (物理路径): /mnt/d/collections2026/phd_application/nanobot1/milestone2/data/public_memory/public_memory.jsonl, top_k=2
[BFF] 读取PublicMemory完成: 0 条记录
[BFF] 读取PublicMemory (物理路径): /mnt/d/collections2026/phd_application/nanobot1/milestone2/data/public_memory/public_memory.jsonl, top_k=2
[BFF] 读取PublicMemory完成: 0 条记录
[BFF] 读取PublicMemory (物理路径): /mnt/d/collections2026/phd_application/nanobot1/milestone2/data/public_memory/public_memory.jsonl, top_k=2
[BFF] 读取PublicMemory完成: 0 条记录
2026-04-21 22:39:52,087 - httpx - INFO - HTTP Request: GET http://localhost:19351/task?agent_id=e07b58b0 "HTTP/1.1 200 OK"
2026-04-21 22:39:52,625 - httpx - INFO - HTTP Request: POST http://localhost:19351/allocate_page "HTTP/1.1 200 OK"
2026-04-21 22:39:52,630 - httpx - INFO - HTTP Request: GET http://localhost:19351/task?agent_id=e07b58b0 "HTTP/1.1 200 OK"
2026-04-21 22:39:52,857 - httpx - INFO - HTTP Request: POST http://localhost:19524/heap/append "HTTP/1.1 200 OK"
2026-04-21 22:39:53,216 - httpx - INFO - HTTP Request: POST http://localhost:19351/heap-written "HTTP/1.1 200 OK"
2026-04-21 22:39:53,326 - httpx - INFO - HTTP Request: POST http://localhost:19351/allocate_page "HTTP/1.1 200 OK"
2026-04-21 22:39:53,329 - httpx - INFO - HTTP Request: GET http://localhost:19351/task?agent_id=e07b58b0 "HTTP/1.1 200 OK"
2026-04-21 22:39:53,332 - httpx - INFO - HTTP Request: GET http://localhost:19353/heap/unmerged "HTTP/1.1 200 OK"
2026-04-21 22:39:53,606 - httpx - INFO - HTTP Request: GET http://localhost:19356/heap/unmerged "HTTP/1.1 200 OK"
2026-04-21 22:39:53,700 - httpx - INFO - HTTP Request: POST http://localhost:19524/heap/append "HTTP/1.1 200 OK"
2026-04-21 22:39:54,015 - httpx - INFO - HTTP Request: GET http://localhost:19357/heap/unmerged "HTTP/1.1 200 OK"
2026-04-21 22:39:54,127 - httpx - INFO - HTTP Request: POST http://localhost:19351/heap-written "HTTP/1.1 200 OK"
2026-04-21 22:39:54,146 - httpx - INFO - HTTP Request: GET http://localhost:19351/task?agent_id=e07b58b0 "HTTP/1.1 200 OK"
2026-04-21 22:39:54,149 - httpx - INFO - HTTP Request: GET http://localhost:19351/task?agent_id=f7470fa0 "HTTP/1.1 200 OK"
2026-04-21 22:39:54,171 - httpx - INFO - HTTP Request: GET http://localhost:19362/heap/unmerged "HTTP/1.1 200 OK"
2026-04-21 22:39:54,343 - httpx - INFO - HTTP Request: GET http://localhost:19373/heap/unmerged "HTTP/1.1 200 OK"
2026-04-21 22:39:54,483 - httpx - INFO - HTTP Request: GET http://localhost:19384/heap/unmerged "HTTP/1.1 200 OK"
2026-04-21 22:39:54,666 - httpx - INFO - HTTP Request: GET http://localhost:19387/heap/unmerged "HTTP/1.1 200 OK"
2026-04-21 22:39:54,755 - httpx - INFO - HTTP Request: GET http://localhost:19351/task?agent_id=e07b58b0 "HTTP/1.1 200 OK"
2026-04-21 22:39:54,758 - httpx - INFO - HTTP Request: GET http://localhost:19398/heap/unmerged "HTTP/1.1 200 OK"
2026-04-21 22:39:54,838 - httpx - INFO - HTTP Request: GET http://localhost:19403/heap/unmerged "HTTP/1.1 200 OK"
2026-04-21 22:39:55,002 - httpx - INFO - HTTP Request: GET http://localhost:19426/heap/unmerged "HTTP/1.1 200 OK"
2026-04-21 22:39:55,142 - httpx - INFO - HTTP Request: GET http://localhost:19443/heap/unmerged "HTTP/1.1 200 OK"
2026-04-21 22:39:55,372 - httpx - INFO - HTTP Request: GET http://localhost:19457/heap/unmerged "HTTP/1.1 200 OK"
2026-04-21 22:39:55,637 - httpx - INFO - HTTP Request: GET http://localhost:19351/task?agent_id=e07b58b0 "HTTP/1.1 200 OK"
2026-04-21 22:39:55,642 - httpx - INFO - HTTP Request: GET http://localhost:19466/heap/unmerged "HTTP/1.1 200 OK"
2026-04-21 22:39:55,751 - httpx - INFO - HTTP Request: GET http://localhost:19486/heap/unmerged "HTTP/1.1 200 OK"
2026-04-21 22:39:55,861 - httpx - INFO - HTTP Request: GET http://localhost:19494/heap/unmerged "HTTP/1.1 200 OK"
2026-04-21 22:39:55,964 - httpx - INFO - HTTP Request: GET http://localhost:19524/heap/unmerged "HTTP/1.1 200 OK"
2026-04-21 22:39:56,190 - httpx - INFO - HTTP Request: GET http://localhost:20068/heap/unmerged "HTTP/1.1 200 OK"
2026-04-21 22:39:56,315 - httpx - INFO - HTTP Request: GET http://localhost:19351/task?agent_id=e07b58b0 "HTTP/1.1 200 OK"
2026-04-21 22:39:56,356 - httpx - INFO - HTTP Request: GET http://localhost:20095/heap/unmerged "HTTP/1.1 200 OK"
2026-04-21 22:39:56,479 - httpx - INFO - HTTP Request: GET http://localhost:20116/heap/unmerged "HTTP/1.1 200 OK"
2026-04-21 22:39:57,078 - httpx - INFO - HTTP Request: GET http://localhost:19351/task?agent_id=e07b58b0 "HTTP/1.1 200 OK"
2026-04-21 22:39:57,609 - httpx - INFO - HTTP Request: GET http://localhost:19351/task?agent_id=e07b58b0 "HTTP/1.1 200 OK"
2026-04-21 22:39:58,150 - httpx - INFO - HTTP Request: GET http://localhost:19351/task?agent_id=e07b58b0 "HTTP/1.1 200 OK"
2026-04-21 22:39:58,754 - httpx - INFO - HTTP Request: GET http://localhost:19351/task?agent_id=e07b58b0 "HTTP/1.1 200 OK"
2026-04-21 22:39:59,632 - httpx - INFO - HTTP Request: GET http://localhost:19351/task?agent_id=e07b58b0 "HTTP/1.1 200 OK"
2026-04-21 22:39:59,643 - httpx - INFO - HTTP Request: POST http://localhost:19351/allocate_page "HTTP/1.1 200 OK"
2026-04-21 22:39:59,874 - httpx - INFO - HTTP Request: POST http://localhost:19384/heap/append "HTTP/1.1 200 OK"
2026-04-21 22:40:00,103 - httpx - INFO - HTTP Request: POST http://localhost:19351/heap-written "HTTP/1.1 200 OK"
2026-04-21 22:40:00,106 - httpx - INFO - HTTP Request: POST http://localhost:19351/allocate_page "HTTP/1.1 200 OK"
2026-04-21 22:40:00,367 - httpx - INFO - HTTP Request: GET http://localhost:19351/task?agent_id=e07b58b0 "HTTP/1.1 200 OK"
2026-04-21 22:40:00,370 - httpx - INFO - HTTP Request: POST http://localhost:19384/heap/append "HTTP/1.1 200 OK"
2026-04-21 22:40:00,616 - httpx - INFO - HTTP Request: POST http://localhost:19351/heap-written "HTTP/1.1 200 OK"
2026-04-21 22:40:00,618 - httpx - INFO - HTTP Request: GET http://localhost:19351/task?agent_id=b076818a "HTTP/1.1 200 OK"
2026-04-21 22:40:00,891 - httpx - INFO - HTTP Request: GET http://localhost:19351/task?agent_id=e07b58b0 "HTTP/1.1 200 OK"
2026-04-21 22:40:02,074 - httpx - INFO - HTTP Request: GET http://localhost:19351/task?agent_id=e07b58b0 "HTTP/1.1 200 OK"
2026-04-21 22:40:02,078 - httpx - INFO - HTTP Request: POST http://localhost:19351/allocate_page "HTTP/1.1 200 OK"
2026-04-21 22:40:02,079 - httpx - INFO - HTTP Request: POST http://localhost:19351/allocate_page "HTTP/1.1 200 OK"
2026-04-21 22:40:02,079 - httpx - INFO - HTTP Request: GET http://localhost:39963/health "HTTP/1.1 200 OK"
2026-04-21 22:40:02,081 - httpx - INFO - HTTP Request: POST http://localhost:19351/allocate_page "HTTP/1.1 200 OK"
2026-04-21 22:40:02,256 - httpx - INFO - HTTP Request: POST http://localhost:19351/allocate_page "HTTP/1.1 200 OK"
2026-04-21 22:40:02,447 - httpx - INFO - HTTP Request: GET http://localhost:19351/active_pages "HTTP/1.1 200 OK"
2026-04-21 22:40:03,110 - httpx - INFO - HTTP Request: POST http://localhost:19387/heap/append "HTTP/1.1 200 OK"
2026-04-21 22:40:03,128 - httpx - INFO - HTTP Request: POST http://localhost:19373/heap/append "HTTP/1.1 200 OK"
2026-04-21 22:40:03,348 - httpx - INFO - HTTP Request: GET http://localhost:19351/task?agent_id=e07b58b0 "HTTP/1.1 200 OK"
2026-04-21 22:40:03,352 - httpx - INFO - HTTP Request: POST http://localhost:19398/heap/append "HTTP/1.1 200 OK"
2026-04-21 22:40:03,354 - httpx - INFO - HTTP Request: POST http://localhost:19353/heap/append "HTTP/1.1 200 OK"
2026-04-21 22:40:03,360 - httpx - INFO - HTTP Request: POST http://localhost:19351/heap-written "HTTP/1.1 200 OK"
2026-04-21 22:40:03,361 - httpx - INFO - HTTP Request: POST http://localhost:19351/heap-written "HTTP/1.1 200 OK"
2026-04-21 22:40:04,363 - httpx - INFO - HTTP Request: POST http://localhost:19351/heap-written "HTTP/1.1 200 OK"
2026-04-21 22:40:04,364 - httpx - INFO - HTTP Request: POST http://localhost:19351/heap-written "HTTP/1.1 200 OK"
2026-04-21 22:40:04,369 - httpx - INFO - HTTP Request: POST http://localhost:19351/allocate_page "HTTP/1.1 200 OK"
2026-04-21 22:40:04,370 - httpx - INFO - HTTP Request: POST http://localhost:19351/allocate_page "HTTP/1.1 200 OK"
2026-04-21 22:40:04,383 - httpx - INFO - HTTP Request: POST http://localhost:19351/allocate_page "HTTP/1.1 200 OK"
2026-04-21 22:40:04,384 - httpx - INFO - HTTP Request: POST http://localhost:19351/allocate_page "HTTP/1.1 200 OK"
2026-04-21 22:40:04,393 - httpx - INFO - HTTP Request: GET http://localhost:19351/task?agent_id=e07b58b0 "HTTP/1.1 200 OK"
2026-04-21 22:40:04,396 - httpx - INFO - HTTP Request: POST http://localhost:19351/mark_pages_merged "HTTP/1.1 200 OK"
2026-04-21 22:40:05,885 - httpx - INFO - HTTP Request: POST http://localhost:19373/heap/mark-merged "HTTP/1.1 200 OK"
2026-04-21 22:40:05,905 - httpx - INFO - HTTP Request: POST http://localhost:19387/heap/mark-merged "HTTP/1.1 200 OK"
2026-04-21 22:40:05,906 - httpx - INFO - HTTP Request: POST http://localhost:19384/heap/mark-merged "HTTP/1.1 200 OK"
2026-04-21 22:40:05,907 - httpx - INFO - HTTP Request: POST http://localhost:19524/heap/mark-merged "HTTP/1.1 200 OK"
2026-04-21 22:40:05,907 - httpx - INFO - HTTP Request: POST http://localhost:19356/heap/mark-merged "HTTP/1.1 200 OK"
2026-04-21 22:40:05,908 - httpx - INFO - HTTP Request: POST http://localhost:19353/heap/mark-merged "HTTP/1.1 200 OK"
2026-04-21 22:40:05,908 - httpx - INFO - HTTP Request: POST http://localhost:19398/heap/mark-merged "HTTP/1.1 200 OK"
2026-04-21 22:40:05,925 - httpx - INFO - HTTP Request: POST http://localhost:19398/heap/append "HTTP/1.1 200 OK"
2026-04-21 22:40:05,927 - httpx - INFO - HTTP Request: POST http://localhost:19353/heap/append "HTTP/1.1 200 OK"
2026-04-21 22:40:05,928 - httpx - INFO - HTTP Request: POST http://localhost:39963/execute_merge "HTTP/1.1 200 OK"
2026-04-21 22:40:05,928 - httpx - INFO - HTTP Request: POST http://localhost:19373/heap/append "HTTP/1.1 200 OK"
2026-04-21 22:40:05,935 - httpx - INFO - HTTP Request: POST http://localhost:19387/heap/append "HTTP/1.1 200 OK"
2026-04-21 22:40:07,064 - httpx - INFO - HTTP Request: POST http://localhost:19351/heap-written "HTTP/1.1 200 OK"
2026-04-21 22:40:07,065 - httpx - INFO - HTTP Request: POST http://localhost:19351/heap-written "HTTP/1.1 200 OK"
2026-04-21 22:40:07,066 - httpx - INFO - HTTP Request: POST http://localhost:19351/heap-written "HTTP/1.1 200 OK"
2026-04-21 22:40:07,066 - httpx - INFO - HTTP Request: POST http://localhost:19351/heap-written "HTTP/1.1 200 OK"
2026-04-21 22:40:07,077 - httpx - INFO - HTTP Request: GET http://localhost:19351/task?agent_id=206fb109 "HTTP/1.1 200 OK"
2026-04-21 22:40:07,078 - httpx - INFO - HTTP Request: GET http://localhost:19351/task?agent_id=5b0ab4c2 "HTTP/1.1 200 OK"
2026-04-21 22:40:07,079 - httpx - INFO - HTTP Request: GET http://localhost:19351/task?agent_id=e07b58b0 "HTTP/1.1 200 OK"
2026-04-21 22:40:07,080 - httpx - INFO - HTTP Request: GET http://localhost:19353/heap/unmerged "HTTP/1.1 200 OK"
2026-04-21 22:40:07,081 - httpx - INFO - HTTP Request: GET http://localhost:19351/task?agent_id=45b1447d "HTTP/1.1 200 OK"
2026-04-21 22:40:07,081 - httpx - INFO - HTTP Request: GET http://localhost:19351/task?agent_id=269662a6 "HTTP/1.1 200 OK"
2026-04-21 22:40:07,772 - httpx - INFO - HTTP Request: GET http://localhost:19356/heap/unmerged "HTTP/1.1 200 OK"
2026-04-21 22:40:08,428 - httpx - INFO - HTTP Request: GET http://localhost:19357/heap/unmerged "HTTP/1.1 200 OK"
2026-04-21 22:40:08,549 - httpx - INFO - HTTP Request: GET http://localhost:19351/active_pages "HTTP/1.1 200 OK"
2026-04-21 22:40:08,550 - httpx - INFO - HTTP Request: GET http://localhost:19351/active_pages "HTTP/1.1 200 OK"
2026-04-21 22:40:08,551 - httpx - INFO - HTTP Request: GET http://localhost:19351/active_pages "HTTP/1.1 200 OK"
2026-04-21 22:40:08,551 - httpx - INFO - HTTP Request: GET http://localhost:19351/active_pages "HTTP/1.1 200 OK"
2026-04-21 22:40:08,561 - httpx - INFO - HTTP Request: GET http://localhost:19351/task?agent_id=e07b58b0 "HTTP/1.1 200 OK"
[BFF] 读取PublicMemory (物理路径): /mnt/d/collections2026/phd_application/nanobot1/milestone2/data/public_memory/public_memory.jsonl, top_k=2
[BFF] 读取PublicMemory完成: 0 条记录
[BFF] 读取PublicMemory (物理路径): /mnt/d/collections2026/phd_application/nanobot1/milestone2/data/public_memory/public_memory.jsonl, top_k=2
[BFF] 读取PublicMemory完成: 0 条记录
[BFF] 读取PublicMemory (物理路径): /mnt/d/collections2026/phd_application/nanobot1/milestone2/data/public_memory/public_memory.jsonl, top_k=2
[BFF] 读取PublicMemory完成: 0 条记录
[BFF] 获取Agent 206fb109 堆段: 0 条
[BFF] 读取PublicMemory (物理路径): /mnt/d/collections2026/phd_application/nanobot1/milestone2/data/public_memory/public_memory.jsonl, top_k=2
[BFF] 读取PublicMemory完成: 0 条记录
[BFF] 获取Agent 3e473202 堆段: 2 条
[BFF] 获取Agent 31877661 堆段: 0 条
[BFF] all-unmerged 请求正在进行，等待完成...
[BFF] 获取Agent c01d46ac 堆段: 0 条
[BFF] 读取PublicMemory (物理路径): /mnt/d/collections2026/phd_application/nanobot1/milestone2/data/public_memory/public_memory.jsonl, top_k=2
[BFF] 读取PublicMemory完成: 0 条记录
[BFF] 读取PublicMemory (物理路径): /mnt/d/collections2026/phd_application/nanobot1/milestone2/data/public_memory/public_memory.jsonl, top_k=2
[BFF] 读取PublicMemory完成: 0 条记录
[BFF] 获取Agent 45b1447d 堆段: 2 条
[BFF] 获取Agent b076818a 堆段: 0 条
[BFF] 获取Agent 269662a6 堆段: 0 条
[BFF] 获取Agent 5b0ab4c2 堆段: 0 条
[BFF] 获取Agent 1899dd93 堆段: 0 条
[BFF] 读取PublicMemory (物理路径): /mnt/d/collections2026/phd_application/nanobot1/milestone2/data/public_memory/public_memory.jsonl, top_k=2
[BFF] 读取PublicMemory完成: 0 条记录
[BFF] 获取Agent 8b461f3d 堆段: 0 条
[BFF] 获取Agent cd956f8c 堆段: 0 条
[BFF] 获取Agent 4f4a09ef 堆段: 0 条
[BFF] 获取Agent 3ff882e7 堆段: 0 条
[BFF] 获取Agent 91abe0a0 堆段: 0 条
[BFF] 读取PublicMemory (物理路径): /mnt/d/collections2026/phd_application/nanobot1/milestone2/data/public_memory/public_memory.jsonl, top_k=2
[BFF] 读取PublicMemory完成: 0 条记录
[BFF] 获取Agent 823eaa27 堆段: 0 条
[BFF] 获取Agent f7470fa0 堆段: 2 条
[BFF] 获取Agent d620df34 堆段: 0 条
[BFF] 获取Agent 9f005100 堆段: 0 条
[BFF] 读取PublicMemory (物理路径): /mnt/d/collections2026/phd_application/nanobot1/milestone2/data/public_memory/public_memory.jsonl, top_k=2
[BFF] 读取PublicMemory完成: 0 条记录
[BFF] 获取Agent 221a3768 堆段: 0 条
[BFF] all-unmerged 获取完成: 6 条
[BFF] 创建Consolidator容器...
[BFF] 读取PublicMemory (物理路径): /mnt/d/collections2026/phd_application/nanobot1/milestone2/data/public_memory/public_memory.jsonl, top_k=2
[BFF] 读取PublicMemory完成: 0 条记录
[BFF] 读取PublicMemory (物理路径): /mnt/d/collections2026/phd_application/nanobot1/milestone2/data/public_memory/public_memory.jsonl, top_k=2
[BFF] 读取PublicMemory完成: 0 条记录
[BFF] 读取PublicMemory (物理路径): /mnt/d/collections2026/phd_application/nanobot1/milestone2/data/public_memory/public_memory.jsonl, top_k=2
[BFF] 读取PublicMemory完成: 0 条记录
[BFF] 读取PublicMemory (物理路径): /mnt/d/collections2026/phd_application/nanobot1/milestone2/data/public_memory/public_memory.jsonl, top_k=2
[BFF] 读取PublicMemory完成: 0 条记录
[BFF] 读取PublicMemory (物理路径): /mnt/d/collections2026/phd_application/nanobot1/milestone2/data/public_memory/public_memory.jsonl, top_k=2
[BFF] 读取PublicMemory完成: 0 条记录
[BFF] 读取PublicMemory (物理路径): /mnt/d/collections2026/phd_application/nanobot1/milestone2/data/public_memory/public_memory.jsonl, top_k=2
[BFF] 读取PublicMemory完成: 0 条记录
[BFF] 读取PublicMemory (物理路径): /mnt/d/collections2026/phd_application/nanobot1/milestone2/data/public_memory/public_memory.jsonl, top_k=2
[BFF] 读取PublicMemory完成: 0 条记录
[BFF] 读取PublicMemory (物理路径): /mnt/d/collections2026/phd_application/nanobot1/milestone2/data/public_memory/public_memory.jsonl, top_k=2
[BFF] 读取PublicMemory完成: 0 条记录
[Orchestrator] Container consolidator_51f2b8b6 is ready
[Orchestrator] Created container consolidator_51f2b8b6
[BFF] Consolidator容器已创建: 51f2b8b6
[BFF] Consolidator容器已创建: 51f2b8b6
[BFF] Consolidator容器已创建: 51f2b8b6
[BFF] 转发合并请求到Consolidator: http://localhost:39963/execute_merge
[BFF] 读取PublicMemory (物理路径): /mnt/d/collections2026/phd_application/nanobot1/milestone2/data/public_memory/public_memory.jsonl, top_k=10000
[BFF] 读取PublicMemory完成: 0 条记录
[BFF] 读取PublicMemory (物理路径): /mnt/d/collections2026/phd_application/nanobot1/milestone2/data/public_memory/public_memory.jsonl, top_k=2
[BFF] 读取PublicMemory完成: 0 条记录
[BFF] 读取PublicMemory (物理路径): /mnt/d/collections2026/phd_application/nanobot1/milestone2/data/public_memory/public_memory.jsonl, top_k=2
[BFF] 读取PublicMemory完成: 0 条记录
[BFF] 写入PublicMemory (物理路径): /mnt/d/collections2026/phd_application/nanobot1/milestone2/data/public_memory/public_memory.jsonl
[BFF] 原子替换PublicMemory: 12 条记录 -> /mnt/d/collections2026/phd_application/nanobot1/milestone2/data/public_memory/public_memory.jsonl
[BFF] 读取PublicMemory (物理路径): /mnt/d/collections2026/phd_application/nanobot1/milestone2/data/public_memory/public_memory.jsonl, top_k=2
[BFF] 读取PublicMemory完成: 12 条记录
[BFF] Consolidator合并完成: {'status': 'ok', 'original_count': 12, 'deduped_count': 12, 'removed_count': 0, 'pages_marked': 12, 'source': 'km_page_table'}
[BFF] 获取Agent 206fb109 堆段: 1 条
[BFF] all-unmerged 请求正在进行，等待完成...
[BFF] all-unmerged 请求正在进行，等待完成...
[BFF] all-unmerged 请求正在进行，等待完成...
[BFF] all-unmerged 请求正在进行，等待完成...
[BFF] Consolidator容器已存在: 51f2b8b6
[BFF] 转发合并请求到Consolidator: http://localhost:39963/execute_merge
[BFF] Consolidator容器已存在: 51f2b8b6
[BFF] 转发合并请求到Consolidator: http://localhost:39963/execute_merge
[BFF] Consolidator容器已存在: 51f2b8b6
[BFF] 转发合并请求到Consolidator: http://localhost:39963/execute_merge
[BFF] Consolidator容器已存在: 51f2b8b6
[BFF] 转发合并请求到Consolidator: http://localhost:39963/execute_merge
[BFF] 读取PublicMemory (物理路径): /mnt/d/collections2026/phd_application/nanobot1/milestone2/data/public_memory/public_memory.jsonl, top_k=2
[BFF] 读取PublicMemory完成: 12 条记录
[BFF] 读取PublicMemory (物理路径): /mnt/d/collections2026/phd_application/nanobot1/milestone2/data/public_memory/public_memory.jsonl, top_k=2
[BFF] 读取PublicMemory完成: 12 条记录
[BFF] 读取PublicMemory (物理路径): /mnt/d/collections2026/phd_application/nanobot1/milestone2/data/public_memory/public_memory.jsonl, top_k=2
[BFF] 读取PublicMemory完成: 12 条记录
[BFF] 读取PublicMemory (物理路径): /mnt/d/collections2026/phd_application/nanobot1/milestone2/data/public_memory/public_memory.jsonl, top_k=2
[BFF] 读取PublicMemory完成: 12 条记录
[BFF] 读取PublicMemory (物理路径): /mnt/d/collections2026/phd_application/nanobot1/milestone2/data/public_memory/public_memory.jsonl, top_k=2
[BFF] 读取PublicMemory完成: 12 条记录
[BFF] 获取Agent 3e473202 堆段: 0 条
[BFF] 获取Agent 31877661 堆段: 0 条
[BFF] 读取PublicMemory (物理路径): /mnt/d/collections2026/phd_application/nanobot1/milestone2/data/public_memory/public_memory.jsonl, top_k=10000
[BFF] 读取PublicMemory完成: 12 条记录
[BFF] 读取PublicMemory (物理路径): /mnt/d/collections2026/phd_application/nanobot1/milestone2/data/public_memory/public_memory.jsonl, top_k=10000
[BFF] 读取PublicMemory完成: 12 条记录
[BFF] 读取PublicMemory (物理路径): /mnt/d/collections2026/phd_application/nanobot1/milestone2/data/public_memory/public_memory.jsonl, top_k=10000
[BFF] 读取PublicMemory完成: 12 条记录
2026-04-21 22:40:08,616 - httpx - INFO - HTTP Request: GET http://localhost:19362/heap/unmerged "HTTP/1.1 200 OK"
2026-04-21 22:40:09,363 - httpx - INFO - HTTP Request: GET http://localhost:19373/heap/unmerged "HTTP/1.1 200 OK"
2026-04-21 22:40:09,528 - httpx - INFO - HTTP Request: POST http://localhost:19351/mark_pages_merged "HTTP/1.1 200 OK"
2026-04-21 22:40:09,529 - httpx - INFO - HTTP Request: POST http://localhost:19351/mark_pages_merged "HTTP/1.1 200 OK"
2026-04-21 22:40:09,529 - httpx - INFO - HTTP Request: POST http://localhost:19351/mark_pages_merged "HTTP/1.1 200 OK"
2026-04-21 22:40:09,530 - httpx - INFO - HTTP Request: POST http://localhost:19351/mark_pages_merged "HTTP/1.1 200 OK"
2026-04-21 22:40:09,545 - httpx - INFO - HTTP Request: GET http://localhost:19351/task?agent_id=e07b58b0 "HTTP/1.1 200 OK"
2026-04-21 22:40:11,117 - httpx - INFO - HTTP Request: GET http://localhost:19384/heap/unmerged "HTTP/1.1 200 OK"
2026-04-21 22:40:11,709 - httpx - INFO - HTTP Request: POST http://localhost:19387/heap/mark-merged "HTTP/1.1 200 OK"
2026-04-21 22:40:11,710 - httpx - INFO - HTTP Request: POST http://localhost:19387/heap/mark-merged "HTTP/1.1 200 OK"
2026-04-21 22:40:11,716 - httpx - INFO - HTTP Request: POST http://localhost:19387/heap/mark-merged "HTTP/1.1 200 OK"
2026-04-21 22:40:11,718 - httpx - INFO - HTTP Request: POST http://localhost:19387/heap/mark-merged "HTTP/1.1 200 OK"
2026-04-21 22:40:11,844 - httpx - INFO - HTTP Request: POST http://localhost:19353/heap/mark-merged "HTTP/1.1 200 OK"
2026-04-21 22:40:11,845 - httpx - INFO - HTTP Request: POST http://localhost:19398/heap/mark-merged "HTTP/1.1 200 OK"
2026-04-21 22:40:11,845 - httpx - INFO - HTTP Request: POST http://localhost:19373/heap/mark-merged "HTTP/1.1 200 OK"
2026-04-21 22:40:11,846 - httpx - INFO - HTTP Request: POST http://localhost:19353/heap/mark-merged "HTTP/1.1 200 OK"
2026-04-21 22:40:11,847 - httpx - INFO - HTTP Request: POST http://localhost:19398/heap/mark-merged "HTTP/1.1 200 OK"
2026-04-21 22:40:11,847 - httpx - INFO - HTTP Request: POST http://localhost:19373/heap/mark-merged "HTTP/1.1 200 OK"
2026-04-21 22:40:11,848 - httpx - INFO - HTTP Request: POST http://localhost:19353/heap/mark-merged "HTTP/1.1 200 OK"
2026-04-21 22:40:11,850 - httpx - INFO - HTTP Request: POST http://localhost:19398/heap/mark-merged "HTTP/1.1 200 OK"
2026-04-21 22:40:11,851 - httpx - INFO - HTTP Request: POST http://localhost:19353/heap/mark-merged "HTTP/1.1 200 OK"
2026-04-21 22:40:11,852 - httpx - INFO - HTTP Request: POST http://localhost:19398/heap/mark-merged "HTTP/1.1 200 OK"
2026-04-21 22:40:11,853 - httpx - INFO - HTTP Request: POST http://localhost:19373/heap/mark-merged "HTTP/1.1 200 OK"
2026-04-21 22:40:11,854 - httpx - INFO - HTTP Request: GET http://localhost:19387/heap/unmerged "HTTP/1.1 200 OK"
2026-04-21 22:40:11,854 - httpx - INFO - HTTP Request: POST http://localhost:19373/heap/mark-merged "HTTP/1.1 200 OK"
2026-04-21 22:40:11,983 - httpx - INFO - HTTP Request: POST http://localhost:19351/allocate_page "HTTP/1.1 200 OK"
2026-04-21 22:40:11,987 - httpx - INFO - HTTP Request: POST http://localhost:39963/execute_merge "HTTP/1.1 200 OK"
2026-04-21 22:40:11,990 - httpx - INFO - HTTP Request: POST http://localhost:39963/execute_merge "HTTP/1.1 200 OK"
2026-04-21 22:40:11,992 - httpx - INFO - HTTP Request: POST http://localhost:39963/execute_merge "HTTP/1.1 200 OK"
2026-04-21 22:40:11,997 - httpx - INFO - HTTP Request: POST http://localhost:39963/execute_merge "HTTP/1.1 200 OK"
2026-04-21 22:40:12,011 - httpx - INFO - HTTP Request: GET http://localhost:19351/task?agent_id=e07b58b0 "HTTP/1.1 200 OK"
2026-04-21 22:40:12,016 - httpx - INFO - HTTP Request: GET http://localhost:19398/heap/unmerged "HTTP/1.1 200 OK"
2026-04-21 22:40:12,263 - httpx - INFO - HTTP Request: GET http://localhost:19403/heap/unmerged "HTTP/1.1 200 OK"
2026-04-21 22:40:12,397 - httpx - INFO - HTTP Request: POST http://localhost:20095/heap/append "HTTP/1.1 200 OK"
2026-04-21 22:40:12,559 - httpx - INFO - HTTP Request: POST http://localhost:19351/heap-written "HTTP/1.1 200 OK"
2026-04-21 22:40:12,559 - httpx - INFO - HTTP Request: GET http://localhost:19426/heap/unmerged "HTTP/1.1 200 OK"
2026-04-21 22:40:12,889 - httpx - INFO - HTTP Request: GET http://localhost:19443/heap/unmerged "HTTP/1.1 200 OK"
2026-04-21 22:40:12,986 - httpx - INFO - HTTP Request: POST http://localhost:19351/allocate_page "HTTP/1.1 200 OK"
2026-04-21 22:40:12,986 - httpx - INFO - HTTP Request: GET http://localhost:19351/task?agent_id=e07b58b0 "HTTP/1.1 200 OK"
2026-04-21 22:40:12,999 - httpx - INFO - HTTP Request: GET http://localhost:19457/heap/unmerged "HTTP/1.1 200 OK"
2026-04-21 22:40:13,226 - httpx - INFO - HTTP Request: GET http://localhost:19466/heap/unmerged "HTTP/1.1 200 OK"
2026-04-21 22:40:13,321 - httpx - INFO - HTTP Request: POST http://localhost:20095/heap/append "HTTP/1.1 200 OK"
2026-04-21 22:40:13,751 - httpx - INFO - HTTP Request: GET http://localhost:19486/heap/unmerged "HTTP/1.1 200 OK"
2026-04-21 22:40:13,860 - httpx - INFO - HTTP Request: POST http://localhost:19351/heap-written "HTTP/1.1 200 OK"
2026-04-21 22:40:13,861 - httpx - INFO - HTTP Request: POST http://localhost:19351/allocate_page "HTTP/1.1 200 OK"
2026-04-21 22:40:13,873 - httpx - INFO - HTTP Request: GET http://localhost:19351/task?agent_id=9f005100 "HTTP/1.1 200 OK"
2026-04-21 22:40:13,873 - httpx - INFO - HTTP Request: GET http://localhost:19351/task?agent_id=e07b58b0 "HTTP/1.1 200 OK"
2026-04-21 22:40:13,879 - httpx - INFO - HTTP Request: GET http://localhost:19494/heap/unmerged "HTTP/1.1 200 OK"
2026-04-21 22:40:14,009 - httpx - INFO - HTTP Request: GET http://localhost:19524/heap/unmerged "HTTP/1.1 200 OK"
2026-04-21 22:40:14,240 - httpx - INFO - HTTP Request: GET http://localhost:20068/heap/unmerged "HTTP/1.1 200 OK"
2026-04-21 22:40:14,331 - httpx - INFO - HTTP Request: POST http://localhost:19356/heap/append "HTTP/1.1 200 OK"
2026-04-21 22:40:14,866 - httpx - INFO - HTTP Request: GET http://localhost:20095/heap/unmerged "HTTP/1.1 200 OK"
2026-04-21 22:40:15,056 - httpx - INFO - HTTP Request: POST http://localhost:19351/heap-written "HTTP/1.1 200 OK"
2026-04-21 22:40:15,057 - httpx - INFO - HTTP Request: POST http://localhost:19351/allocate_page "HTTP/1.1 200 OK"
2026-04-21 22:40:15,063 - httpx - INFO - HTTP Request: GET http://localhost:19351/task?agent_id=e07b58b0 "HTTP/1.1 200 OK"
2026-04-21 22:40:15,067 - httpx - INFO - HTTP Request: POST http://localhost:19351/allocate_page "HTTP/1.1 200 OK"
2026-04-21 22:40:15,067 - httpx - INFO - HTTP Request: POST http://localhost:19351/allocate_page "HTTP/1.1 200 OK"
2026-04-21 22:40:15,073 - httpx - INFO - HTTP Request: GET http://localhost:20116/heap/unmerged "HTTP/1.1 200 OK"
2026-04-21 22:40:15,178 - httpx - INFO - HTTP Request: GET http://localhost:39963/heap/unmerged "HTTP/1.1 200 OK"
2026-04-21 22:40:15,271 - httpx - INFO - HTTP Request: POST http://localhost:19356/heap/append "HTTP/1.1 200 OK"
2026-04-21 22:40:15,405 - httpx - INFO - HTTP Request: POST http://localhost:19351/heap-written "HTTP/1.1 200 OK"
2026-04-21 22:40:15,939 - httpx - INFO - HTTP Request: GET http://localhost:19351/task?agent_id=3e473202 "HTTP/1.1 200 OK"
2026-04-21 22:40:15,942 - httpx - INFO - HTTP Request: POST http://localhost:19351/allocate_page "HTTP/1.1 200 OK"
2026-04-21 22:40:15,945 - httpx - INFO - HTTP Request: POST http://localhost:19403/heap/append "HTTP/1.1 200 OK"
2026-04-21 22:40:15,946 - httpx - INFO - HTTP Request: POST http://localhost:20068/heap/append "HTTP/1.1 200 OK"
2026-04-21 22:40:16,159 - httpx - INFO - HTTP Request: POST http://localhost:19351/heap-written "HTTP/1.1 200 OK"
2026-04-21 22:40:16,163 - httpx - INFO - HTTP Request: POST http://localhost:19351/heap-written "HTTP/1.1 200 OK"
2026-04-21 22:40:17,093 - httpx - INFO - HTTP Request: GET http://localhost:19351/task?agent_id=e07b58b0 "HTTP/1.1 200 OK"
2026-04-21 22:40:17,097 - httpx - INFO - HTTP Request: POST http://localhost:19351/allocate_page "HTTP/1.1 200 OK"
2026-04-21 22:40:17,097 - httpx - INFO - HTTP Request: POST http://localhost:19351/allocate_page "HTTP/1.1 200 OK"
2026-04-21 22:40:17,110 - httpx - INFO - HTTP Request: POST http://localhost:19443/heap/append "HTTP/1.1 200 OK"
2026-04-21 22:40:17,211 - httpx - INFO - HTTP Request: POST http://localhost:19351/allocate_page "HTTP/1.1 200 OK"
2026-04-21 22:40:17,436 - httpx - INFO - HTTP Request: POST http://localhost:19351/heap-written "HTTP/1.1 200 OK"
2026-04-21 22:40:17,446 - httpx - INFO - HTTP Request: POST http://localhost:19351/allocate_page "HTTP/1.1 200 OK"
2026-04-21 22:40:17,452 - httpx - INFO - HTTP Request: POST http://localhost:19524/heap/append "HTTP/1.1 200 OK"
2026-04-21 22:40:18,363 - httpx - INFO - HTTP Request: POST http://localhost:19351/heap-written "HTTP/1.1 200 OK"
2026-04-21 22:40:18,366 - httpx - INFO - HTTP Request: POST http://localhost:19351/allocate_page "HTTP/1.1 200 OK"
2026-04-21 22:40:18,374 - httpx - INFO - HTTP Request: POST http://localhost:19403/heap/append "HTTP/1.1 200 OK"
2026-04-21 22:40:18,376 - httpx - INFO - HTTP Request: POST http://localhost:20068/heap/append "HTTP/1.1 200 OK"
2026-04-21 22:40:18,386 - httpx - INFO - HTTP Request: GET http://localhost:19351/task?agent_id=e07b58b0 "HTTP/1.1 200 OK"
2026-04-21 22:40:18,389 - httpx - INFO - HTTP Request: POST http://localhost:19351/allocate_page "HTTP/1.1 200 OK"
2026-04-21 22:40:18,390 - httpx - INFO - HTTP Request: POST http://localhost:19351/allocate_page "HTTP/1.1 200 OK"
2026-04-21 22:40:18,391 - httpx - INFO - HTTP Request: POST http://localhost:19457/heap/append "HTTP/1.1 200 OK"
2026-04-21 22:40:18,738 - httpx - INFO - HTTP Request: POST http://localhost:19351/heap-written "HTTP/1.1 200 OK"
2026-04-21 22:40:18,745 - httpx - INFO - HTTP Request: POST http://localhost:19351/heap-written "HTTP/1.1 200 OK"
2026-04-21 22:40:18,747 - httpx - INFO - HTTP Request: POST http://localhost:19351/heap-written "HTTP/1.1 200 OK"
2026-04-21 22:40:19,587 - httpx - INFO - HTTP Request: GET http://localhost:19351/task?agent_id=1899dd93 "HTTP/1.1 200 OK"
2026-04-21 22:40:19,596 - httpx - INFO - HTTP Request: POST http://localhost:19524/heap/append "HTTP/1.1 200 OK"
2026-04-21 22:40:19,600 - httpx - INFO - HTTP Request: POST http://localhost:19351/allocate_page "HTTP/1.1 200 OK"
2026-04-21 22:40:19,601 - httpx - INFO - HTTP Request: GET http://localhost:19351/task?agent_id=d620df34 "HTTP/1.1 200 OK"
2026-04-21 22:40:19,602 - httpx - INFO - HTTP Request: POST http://localhost:19443/heap/append "HTTP/1.1 200 OK"
2026-04-21 22:40:19,725 - httpx - INFO - HTTP Request: POST http://localhost:19357/heap/append "HTTP/1.1 200 OK"
2026-04-21 22:40:20,532 - httpx - INFO - HTTP Request: GET http://localhost:19351/task?agent_id=e07b58b0 "HTTP/1.1 200 OK"
2026-04-21 22:40:20,547 - httpx - INFO - HTTP Request: POST http://localhost:19351/heap-written "HTTP/1.1 200 OK"
2026-04-21 22:40:20,550 - httpx - INFO - HTTP Request: POST http://localhost:19351/heap-written "HTTP/1.1 200 OK"
2026-04-21 22:40:20,614 - httpx - INFO - HTTP Request: POST http://localhost:19351/heap-written "HTTP/1.1 200 OK"
2026-04-21 22:40:20,622 - httpx - INFO - HTTP Request: GET http://localhost:19351/task?agent_id=f7470fa0 "HTTP/1.1 200 OK"
2026-04-21 22:40:20,719 - httpx - INFO - HTTP Request: POST http://localhost:19457/heap/append "HTTP/1.1 200 OK"
2026-04-21 22:40:20,816 - httpx - INFO - HTTP Request: GET http://localhost:19351/task?agent_id=cd956f8c "HTTP/1.1 200 OK"
2026-04-21 22:40:20,916 - httpx - INFO - HTTP Request: POST http://localhost:19351/allocate_page "HTTP/1.1 200 OK"
2026-04-21 22:40:21,361 - httpx - INFO - HTTP Request: GET http://localhost:19353/heap/unmerged "HTTP/1.1 200 OK"
2026-04-21 22:40:21,457 - httpx - INFO - HTTP Request: POST http://localhost:19351/allocate_page "HTTP/1.1 200 OK"
2026-04-21 22:40:21,557 - httpx - INFO - HTTP Request: POST http://localhost:19351/heap-written "HTTP/1.1 200 OK"
2026-04-21 22:40:21,756 - httpx - INFO - HTTP Request: GET http://localhost:19351/task?agent_id=4f4a09ef "HTTP/1.1 200 OK"
2026-04-21 22:40:21,762 - httpx - INFO - HTTP Request: GET http://localhost:19356/heap/unmerged "HTTP/1.1 200 OK"
2026-04-21 22:40:21,869 - httpx - INFO - HTTP Request: GET http://localhost:19351/task?agent_id=e07b58b0 "HTTP/1.1 200 OK"
2026-04-21 22:40:21,871 - httpx - INFO - HTTP Request: POST http://localhost:19357/heap/append "HTTP/1.1 200 OK"
2026-04-21 22:40:22,243 - httpx - INFO - HTTP Request: GET http://localhost:19357/heap/unmerged "HTTP/1.1 200 OK"
2026-04-21 22:40:22,244 - httpx - INFO - HTTP Request: POST http://localhost:19494/heap/append "HTTP/1.1 200 OK"
2026-04-21 22:40:22,591 - httpx - INFO - HTTP Request: POST http://localhost:19351/heap-written "HTTP/1.1 200 OK"
2026-04-21 22:40:22,864 - httpx - INFO - HTTP Request: GET http://localhost:19362/heap/unmerged "HTTP/1.1 200 OK"
2026-04-21 22:40:22,992 - httpx - INFO - HTTP Request: POST http://localhost:19351/heap-written "HTTP/1.1 200 OK"
2026-04-21 22:40:22,992 - httpx - INFO - HTTP Request: GET http://localhost:19351/task?agent_id=31877661 "HTTP/1.1 200 OK"
2026-04-21 22:40:22,997 - httpx - INFO - HTTP Request: POST http://localhost:19351/allocate_page "HTTP/1.1 200 OK"
2026-04-21 22:40:23,001 - httpx - INFO - HTTP Request: GET http://localhost:19351/task?agent_id=e07b58b0 "HTTP/1.1 200 OK"
2026-04-21 22:40:23,009 - httpx - INFO - HTTP Request: GET http://localhost:19373/heap/unmerged "HTTP/1.1 200 OK"
2026-04-21 22:40:23,206 - httpx - INFO - HTTP Request: POST http://localhost:19351/allocate_page "HTTP/1.1 200 OK"
2026-04-21 22:40:23,209 - httpx - INFO - HTTP Request: GET http://localhost:19384/heap/unmerged "HTTP/1.1 200 OK"
2026-04-21 22:40:23,560 - httpx - INFO - HTTP Request: POST http://localhost:19494/heap/append "HTTP/1.1 200 OK"
2026-04-21 22:40:23,563 - httpx - INFO - HTTP Request: POST http://localhost:19384/heap/append "HTTP/1.1 200 OK"
2026-04-21 22:40:23,566 - httpx - INFO - HTTP Request: GET http://localhost:19387/heap/unmerged "HTTP/1.1 200 OK"
2026-04-21 22:40:24,528 - httpx - INFO - HTTP Request: GET http://localhost:19398/heap/unmerged "HTTP/1.1 200 OK"
2026-04-21 22:40:24,691 - httpx - INFO - HTTP Request: POST http://localhost:19351/heap-written "HTTP/1.1 200 OK"
2026-04-21 22:40:24,691 - httpx - INFO - HTTP Request: POST http://localhost:19351/heap-written "HTTP/1.1 200 OK"
2026-04-21 22:40:24,717 - httpx - INFO - HTTP Request: GET http://localhost:19351/task?agent_id=e07b58b0 "HTTP/1.1 200 OK"
2026-04-21 22:40:24,719 - httpx - INFO - HTTP Request: GET http://localhost:19351/task?agent_id=823eaa27 "HTTP/1.1 200 OK"
2026-04-21 22:40:24,727 - httpx - INFO - HTTP Request: POST http://localhost:19351/allocate_page "HTTP/1.1 200 OK"
2026-04-21 22:40:24,728 - httpx - INFO - HTTP Request: POST http://localhost:19351/allocate_page "HTTP/1.1 200 OK"
2026-04-21 22:40:24,733 - httpx - INFO - HTTP Request: POST http://localhost:19351/allocate_page "HTTP/1.1 200 OK"
2026-04-21 22:40:24,740 - httpx - INFO - HTTP Request: GET http://localhost:19403/heap/unmerged "HTTP/1.1 200 OK"
2026-04-21 22:40:24,835 - httpx - INFO - HTTP Request: GET http://localhost:19426/heap/unmerged "HTTP/1.1 200 OK"
2026-04-21 22:40:25,268 - httpx - INFO - HTTP Request: GET http://localhost:19443/heap/unmerged "HTTP/1.1 200 OK"
2026-04-21 22:40:25,366 - httpx - INFO - HTTP Request: POST http://localhost:19384/heap/append "HTTP/1.1 200 OK"
2026-04-21 22:40:25,367 - httpx - INFO - HTTP Request: POST http://localhost:19426/heap/append "HTTP/1.1 200 OK"
2026-04-21 22:40:25,375 - httpx - INFO - HTTP Request: POST http://localhost:19373/heap/append "HTTP/1.1 200 OK"
2026-04-21 22:40:26,042 - httpx - INFO - HTTP Request: GET http://localhost:19457/heap/unmerged "HTTP/1.1 200 OK"
2026-04-21 22:40:26,365 - httpx - INFO - HTTP Request: POST http://localhost:19351/heap-written "HTTP/1.1 200 OK"
2026-04-21 22:40:26,368 - httpx - INFO - HTTP Request: POST http://localhost:19351/heap-written "HTTP/1.1 200 OK"
2026-04-21 22:40:26,373 - httpx - INFO - HTTP Request: GET http://localhost:19351/task?agent_id=e07b58b0 "HTTP/1.1 200 OK"
2026-04-21 22:40:26,375 - httpx - INFO - HTTP Request: POST http://localhost:19351/heap-written "HTTP/1.1 200 OK"
2026-04-21 22:40:26,381 - httpx - INFO - HTTP Request: GET http://localhost:19351/task?agent_id=b076818a "HTTP/1.1 200 OK"
2026-04-21 22:40:26,385 - httpx - INFO - HTTP Request: POST http://localhost:19351/allocate_page "HTTP/1.1 200 OK"
2026-04-21 22:40:26,390 - httpx - INFO - HTTP Request: POST http://localhost:19351/allocate_page "HTTP/1.1 200 OK"
2026-04-21 22:40:26,390 - httpx - INFO - HTTP Request: GET http://localhost:19466/heap/unmerged "HTTP/1.1 200 OK"
[BFF] 读取PublicMemory (物理路径): /mnt/d/collections2026/phd_application/nanobot1/milestone2/data/public_memory/public_memory.jsonl, top_k=10000
[BFF] 读取PublicMemory完成: 12 条记录
[BFF] 获取Agent c01d46ac 堆段: 0 条
[BFF] 写入PublicMemory (物理路径): /mnt/d/collections2026/phd_application/nanobot1/milestone2/data/public_memory/public_memory.jsonl
[BFF] 原子替换PublicMemory: 16 条记录 -> /mnt/d/collections2026/phd_application/nanobot1/milestone2/data/public_memory/public_memory.jsonl
[BFF] 写入PublicMemory (物理路径): /mnt/d/collections2026/phd_application/nanobot1/milestone2/data/public_memory/public_memory.jsonl
[BFF] 原子替换PublicMemory: 16 条记录 -> /mnt/d/collections2026/phd_application/nanobot1/milestone2/data/public_memory/public_memory.jsonl
[BFF] 写入PublicMemory (物理路径): /mnt/d/collections2026/phd_application/nanobot1/milestone2/data/public_memory/public_memory.jsonl
[BFF] 原子替换PublicMemory: 16 条记录 -> /mnt/d/collections2026/phd_application/nanobot1/milestone2/data/public_memory/public_memory.jsonl
[BFF] 写入PublicMemory (物理路径): /mnt/d/collections2026/phd_application/nanobot1/milestone2/data/public_memory/public_memory.jsonl
[BFF] 原子替换PublicMemory: 16 条记录 -> /mnt/d/collections2026/phd_application/nanobot1/milestone2/data/public_memory/public_memory.jsonl
[BFF] 读取PublicMemory (物理路径): /mnt/d/collections2026/phd_application/nanobot1/milestone2/data/public_memory/public_memory.jsonl, top_k=2
[BFF] 读取PublicMemory完成: 16 条记录
[BFF] 获取Agent 45b1447d 堆段: 1 条
[BFF] 获取Agent b076818a 堆段: 0 条
[BFF] 读取PublicMemory (物理路径): /mnt/d/collections2026/phd_application/nanobot1/milestone2/data/public_memory/public_memory.jsonl, top_k=2
[BFF] 读取PublicMemory完成: 16 条记录
[BFF] 获取Agent 269662a6 堆段: 0 条
[BFF] Consolidator合并完成: {'status': 'ok', 'original_count': 16, 'deduped_count': 16, 'removed_count': 0, 'pages_marked': 4, 'source': 'km_page_table'}
[BFF] Consolidator合并完成: {'status': 'ok', 'original_count': 16, 'deduped_count': 16, 'removed_count': 0, 'pages_marked': 4, 'source': 'km_page_table'}
[BFF] Consolidator合并完成: {'status': 'ok', 'original_count': 16, 'deduped_count': 16, 'removed_count': 0, 'pages_marked': 4, 'source': 'km_page_table'}
[BFF] Consolidator合并完成: {'status': 'ok', 'original_count': 16, 'deduped_count': 16, 'removed_count': 0, 'pages_marked': 4, 'source': 'km_page_table'}
[BFF] all-unmerged 请求正在进行，等待完成...
[BFF] all-unmerged 请求正在进行，等待完成...
[BFF] all-unmerged 请求正在进行，等待完成...
[BFF] 获取Agent 5b0ab4c2 堆段: 0 条
[BFF] all-unmerged 请求正在进行，等待完成...
[BFF] 读取PublicMemory (物理路径): /mnt/d/collections2026/phd_application/nanobot1/milestone2/data/public_memory/public_memory.jsonl, top_k=2
[BFF] 读取PublicMemory完成: 16 条记录
[BFF] 获取Agent 1899dd93 堆段: 0 条
[BFF] 获取Agent 8b461f3d 堆段: 0 条
[BFF] 获取Agent cd956f8c 堆段: 0 条
[BFF] 获取Agent 4f4a09ef 堆段: 0 条
[BFF] 读取PublicMemory (物理路径): /mnt/d/collections2026/phd_application/nanobot1/milestone2/data/public_memory/public_memory.jsonl, top_k=2
[BFF] 读取PublicMemory完成: 16 条记录
[BFF] 获取Agent 3ff882e7 堆段: 0 条
[BFF] 获取Agent 91abe0a0 堆段: 0 条
[BFF] 获取Agent 823eaa27 堆段: 0 条
[BFF] 读取PublicMemory (物理路径): /mnt/d/collections2026/phd_application/nanobot1/milestone2/data/public_memory/public_memory.jsonl, top_k=2
[BFF] 读取PublicMemory完成: 16 条记录
[BFF] 获取Agent f7470fa0 堆段: 0 条
[BFF] 读取PublicMemory (物理路径): /mnt/d/collections2026/phd_application/nanobot1/milestone2/data/public_memory/public_memory.jsonl, top_k=2
[BFF] 读取PublicMemory完成: 16 条记录
[BFF] 获取Agent d620df34 堆段: 0 条
[BFF] 获取Agent 9f005100 堆段: 2 条
[BFF] 获取Agent 221a3768 堆段: 0 条
[BFF] 获取Agent 51f2b8b6 堆段: 0 条
[BFF] all-unmerged 获取完成: 4 条
[BFF] 读取PublicMemory (物理路径): /mnt/d/collections2026/phd_application/nanobot1/milestone2/data/public_memory/public_memory.jsonl, top_k=2
[BFF] 读取PublicMemory完成: 16 条记录
[BFF] 读取PublicMemory (物理路径): /mnt/d/collections2026/phd_application/nanobot1/milestone2/data/public_memory/public_memory.jsonl, top_k=2
[BFF] 读取PublicMemory完成: 16 条记录
[BFF] 读取PublicMemory (物理路径): /mnt/d/collections2026/phd_application/nanobot1/milestone2/data/public_memory/public_memory.jsonl, top_k=2
[BFF] 读取PublicMemory完成: 16 条记录
[BFF] 读取PublicMemory (物理路径): /mnt/d/collections2026/phd_application/nanobot1/milestone2/data/public_memory/public_memory.jsonl, top_k=2
[BFF] 读取PublicMemory完成: 16 条记录
[BFF] 读取PublicMemory (物理路径): /mnt/d/collections2026/phd_application/nanobot1/milestone2/data/public_memory/public_memory.jsonl, top_k=2
[BFF] 读取PublicMemory完成: 16 条记录
[BFF] 读取PublicMemory (物理路径): /mnt/d/collections2026/phd_application/nanobot1/milestone2/data/public_memory/public_memory.jsonl, top_k=2
[BFF] 读取PublicMemory完成: 16 条记录
[BFF] 邻居发现: 所有父子关系已建立
[BFF] all-unmerged 请求正在进行，等待完成...
[BFF] all-unmerged 请求正在进行，等待完成...
[BFF] 读取PublicMemory (物理路径): /mnt/d/collections2026/phd_application/nanobot1/milestone2/data/public_memory/public_memory.jsonl, top_k=2
[BFF] 读取PublicMemory完成: 16 条记录
[BFF] 读取PublicMemory (物理路径): /mnt/d/collections2026/phd_application/nanobot1/milestone2/data/public_memory/public_memory.jsonl, top_k=2
[BFF] 读取PublicMemory完成: 16 条记录
[BFF] 容器不存在 51f2b8b6，清理中...
[BFF] 健康检查: 已清理 1 个无效容器
[BFF] 获取Agent 206fb109 堆段: 0 条
[BFF] 读取PublicMemory (物理路径): /mnt/d/collections2026/phd_application/nanobot1/milestone2/data/public_memory/public_memory.jsonl, top_k=2
[BFF] 读取PublicMemory完成: 16 条记录
[BFF] all-unmerged 请求正在进行，等待完成...
[BFF] 获取Agent 3e473202 堆段: 2 条
[BFF] 读取PublicMemory (物理路径): /mnt/d/collections2026/phd_application/nanobot1/milestone2/data/public_memory/public_memory.jsonl, top_k=2
[BFF] 读取PublicMemory完成: 16 条记录
[BFF] 获取Agent 31877661 堆段: 2 条
[BFF] 读取PublicMemory (物理路径): /mnt/d/collections2026/phd_application/nanobot1/milestone2/data/public_memory/public_memory.jsonl, top_k=2
[BFF] 读取PublicMemory完成: 16 条记录
[BFF] all-unmerged 请求正在进行，等待完成...
[BFF] 获取Agent c01d46ac 堆段: 0 条
[BFF] all-unmerged 请求正在进行，等待完成...
[BFF] 获取Agent 45b1447d 堆段: 0 条
[BFF] 获取Agent b076818a 堆段: 0 条
[BFF] 读取PublicMemory (物理路径): /mnt/d/collections2026/phd_application/nanobot1/milestone2/data/public_memory/public_memory.jsonl, top_k=2
[BFF] 读取PublicMemory完成: 16 条记录
[BFF] 读取PublicMemory (物理路径): /mnt/d/collections2026/phd_application/nanobot1/milestone2/data/public_memory/public_memory.jsonl, top_k=2
[BFF] 读取PublicMemory完成: 16 条记录
[BFF] 获取Agent 269662a6 堆段: 0 条
[BFF] 获取Agent 5b0ab4c2 堆段: 0 条
[BFF] all-unmerged 请求正在进行，等待完成...
[BFF] all-unmerged 请求正在进行，等待完成...
[BFF] 获取Agent 1899dd93 堆段: 2 条
[BFF] 获取Agent 8b461f3d 堆段: 0 条
[BFF] 读取PublicMemory (物理路径): /mnt/d/collections2026/phd_application/nanobot1/milestone2/data/public_memory/public_memory.jsonl, top_k=2
[BFF] 读取PublicMemory完成: 16 条记录
[BFF] 读取PublicMemory (物理路径): /mnt/d/collections2026/phd_application/nanobot1/milestone2/data/public_memory/public_memory.jsonl, top_k=2
[BFF] 读取PublicMemory完成: 16 条记录
[BFF] 获取Agent cd956f8c 堆段: 2 条
[BFF] 获取Agent 4f4a09ef 堆段: 2 条
[BFF] all-unmerged 请求正在进行，等待完成...
[BFF] all-unmerged 请求正在进行，等待完成...
[BFF] all-unmerged 请求正在进行，等待完成...
2026-04-21 22:40:26,498 - httpx - INFO - HTTP Request: GET http://localhost:19486/heap/unmerged "HTTP/1.1 200 OK"
2026-04-21 22:40:27,013 - httpx - INFO - HTTP Request: GET http://localhost:19351/task?agent_id=e07b58b0 "HTTP/1.1 200 OK"
2026-04-21 22:40:27,018 - httpx - INFO - HTTP Request: POST http://localhost:19373/heap/append "HTTP/1.1 200 OK"
2026-04-21 22:40:27,019 - httpx - INFO - HTTP Request: POST http://localhost:19426/heap/append "HTTP/1.1 200 OK"
2026-04-21 22:40:27,024 - httpx - INFO - HTTP Request: GET http://localhost:19494/heap/unmerged "HTTP/1.1 200 OK"
2026-04-21 22:40:27,747 - httpx - INFO - HTTP Request: POST http://localhost:19351/heap-written "HTTP/1.1 200 OK"
2026-04-21 22:40:27,747 - httpx - INFO - HTTP Request: GET http://localhost:19524/heap/unmerged "HTTP/1.1 200 OK"
2026-04-21 22:40:27,748 - httpx - INFO - HTTP Request: POST http://localhost:19351/heap-written "HTTP/1.1 200 OK"
2026-04-21 22:40:27,868 - httpx - INFO - HTTP Request: GET http://localhost:19351/task?agent_id=8b461f3d "HTTP/1.1 200 OK"
2026-04-21 22:40:27,869 - httpx - INFO - HTTP Request: GET http://localhost:19351/task?agent_id=45b1447d "HTTP/1.1 200 OK"
2026-04-21 22:40:28,053 - httpx - INFO - HTTP Request: GET http://localhost:20068/heap/unmerged "HTTP/1.1 200 OK"
2026-04-21 22:40:28,151 - httpx - INFO - HTTP Request: GET http://localhost:19351/task?agent_id=e07b58b0 "HTTP/1.1 200 OK"
2026-04-21 22:40:28,158 - httpx - INFO - HTTP Request: GET http://localhost:20095/heap/unmerged "HTTP/1.1 200 OK"
2026-04-21 22:40:28,267 - httpx - INFO - HTTP Request: GET http://localhost:20116/heap/unmerged "HTTP/1.1 200 OK"
2026-04-21 22:40:28,911 - httpx - INFO - HTTP Request: GET http://localhost:19351/task?agent_id=e07b58b0 "HTTP/1.1 200 OK"
2026-04-21 22:40:29,415 - httpx - INFO - HTTP Request: GET http://localhost:19351/task?agent_id=e07b58b0 "HTTP/1.1 200 OK"
2026-04-21 22:40:29,917 - httpx - INFO - HTTP Request: GET http://localhost:19351/task?agent_id=e07b58b0 "HTTP/1.1 200 OK"
2026-04-21 22:40:30,434 - httpx - INFO - HTTP Request: GET http://localhost:19351/task?agent_id=e07b58b0 "HTTP/1.1 200 OK"
2026-04-21 22:40:31,086 - httpx - INFO - HTTP Request: GET http://localhost:19351/task?agent_id=e07b58b0 "HTTP/1.1 200 OK"
2026-04-21 22:40:31,618 - httpx - INFO - HTTP Request: POST http://localhost:19351/allocate_page "HTTP/1.1 200 OK"
2026-04-21 22:40:31,962 - httpx - INFO - HTTP Request: GET http://localhost:19351/task?agent_id=e07b58b0 "HTTP/1.1 200 OK"
2026-04-21 22:40:31,965 - httpx - INFO - HTTP Request: POST http://localhost:19351/allocate_page "HTTP/1.1 200 OK"
2026-04-21 22:40:31,967 - httpx - INFO - HTTP Request: POST http://localhost:19353/heap/append "HTTP/1.1 200 OK"
2026-04-21 22:40:32,074 - httpx - INFO - HTTP Request: POST http://localhost:19351/heap-written "HTTP/1.1 200 OK"
2026-04-21 22:40:32,644 - httpx - INFO - HTTP Request: POST http://localhost:19351/allocate_page "HTTP/1.1 200 OK"
2026-04-21 22:40:32,645 - httpx - INFO - HTTP Request: POST http://localhost:19351/allocate_page "HTTP/1.1 200 OK"
2026-04-21 22:40:32,651 - httpx - INFO - HTTP Request: POST http://localhost:19351/allocate_page "HTTP/1.1 200 OK"
2026-04-21 22:40:32,652 - httpx - INFO - HTTP Request: POST http://localhost:19387/heap/append "HTTP/1.1 200 OK"
2026-04-21 22:40:33,544 - httpx - INFO - HTTP Request: POST http://localhost:19351/heap-written "HTTP/1.1 200 OK"
2026-04-21 22:40:33,549 - httpx - INFO - HTTP Request: GET http://localhost:19351/task?agent_id=e07b58b0 "HTTP/1.1 200 OK"
2026-04-21 22:40:33,566 - httpx - INFO - HTTP Request: POST http://localhost:19351/allocate_page "HTTP/1.1 200 OK"
2026-04-21 22:40:33,578 - httpx - INFO - HTTP Request: POST http://localhost:19362/heap/append "HTTP/1.1 200 OK"
2026-04-21 22:40:33,582 - httpx - INFO - HTTP Request: POST http://localhost:19353/heap/append "HTTP/1.1 200 OK"
2026-04-21 22:40:33,583 - httpx - INFO - HTTP Request: GET http://localhost:1968/health "HTTP/1.1 200 OK"
2026-04-21 22:40:33,583 - httpx - INFO - HTTP Request: POST http://localhost:20095/heap/append "HTTP/1.1 200 OK"
2026-04-21 22:40:34,551 - httpx - INFO - HTTP Request: POST http://localhost:19351/heap-written "HTTP/1.1 200 OK"
2026-04-21 22:40:34,558 - httpx - INFO - HTTP Request: POST http://localhost:19351/allocate_page "HTTP/1.1 200 OK"
2026-04-21 22:40:34,560 - httpx - INFO - HTTP Request: POST http://localhost:19351/heap-written "HTTP/1.1 200 OK"
2026-04-21 22:40:34,562 - httpx - INFO - HTTP Request: POST http://localhost:19387/heap/append "HTTP/1.1 200 OK"
2026-04-21 22:40:34,659 - httpx - INFO - HTTP Request: POST http://localhost:19351/heap-written "HTTP/1.1 200 OK"
2026-04-21 22:40:34,665 - httpx - INFO - HTTP Request: GET http://localhost:19351/task?agent_id=206fb109 "HTTP/1.1 200 OK"
2026-04-21 22:40:34,670 - httpx - INFO - HTTP Request: POST http://localhost:19351/allocate_page "HTTP/1.1 200 OK"
2026-04-21 22:40:34,671 - httpx - INFO - HTTP Request: GET http://localhost:19351/task?agent_id=e07b58b0 "HTTP/1.1 200 OK"
2026-04-21 22:40:34,973 - httpx - INFO - HTTP Request: GET http://localhost:19351/active_pages "HTTP/1.1 200 OK"
2026-04-21 22:40:34,976 - httpx - INFO - HTTP Request: POST http://localhost:19351/heap-written "HTTP/1.1 200 OK"
2026-04-21 22:40:34,980 - httpx - INFO - HTTP Request: GET http://localhost:19351/task?agent_id=269662a6 "HTTP/1.1 200 OK"
2026-04-21 22:40:35,360 - httpx - INFO - HTTP Request: POST http://localhost:19362/heap/append "HTTP/1.1 200 OK"
2026-04-21 22:40:35,362 - httpx - INFO - HTTP Request: POST http://localhost:19351/allocate_page "HTTP/1.1 200 OK"
2026-04-21 22:40:35,366 - httpx - INFO - HTTP Request: POST http://localhost:20095/heap/append "HTTP/1.1 200 OK"
2026-04-21 22:40:35,563 - httpx - INFO - HTTP Request: POST http://localhost:19351/heap-written "HTTP/1.1 200 OK"
2026-04-21 22:40:35,566 - httpx - INFO - HTTP Request: POST http://localhost:19351/heap-written "HTTP/1.1 200 OK"
2026-04-21 22:40:36,104 - httpx - INFO - HTTP Request: GET http://localhost:19351/task?agent_id=c01d46ac "HTTP/1.1 200 OK"
2026-04-21 22:40:36,108 - httpx - INFO - HTTP Request: GET http://localhost:19351/task?agent_id=9f005100 "HTTP/1.1 200 OK"
2026-04-21 22:40:36,113 - httpx - INFO - HTTP Request: GET http://localhost:19351/task?agent_id=e07b58b0 "HTTP/1.1 200 OK"
2026-04-21 22:40:36,117 - httpx - INFO - HTTP Request: POST http://localhost:19351/allocate_page "HTTP/1.1 200 OK"
2026-04-21 22:40:36,118 - httpx - INFO - HTTP Request: POST http://localhost:20068/heap/append "HTTP/1.1 200 OK"
2026-04-21 22:40:36,243 - httpx - INFO - HTTP Request: POST http://localhost:19351/heap-written "HTTP/1.1 200 OK"
2026-04-21 22:40:36,345 - httpx - INFO - HTTP Request: POST http://localhost:19351/mark_pages_merged "HTTP/1.1 200 OK"
2026-04-21 22:40:38,839 - httpx - INFO - HTTP Request: POST http://localhost:20095/heap/mark-merged "HTTP/1.1 200 OK"
2026-04-21 22:40:38,867 - httpx - INFO - HTTP Request: POST http://localhost:19351/allocate_page "HTTP/1.1 200 OK"
2026-04-21 22:40:38,868 - httpx - INFO - HTTP Request: POST http://localhost:19351/allocate_page "HTTP/1.1 200 OK"
2026-04-21 22:40:38,869 - httpx - INFO - HTTP Request: POST http://localhost:19362/heap/mark-merged "HTTP/1.1 200 OK"
2026-04-21 22:40:38,869 - httpx - INFO - HTTP Request: POST http://localhost:19403/heap/mark-merged "HTTP/1.1 200 OK"
2026-04-21 22:40:38,870 - httpx - INFO - HTTP Request: POST http://localhost:19357/heap/mark-merged "HTTP/1.1 200 OK"
2026-04-21 22:40:38,871 - httpx - INFO - HTTP Request: POST http://localhost:19387/heap/mark-merged "HTTP/1.1 200 OK"
2026-04-21 22:40:38,871 - httpx - INFO - HTTP Request: POST http://localhost:20068/heap/mark-merged "HTTP/1.1 200 OK"
2026-04-21 22:40:38,872 - httpx - INFO - HTTP Request: POST http://localhost:19443/heap/mark-merged "HTTP/1.1 200 OK"
2026-04-21 22:40:38,873 - httpx - INFO - HTTP Request: POST http://localhost:19457/heap/mark-merged "HTTP/1.1 200 OK"
2026-04-21 22:40:38,874 - httpx - INFO - HTTP Request: POST http://localhost:19486/heap/append "HTTP/1.1 200 OK"
2026-04-21 22:40:38,874 - httpx - INFO - HTTP Request: POST http://localhost:19353/heap/mark-merged "HTTP/1.1 200 OK"
2026-04-21 22:40:38,875 - httpx - INFO - HTTP Request: POST http://localhost:19373/heap/mark-merged "HTTP/1.1 200 OK"
2026-04-21 22:40:38,876 - httpx - INFO - HTTP Request: POST http://localhost:19356/heap/mark-merged "HTTP/1.1 200 OK"
2026-04-21 22:40:38,876 - httpx - INFO - HTTP Request: POST http://localhost:19494/heap/mark-merged "HTTP/1.1 200 OK"
2026-04-21 22:40:38,876 - httpx - INFO - HTTP Request: POST http://localhost:19426/heap/mark-merged "HTTP/1.1 200 OK"
2026-04-21 22:40:38,877 - httpx - INFO - HTTP Request: POST http://localhost:19524/heap/mark-merged "HTTP/1.1 200 OK"
2026-04-21 22:40:38,877 - httpx - INFO - HTTP Request: POST http://localhost:19384/heap/mark-merged "HTTP/1.1 200 OK"
2026-04-21 22:40:38,905 - httpx - INFO - HTTP Request: GET http://localhost:19351/task?agent_id=e07b58b0 "HTTP/1.1 200 OK"
2026-04-21 22:40:39,006 - httpx - INFO - HTTP Request: POST http://localhost:1968/execute_merge "HTTP/1.1 200 OK"
2026-04-21 22:40:39,439 - httpx - INFO - HTTP Request: POST http://localhost:19351/heap-written "HTTP/1.1 200 OK"
2026-04-21 22:40:39,446 - httpx - INFO - HTTP Request: POST http://localhost:19351/allocate_page "HTTP/1.1 200 OK"
2026-04-21 22:40:39,450 - httpx - INFO - HTTP Request: GET http://localhost:19353/heap/unmerged "HTTP/1.1 200 OK"
2026-04-21 22:40:39,549 - httpx - INFO - HTTP Request: POST http://localhost:20116/heap/append "HTTP/1.1 200 OK"
2026-04-21 22:40:39,555 - httpx - INFO - HTTP Request: POST http://localhost:20068/heap/append "HTTP/1.1 200 OK"
2026-04-21 22:40:40,342 - httpx - INFO - HTTP Request: GET http://localhost:19356/heap/unmerged "HTTP/1.1 200 OK"
2026-04-21 22:40:40,475 - httpx - INFO - HTTP Request: POST http://localhost:19351/heap-written "HTTP/1.1 200 OK"
2026-04-21 22:40:40,476 - httpx - INFO - HTTP Request: POST http://localhost:19486/heap/append "HTTP/1.1 200 OK"
2026-04-21 22:40:40,702 - httpx - INFO - HTTP Request: GET http://localhost:19351/task?agent_id=e07b58b0 "HTTP/1.1 200 OK"
2026-04-21 22:40:40,705 - httpx - INFO - HTTP Request: POST http://localhost:19351/heap-written "HTTP/1.1 200 OK"
2026-04-21 22:40:40,706 - httpx - INFO - HTTP Request: POST http://localhost:19351/allocate_page "HTTP/1.1 200 OK"
2026-04-21 22:40:40,803 - httpx - INFO - HTTP Request: GET http://localhost:19351/task?agent_id=d620df34 "HTTP/1.1 200 OK"
2026-04-21 22:40:40,807 - httpx - INFO - HTTP Request: GET http://localhost:19357/heap/unmerged "HTTP/1.1 200 OK"
2026-04-21 22:40:41,073 - httpx - INFO - HTTP Request: GET http://localhost:19351/active_pages "HTTP/1.1 200 OK"
2026-04-21 22:40:41,077 - httpx - INFO - HTTP Request: POST http://localhost:19351/heap-written "HTTP/1.1 200 OK"
2026-04-21 22:40:41,093 - httpx - INFO - HTTP Request: GET http://localhost:19351/task?agent_id=91abe0a0 "HTTP/1.1 200 OK"
2026-04-21 22:40:41,098 - httpx - INFO - HTTP Request: GET http://localhost:19362/heap/unmerged "HTTP/1.1 200 OK"
2026-04-21 22:40:41,237 - httpx - INFO - HTTP Request: GET http://localhost:19373/heap/unmerged "HTTP/1.1 200 OK"
2026-04-21 22:40:41,655 - httpx - INFO - HTTP Request: POST http://localhost:20116/heap/append "HTTP/1.1 200 OK"
2026-04-21 22:40:41,656 - httpx - INFO - HTTP Request: POST http://localhost:19351/allocate_page "HTTP/1.1 200 OK"
2026-04-21 22:40:41,661 - httpx - INFO - HTTP Request: POST http://localhost:19351/mark_pages_merged "HTTP/1.1 200 OK"
2026-04-21 22:40:41,662 - httpx - INFO - HTTP Request: GET http://localhost:19384/heap/unmerged "HTTP/1.1 200 OK"
2026-04-21 22:40:42,843 - httpx - INFO - HTTP Request: POST http://localhost:19351/heap-written "HTTP/1.1 200 OK"
2026-04-21 22:40:42,848 - httpx - INFO - HTTP Request: POST http://localhost:19351/allocate_page "HTTP/1.1 200 OK"
2026-04-21 22:40:42,853 - httpx - INFO - HTTP Request: GET http://localhost:19351/task?agent_id=e07b58b0 "HTTP/1.1 200 OK"
2026-04-21 22:40:42,854 - httpx - INFO - HTTP Request: POST http://localhost:19351/allocate_page "HTTP/1.1 200 OK"
2026-04-21 22:40:42,860 - httpx - INFO - HTTP Request: GET http://localhost:19387/heap/unmerged "HTTP/1.1 200 OK"
2026-04-21 22:40:42,861 - httpx - INFO - HTTP Request: GET http://localhost:19351/task?agent_id=221a3768 "HTTP/1.1 200 OK"
2026-04-21 22:40:42,862 - httpx - INFO - HTTP Request: POST http://localhost:19524/heap/append "HTTP/1.1 200 OK"
2026-04-21 22:40:42,862 - httpx - INFO - HTTP Request: POST http://localhost:19351/allocate_page "HTTP/1.1 200 OK"
2026-04-21 22:40:42,863 - httpx - INFO - HTTP Request: POST http://localhost:19486/heap/mark-merged "HTTP/1.1 200 OK"
2026-04-21 22:40:42,863 - httpx - INFO - HTTP Request: POST http://localhost:20068/heap/mark-merged "HTTP/1.1 200 OK"
2026-04-21 22:40:42,864 - httpx - INFO - HTTP Request: POST http://localhost:20116/heap/mark-merged "HTTP/1.1 200 OK"
2026-04-21 22:40:43,067 - httpx - INFO - HTTP Request: POST http://localhost:1968/execute_merge "HTTP/1.1 200 OK"
2026-04-21 22:40:43,409 - httpx - INFO - HTTP Request: GET http://localhost:19398/heap/unmerged "HTTP/1.1 200 OK"
2026-04-21 22:40:43,773 - httpx - INFO - HTTP Request: POST http://localhost:19351/heap-written "HTTP/1.1 200 OK"
2026-04-21 22:40:43,782 - httpx - INFO - HTTP Request: POST http://localhost:19356/heap/append "HTTP/1.1 200 OK"
2026-04-21 22:40:44,275 - httpx - INFO - HTTP Request: POST http://localhost:19351/allocate_page "HTTP/1.1 200 OK"
2026-04-21 22:40:44,276 - httpx - INFO - HTTP Request: POST http://localhost:19457/heap/append "HTTP/1.1 200 OK"
2026-04-21 22:40:44,287 - httpx - INFO - HTTP Request: POST http://localhost:19351/allocate_page "HTTP/1.1 200 OK"
2026-04-21 22:40:44,706 - httpx - INFO - HTTP Request: GET http://localhost:19403/heap/unmerged "HTTP/1.1 200 OK"
2026-04-21 22:40:44,706 - httpx - INFO - HTTP Request: POST http://localhost:19466/heap/append "HTTP/1.1 200 OK"
2026-04-21 22:40:44,851 - httpx - INFO - HTTP Request: GET http://localhost:19351/task?agent_id=e07b58b0 "HTTP/1.1 200 OK"
2026-04-21 22:40:45,154 - httpx - INFO - HTTP Request: POST http://localhost:19351/heap-written "HTTP/1.1 200 OK"
2026-04-21 22:40:45,518 - httpx - INFO - HTTP Request: POST http://localhost:19351/allocate_page "HTTP/1.1 200 OK"
2026-04-21 22:40:45,526 - httpx - INFO - HTTP Request: POST http://localhost:19351/heap-written "HTTP/1.1 200 OK"
2026-04-21 22:40:45,526 - httpx - INFO - HTTP Request: POST http://localhost:19351/allocate_page "HTTP/1.1 200 OK"
2026-04-21 22:40:45,527 - httpx - INFO - HTTP Request: POST http://localhost:19351/allocate_page "HTTP/1.1 200 OK"
2026-04-21 22:40:45,572 - httpx - INFO - HTTP Request: GET http://localhost:19426/heap/unmerged "HTTP/1.1 200 OK"
2026-04-21 22:40:45,688 - httpx - INFO - HTTP Request: POST http://localhost:19351/heap-written "HTTP/1.1 200 OK"
2026-04-21 22:40:45,689 - httpx - INFO - HTTP Request: POST http://localhost:19351/allocate_page "HTTP/1.1 200 OK"
2026-04-21 22:40:45,689 - httpx - INFO - HTTP Request: POST http://localhost:19524/heap/append "HTTP/1.1 200 OK"
2026-04-21 22:40:45,704 - httpx - INFO - HTTP Request: POST http://localhost:19351/allocate_page "HTTP/1.1 200 OK"
2026-04-21 22:40:45,706 - httpx - INFO - HTTP Request: POST http://localhost:19351/allocate_page "HTTP/1.1 200 OK"
2026-04-21 22:40:45,707 - httpx - INFO - HTTP Request: POST http://localhost:19494/heap/append "HTTP/1.1 200 OK"
2026-04-21 22:40:46,459 - httpx - INFO - HTTP Request: GET http://localhost:19443/heap/unmerged "HTTP/1.1 200 OK"
2026-04-21 22:40:47,008 - httpx - INFO - HTTP Request: POST http://localhost:19351/heap-written "HTTP/1.1 200 OK"
2026-04-21 22:40:47,015 - httpx - INFO - HTTP Request: POST http://localhost:19351/heap-written "HTTP/1.1 200 OK"
2026-04-21 22:40:47,016 - httpx - INFO - HTTP Request: POST http://localhost:19443/heap/append "HTTP/1.1 200 OK"
2026-04-21 22:40:47,025 - httpx - INFO - HTTP Request: GET http://localhost:19351/task?agent_id=f7470fa0 "HTTP/1.1 200 OK"
2026-04-21 22:40:47,027 - httpx - INFO - HTTP Request: POST http://localhost:19398/heap/append "HTTP/1.1 200 OK"
2026-04-21 22:40:47,135 - httpx - INFO - HTTP Request: POST http://localhost:19457/heap/append "HTTP/1.1 200 OK"
2026-04-21 22:40:47,136 - httpx - INFO - HTTP Request: POST http://localhost:19356/heap/append "HTTP/1.1 200 OK"
2026-04-21 22:40:47,142 - httpx - INFO - HTTP Request: GET http://localhost:19457/heap/unmerged "HTTP/1.1 200 OK"
2026-04-21 22:40:47,247 - httpx - INFO - HTTP Request: GET http://localhost:19351/task?agent_id=e07b58b0 "HTTP/1.1 200 OK"
2026-04-21 22:40:47,248 - httpx - INFO - HTTP Request: POST http://localhost:19351/allocate_page "HTTP/1.1 200 OK"
2026-04-21 22:40:47,249 - httpx - INFO - HTTP Request: POST http://localhost:19466/heap/append "HTTP/1.1 200 OK"
2026-04-21 22:40:47,249 - httpx - INFO - HTTP Request: POST http://localhost:19373/heap/append "HTTP/1.1 200 OK"
[BFF] 获取Agent 3ff882e7 堆段: 0 条
[BFF] 获取Agent 91abe0a0 堆段: 0 条
[BFF] 读取PublicMemory (物理路径): /mnt/d/collections2026/phd_application/nanobot1/milestone2/data/public_memory/public_memory.jsonl, top_k=2
[BFF] 读取PublicMemory完成: 16 条记录
[BFF] 读取PublicMemory (物理路径): /mnt/d/collections2026/phd_application/nanobot1/milestone2/data/public_memory/public_memory.jsonl, top_k=2
[BFF] 读取PublicMemory完成: 16 条记录
[BFF] 获取Agent 823eaa27 堆段: 2 条
[BFF] 读取PublicMemory (物理路径): /mnt/d/collections2026/phd_application/nanobot1/milestone2/data/public_memory/public_memory.jsonl, top_k=2
[BFF] 读取PublicMemory完成: 16 条记录
[BFF] 获取Agent f7470fa0 堆段: 2 条
[BFF] all-unmerged 请求正在进行，等待完成...
[BFF] all-unmerged 请求正在进行，等待完成...
[BFF] 读取PublicMemory (物理路径): /mnt/d/collections2026/phd_application/nanobot1/milestone2/data/public_memory/public_memory.jsonl, top_k=2
[BFF] 读取PublicMemory完成: 16 条记录
[BFF] 读取PublicMemory (物理路径): /mnt/d/collections2026/phd_application/nanobot1/milestone2/data/public_memory/public_memory.jsonl, top_k=2
[BFF] 读取PublicMemory完成: 16 条记录
[BFF] 获取Agent d620df34 堆段: 2 条
[BFF] 获取Agent 9f005100 堆段: 2 条
[BFF] 读取PublicMemory (物理路径): /mnt/d/collections2026/phd_application/nanobot1/milestone2/data/public_memory/public_memory.jsonl, top_k=2
[BFF] 读取PublicMemory完成: 16 条记录
[BFF] 获取Agent 221a3768 堆段: 0 条
[BFF] all-unmerged 获取完成: 18 条
[BFF] 创建Consolidator容器...
[BFF] 读取PublicMemory (物理路径): /mnt/d/collections2026/phd_application/nanobot1/milestone2/data/public_memory/public_memory.jsonl, top_k=2
[BFF] 读取PublicMemory完成: 16 条记录
[BFF] 读取PublicMemory (物理路径): /mnt/d/collections2026/phd_application/nanobot1/milestone2/data/public_memory/public_memory.jsonl, top_k=2
[BFF] 读取PublicMemory完成: 16 条记录
[BFF] 读取PublicMemory (物理路径): /mnt/d/collections2026/phd_application/nanobot1/milestone2/data/public_memory/public_memory.jsonl, top_k=2
[BFF] 读取PublicMemory完成: 16 条记录
[BFF] 读取PublicMemory (物理路径): /mnt/d/collections2026/phd_application/nanobot1/milestone2/data/public_memory/public_memory.jsonl, top_k=2
[BFF] 读取PublicMemory完成: 16 条记录
[BFF] 读取PublicMemory (物理路径): /mnt/d/collections2026/phd_application/nanobot1/milestone2/data/public_memory/public_memory.jsonl, top_k=2
[BFF] 读取PublicMemory完成: 16 条记录
[BFF] 读取PublicMemory (物理路径): /mnt/d/collections2026/phd_application/nanobot1/milestone2/data/public_memory/public_memory.jsonl, top_k=2
[BFF] 读取PublicMemory完成: 16 条记录
[Orchestrator] Container consolidator_e63f6a87 is ready
[Orchestrator] Created container consolidator_e63f6a87
[BFF] Consolidator容器已创建: e63f6a87
[BFF] Consolidator容器已创建: e63f6a87
[BFF] Consolidator容器已创建: e63f6a87
[BFF] 转发合并请求到Consolidator: http://localhost:1968/execute_merge
[BFF] 读取PublicMemory (物理路径): /mnt/d/collections2026/phd_application/nanobot1/milestone2/data/public_memory/public_memory.jsonl, top_k=2
[BFF] 读取PublicMemory完成: 16 条记录
[BFF] 读取PublicMemory (物理路径): /mnt/d/collections2026/phd_application/nanobot1/milestone2/data/public_memory/public_memory.jsonl, top_k=10000
[BFF] 读取PublicMemory完成: 16 条记录
[BFF] 读取PublicMemory (物理路径): /mnt/d/collections2026/phd_application/nanobot1/milestone2/data/public_memory/public_memory.jsonl, top_k=2
[BFF] 读取PublicMemory完成: 16 条记录
[BFF] 读取PublicMemory (物理路径): /mnt/d/collections2026/phd_application/nanobot1/milestone2/data/public_memory/public_memory.jsonl, top_k=2
[BFF] 读取PublicMemory完成: 16 条记录
[BFF] 读取PublicMemory (物理路径): /mnt/d/collections2026/phd_application/nanobot1/milestone2/data/public_memory/public_memory.jsonl, top_k=2
[BFF] 读取PublicMemory完成: 16 条记录
[BFF] 写入PublicMemory (物理路径): /mnt/d/collections2026/phd_application/nanobot1/milestone2/data/public_memory/public_memory.jsonl
[BFF] 原子替换PublicMemory: 47 条记录 -> /mnt/d/collections2026/phd_application/nanobot1/milestone2/data/public_memory/public_memory.jsonl
[BFF] 读取PublicMemory (物理路径): /mnt/d/collections2026/phd_application/nanobot1/milestone2/data/public_memory/public_memory.jsonl, top_k=2
[BFF] 读取PublicMemory完成: 47 条记录
[BFF] 读取PublicMemory (物理路径): /mnt/d/collections2026/phd_application/nanobot1/milestone2/data/public_memory/public_memory.jsonl, top_k=2
[BFF] 读取PublicMemory完成: 47 条记录
[BFF] 读取PublicMemory (物理路径): /mnt/d/collections2026/phd_application/nanobot1/milestone2/data/public_memory/public_memory.jsonl, top_k=2
[BFF] 读取PublicMemory完成: 47 条记录
[BFF] Consolidator合并完成: {'status': 'ok', 'original_count': 48, 'deduped_count': 47, 'removed_count': 1, 'pages_marked': 32, 'source': 'km_page_table'}
[BFF] 读取PublicMemory (物理路径): /mnt/d/collections2026/phd_application/nanobot1/milestone2/data/public_memory/public_memory.jsonl, top_k=2
[BFF] 读取PublicMemory完成: 47 条记录
[BFF] all-unmerged 请求正在进行，等待完成...
[BFF] 获取Agent 206fb109 堆段: 0 条
[BFF] Consolidator容器已存在: e63f6a87
[BFF] 转发合并请求到Consolidator: http://localhost:1968/execute_merge
[BFF] 获取Agent 3e473202 堆段: 0 条
[BFF] 获取Agent 31877661 堆段: 0 条
[BFF] 读取PublicMemory (物理路径): /mnt/d/collections2026/phd_application/nanobot1/milestone2/data/public_memory/public_memory.jsonl, top_k=10000
[BFF] 读取PublicMemory完成: 47 条记录
[BFF] 获取Agent c01d46ac 堆段: 0 条
[BFF] 写入PublicMemory (物理路径): /mnt/d/collections2026/phd_application/nanobot1/milestone2/data/public_memory/public_memory.jsonl
[BFF] 原子替换PublicMemory: 51 条记录 -> /mnt/d/collections2026/phd_application/nanobot1/milestone2/data/public_memory/public_memory.jsonl
[BFF] 获取Agent 45b1447d 堆段: 0 条
[BFF] 读取PublicMemory (物理路径): /mnt/d/collections2026/phd_application/nanobot1/milestone2/data/public_memory/public_memory.jsonl, top_k=2
[BFF] 读取PublicMemory完成: 51 条记录
[BFF] 读取PublicMemory (物理路径): /mnt/d/collections2026/phd_application/nanobot1/milestone2/data/public_memory/public_memory.jsonl, top_k=2
[BFF] 读取PublicMemory完成: 51 条记录
[BFF] 读取PublicMemory (物理路径): /mnt/d/collections2026/phd_application/nanobot1/milestone2/data/public_memory/public_memory.jsonl, top_k=2
[BFF] 读取PublicMemory完成: 51 条记录
[BFF] 获取Agent b076818a 堆段: 0 条
[BFF] 获取Agent 269662a6 堆段: 0 条
[BFF] Consolidator合并完成: {'status': 'ok', 'original_count': 53, 'deduped_count': 51, 'removed_count': 2, 'pages_marked': 6, 'source': 'km_page_table'}
[BFF] all-unmerged 请求正在进行，等待完成...
[BFF] 读取PublicMemory (物理路径): /mnt/d/collections2026/phd_application/nanobot1/milestone2/data/public_memory/public_memory.jsonl, top_k=2
[BFF] 读取PublicMemory完成: 51 条记录
[BFF] 获取Agent 5b0ab4c2 堆段: 0 条
[BFF] 读取PublicMemory (物理路径): /mnt/d/collections2026/phd_application/nanobot1/milestone2/data/public_memory/public_memory.jsonl, top_k=2
[BFF] 读取PublicMemory完成: 51 条记录
[BFF] 获取Agent 1899dd93 堆段: 0 条
[BFF] 读取PublicMemory (物理路径): /mnt/d/collections2026/phd_application/nanobot1/milestone2/data/public_memory/public_memory.jsonl, top_k=2
[BFF] 读取PublicMemory完成: 51 条记录
[BFF] 获取Agent 8b461f3d 堆段: 0 条
[BFF] 获取Agent cd956f8c 堆段: 0 条
[BFF] 获取Agent 4f4a09ef 堆段: 2 条
[BFF] all-unmerged 请求正在进行，等待完成...
[BFF] 读取PublicMemory (物理路径): /mnt/d/collections2026/phd_application/nanobot1/milestone2/data/public_memory/public_memory.jsonl, top_k=2
[BFF] 读取PublicMemory完成: 51 条记录
[BFF] Consolidator容器已存在: e63f6a87
[BFF] 转发合并请求到Consolidator: http://localhost:1968/execute_merge
2026-04-21 22:40:48,832 - httpx - INFO - HTTP Request: POST http://localhost:19351/heap-written "HTTP/1.1 200 OK"
2026-04-21 22:40:48,846 - httpx - INFO - HTTP Request: GET http://localhost:19466/heap/unmerged "HTTP/1.1 200 OK"
2026-04-21 22:40:48,956 - httpx - INFO - HTTP Request: POST http://localhost:19351/heap-written "HTTP/1.1 200 OK"
2026-04-21 22:40:49,057 - httpx - INFO - HTTP Request: POST http://localhost:19351/heap-written "HTTP/1.1 200 OK"
2026-04-21 22:40:49,058 - httpx - INFO - HTTP Request: POST http://localhost:19351/allocate_page "HTTP/1.1 200 OK"
2026-04-21 22:40:49,059 - httpx - INFO - HTTP Request: POST http://localhost:19351/heap-written "HTTP/1.1 200 OK"
2026-04-21 22:40:49,069 - httpx - INFO - HTTP Request: GET http://localhost:19351/task?agent_id=3e473202 "HTTP/1.1 200 OK"
2026-04-21 22:40:49,070 - httpx - INFO - HTTP Request: GET http://localhost:19351/task?agent_id=4f4a09ef "HTTP/1.1 200 OK"
2026-04-21 22:40:49,072 - httpx - INFO - HTTP Request: POST http://localhost:19351/heap-written "HTTP/1.1 200 OK"
2026-04-21 22:40:49,073 - httpx - INFO - HTTP Request: POST http://localhost:19351/heap-written "HTTP/1.1 200 OK"
2026-04-21 22:40:49,073 - httpx - INFO - HTTP Request: POST http://localhost:19351/allocate_page "HTTP/1.1 200 OK"
2026-04-21 22:40:49,074 - httpx - INFO - HTTP Request: POST http://localhost:19351/allocate_page "HTTP/1.1 200 OK"
2026-04-21 22:40:49,092 - httpx - INFO - HTTP Request: GET http://localhost:19351/task?agent_id=3ff882e7 "HTTP/1.1 200 OK"
2026-04-21 22:40:49,094 - httpx - INFO - HTTP Request: POST http://localhost:19351/allocate_page "HTTP/1.1 200 OK"
2026-04-21 22:40:49,095 - httpx - INFO - HTTP Request: POST http://localhost:19494/heap/append "HTTP/1.1 200 OK"
2026-04-21 22:40:49,203 - httpx - INFO - HTTP Request: GET http://localhost:19351/task?agent_id=e07b58b0 "HTTP/1.1 200 OK"
2026-04-21 22:40:49,347 - httpx - INFO - HTTP Request: GET http://localhost:19486/heap/unmerged "HTTP/1.1 200 OK"
2026-04-21 22:40:49,690 - httpx - INFO - HTTP Request: GET http://localhost:19351/active_pages "HTTP/1.1 200 OK"
2026-04-21 22:40:49,840 - httpx - INFO - HTTP Request: POST http://localhost:19351/heap-written "HTTP/1.1 200 OK"
2026-04-21 22:40:50,479 - httpx - INFO - HTTP Request: GET http://localhost:19494/heap/unmerged "HTTP/1.1 200 OK"
2026-04-21 22:40:50,875 - httpx - INFO - HTTP Request: POST http://localhost:19398/heap/append "HTTP/1.1 200 OK"
2026-04-21 22:40:50,994 - httpx - INFO - HTTP Request: POST http://localhost:19443/heap/append "HTTP/1.1 200 OK"
2026-04-21 22:40:51,035 - httpx - INFO - HTTP Request: GET http://localhost:19351/task?agent_id=823eaa27 "HTTP/1.1 200 OK"
2026-04-21 22:40:51,039 - httpx - INFO - HTTP Request: POST http://localhost:19373/heap/append "HTTP/1.1 200 OK"
2026-04-21 22:40:51,040 - httpx - INFO - HTTP Request: POST http://localhost:19357/heap/append "HTTP/1.1 200 OK"
2026-04-21 22:40:51,047 - httpx - INFO - HTTP Request: POST http://localhost:19351/allocate_page "HTTP/1.1 200 OK"
2026-04-21 22:40:51,152 - httpx - INFO - HTTP Request: GET http://localhost:19524/heap/unmerged "HTTP/1.1 200 OK"
2026-04-21 22:40:51,633 - httpx - INFO - HTTP Request: GET http://localhost:19351/task?agent_id=e07b58b0 "HTTP/1.1 200 OK"
2026-04-21 22:40:51,730 - httpx - INFO - HTTP Request: POST http://localhost:19351/mark_pages_merged "HTTP/1.1 200 OK"
2026-04-21 22:40:51,833 - httpx - INFO - HTTP Request: POST http://localhost:19351/heap-written "HTTP/1.1 200 OK"
2026-04-21 22:40:53,103 - httpx - INFO - HTTP Request: POST http://localhost:19351/heap-written "HTTP/1.1 200 OK"
2026-04-21 22:40:53,104 - httpx - INFO - HTTP Request: GET http://localhost:19351/task?agent_id=5b0ab4c2 "HTTP/1.1 200 OK"
2026-04-21 22:40:53,107 - httpx - INFO - HTTP Request: POST http://localhost:19351/heap-written "HTTP/1.1 200 OK"
2026-04-21 22:40:53,120 - httpx - INFO - HTTP Request: POST http://localhost:19351/heap-written "HTTP/1.1 200 OK"
2026-04-21 22:40:53,121 - httpx - INFO - HTTP Request: GET http://localhost:20068/heap/unmerged "HTTP/1.1 200 OK"
2026-04-21 22:40:53,226 - httpx - INFO - HTTP Request: GET http://localhost:19351/task?agent_id=cd956f8c "HTTP/1.1 200 OK"
2026-04-21 22:40:53,227 - httpx - INFO - HTTP Request: POST http://localhost:19384/heap/append "HTTP/1.1 200 OK"
2026-04-21 22:40:53,232 - httpx - INFO - HTTP Request: GET http://localhost:19351/task?agent_id=45b1447d "HTTP/1.1 200 OK"
2026-04-21 22:40:53,236 - httpx - INFO - HTTP Request: POST http://localhost:19351/allocate_page "HTTP/1.1 200 OK"
2026-04-21 22:40:53,247 - httpx - INFO - HTTP Request: POST http://localhost:19351/allocate_page "HTTP/1.1 200 OK"
2026-04-21 22:40:53,248 - httpx - INFO - HTTP Request: POST http://localhost:19524/heap/mark-merged "HTTP/1.1 200 OK"
2026-04-21 22:40:53,259 - httpx - INFO - HTTP Request: POST http://localhost:19398/heap/mark-merged "HTTP/1.1 200 OK"
2026-04-21 22:40:53,260 - httpx - INFO - HTTP Request: POST http://localhost:19466/heap/mark-merged "HTTP/1.1 200 OK"
2026-04-21 22:40:53,261 - httpx - INFO - HTTP Request: POST http://localhost:19443/heap/mark-merged "HTTP/1.1 200 OK"
2026-04-21 22:40:53,261 - httpx - INFO - HTTP Request: POST http://localhost:19356/heap/mark-merged "HTTP/1.1 200 OK"
2026-04-21 22:40:53,262 - httpx - INFO - HTTP Request: POST http://localhost:19357/heap/mark-merged "HTTP/1.1 200 OK"
2026-04-21 22:40:53,262 - httpx - INFO - HTTP Request: POST http://localhost:19494/heap/mark-merged "HTTP/1.1 200 OK"
2026-04-21 22:40:53,263 - httpx - INFO - HTTP Request: POST http://localhost:19457/heap/mark-merged "HTTP/1.1 200 OK"
2026-04-21 22:40:53,263 - httpx - INFO - HTTP Request: POST http://localhost:19373/heap/mark-merged "HTTP/1.1 200 OK"
2026-04-21 22:40:53,369 - httpx - INFO - HTTP Request: GET http://localhost:20095/heap/unmerged "HTTP/1.1 200 OK"
2026-04-21 22:40:53,461 - httpx - INFO - HTTP Request: POST http://localhost:1968/execute_merge "HTTP/1.1 200 OK"
2026-04-21 22:40:53,467 - httpx - INFO - HTTP Request: POST http://localhost:19351/heap-written "HTTP/1.1 200 OK"
2026-04-21 22:40:53,471 - httpx - INFO - HTTP Request: GET http://localhost:20116/heap/unmerged "HTTP/1.1 200 OK"
2026-04-21 22:40:54,142 - httpx - INFO - HTTP Request: GET http://localhost:1968/heap/unmerged "HTTP/1.1 200 OK"
2026-04-21 22:40:54,146 - httpx - INFO - HTTP Request: POST http://localhost:19351/allocate_page "HTTP/1.1 200 OK"
2026-04-21 22:40:54,149 - httpx - INFO - HTTP Request: POST http://localhost:19351/allocate_page "HTTP/1.1 200 OK"
2026-04-21 22:40:54,154 - httpx - INFO - HTTP Request: GET http://localhost:19351/task?agent_id=e07b58b0 "HTTP/1.1 200 OK"
2026-04-21 22:40:54,166 - httpx - INFO - HTTP Request: POST http://localhost:19403/heap/append "HTTP/1.1 200 OK"
2026-04-21 22:40:54,168 - httpx - INFO - HTTP Request: POST http://localhost:19357/heap/append "HTTP/1.1 200 OK"
2026-04-21 22:40:55,120 - httpx - INFO - HTTP Request: POST http://localhost:19351/heap-written "HTTP/1.1 200 OK"
2026-04-21 22:40:55,121 - httpx - INFO - HTTP Request: POST http://localhost:19351/heap-written "HTTP/1.1 200 OK"
2026-04-21 22:40:55,129 - httpx - INFO - HTTP Request: POST http://localhost:19384/heap/append "HTTP/1.1 200 OK"
2026-04-21 22:40:55,130 - httpx - INFO - HTTP Request: POST http://localhost:19426/heap/append "HTTP/1.1 200 OK"
2026-04-21 22:40:55,171 - httpx - INFO - HTTP Request: GET http://localhost:19351/task?agent_id=31877661 "HTTP/1.1 200 OK"
2026-04-21 22:40:55,370 - httpx - INFO - HTTP Request: POST http://localhost:19351/allocate_page "HTTP/1.1 200 OK"
2026-04-21 22:40:55,374 - httpx - INFO - HTTP Request: GET http://localhost:19351/task?agent_id=e07b58b0 "HTTP/1.1 200 OK"
2026-04-21 22:40:55,446 - httpx - INFO - HTTP Request: POST http://localhost:19351/heap-written "HTTP/1.1 200 OK"
2026-04-21 22:40:55,448 - httpx - INFO - HTTP Request: POST http://localhost:19351/heap-written "HTTP/1.1 200 OK"
2026-04-21 22:40:56,017 - httpx - INFO - HTTP Request: POST http://localhost:19351/allocate_page "HTTP/1.1 200 OK"
2026-04-21 22:40:56,020 - httpx - INFO - HTTP Request: POST http://localhost:19351/allocate_page "HTTP/1.1 200 OK"
2026-04-21 22:40:56,021 - httpx - INFO - HTTP Request: GET http://localhost:19351/task?agent_id=b076818a "HTTP/1.1 200 OK"
2026-04-21 22:40:56,022 - httpx - INFO - HTTP Request: POST http://localhost:19403/heap/append "HTTP/1.1 200 OK"
2026-04-21 22:40:56,160 - httpx - INFO - HTTP Request: POST http://localhost:19351/heap-written "HTTP/1.1 200 OK"
2026-04-21 22:40:56,771 - httpx - INFO - HTTP Request: GET http://localhost:19351/task?agent_id=1899dd93 "HTTP/1.1 200 OK"
2026-04-21 22:40:56,777 - httpx - INFO - HTTP Request: GET http://localhost:19351/task?agent_id=e07b58b0 "HTTP/1.1 200 OK"
2026-04-21 22:40:56,785 - httpx - INFO - HTTP Request: POST http://localhost:19426/heap/append "HTTP/1.1 200 OK"
2026-04-21 22:40:56,786 - httpx - INFO - HTTP Request: POST http://localhost:20095/heap/append "HTTP/1.1 200 OK"
2026-04-21 22:40:57,023 - httpx - INFO - HTTP Request: POST http://localhost:19351/heap-written "HTTP/1.1 200 OK"
2026-04-21 22:40:57,027 - httpx - INFO - HTTP Request: POST http://localhost:19351/heap-written "HTTP/1.1 200 OK"
2026-04-21 22:40:57,579 - httpx - INFO - HTTP Request: POST http://localhost:19351/allocate_page "HTTP/1.1 200 OK"
2026-04-21 22:40:57,581 - httpx - INFO - HTTP Request: GET http://localhost:19351/task?agent_id=8b461f3d "HTTP/1.1 200 OK"
2026-04-21 22:40:57,583 - httpx - INFO - HTTP Request: POST http://localhost:19351/allocate_page "HTTP/1.1 200 OK"
2026-04-21 22:40:57,589 - httpx - INFO - HTTP Request: GET http://localhost:19351/task?agent_id=e07b58b0 "HTTP/1.1 200 OK"
2026-04-21 22:40:58,164 - httpx - INFO - HTTP Request: POST http://localhost:20095/heap/append "HTTP/1.1 200 OK"
2026-04-21 22:40:58,167 - httpx - INFO - HTTP Request: POST http://localhost:19353/heap/append "HTTP/1.1 200 OK"
2026-04-21 22:40:58,986 - httpx - INFO - HTTP Request: POST http://localhost:19351/heap-written "HTTP/1.1 200 OK"
2026-04-21 22:40:58,989 - httpx - INFO - HTTP Request: GET http://localhost:19351/task?agent_id=e07b58b0 "HTTP/1.1 200 OK"
2026-04-21 22:40:58,993 - httpx - INFO - HTTP Request: POST http://localhost:19351/heap-written "HTTP/1.1 200 OK"
2026-04-21 22:40:58,994 - httpx - INFO - HTTP Request: POST http://localhost:19351/allocate_page "HTTP/1.1 200 OK"
2026-04-21 22:40:58,994 - httpx - INFO - HTTP Request: POST http://localhost:19351/allocate_page "HTTP/1.1 200 OK"
2026-04-21 22:40:59,001 - httpx - INFO - HTTP Request: GET http://localhost:19351/task?agent_id=9f005100 "HTTP/1.1 200 OK"
2026-04-21 22:40:59,006 - httpx - INFO - HTTP Request: POST http://localhost:19351/allocate_page "HTTP/1.1 200 OK"
2026-04-21 22:40:59,871 - httpx - INFO - HTTP Request: GET http://localhost:19351/active_pages "HTTP/1.1 200 OK"
2026-04-21 22:40:59,877 - httpx - INFO - HTTP Request: GET http://localhost:19351/active_pages "HTTP/1.1 200 OK"
2026-04-21 22:40:59,879 - httpx - INFO - HTTP Request: POST http://localhost:19387/heap/append "HTTP/1.1 200 OK"
2026-04-21 22:40:59,881 - httpx - INFO - HTTP Request: POST http://localhost:20068/heap/append "HTTP/1.1 200 OK"
2026-04-21 22:40:59,888 - httpx - INFO - HTTP Request: POST http://localhost:19353/heap/append "HTTP/1.1 200 OK"
2026-04-21 22:41:00,248 - httpx - INFO - HTTP Request: GET http://localhost:19351/task?agent_id=e07b58b0 "HTTP/1.1 200 OK"
2026-04-21 22:41:01,088 - httpx - INFO - HTTP Request: POST http://localhost:19351/heap-written "HTTP/1.1 200 OK"
2026-04-21 22:41:01,088 - httpx - INFO - HTTP Request: POST http://localhost:19351/heap-written "HTTP/1.1 200 OK"
2026-04-21 22:41:01,090 - httpx - INFO - HTTP Request: POST http://localhost:19351/heap-written "HTTP/1.1 200 OK"
2026-04-21 22:41:01,101 - httpx - INFO - HTTP Request: GET http://localhost:19351/task?agent_id=206fb109 "HTTP/1.1 200 OK"
2026-04-21 22:41:01,103 - httpx - INFO - HTTP Request: POST http://localhost:19351/allocate_page "HTTP/1.1 200 OK"
2026-04-21 22:41:01,104 - httpx - INFO - HTTP Request: POST http://localhost:19351/allocate_page "HTTP/1.1 200 OK"
2026-04-21 22:41:01,451 - httpx - INFO - HTTP Request: POST http://localhost:19351/mark_pages_merged "HTTP/1.1 200 OK"
2026-04-21 22:41:01,457 - httpx - INFO - HTTP Request: GET http://localhost:19351/task?agent_id=e07b58b0 "HTTP/1.1 200 OK"
2026-04-21 22:41:01,459 - httpx - INFO - HTTP Request: POST http://localhost:19351/mark_pages_merged "HTTP/1.1 200 OK"
2026-04-21 22:41:03,410 - httpx - INFO - HTTP Request: POST http://localhost:19384/heap/mark-merged "HTTP/1.1 200 OK"
2026-04-21 22:41:03,427 - httpx - INFO - HTTP Request: POST http://localhost:19384/heap/mark-merged "HTTP/1.1 200 OK"
2026-04-21 22:41:03,434 - httpx - INFO - HTTP Request: POST http://localhost:19357/heap/mark-merged "HTTP/1.1 200 OK"
2026-04-21 22:41:03,437 - httpx - INFO - HTTP Request: POST http://localhost:19353/heap/mark-merged "HTTP/1.1 200 OK"
2026-04-21 22:41:03,438 - httpx - INFO - HTTP Request: POST http://localhost:19403/heap/mark-merged "HTTP/1.1 200 OK"
2026-04-21 22:41:03,440 - httpx - INFO - HTTP Request: POST http://localhost:19387/heap/mark-merged "HTTP/1.1 200 OK"
2026-04-21 22:41:03,441 - httpx - INFO - HTTP Request: POST http://localhost:19426/heap/mark-merged "HTTP/1.1 200 OK"
2026-04-21 22:41:03,442 - httpx - INFO - HTTP Request: POST http://localhost:20095/heap/mark-merged "HTTP/1.1 200 OK"
2026-04-21 22:41:03,457 - httpx - INFO - HTTP Request: POST http://localhost:19357/heap/mark-merged "HTTP/1.1 200 OK"
2026-04-21 22:41:03,458 - httpx - INFO - HTTP Request: POST http://localhost:19403/heap/mark-merged "HTTP/1.1 200 OK"
2026-04-21 22:41:03,458 - httpx - INFO - HTTP Request: POST http://localhost:19353/heap/mark-merged "HTTP/1.1 200 OK"
2026-04-21 22:41:03,459 - httpx - INFO - HTTP Request: POST http://localhost:19387/heap/mark-merged "HTTP/1.1 200 OK"
2026-04-21 22:41:03,459 - httpx - INFO - HTTP Request: POST http://localhost:19387/heap/append "HTTP/1.1 200 OK"
2026-04-21 22:41:03,460 - httpx - INFO - HTTP Request: POST http://localhost:20095/heap/mark-merged "HTTP/1.1 200 OK"
2026-04-21 22:41:03,460 - httpx - INFO - HTTP Request: POST http://localhost:20068/heap/mark-merged "HTTP/1.1 200 OK"
2026-04-21 22:41:03,460 - httpx - INFO - HTTP Request: POST http://localhost:19426/heap/mark-merged "HTTP/1.1 200 OK"
2026-04-21 22:41:03,461 - httpx - INFO - HTTP Request: POST http://localhost:20068/heap/mark-merged "HTTP/1.1 200 OK"
2026-04-21 22:41:03,461 - httpx - INFO - HTTP Request: POST http://localhost:20068/heap/append "HTTP/1.1 200 OK"
2026-04-21 22:41:03,577 - httpx - INFO - HTTP Request: POST http://localhost:1968/execute_merge "HTTP/1.1 200 OK"
2026-04-21 22:41:03,578 - httpx - INFO - HTTP Request: POST http://localhost:1968/execute_merge "HTTP/1.1 200 OK"
2026-04-21 22:41:03,782 - httpx - INFO - HTTP Request: POST http://localhost:19351/heap-written "HTTP/1.1 200 OK"
2026-04-21 22:41:03,783 - httpx - INFO - HTTP Request: POST http://localhost:19351/heap-written "HTTP/1.1 200 OK"
2026-04-21 22:41:04,489 - httpx - INFO - HTTP Request: GET http://localhost:19353/heap/unmerged "HTTP/1.1 200 OK"
2026-04-21 22:41:04,490 - httpx - INFO - HTTP Request: GET http://localhost:19351/task?agent_id=269662a6 "HTTP/1.1 200 OK"
2026-04-21 22:41:04,609 - httpx - INFO - HTTP Request: GET http://localhost:19351/task?agent_id=d620df34 "HTTP/1.1 200 OK"
2026-04-21 22:41:04,609 - httpx - INFO - HTTP Request: GET http://localhost:19351/task?agent_id=e07b58b0 "HTTP/1.1 200 OK"
2026-04-21 22:41:04,850 - httpx - INFO - HTTP Request: GET http://localhost:19351/active_pages "HTTP/1.1 200 OK"
2026-04-21 22:41:04,856 - httpx - INFO - HTTP Request: GET http://localhost:19351/active_pages "HTTP/1.1 200 OK"
2026-04-21 22:41:04,858 - httpx - INFO - HTTP Request: GET http://localhost:19356/heap/unmerged "HTTP/1.1 200 OK"
2026-04-21 22:41:04,998 - httpx - INFO - HTTP Request: GET http://localhost:19357/heap/unmerged "HTTP/1.1 200 OK"
[BFF] 读取PublicMemory (物理路径): /mnt/d/collections2026/phd_application/nanobot1/milestone2/data/public_memory/public_memory.jsonl, top_k=2
[BFF] 读取PublicMemory完成: 51 条记录
[BFF] 获取Agent 3ff882e7 堆段: 2 条
[BFF] 获取Agent 91abe0a0 堆段: 0 条
[BFF] 读取PublicMemory (物理路径): /mnt/d/collections2026/phd_application/nanobot1/milestone2/data/public_memory/public_memory.jsonl, top_k=2
[BFF] 读取PublicMemory完成: 51 条记录
[BFF] 读取PublicMemory (物理路径): /mnt/d/collections2026/phd_application/nanobot1/milestone2/data/public_memory/public_memory.jsonl, top_k=2
[BFF] 读取PublicMemory完成: 51 条记录
[BFF] 读取PublicMemory (物理路径): /mnt/d/collections2026/phd_application/nanobot1/milestone2/data/public_memory/public_memory.jsonl, top_k=10000
[BFF] 读取PublicMemory完成: 51 条记录
[BFF] 读取PublicMemory (物理路径): /mnt/d/collections2026/phd_application/nanobot1/milestone2/data/public_memory/public_memory.jsonl, top_k=2
[BFF] 读取PublicMemory完成: 51 条记录
[BFF] 读取PublicMemory (物理路径): /mnt/d/collections2026/phd_application/nanobot1/milestone2/data/public_memory/public_memory.jsonl, top_k=2
[BFF] 读取PublicMemory完成: 51 条记录
[BFF] 获取Agent 823eaa27 堆段: 2 条
[BFF] 写入PublicMemory (物理路径): /mnt/d/collections2026/phd_application/nanobot1/milestone2/data/public_memory/public_memory.jsonl
[BFF] 原子替换PublicMemory: 68 条记录 -> /mnt/d/collections2026/phd_application/nanobot1/milestone2/data/public_memory/public_memory.jsonl
[BFF] 获取Agent f7470fa0 堆段: 2 条
[BFF] 读取PublicMemory (物理路径): /mnt/d/collections2026/phd_application/nanobot1/milestone2/data/public_memory/public_memory.jsonl, top_k=2
[BFF] 读取PublicMemory完成: 68 条记录
[BFF] 读取PublicMemory (物理路径): /mnt/d/collections2026/phd_application/nanobot1/milestone2/data/public_memory/public_memory.jsonl, top_k=2
[BFF] 读取PublicMemory完成: 68 条记录
[BFF] 获取Agent d620df34 堆段: 0 条
[BFF] 读取PublicMemory (物理路径): /mnt/d/collections2026/phd_application/nanobot1/milestone2/data/public_memory/public_memory.jsonl, top_k=2
[BFF] 读取PublicMemory完成: 68 条记录
[BFF] 获取Agent 9f005100 堆段: 0 条
[BFF] Consolidator合并完成: {'status': 'ok', 'original_count': 68, 'deduped_count': 68, 'removed_count': 0, 'pages_marked': 17, 'source': 'km_page_table'}
[BFF] 获取Agent 221a3768 堆段: 0 条
[BFF] all-unmerged 请求正在进行，等待完成...
[BFF] 读取PublicMemory (物理路径): /mnt/d/collections2026/phd_application/nanobot1/milestone2/data/public_memory/public_memory.jsonl, top_k=2
[BFF] 读取PublicMemory完成: 68 条记录
[BFF] 读取PublicMemory (物理路径): /mnt/d/collections2026/phd_application/nanobot1/milestone2/data/public_memory/public_memory.jsonl, top_k=2
[BFF] 读取PublicMemory完成: 68 条记录
[BFF] 获取Agent e63f6a87 堆段: 0 条
[BFF] all-unmerged 获取完成: 8 条
[BFF] 读取PublicMemory (物理路径): /mnt/d/collections2026/phd_application/nanobot1/milestone2/data/public_memory/public_memory.jsonl, top_k=2
[BFF] 读取PublicMemory完成: 68 条记录
[BFF] 读取PublicMemory (物理路径): /mnt/d/collections2026/phd_application/nanobot1/milestone2/data/public_memory/public_memory.jsonl, top_k=2
[BFF] 读取PublicMemory完成: 68 条记录
[BFF] 读取PublicMemory (物理路径): /mnt/d/collections2026/phd_application/nanobot1/milestone2/data/public_memory/public_memory.jsonl, top_k=2
[BFF] 读取PublicMemory完成: 68 条记录
[BFF] 读取PublicMemory (物理路径): /mnt/d/collections2026/phd_application/nanobot1/milestone2/data/public_memory/public_memory.jsonl, top_k=2
[BFF] 读取PublicMemory完成: 68 条记录
[BFF] 读取PublicMemory (物理路径): /mnt/d/collections2026/phd_application/nanobot1/milestone2/data/public_memory/public_memory.jsonl, top_k=2
[BFF] 读取PublicMemory完成: 68 条记录
[BFF] 读取PublicMemory (物理路径): /mnt/d/collections2026/phd_application/nanobot1/milestone2/data/public_memory/public_memory.jsonl, top_k=2
[BFF] 读取PublicMemory完成: 68 条记录
[BFF] 读取PublicMemory (物理路径): /mnt/d/collections2026/phd_application/nanobot1/milestone2/data/public_memory/public_memory.jsonl, top_k=2
[BFF] 读取PublicMemory完成: 68 条记录
[BFF] 读取PublicMemory (物理路径): /mnt/d/collections2026/phd_application/nanobot1/milestone2/data/public_memory/public_memory.jsonl, top_k=2
[BFF] 读取PublicMemory完成: 68 条记录
[BFF] all-unmerged 命中缓存: 8 条 (缓存剩余 0.1s)
[BFF] all-unmerged 命中缓存: 8 条 (缓存剩余 0.1s)
[BFF] Consolidator容器已存在: e63f6a87
[BFF] 转发合并请求到Consolidator: http://localhost:1968/execute_merge
[BFF] Consolidator容器已存在: e63f6a87
[BFF] 转发合并请求到Consolidator: http://localhost:1968/execute_merge
[BFF] 读取PublicMemory (物理路径): /mnt/d/collections2026/phd_application/nanobot1/milestone2/data/public_memory/public_memory.jsonl, top_k=2
[BFF] 读取PublicMemory完成: 68 条记录
[BFF] 读取PublicMemory (物理路径): /mnt/d/collections2026/phd_application/nanobot1/milestone2/data/public_memory/public_memory.jsonl, top_k=2
[BFF] 读取PublicMemory完成: 68 条记录
[BFF] 读取PublicMemory (物理路径): /mnt/d/collections2026/phd_application/nanobot1/milestone2/data/public_memory/public_memory.jsonl, top_k=10000
[BFF] 读取PublicMemory完成: 68 条记录
[BFF] 读取PublicMemory (物理路径): /mnt/d/collections2026/phd_application/nanobot1/milestone2/data/public_memory/public_memory.jsonl, top_k=10000
[BFF] 读取PublicMemory完成: 68 条记录
[BFF] 写入PublicMemory (物理路径): /mnt/d/collections2026/phd_application/nanobot1/milestone2/data/public_memory/public_memory.jsonl
[BFF] 原子替换PublicMemory: 80 条记录 -> /mnt/d/collections2026/phd_application/nanobot1/milestone2/data/public_memory/public_memory.jsonl
[BFF] 读取PublicMemory (物理路径): /mnt/d/collections2026/phd_application/nanobot1/milestone2/data/public_memory/public_memory.jsonl, top_k=2
[BFF] 读取PublicMemory完成: 80 条记录
[BFF] 写入PublicMemory (物理路径): /mnt/d/collections2026/phd_application/nanobot1/milestone2/data/public_memory/public_memory.jsonl
[BFF] 原子替换PublicMemory: 80 条记录 -> /mnt/d/collections2026/phd_application/nanobot1/milestone2/data/public_memory/public_memory.jsonl
[BFF] 读取PublicMemory (物理路径): /mnt/d/collections2026/phd_application/nanobot1/milestone2/data/public_memory/public_memory.jsonl, top_k=2
[BFF] 读取PublicMemory完成: 80 条记录
[BFF] 读取PublicMemory (物理路径): /mnt/d/collections2026/phd_application/nanobot1/milestone2/data/public_memory/public_memory.jsonl, top_k=2
[BFF] 读取PublicMemory完成: 80 条记录
[BFF] Consolidator合并完成: {'status': 'ok', 'original_count': 81, 'deduped_count': 80, 'removed_count': 1, 'pages_marked': 13, 'source': 'km_page_table'}
[BFF] Consolidator合并完成: {'status': 'ok', 'original_count': 81, 'deduped_count': 80, 'removed_count': 1, 'pages_marked': 13, 'source': 'km_page_table'}
[BFF] all-unmerged 请求正在进行，等待完成...
[BFF] all-unmerged 请求正在进行，等待完成...
[BFF] all-unmerged 请求正在进行，等待完成...
[BFF] Consolidator容器已存在: e63f6a87
[BFF] 转发合并请求到Consolidator: http://localhost:1968/execute_merge
[BFF] Consolidator容器已存在: e63f6a87
[BFF] 转发合并请求到Consolidator: http://localhost:1968/execute_merge
[BFF] 获取Agent 206fb109 堆段: 0 条
[BFF] 读取PublicMemory (物理路径): /mnt/d/collections2026/phd_application/nanobot1/milestone2/data/public_memory/public_memory.jsonl, top_k=10000
[BFF] 读取PublicMemory完成: 80 条记录
[BFF] 获取Agent 3e473202 堆段: 0 条
[BFF] 读取PublicMemory (物理路径): /mnt/d/collections2026/phd_application/nanobot1/milestone2/data/public_memory/public_memory.jsonl, top_k=10000
[BFF] 读取PublicMemory完成: 80 条记录
[BFF] 获取Agent 31877661 堆段: 0 条
2026-04-21 22:41:05,222 - httpx - INFO - HTTP Request: POST http://localhost:19351/allocate_page "HTTP/1.1 200 OK"
2026-04-21 22:41:05,224 - httpx - INFO - HTTP Request: GET http://localhost:19362/heap/unmerged "HTTP/1.1 200 OK"
2026-04-21 22:41:05,481 - httpx - INFO - HTTP Request: GET http://localhost:19373/heap/unmerged "HTTP/1.1 200 OK"
2026-04-21 22:41:06,044 - httpx - INFO - HTTP Request: POST http://localhost:19351/mark_pages_merged "HTTP/1.1 200 OK"
2026-04-21 22:41:06,050 - httpx - INFO - HTTP Request: GET http://localhost:19384/heap/unmerged "HTTP/1.1 200 OK"
2026-04-21 22:41:06,232 - httpx - INFO - HTTP Request: POST http://localhost:19351/mark_pages_merged "HTTP/1.1 200 OK"
2026-04-21 22:41:06,364 - httpx - INFO - HTTP Request: GET http://localhost:19351/task?agent_id=e07b58b0 "HTTP/1.1 200 OK"
2026-04-21 22:41:06,540 - httpx - INFO - HTTP Request: POST http://localhost:19373/heap/append "HTTP/1.1 200 OK"
2026-04-21 22:41:07,392 - httpx - INFO - HTTP Request: GET http://localhost:19387/heap/unmerged "HTTP/1.1 200 OK"
2026-04-21 22:41:07,393 - httpx - INFO - HTTP Request: POST http://localhost:19387/heap/mark-merged "HTTP/1.1 200 OK"
2026-04-21 22:41:07,769 - httpx - INFO - HTTP Request: POST http://localhost:19387/heap/mark-merged "HTTP/1.1 200 OK"
2026-04-21 22:41:07,770 - httpx - INFO - HTTP Request: POST http://localhost:20068/heap/mark-merged "HTTP/1.1 200 OK"
2026-04-21 22:41:07,778 - httpx - INFO - HTTP Request: POST http://localhost:19351/heap-written "HTTP/1.1 200 OK"
2026-04-21 22:41:07,779 - httpx - INFO - HTTP Request: POST http://localhost:20068/heap/mark-merged "HTTP/1.1 200 OK"
2026-04-21 22:41:07,785 - httpx - INFO - HTTP Request: POST http://localhost:1968/execute_merge "HTTP/1.1 200 OK"
2026-04-21 22:41:07,792 - httpx - INFO - HTTP Request: POST http://localhost:1968/execute_merge "HTTP/1.1 200 OK"
2026-04-21 22:41:07,796 - httpx - INFO - HTTP Request: POST http://localhost:19351/allocate_page "HTTP/1.1 200 OK"
2026-04-21 22:41:07,800 - httpx - INFO - HTTP Request: POST http://localhost:19351/allocate_page "HTTP/1.1 200 OK"
2026-04-21 22:41:07,801 - httpx - INFO - HTTP Request: POST http://localhost:19351/allocate_page "HTTP/1.1 200 OK"
2026-04-21 22:41:07,808 - httpx - INFO - HTTP Request: GET http://localhost:19398/heap/unmerged "HTTP/1.1 200 OK"
2026-04-21 22:41:07,913 - httpx - INFO - HTTP Request: GET http://localhost:19351/task?agent_id=e07b58b0 "HTTP/1.1 200 OK"
2026-04-21 22:41:08,036 - httpx - INFO - HTTP Request: POST http://localhost:19486/heap/append "HTTP/1.1 200 OK"
2026-04-21 22:41:08,038 - httpx - INFO - HTTP Request: GET http://localhost:19403/heap/unmerged "HTTP/1.1 200 OK"
2026-04-21 22:41:08,835 - httpx - INFO - HTTP Request: POST http://localhost:19351/allocate_page "HTTP/1.1 200 OK"
2026-04-21 22:41:08,838 - httpx - INFO - HTTP Request: POST http://localhost:19351/heap-written "HTTP/1.1 200 OK"
2026-04-21 22:41:08,839 - httpx - INFO - HTTP Request: GET http://localhost:19426/heap/unmerged "HTTP/1.1 200 OK"
2026-04-21 22:41:08,840 - httpx - INFO - HTTP Request: POST http://localhost:19466/heap/append "HTTP/1.1 200 OK"
2026-04-21 22:41:08,841 - httpx - INFO - HTTP Request: POST http://localhost:19373/heap/append "HTTP/1.1 200 OK"
2026-04-21 22:41:09,229 - httpx - INFO - HTTP Request: POST http://localhost:19351/heap-written "HTTP/1.1 200 OK"
2026-04-21 22:41:09,232 - httpx - INFO - HTTP Request: POST http://localhost:19351/heap-written "HTTP/1.1 200 OK"
2026-04-21 22:41:09,233 - httpx - INFO - HTTP Request: POST http://localhost:19486/heap/append "HTTP/1.1 200 OK"
2026-04-21 22:41:09,235 - httpx - INFO - HTTP Request: GET http://localhost:19443/heap/unmerged "HTTP/1.1 200 OK"
2026-04-21 22:41:10,632 - httpx - INFO - HTTP Request: GET http://localhost:19351/task?agent_id=e07b58b0 "HTTP/1.1 200 OK"
2026-04-21 22:41:10,636 - httpx - INFO - HTTP Request: POST http://localhost:19351/heap-written "HTTP/1.1 200 OK"
2026-04-21 22:41:10,640 - httpx - INFO - HTTP Request: GET http://localhost:19457/heap/unmerged "HTTP/1.1 200 OK"
2026-04-21 22:41:10,642 - httpx - INFO - HTTP Request: GET http://localhost:19351/task?agent_id=91abe0a0 "HTTP/1.1 200 OK"
2026-04-21 22:41:10,645 - httpx - INFO - HTTP Request: POST http://localhost:19351/allocate_page "HTTP/1.1 200 OK"
2026-04-21 22:41:10,754 - httpx - INFO - HTTP Request: POST http://localhost:19351/allocate_page "HTTP/1.1 200 OK"
2026-04-21 22:41:10,755 - httpx - INFO - HTTP Request: GET http://localhost:19351/task?agent_id=45b1447d "HTTP/1.1 200 OK"
2026-04-21 22:41:10,755 - httpx - INFO - HTTP Request: POST http://localhost:19351/allocate_page "HTTP/1.1 200 OK"
2026-04-21 22:41:10,774 - httpx - INFO - HTTP Request: GET http://localhost:19466/heap/unmerged "HTTP/1.1 200 OK"
2026-04-21 22:41:10,901 - httpx - INFO - HTTP Request: GET http://localhost:19486/heap/unmerged "HTTP/1.1 200 OK"
2026-04-21 22:41:11,042 - httpx - INFO - HTTP Request: GET http://localhost:19494/heap/unmerged "HTTP/1.1 200 OK"
2026-04-21 22:41:11,400 - httpx - INFO - HTTP Request: GET http://localhost:19524/heap/unmerged "HTTP/1.1 200 OK"
2026-04-21 22:41:12,053 - httpx - INFO - HTTP Request: POST http://localhost:19524/heap/append "HTTP/1.1 200 OK"
2026-04-21 22:41:12,058 - httpx - INFO - HTTP Request: POST http://localhost:19351/allocate_page "HTTP/1.1 200 OK"
2026-04-21 22:41:12,059 - httpx - INFO - HTTP Request: POST http://localhost:19351/allocate_page "HTTP/1.1 200 OK"
2026-04-21 22:41:12,060 - httpx - INFO - HTTP Request: POST http://localhost:19466/heap/append "HTTP/1.1 200 OK"
2026-04-21 22:41:12,061 - httpx - INFO - HTTP Request: POST http://localhost:19494/heap/append "HTTP/1.1 200 OK"
2026-04-21 22:41:12,062 - httpx - INFO - HTTP Request: GET http://localhost:20068/heap/unmerged "HTTP/1.1 200 OK"
2026-04-21 22:41:12,286 - httpx - INFO - HTTP Request: GET http://localhost:19351/task?agent_id=e07b58b0 "HTTP/1.1 200 OK"
2026-04-21 22:41:13,162 - httpx - INFO - HTTP Request: POST http://localhost:19351/heap-written "HTTP/1.1 200 OK"
2026-04-21 22:41:13,165 - httpx - INFO - HTTP Request: GET http://localhost:20095/heap/unmerged "HTTP/1.1 200 OK"
2026-04-21 22:41:13,277 - httpx - INFO - HTTP Request: POST http://localhost:19351/allocate_page "HTTP/1.1 200 OK"
2026-04-21 22:41:13,279 - httpx - INFO - HTTP Request: POST http://localhost:19351/heap-written "HTTP/1.1 200 OK"
2026-04-21 22:41:13,280 - httpx - INFO - HTTP Request: POST http://localhost:19351/heap-written "HTTP/1.1 200 OK"
2026-04-21 22:41:13,291 - httpx - INFO - HTTP Request: GET http://localhost:19351/task?agent_id=3ff882e7 "HTTP/1.1 200 OK"
2026-04-21 22:41:13,296 - httpx - INFO - HTTP Request: POST http://localhost:19351/allocate_page "HTTP/1.1 200 OK"
2026-04-21 22:41:13,298 - httpx - INFO - HTTP Request: POST http://localhost:19362/heap/append "HTTP/1.1 200 OK"
2026-04-21 22:41:13,299 - httpx - INFO - HTTP Request: POST http://localhost:19457/heap/append "HTTP/1.1 200 OK"
2026-04-21 22:41:13,899 - httpx - INFO - HTTP Request: GET http://localhost:20116/heap/unmerged "HTTP/1.1 200 OK"
2026-04-21 22:41:14,551 - httpx - INFO - HTTP Request: POST http://localhost:19351/heap-written "HTTP/1.1 200 OK"
2026-04-21 22:41:14,552 - httpx - INFO - HTTP Request: POST http://localhost:19351/heap-written "HTTP/1.1 200 OK"
2026-04-21 22:41:14,553 - httpx - INFO - HTTP Request: POST http://localhost:19524/heap/append "HTTP/1.1 200 OK"
2026-04-21 22:41:14,562 - httpx - INFO - HTTP Request: GET http://localhost:1968/heap/unmerged "HTTP/1.1 200 OK"
2026-04-21 22:41:14,852 - httpx - INFO - HTTP Request: GET http://localhost:19351/task?agent_id=e07b58b0 "HTTP/1.1 200 OK"
2026-04-21 22:41:14,852 - httpx - INFO - HTTP Request: POST http://localhost:19351/allocate_page "HTTP/1.1 200 OK"
2026-04-21 22:41:14,853 - httpx - INFO - HTTP Request: POST http://localhost:19351/allocate_page "HTTP/1.1 200 OK"
2026-04-21 22:41:14,853 - httpx - INFO - HTTP Request: POST http://localhost:19494/heap/append "HTTP/1.1 200 OK"
2026-04-21 22:41:15,479 - httpx - INFO - HTTP Request: GET http://localhost:19351/active_pages "HTTP/1.1 200 OK"
2026-04-21 22:41:15,484 - httpx - INFO - HTTP Request: GET http://localhost:19351/active_pages "HTTP/1.1 200 OK"
2026-04-21 22:41:15,485 - httpx - INFO - HTTP Request: GET http://localhost:19351/active_pages "HTTP/1.1 200 OK"
2026-04-21 22:41:15,583 - httpx - INFO - HTTP Request: POST http://localhost:19351/heap-written "HTTP/1.1 200 OK"
2026-04-21 22:41:15,611 - httpx - INFO - HTTP Request: GET http://localhost:19351/task?agent_id=f7470fa0 "HTTP/1.1 200 OK"
2026-04-21 22:41:15,639 - httpx - INFO - HTTP Request: POST http://localhost:19351/heap-written "HTTP/1.1 200 OK"
2026-04-21 22:41:15,640 - httpx - INFO - HTTP Request: POST http://localhost:19351/allocate_page "HTTP/1.1 200 OK"
2026-04-21 22:41:15,649 - httpx - INFO - HTTP Request: GET http://localhost:19351/task?agent_id=823eaa27 "HTTP/1.1 200 OK"
2026-04-21 22:41:15,650 - httpx - INFO - HTTP Request: POST http://localhost:19457/heap/append "HTTP/1.1 200 OK"
2026-04-21 22:41:15,650 - httpx - INFO - HTTP Request: POST http://localhost:19362/heap/append "HTTP/1.1 200 OK"
2026-04-21 22:41:15,877 - httpx - INFO - HTTP Request: GET http://localhost:19351/task?agent_id=e07b58b0 "HTTP/1.1 200 OK"
2026-04-21 22:41:16,287 - httpx - INFO - HTTP Request: POST http://localhost:19351/heap-written "HTTP/1.1 200 OK"
2026-04-21 22:41:16,299 - httpx - INFO - HTTP Request: POST http://localhost:19351/heap-written "HTTP/1.1 200 OK"
2026-04-21 22:41:16,340 - httpx - INFO - HTTP Request: POST http://localhost:19443/heap/append "HTTP/1.1 200 OK"
2026-04-21 22:41:16,486 - httpx - INFO - HTTP Request: GET http://localhost:19351/task?agent_id=4f4a09ef "HTTP/1.1 200 OK"
2026-04-21 22:41:16,488 - httpx - INFO - HTTP Request: GET http://localhost:19351/task?agent_id=c01d46ac "HTTP/1.1 200 OK"
2026-04-21 22:41:16,881 - httpx - INFO - HTTP Request: POST http://localhost:19351/heap-written "HTTP/1.1 200 OK"
2026-04-21 22:41:17,307 - httpx - INFO - HTTP Request: POST http://localhost:19351/mark_pages_merged "HTTP/1.1 200 OK"
2026-04-21 22:41:17,308 - httpx - INFO - HTTP Request: POST http://localhost:19351/mark_pages_merged "HTTP/1.1 200 OK"
2026-04-21 22:41:17,309 - httpx - INFO - HTTP Request: POST http://localhost:19351/mark_pages_merged "HTTP/1.1 200 OK"
2026-04-21 22:41:17,319 - httpx - INFO - HTTP Request: POST http://localhost:19351/allocate_page "HTTP/1.1 200 OK"
2026-04-21 22:41:17,322 - httpx - INFO - HTTP Request: GET http://localhost:19351/task?agent_id=e07b58b0 "HTTP/1.1 200 OK"
2026-04-21 22:41:17,346 - httpx - INFO - HTTP Request: POST http://localhost:19351/allocate_page "HTTP/1.1 200 OK"
2026-04-21 22:41:20,381 - httpx - INFO - HTTP Request: POST http://localhost:19373/heap/mark-merged "HTTP/1.1 200 OK"
2026-04-21 22:41:20,382 - httpx - INFO - HTTP Request: POST http://localhost:19373/heap/mark-merged "HTTP/1.1 200 OK"
2026-04-21 22:41:20,383 - httpx - INFO - HTTP Request: POST http://localhost:19373/heap/mark-merged "HTTP/1.1 200 OK"
2026-04-21 22:41:20,403 - httpx - INFO - HTTP Request: POST http://localhost:19466/heap/mark-merged "HTTP/1.1 200 OK"
2026-04-21 22:41:20,404 - httpx - INFO - HTTP Request: POST http://localhost:19362/heap/mark-merged "HTTP/1.1 200 OK"
2026-04-21 22:41:20,404 - httpx - INFO - HTTP Request: POST http://localhost:19524/heap/mark-merged "HTTP/1.1 200 OK"
2026-04-21 22:41:20,405 - httpx - INFO - HTTP Request: POST http://localhost:19486/heap/mark-merged "HTTP/1.1 200 OK"
2026-04-21 22:41:20,406 - httpx - INFO - HTTP Request: POST http://localhost:19494/heap/mark-merged "HTTP/1.1 200 OK"
2026-04-21 22:41:20,407 - httpx - INFO - HTTP Request: POST http://localhost:19457/heap/mark-merged "HTTP/1.1 200 OK"
2026-04-21 22:41:20,408 - httpx - INFO - HTTP Request: POST http://localhost:19466/heap/mark-merged "HTTP/1.1 200 OK"
2026-04-21 22:41:20,409 - httpx - INFO - HTTP Request: POST http://localhost:19486/heap/mark-merged "HTTP/1.1 200 OK"
2026-04-21 22:41:20,419 - httpx - INFO - HTTP Request: POST http://localhost:19494/heap/mark-merged "HTTP/1.1 200 OK"
2026-04-21 22:41:20,420 - httpx - INFO - HTTP Request: POST http://localhost:19466/heap/mark-merged "HTTP/1.1 200 OK"
2026-04-21 22:41:20,421 - httpx - INFO - HTTP Request: POST http://localhost:19362/heap/mark-merged "HTTP/1.1 200 OK"
2026-04-21 22:41:20,421 - httpx - INFO - HTTP Request: POST http://localhost:19524/heap/mark-merged "HTTP/1.1 200 OK"
2026-04-21 22:41:20,422 - httpx - INFO - HTTP Request: POST http://localhost:19486/heap/mark-merged "HTTP/1.1 200 OK"
2026-04-21 22:41:20,423 - httpx - INFO - HTTP Request: POST http://localhost:19457/heap/mark-merged "HTTP/1.1 200 OK"
2026-04-21 22:41:20,424 - httpx - INFO - HTTP Request: POST http://localhost:19494/heap/mark-merged "HTTP/1.1 200 OK"
2026-04-21 22:41:20,424 - httpx - INFO - HTTP Request: POST http://localhost:19362/heap/mark-merged "HTTP/1.1 200 OK"
2026-04-21 22:41:20,425 - httpx - INFO - HTTP Request: POST http://localhost:19457/heap/mark-merged "HTTP/1.1 200 OK"
2026-04-21 22:41:20,425 - httpx - INFO - HTTP Request: POST http://localhost:19524/heap/mark-merged "HTTP/1.1 200 OK"
2026-04-21 22:41:20,444 - httpx - INFO - HTTP Request: POST http://localhost:20068/heap/append "HTTP/1.1 200 OK"
2026-04-21 22:41:20,469 - httpx - INFO - HTTP Request: POST http://localhost:1968/execute_merge "HTTP/1.1 200 OK"
2026-04-21 22:41:20,471 - httpx - INFO - HTTP Request: POST http://localhost:19351/allocate_page "HTTP/1.1 200 OK"
2026-04-21 22:41:20,472 - httpx - INFO - HTTP Request: POST http://localhost:19443/heap/append "HTTP/1.1 200 OK"
2026-04-21 22:41:20,472 - httpx - INFO - HTTP Request: POST http://localhost:19351/allocate_page "HTTP/1.1 200 OK"
2026-04-21 22:41:20,473 - httpx - INFO - HTTP Request: POST http://localhost:19351/allocate_page "HTTP/1.1 200 OK"
2026-04-21 22:41:20,473 - httpx - INFO - HTTP Request: POST http://localhost:19351/allocate_page "HTTP/1.1 200 OK"
2026-04-21 22:41:20,474 - httpx - INFO - HTTP Request: POST http://localhost:1968/execute_merge "HTTP/1.1 200 OK"
2026-04-21 22:41:20,569 - httpx - INFO - HTTP Request: POST http://localhost:1968/execute_merge "HTTP/1.1 200 OK"
2026-04-21 22:41:20,676 - httpx - INFO - HTTP Request: GET http://localhost:19351/task?agent_id=e07b58b0 "HTTP/1.1 200 OK"
2026-04-21 22:41:21,023 - httpx - INFO - HTTP Request: POST http://localhost:19351/heap-written "HTTP/1.1 200 OK"
2026-04-21 22:41:21,024 - httpx - INFO - HTTP Request: POST http://localhost:19351/heap-written "HTTP/1.1 200 OK"
2026-04-21 22:41:21,158 - httpx - INFO - HTTP Request: GET http://localhost:19353/heap/unmerged "HTTP/1.1 200 OK"
2026-04-21 22:41:21,164 - httpx - INFO - HTTP Request: POST http://localhost:19351/allocate_page "HTTP/1.1 200 OK"
2026-04-21 22:41:22,510 - httpx - INFO - HTTP Request: GET http://localhost:19351/task?agent_id=cd956f8c "HTTP/1.1 200 OK"
2026-04-21 22:41:22,698 - httpx - INFO - HTTP Request: POST http://localhost:19357/heap/append "HTTP/1.1 200 OK"
2026-04-21 22:41:22,701 - httpx - INFO - HTTP Request: POST http://localhost:20095/heap/append "HTTP/1.1 200 OK"
2026-04-21 22:41:22,702 - httpx - INFO - HTTP Request: GET http://localhost:19356/heap/unmerged "HTTP/1.1 200 OK"
2026-04-21 22:41:22,849 - httpx - INFO - HTTP Request: POST http://localhost:19351/allocate_page "HTTP/1.1 200 OK"
2026-04-21 22:41:22,850 - httpx - INFO - HTTP Request: POST http://localhost:19384/heap/append "HTTP/1.1 200 OK"
2026-04-21 22:41:22,851 - httpx - INFO - HTTP Request: POST http://localhost:19356/heap/append "HTTP/1.1 200 OK"
2026-04-21 22:41:23,060 - httpx - INFO - HTTP Request: GET http://localhost:19351/task?agent_id=e07b58b0 "HTTP/1.1 200 OK"
2026-04-21 22:41:23,496 - httpx - INFO - HTTP Request: POST http://localhost:20068/heap/append "HTTP/1.1 200 OK"
2026-04-21 22:41:23,911 - httpx - INFO - HTTP Request: POST http://localhost:19351/allocate_page "HTTP/1.1 200 OK"
2026-04-21 22:41:24,002 - httpx - INFO - HTTP Request: GET http://localhost:19357/heap/unmerged "HTTP/1.1 200 OK"
[BFF] 读取PublicMemory (物理路径): /mnt/d/collections2026/phd_application/nanobot1/milestone2/data/public_memory/public_memory.jsonl, top_k=2
[BFF] 读取PublicMemory完成: 80 条记录
[BFF] 读取PublicMemory (物理路径): /mnt/d/collections2026/phd_application/nanobot1/milestone2/data/public_memory/public_memory.jsonl, top_k=2
[BFF] 读取PublicMemory完成: 80 条记录
[BFF] 读取PublicMemory (物理路径): /mnt/d/collections2026/phd_application/nanobot1/milestone2/data/public_memory/public_memory.jsonl, top_k=2
[BFF] 读取PublicMemory完成: 80 条记录
[BFF] 获取Agent c01d46ac 堆段: 0 条
[BFF] 写入PublicMemory (物理路径): /mnt/d/collections2026/phd_application/nanobot1/milestone2/data/public_memory/public_memory.jsonl
[BFF] 原子替换PublicMemory: 82 条记录 -> /mnt/d/collections2026/phd_application/nanobot1/milestone2/data/public_memory/public_memory.jsonl
[BFF] 写入PublicMemory (物理路径): /mnt/d/collections2026/phd_application/nanobot1/milestone2/data/public_memory/public_memory.jsonl
[BFF] 原子替换PublicMemory: 82 条记录 -> /mnt/d/collections2026/phd_application/nanobot1/milestone2/data/public_memory/public_memory.jsonl
[BFF] 获取Agent 45b1447d 堆段: 0 条
[BFF] 获取Agent b076818a 堆段: 0 条
[BFF] 读取PublicMemory (物理路径): /mnt/d/collections2026/phd_application/nanobot1/milestone2/data/public_memory/public_memory.jsonl, top_k=2
[BFF] 读取PublicMemory完成: 82 条记录
[BFF] 获取Agent 269662a6 堆段: 1 条
[BFF] Consolidator合并完成: {'status': 'ok', 'original_count': 82, 'deduped_count': 82, 'removed_count': 0, 'pages_marked': 2, 'source': 'km_page_table'}
[BFF] Consolidator合并完成: {'status': 'ok', 'original_count': 82, 'deduped_count': 82, 'removed_count': 0, 'pages_marked': 2, 'source': 'km_page_table'}
[BFF] 获取Agent 5b0ab4c2 堆段: 0 条
[BFF] all-unmerged 请求正在进行，等待完成...
[BFF] all-unmerged 请求正在进行，等待完成...
[BFF] 获取Agent 1899dd93 堆段: 0 条
[BFF] 读取PublicMemory (物理路径): /mnt/d/collections2026/phd_application/nanobot1/milestone2/data/public_memory/public_memory.jsonl, top_k=2
[BFF] 读取PublicMemory完成: 82 条记录
[BFF] 获取Agent 8b461f3d 堆段: 0 条
[BFF] 获取Agent cd956f8c 堆段: 0 条
[BFF] 获取Agent 4f4a09ef 堆段: 0 条
[BFF] 读取PublicMemory (物理路径): /mnt/d/collections2026/phd_application/nanobot1/milestone2/data/public_memory/public_memory.jsonl, top_k=2
[BFF] 读取PublicMemory完成: 82 条记录
[BFF] 获取Agent 3ff882e7 堆段: 1 条
[BFF] 获取Agent 91abe0a0 堆段: 2 条
[BFF] 获取Agent 823eaa27 堆段: 0 条
[BFF] 读取PublicMemory (物理路径): /mnt/d/collections2026/phd_application/nanobot1/milestone2/data/public_memory/public_memory.jsonl, top_k=2
[BFF] 读取PublicMemory完成: 82 条记录
[BFF] 获取Agent f7470fa0 堆段: 0 条
[BFF] 读取PublicMemory (物理路径): /mnt/d/collections2026/phd_application/nanobot1/milestone2/data/public_memory/public_memory.jsonl, top_k=2
[BFF] 读取PublicMemory完成: 82 条记录
[BFF] 获取Agent d620df34 堆段: 0 条
[BFF] 读取PublicMemory (物理路径): /mnt/d/collections2026/phd_application/nanobot1/milestone2/data/public_memory/public_memory.jsonl, top_k=2
[BFF] 读取PublicMemory完成: 82 条记录
[BFF] 获取Agent 9f005100 堆段: 0 条
[BFF] all-unmerged 请求正在进行，等待完成...
[BFF] all-unmerged 请求正在进行，等待完成...
[BFF] all-unmerged 请求正在进行，等待完成...
[BFF] Consolidator容器已存在: e63f6a87
[BFF] 转发合并请求到Consolidator: http://localhost:1968/execute_merge
[BFF] Consolidator容器已存在: e63f6a87
[BFF] 转发合并请求到Consolidator: http://localhost:1968/execute_merge
[BFF] Consolidator容器已存在: e63f6a87
[BFF] 转发合并请求到Consolidator: http://localhost:1968/execute_merge
[BFF] 获取Agent 221a3768 堆段: 0 条
[BFF] 读取PublicMemory (物理路径): /mnt/d/collections2026/phd_application/nanobot1/milestone2/data/public_memory/public_memory.jsonl, top_k=2
[BFF] 读取PublicMemory完成: 82 条记录
[BFF] 获取Agent e63f6a87 堆段: 0 条
[BFF] all-unmerged 获取完成: 4 条
[BFF] 读取PublicMemory (物理路径): /mnt/d/collections2026/phd_application/nanobot1/milestone2/data/public_memory/public_memory.jsonl, top_k=2
[BFF] 读取PublicMemory完成: 82 条记录
[BFF] 读取PublicMemory (物理路径): /mnt/d/collections2026/phd_application/nanobot1/milestone2/data/public_memory/public_memory.jsonl, top_k=10000
[BFF] 读取PublicMemory完成: 82 条记录
[BFF] 读取PublicMemory (物理路径): /mnt/d/collections2026/phd_application/nanobot1/milestone2/data/public_memory/public_memory.jsonl, top_k=10000
[BFF] 读取PublicMemory完成: 82 条记录
[BFF] 读取PublicMemory (物理路径): /mnt/d/collections2026/phd_application/nanobot1/milestone2/data/public_memory/public_memory.jsonl, top_k=10000
[BFF] 读取PublicMemory完成: 82 条记录
[BFF] 读取PublicMemory (物理路径): /mnt/d/collections2026/phd_application/nanobot1/milestone2/data/public_memory/public_memory.jsonl, top_k=2
[BFF] 读取PublicMemory完成: 82 条记录
[BFF] 读取PublicMemory (物理路径): /mnt/d/collections2026/phd_application/nanobot1/milestone2/data/public_memory/public_memory.jsonl, top_k=2
[BFF] 读取PublicMemory完成: 82 条记录
[BFF] 读取PublicMemory (物理路径): /mnt/d/collections2026/phd_application/nanobot1/milestone2/data/public_memory/public_memory.jsonl, top_k=2
[BFF] 读取PublicMemory完成: 82 条记录
[BFF] 写入PublicMemory (物理路径): /mnt/d/collections2026/phd_application/nanobot1/milestone2/data/public_memory/public_memory.jsonl
[BFF] 原子替换PublicMemory: 92 条记录 -> /mnt/d/collections2026/phd_application/nanobot1/milestone2/data/public_memory/public_memory.jsonl
[BFF] 写入PublicMemory (物理路径): /mnt/d/collections2026/phd_application/nanobot1/milestone2/data/public_memory/public_memory.jsonl
[BFF] 原子替换PublicMemory: 92 条记录 -> /mnt/d/collections2026/phd_application/nanobot1/milestone2/data/public_memory/public_memory.jsonl
[BFF] 写入PublicMemory (物理路径): /mnt/d/collections2026/phd_application/nanobot1/milestone2/data/public_memory/public_memory.jsonl
[BFF] 原子替换PublicMemory: 92 条记录 -> /mnt/d/collections2026/phd_application/nanobot1/milestone2/data/public_memory/public_memory.jsonl
[BFF] 读取PublicMemory (物理路径): /mnt/d/collections2026/phd_application/nanobot1/milestone2/data/public_memory/public_memory.jsonl, top_k=2
[BFF] 读取PublicMemory完成: 92 条记录
[BFF] 读取PublicMemory (物理路径): /mnt/d/collections2026/phd_application/nanobot1/milestone2/data/public_memory/public_memory.jsonl, top_k=2
[BFF] 读取PublicMemory完成: 92 条记录
[BFF] 读取PublicMemory (物理路径): /mnt/d/collections2026/phd_application/nanobot1/milestone2/data/public_memory/public_memory.jsonl, top_k=2
[BFF] 读取PublicMemory完成: 92 条记录
[BFF] Consolidator合并完成: {'status': 'ok', 'original_count': 96, 'deduped_count': 92, 'removed_count': 4, 'pages_marked': 14, 'source': 'km_page_table'}
[BFF] Consolidator合并完成: {'status': 'ok', 'original_count': 96, 'deduped_count': 92, 'removed_count': 4, 'pages_marked': 14, 'source': 'km_page_table'}
[BFF] Consolidator合并完成: {'status': 'ok', 'original_count': 96, 'deduped_count': 92, 'removed_count': 4, 'pages_marked': 14, 'source': 'km_page_table'}
[BFF] 邻居发现: 所有父子关系已建立
[BFF] all-unmerged 请求正在进行，等待完成...
[BFF] all-unmerged 请求正在进行，等待完成...
[BFF] 获取Agent 206fb109 堆段: 0 条
[BFF] 读取PublicMemory (物理路径): /mnt/d/collections2026/phd_application/nanobot1/milestone2/data/public_memory/public_memory.jsonl, top_k=2
[BFF] 读取PublicMemory完成: 92 条记录
[BFF] 容器不存在 e63f6a87，清理中...
[BFF] 健康检查: 已清理 1 个无效容器
[BFF] 获取Agent 3e473202 堆段: 0 条
[BFF] 读取PublicMemory (物理路径): /mnt/d/collections2026/phd_application/nanobot1/milestone2/data/public_memory/public_memory.jsonl, top_k=2
[BFF] 读取PublicMemory完成: 92 条记录
2026-04-21 22:41:24,298 - httpx - INFO - HTTP Request: POST http://localhost:19351/heap-written "HTTP/1.1 200 OK"
2026-04-21 22:41:24,299 - httpx - INFO - HTTP Request: POST http://localhost:19351/heap-written "HTTP/1.1 200 OK"
2026-04-21 22:41:24,305 - httpx - INFO - HTTP Request: POST http://localhost:19351/heap-written "HTTP/1.1 200 OK"
2026-04-21 22:41:24,431 - httpx - INFO - HTTP Request: POST http://localhost:19351/allocate_page "HTTP/1.1 200 OK"
2026-04-21 22:41:24,432 - httpx - INFO - HTTP Request: POST http://localhost:19351/heap-written "HTTP/1.1 200 OK"
2026-04-21 22:41:24,432 - httpx - INFO - HTTP Request: POST http://localhost:19351/allocate_page "HTTP/1.1 200 OK"
2026-04-21 22:41:24,531 - httpx - INFO - HTTP Request: POST http://localhost:19351/heap-written "HTTP/1.1 200 OK"
2026-04-21 22:41:24,532 - httpx - INFO - HTTP Request: POST http://localhost:19351/allocate_page "HTTP/1.1 200 OK"
2026-04-21 22:41:24,533 - httpx - INFO - HTTP Request: POST http://localhost:19351/allocate_page "HTTP/1.1 200 OK"
2026-04-21 22:41:24,533 - httpx - INFO - HTTP Request: POST http://localhost:19426/heap/append "HTTP/1.1 200 OK"
2026-04-21 22:41:24,561 - httpx - INFO - HTTP Request: POST http://localhost:19351/allocate_page "HTTP/1.1 200 OK"
2026-04-21 22:41:24,563 - httpx - INFO - HTTP Request: GET http://localhost:19351/task?agent_id=d620df34 "HTTP/1.1 200 OK"
2026-04-21 22:41:24,568 - httpx - INFO - HTTP Request: POST http://localhost:19351/allocate_page "HTTP/1.1 200 OK"
2026-04-21 22:41:24,675 - httpx - INFO - HTTP Request: GET http://localhost:19362/heap/unmerged "HTTP/1.1 200 OK"
2026-04-21 22:41:24,791 - httpx - INFO - HTTP Request: GET http://localhost:19351/task?agent_id=e07b58b0 "HTTP/1.1 200 OK"
2026-04-21 22:41:24,792 - httpx - INFO - HTTP Request: POST http://localhost:20116/heap/append "HTTP/1.1 200 OK"
2026-04-21 22:41:25,126 - httpx - INFO - HTTP Request: POST http://localhost:19351/heap-written "HTTP/1.1 200 OK"
2026-04-21 22:41:25,145 - httpx - INFO - HTTP Request: GET http://localhost:19373/heap/unmerged "HTTP/1.1 200 OK"
2026-04-21 22:41:25,357 - httpx - INFO - HTTP Request: POST http://localhost:19357/heap/append "HTTP/1.1 200 OK"
2026-04-21 22:41:26,002 - httpx - INFO - HTTP Request: POST http://localhost:19351/heap-written "HTTP/1.1 200 OK"
2026-04-21 22:41:26,125 - httpx - INFO - HTTP Request: POST http://localhost:19351/allocate_page "HTTP/1.1 200 OK"
2026-04-21 22:41:26,565 - httpx - INFO - HTTP Request: GET http://localhost:19384/heap/unmerged "HTTP/1.1 200 OK"
2026-04-21 22:41:26,778 - httpx - INFO - HTTP Request: POST http://localhost:20095/heap/append "HTTP/1.1 200 OK"
2026-04-21 22:41:26,783 - httpx - INFO - HTTP Request: POST http://localhost:19351/allocate_page "HTTP/1.1 200 OK"
2026-04-21 22:41:26,785 - httpx - INFO - HTTP Request: POST http://localhost:19384/heap/append "HTTP/1.1 200 OK"
2026-04-21 22:41:26,788 - httpx - INFO - HTTP Request: POST http://localhost:19356/heap/append "HTTP/1.1 200 OK"
2026-04-21 22:41:26,790 - httpx - INFO - HTTP Request: POST http://localhost:19353/heap/append "HTTP/1.1 200 OK"
2026-04-21 22:41:26,791 - httpx - INFO - HTTP Request: POST http://localhost:19398/heap/append "HTTP/1.1 200 OK"
2026-04-21 22:41:26,895 - httpx - INFO - HTTP Request: POST http://localhost:19351/heap-written "HTTP/1.1 200 OK"
2026-04-21 22:41:26,899 - httpx - INFO - HTTP Request: GET http://localhost:19351/task?agent_id=e07b58b0 "HTTP/1.1 200 OK"
2026-04-21 22:41:27,359 - httpx - INFO - HTTP Request: POST http://localhost:19351/allocate_page "HTTP/1.1 200 OK"
2026-04-21 22:41:27,359 - httpx - INFO - HTTP Request: GET http://localhost:19351/task?agent_id=31877661 "HTTP/1.1 200 OK"
2026-04-21 22:41:27,449 - httpx - INFO - HTTP Request: GET http://localhost:19387/heap/unmerged "HTTP/1.1 200 OK"
2026-04-21 22:41:28,100 - httpx - INFO - HTTP Request: POST http://localhost:20116/heap/append "HTTP/1.1 200 OK"
2026-04-21 22:41:28,691 - httpx - INFO - HTTP Request: POST http://localhost:19351/heap-written "HTTP/1.1 200 OK"
2026-04-21 22:41:28,742 - httpx - INFO - HTTP Request: POST http://localhost:19351/heap-written "HTTP/1.1 200 OK"
2026-04-21 22:41:28,744 - httpx - INFO - HTTP Request: POST http://localhost:19351/allocate_page "HTTP/1.1 200 OK"
2026-04-21 22:41:28,746 - httpx - INFO - HTTP Request: POST http://localhost:19351/heap-written "HTTP/1.1 200 OK"
2026-04-21 22:41:28,747 - httpx - INFO - HTTP Request: POST http://localhost:19351/heap-written "HTTP/1.1 200 OK"
2026-04-21 22:41:28,748 - httpx - INFO - HTTP Request: POST http://localhost:19351/heap-written "HTTP/1.1 200 OK"
2026-04-21 22:41:28,964 - httpx - INFO - HTTP Request: GET http://localhost:19351/task?agent_id=9f005100 "HTTP/1.1 200 OK"
2026-04-21 22:41:28,969 - httpx - INFO - HTTP Request: GET http://localhost:19351/task?agent_id=3e473202 "HTTP/1.1 200 OK"
2026-04-21 22:41:28,970 - httpx - INFO - HTTP Request: GET http://localhost:19351/task?agent_id=b076818a "HTTP/1.1 200 OK"
2026-04-21 22:41:28,981 - httpx - INFO - HTTP Request: POST http://localhost:19351/allocate_page "HTTP/1.1 200 OK"
2026-04-21 22:41:29,079 - httpx - INFO - HTTP Request: POST http://localhost:19351/allocate_page "HTTP/1.1 200 OK"
2026-04-21 22:41:29,080 - httpx - INFO - HTTP Request: POST http://localhost:19426/heap/append "HTTP/1.1 200 OK"
2026-04-21 22:41:29,080 - httpx - INFO - HTTP Request: GET http://localhost:19398/heap/unmerged "HTTP/1.1 200 OK"
2026-04-21 22:41:29,187 - httpx - INFO - HTTP Request: POST http://localhost:19351/heap-written "HTTP/1.1 200 OK"
2026-04-21 22:41:29,188 - httpx - INFO - HTTP Request: POST http://localhost:19351/allocate_page "HTTP/1.1 200 OK"
2026-04-21 22:41:29,188 - httpx - INFO - HTTP Request: POST http://localhost:19373/heap/append "HTTP/1.1 200 OK"
2026-04-21 22:41:29,189 - httpx - INFO - HTTP Request: POST http://localhost:19351/allocate_page "HTTP/1.1 200 OK"
2026-04-21 22:41:29,485 - httpx - INFO - HTTP Request: GET http://localhost:19351/task?agent_id=221a3768 "HTTP/1.1 200 OK"
2026-04-21 22:41:29,491 - httpx - INFO - HTTP Request: GET http://localhost:19351/task?agent_id=e07b58b0 "HTTP/1.1 200 OK"
2026-04-21 22:41:29,495 - httpx - INFO - HTTP Request: GET http://localhost:19403/heap/unmerged "HTTP/1.1 200 OK"
2026-04-21 22:41:29,495 - httpx - INFO - HTTP Request: POST http://localhost:19351/heap-written "HTTP/1.1 200 OK"
2026-04-21 22:41:29,497 - httpx - INFO - HTTP Request: POST http://localhost:19494/heap/append "HTTP/1.1 200 OK"
2026-04-21 22:41:29,595 - httpx - INFO - HTTP Request: POST http://localhost:19351/heap-written "HTTP/1.1 200 OK"
2026-04-21 22:41:29,711 - httpx - INFO - HTTP Request: POST http://localhost:19351/heap-written "HTTP/1.1 200 OK"
2026-04-21 22:41:29,714 - httpx - INFO - HTTP Request: GET http://localhost:19426/heap/unmerged "HTTP/1.1 200 OK"
2026-04-21 22:41:30,965 - httpx - INFO - HTTP Request: GET http://localhost:19443/heap/unmerged "HTTP/1.1 200 OK"
2026-04-21 22:41:31,205 - httpx - INFO - HTTP Request: GET http://localhost:19351/task?agent_id=8b461f3d "HTTP/1.1 200 OK"
2026-04-21 22:41:31,208 - httpx - INFO - HTTP Request: POST http://localhost:19351/allocate_page "HTTP/1.1 200 OK"
2026-04-21 22:41:31,210 - httpx - INFO - HTTP Request: POST http://localhost:19351/allocate_page "HTTP/1.1 200 OK"
2026-04-21 22:41:31,222 - httpx - INFO - HTTP Request: POST http://localhost:19398/heap/append "HTTP/1.1 200 OK"
2026-04-21 22:41:31,223 - httpx - INFO - HTTP Request: POST http://localhost:19353/heap/append "HTTP/1.1 200 OK"
2026-04-21 22:41:31,223 - httpx - INFO - HTTP Request: POST http://localhost:19403/heap/append "HTTP/1.1 200 OK"
2026-04-21 22:41:31,224 - httpx - INFO - HTTP Request: POST http://localhost:19387/heap/append "HTTP/1.1 200 OK"
2026-04-21 22:41:31,225 - httpx - INFO - HTTP Request: POST http://localhost:19351/allocate_page "HTTP/1.1 200 OK"
2026-04-21 22:41:31,234 - httpx - INFO - HTTP Request: POST http://localhost:19351/allocate_page "HTTP/1.1 200 OK"
2026-04-21 22:41:31,234 - httpx - INFO - HTTP Request: POST http://localhost:19351/allocate_page "HTTP/1.1 200 OK"
2026-04-21 22:41:31,657 - httpx - INFO - HTTP Request: GET http://localhost:19351/task?agent_id=e07b58b0 "HTTP/1.1 200 OK"
2026-04-21 22:41:31,799 - httpx - INFO - HTTP Request: GET http://localhost:19457/heap/unmerged "HTTP/1.1 200 OK"
2026-04-21 22:41:33,006 - httpx - INFO - HTTP Request: POST http://localhost:19351/heap-written "HTTP/1.1 200 OK"
2026-04-21 22:41:33,007 - httpx - INFO - HTTP Request: POST http://localhost:19351/heap-written "HTTP/1.1 200 OK"
2026-04-21 22:41:33,008 - httpx - INFO - HTTP Request: POST http://localhost:19351/heap-written "HTTP/1.1 200 OK"
2026-04-21 22:41:33,008 - httpx - INFO - HTTP Request: POST http://localhost:19351/heap-written "HTTP/1.1 200 OK"
2026-04-21 22:41:33,023 - httpx - INFO - HTTP Request: GET http://localhost:19466/heap/unmerged "HTTP/1.1 200 OK"
2026-04-21 22:41:33,141 - httpx - INFO - HTTP Request: GET http://localhost:19351/task?agent_id=5b0ab4c2 "HTTP/1.1 200 OK"
2026-04-21 22:41:33,145 - httpx - INFO - HTTP Request: GET http://localhost:19351/task?agent_id=206fb109 "HTTP/1.1 200 OK"
2026-04-21 22:41:33,146 - httpx - INFO - HTTP Request: POST http://localhost:19486/heap/append "HTTP/1.1 200 OK"
2026-04-21 22:41:33,147 - httpx - INFO - HTTP Request: POST http://localhost:19373/heap/append "HTTP/1.1 200 OK"
2026-04-21 22:41:33,147 - httpx - INFO - HTTP Request: POST http://localhost:19524/heap/append "HTTP/1.1 200 OK"
2026-04-21 22:41:33,160 - httpx - INFO - HTTP Request: POST http://localhost:19351/allocate_page "HTTP/1.1 200 OK"
2026-04-21 22:41:33,160 - httpx - INFO - HTTP Request: POST http://localhost:19351/allocate_page "HTTP/1.1 200 OK"
2026-04-21 22:41:33,161 - httpx - INFO - HTTP Request: POST http://localhost:19466/heap/append "HTTP/1.1 200 OK"
2026-04-21 22:41:33,161 - httpx - INFO - HTTP Request: POST http://localhost:19494/heap/append "HTTP/1.1 200 OK"
2026-04-21 22:41:34,729 - httpx - INFO - HTTP Request: GET http://localhost:19486/heap/unmerged "HTTP/1.1 200 OK"
2026-04-21 22:41:34,990 - httpx - INFO - HTTP Request: POST http://localhost:19351/heap-written "HTTP/1.1 200 OK"
2026-04-21 22:41:34,990 - httpx - INFO - HTTP Request: POST http://localhost:19351/heap-written "HTTP/1.1 200 OK"
2026-04-21 22:41:34,991 - httpx - INFO - HTTP Request: POST http://localhost:19351/heap-written "HTTP/1.1 200 OK"
2026-04-21 22:41:35,006 - httpx - INFO - HTTP Request: GET http://localhost:19351/task?agent_id=e07b58b0 "HTTP/1.1 200 OK"
2026-04-21 22:41:35,055 - httpx - INFO - HTTP Request: GET http://localhost:19351/task?agent_id=45b1447d "HTTP/1.1 200 OK"
2026-04-21 22:41:35,056 - httpx - INFO - HTTP Request: POST http://localhost:19351/heap-written "HTTP/1.1 200 OK"
2026-04-21 22:41:35,057 - httpx - INFO - HTTP Request: POST http://localhost:19351/heap-written "HTTP/1.1 200 OK"
2026-04-21 22:41:35,070 - httpx - INFO - HTTP Request: GET http://localhost:19351/task?agent_id=823eaa27 "HTTP/1.1 200 OK"
2026-04-21 22:41:35,072 - httpx - INFO - HTTP Request: POST http://localhost:19351/allocate_page "HTTP/1.1 200 OK"
2026-04-21 22:41:35,072 - httpx - INFO - HTTP Request: POST http://localhost:19351/allocate_page "HTTP/1.1 200 OK"
2026-04-21 22:41:35,075 - httpx - INFO - HTTP Request: POST http://localhost:19351/allocate_page "HTTP/1.1 200 OK"
2026-04-21 22:41:35,078 - httpx - INFO - HTTP Request: POST http://localhost:19403/heap/append "HTTP/1.1 200 OK"
2026-04-21 22:41:35,080 - httpx - INFO - HTTP Request: POST http://localhost:19387/heap/append "HTTP/1.1 200 OK"
2026-04-21 22:41:35,090 - httpx - INFO - HTTP Request: GET http://localhost:19494/heap/unmerged "HTTP/1.1 200 OK"
2026-04-21 22:41:35,621 - httpx - INFO - HTTP Request: POST http://localhost:19351/heap-written "HTTP/1.1 200 OK"
2026-04-21 22:41:35,625 - httpx - INFO - HTTP Request: POST http://localhost:19351/heap-written "HTTP/1.1 200 OK"
2026-04-21 22:41:35,629 - httpx - INFO - HTTP Request: GET http://localhost:19524/heap/unmerged "HTTP/1.1 200 OK"
2026-04-21 22:41:35,631 - httpx - INFO - HTTP Request: POST http://localhost:19486/heap/append "HTTP/1.1 200 OK"
2026-04-21 22:41:35,770 - httpx - INFO - HTTP Request: POST http://localhost:19524/heap/append "HTTP/1.1 200 OK"
2026-04-21 22:41:37,007 - httpx - INFO - HTTP Request: GET http://localhost:20068/heap/unmerged "HTTP/1.1 200 OK"
2026-04-21 22:41:37,116 - httpx - INFO - HTTP Request: POST http://localhost:19351/heap-written "HTTP/1.1 200 OK"
2026-04-21 22:41:37,197 - httpx - INFO - HTTP Request: GET http://localhost:19351/task?agent_id=269662a6 "HTTP/1.1 200 OK"
2026-04-21 22:41:37,197 - httpx - INFO - HTTP Request: GET http://localhost:19351/task?agent_id=1899dd93 "HTTP/1.1 200 OK"
2026-04-21 22:41:37,199 - httpx - INFO - HTTP Request: POST http://localhost:19351/heap-written "HTTP/1.1 200 OK"
2026-04-21 22:41:37,200 - httpx - INFO - HTTP Request: POST http://localhost:19466/heap/append "HTTP/1.1 200 OK"
2026-04-21 22:41:37,213 - httpx - INFO - HTTP Request: GET http://localhost:19351/task?agent_id=91abe0a0 "HTTP/1.1 200 OK"
2026-04-21 22:41:37,215 - httpx - INFO - HTTP Request: GET http://localhost:19351/task?agent_id=f7470fa0 "HTTP/1.1 200 OK"
2026-04-21 22:41:37,410 - httpx - INFO - HTTP Request: GET http://localhost:19351/task?agent_id=e07b58b0 "HTTP/1.1 200 OK"
2026-04-21 22:41:37,413 - httpx - INFO - HTTP Request: POST http://localhost:19351/allocate_page "HTTP/1.1 200 OK"
2026-04-21 22:41:37,416 - httpx - INFO - HTTP Request: GET http://localhost:20095/heap/unmerged "HTTP/1.1 200 OK"
2026-04-21 22:41:37,513 - httpx - INFO - HTTP Request: POST http://localhost:19351/heap-written "HTTP/1.1 200 OK"
2026-04-21 22:41:37,522 - httpx - INFO - HTTP Request: GET http://localhost:20116/heap/unmerged "HTTP/1.1 200 OK"
2026-04-21 22:41:37,997 - httpx - INFO - HTTP Request: GET http://localhost:19351/task?agent_id=3ff882e7 "HTTP/1.1 200 OK"
2026-04-21 22:41:38,001 - httpx - INFO - HTTP Request: POST http://localhost:20068/heap/append "HTTP/1.1 200 OK"
2026-04-21 22:41:38,098 - httpx - INFO - HTTP Request: POST http://localhost:19351/heap-written "HTTP/1.1 200 OK"
2026-04-21 22:41:38,859 - httpx - INFO - HTTP Request: GET http://localhost:19351/task?agent_id=e07b58b0 "HTTP/1.1 200 OK"
2026-04-21 22:41:38,862 - httpx - INFO - HTTP Request: POST http://localhost:19351/allocate_page "HTTP/1.1 200 OK"
2026-04-21 22:41:39,180 - httpx - INFO - HTTP Request: POST http://localhost:20068/heap/append "HTTP/1.1 200 OK"
2026-04-21 22:41:39,309 - httpx - INFO - HTTP Request: POST http://localhost:19351/heap-written "HTTP/1.1 200 OK"
2026-04-21 22:41:39,636 - httpx - INFO - HTTP Request: GET http://localhost:19351/task?agent_id=e07b58b0 "HTTP/1.1 200 OK"
2026-04-21 22:41:39,640 - httpx - INFO - HTTP Request: GET http://localhost:19351/task?agent_id=d620df34 "HTTP/1.1 200 OK"
2026-04-21 22:41:40,365 - httpx - INFO - HTTP Request: GET http://localhost:19351/task?agent_id=e07b58b0 "HTTP/1.1 200 OK"
2026-04-21 22:41:40,991 - httpx - INFO - HTTP Request: GET http://localhost:19351/task?agent_id=e07b58b0 "HTTP/1.1 200 OK"
2026-04-21 22:41:41,705 - httpx - INFO - HTTP Request: POST http://localhost:19351/allocate_page "HTTP/1.1 200 OK"
2026-04-21 22:41:41,708 - httpx - INFO - HTTP Request: GET http://localhost:19351/task?agent_id=e07b58b0 "HTTP/1.1 200 OK"
2026-04-21 22:41:42,012 - httpx - INFO - HTTP Request: POST http://localhost:20095/heap/append "HTTP/1.1 200 OK"
2026-04-21 22:41:42,335 - httpx - INFO - HTTP Request: POST http://localhost:19351/heap-written "HTTP/1.1 200 OK"
2026-04-21 22:41:42,339 - httpx - INFO - HTTP Request: POST http://localhost:19351/allocate_page "HTTP/1.1 200 OK"
2026-04-21 22:41:42,343 - httpx - INFO - HTTP Request: GET http://localhost:19351/task?agent_id=e07b58b0 "HTTP/1.1 200 OK"
2026-04-21 22:41:42,667 - httpx - INFO - HTTP Request: POST http://localhost:20095/heap/append "HTTP/1.1 200 OK"
2026-04-21 22:41:42,777 - httpx - INFO - HTTP Request: POST http://localhost:19351/heap-written "HTTP/1.1 200 OK"
2026-04-21 22:41:43,377 - httpx - INFO - HTTP Request: GET http://localhost:19351/task?agent_id=9f005100 "HTTP/1.1 200 OK"
2026-04-21 22:41:43,378 - httpx - INFO - HTTP Request: POST http://localhost:19351/allocate_page "HTTP/1.1 200 OK"
2026-04-21 22:41:43,383 - httpx - INFO - HTTP Request: GET http://localhost:43249/health "HTTP/1.1 200 OK"
2026-04-21 22:41:43,384 - httpx - INFO - HTTP Request: GET http://localhost:19351/task?agent_id=e07b58b0 "HTTP/1.1 200 OK"
2026-04-21 22:41:43,384 - httpx - INFO - HTTP Request: POST http://localhost:19351/allocate_page "HTTP/1.1 200 OK"
2026-04-21 22:41:43,846 - httpx - INFO - HTTP Request: GET http://localhost:19351/active_pages "HTTP/1.1 200 OK"
2026-04-21 22:41:43,855 - httpx - INFO - HTTP Request: POST http://localhost:19457/heap/append "HTTP/1.1 200 OK"
2026-04-21 22:41:43,856 - httpx - INFO - HTTP Request: POST http://localhost:19443/heap/append "HTTP/1.1 200 OK"
[BFF] 读取PublicMemory (物理路径): /mnt/d/collections2026/phd_application/nanobot1/milestone2/data/public_memory/public_memory.jsonl, top_k=2
[BFF] 读取PublicMemory完成: 92 条记录
[BFF] 获取Agent 31877661 堆段: 1 条
[BFF] 获取Agent c01d46ac 堆段: 0 条
[BFF] 读取PublicMemory (物理路径): /mnt/d/collections2026/phd_application/nanobot1/milestone2/data/public_memory/public_memory.jsonl, top_k=2
[BFF] 读取PublicMemory完成: 92 条记录
[BFF] 读取PublicMemory (物理路径): /mnt/d/collections2026/phd_application/nanobot1/milestone2/data/public_memory/public_memory.jsonl, top_k=2
[BFF] 读取PublicMemory完成: 92 条记录
[BFF] 获取Agent 45b1447d 堆段: 0 条
[BFF] 获取Agent b076818a 堆段: 1 条
[BFF] all-unmerged 请求正在进行，等待完成...
[BFF] 获取Agent 269662a6 堆段: 0 条
[BFF] 读取PublicMemory (物理路径): /mnt/d/collections2026/phd_application/nanobot1/milestone2/data/public_memory/public_memory.jsonl, top_k=2
[BFF] 读取PublicMemory完成: 92 条记录
[BFF] 读取PublicMemory (物理路径): /mnt/d/collections2026/phd_application/nanobot1/milestone2/data/public_memory/public_memory.jsonl, top_k=2
[BFF] 读取PublicMemory完成: 92 条记录
[BFF] all-unmerged 请求正在进行，等待完成...
[BFF] all-unmerged 请求正在进行，等待完成...
[BFF] all-unmerged 请求正在进行，等待完成...
[BFF] all-unmerged 请求正在进行，等待完成...
[BFF] all-unmerged 请求正在进行，等待完成...
[BFF] 获取Agent 5b0ab4c2 堆段: 1 条
[BFF] 读取PublicMemory (物理路径): /mnt/d/collections2026/phd_application/nanobot1/milestone2/data/public_memory/public_memory.jsonl, top_k=2
[BFF] 读取PublicMemory完成: 92 条记录
[BFF] all-unmerged 请求正在进行，等待完成...
[BFF] 获取Agent 1899dd93 堆段: 0 条
[BFF] all-unmerged 请求正在进行，等待完成...
[BFF] all-unmerged 请求正在进行，等待完成...
[BFF] 获取Agent 8b461f3d 堆段: 2 条
[BFF] 读取PublicMemory (物理路径): /mnt/d/collections2026/phd_application/nanobot1/milestone2/data/public_memory/public_memory.jsonl, top_k=2
[BFF] 读取PublicMemory完成: 92 条记录
[BFF] all-unmerged 请求正在进行，等待完成...
[BFF] 读取PublicMemory (物理路径): /mnt/d/collections2026/phd_application/nanobot1/milestone2/data/public_memory/public_memory.jsonl, top_k=2
[BFF] 读取PublicMemory完成: 92 条记录
[BFF] 读取PublicMemory (物理路径): /mnt/d/collections2026/phd_application/nanobot1/milestone2/data/public_memory/public_memory.jsonl, top_k=2
[BFF] 读取PublicMemory完成: 92 条记录
[BFF] 读取PublicMemory (物理路径): /mnt/d/collections2026/phd_application/nanobot1/milestone2/data/public_memory/public_memory.jsonl, top_k=2
[BFF] 读取PublicMemory完成: 92 条记录
[BFF] 获取Agent cd956f8c 堆段: 2 条
[BFF] 获取Agent 4f4a09ef 堆段: 0 条
[BFF] 读取PublicMemory (物理路径): /mnt/d/collections2026/phd_application/nanobot1/milestone2/data/public_memory/public_memory.jsonl, top_k=2
[BFF] 读取PublicMemory完成: 92 条记录
[BFF] 读取PublicMemory (物理路径): /mnt/d/collections2026/phd_application/nanobot1/milestone2/data/public_memory/public_memory.jsonl, top_k=2
[BFF] 读取PublicMemory完成: 92 条记录
[BFF] 获取Agent 3ff882e7 堆段: 0 条
[BFF] 读取PublicMemory (物理路径): /mnt/d/collections2026/phd_application/nanobot1/milestone2/data/public_memory/public_memory.jsonl, top_k=2
[BFF] 读取PublicMemory完成: 92 条记录
[BFF] 读取PublicMemory (物理路径): /mnt/d/collections2026/phd_application/nanobot1/milestone2/data/public_memory/public_memory.jsonl, top_k=2
[BFF] 读取PublicMemory完成: 92 条记录
[BFF] 获取Agent 91abe0a0 堆段: 1 条
[BFF] 获取Agent 823eaa27 堆段: 2 条
[BFF] 获取Agent f7470fa0 堆段: 1 条
[BFF] all-unmerged 请求正在进行，等待完成...
[BFF] all-unmerged 请求正在进行，等待完成...
[BFF] 读取PublicMemory (物理路径): /mnt/d/collections2026/phd_application/nanobot1/milestone2/data/public_memory/public_memory.jsonl, top_k=2
[BFF] 读取PublicMemory完成: 92 条记录
[BFF] 读取PublicMemory (物理路径): /mnt/d/collections2026/phd_application/nanobot1/milestone2/data/public_memory/public_memory.jsonl, top_k=2
[BFF] 读取PublicMemory完成: 92 条记录
[BFF] 读取PublicMemory (物理路径): /mnt/d/collections2026/phd_application/nanobot1/milestone2/data/public_memory/public_memory.jsonl, top_k=2
[BFF] 读取PublicMemory完成: 92 条记录
[BFF] 获取Agent d620df34 堆段: 2 条
[BFF] all-unmerged 请求正在进行，等待完成...
[BFF] all-unmerged 请求正在进行，等待完成...
[BFF] 获取Agent 9f005100 堆段: 2 条
[BFF] all-unmerged 请求正在进行，等待完成...
[BFF] 获取Agent 221a3768 堆段: 2 条
[BFF] all-unmerged 获取完成: 17 条
[BFF] 读取PublicMemory (物理路径): /mnt/d/collections2026/phd_application/nanobot1/milestone2/data/public_memory/public_memory.jsonl, top_k=2
[BFF] 读取PublicMemory完成: 92 条记录
[BFF] 读取PublicMemory (物理路径): /mnt/d/collections2026/phd_application/nanobot1/milestone2/data/public_memory/public_memory.jsonl, top_k=2
[BFF] 读取PublicMemory完成: 92 条记录
[BFF] 读取PublicMemory (物理路径): /mnt/d/collections2026/phd_application/nanobot1/milestone2/data/public_memory/public_memory.jsonl, top_k=2
[BFF] 读取PublicMemory完成: 92 条记录
[BFF] 读取PublicMemory (物理路径): /mnt/d/collections2026/phd_application/nanobot1/milestone2/data/public_memory/public_memory.jsonl, top_k=2
[BFF] 读取PublicMemory完成: 92 条记录
[BFF] 读取PublicMemory (物理路径): /mnt/d/collections2026/phd_application/nanobot1/milestone2/data/public_memory/public_memory.jsonl, top_k=2
[BFF] 读取PublicMemory完成: 92 条记录
[BFF] all-unmerged 命中缓存: 17 条 (缓存剩余 4.4s)
[BFF] 创建Consolidator容器...
[BFF] 读取PublicMemory (物理路径): /mnt/d/collections2026/phd_application/nanobot1/milestone2/data/public_memory/public_memory.jsonl, top_k=2
[BFF] 读取PublicMemory完成: 92 条记录
[BFF] 读取PublicMemory (物理路径): /mnt/d/collections2026/phd_application/nanobot1/milestone2/data/public_memory/public_memory.jsonl, top_k=2
[BFF] 读取PublicMemory完成: 92 条记录
[BFF] 读取PublicMemory (物理路径): /mnt/d/collections2026/phd_application/nanobot1/milestone2/data/public_memory/public_memory.jsonl, top_k=2
[BFF] 读取PublicMemory完成: 92 条记录
[BFF] 读取PublicMemory (物理路径): /mnt/d/collections2026/phd_application/nanobot1/milestone2/data/public_memory/public_memory.jsonl, top_k=2
[BFF] 读取PublicMemory完成: 92 条记录
[BFF] 读取PublicMemory (物理路径): /mnt/d/collections2026/phd_application/nanobot1/milestone2/data/public_memory/public_memory.jsonl, top_k=2
[BFF] 读取PublicMemory完成: 92 条记录
[BFF] 读取PublicMemory (物理路径): /mnt/d/collections2026/phd_application/nanobot1/milestone2/data/public_memory/public_memory.jsonl, top_k=2
[BFF] 读取PublicMemory完成: 92 条记录
[BFF] 读取PublicMemory (物理路径): /mnt/d/collections2026/phd_application/nanobot1/milestone2/data/public_memory/public_memory.jsonl, top_k=2
[BFF] 读取PublicMemory完成: 92 条记录
[BFF] 读取PublicMemory (物理路径): /mnt/d/collections2026/phd_application/nanobot1/milestone2/data/public_memory/public_memory.jsonl, top_k=2
[BFF] 读取PublicMemory完成: 92 条记录
[Orchestrator] Container consolidator_3fb07a12 is ready
[Orchestrator] Created container consolidator_3fb07a12
[BFF] Consolidator容器已创建: 3fb07a12
[BFF] Consolidator容器已创建: 3fb07a12
[BFF] Consolidator容器已创建: 3fb07a12
[BFF] 转发合并请求到Consolidator: http://localhost:43249/execute_merge
[BFF] 读取PublicMemory (物理路径): /mnt/d/collections2026/phd_application/nanobot1/milestone2/data/public_memory/public_memory.jsonl, top_k=2
[BFF] 读取PublicMemory完成: 92 条记录
[BFF] 读取PublicMemory (物理路径): /mnt/d/collections2026/phd_application/nanobot1/milestone2/data/public_memory/public_memory.jsonl, top_k=2
[BFF] 读取PublicMemory完成: 92 条记录
2026-04-21 22:41:44,498 - httpx - INFO - HTTP Request: POST http://localhost:19351/heap-written "HTTP/1.1 200 OK"
2026-04-21 22:41:44,501 - httpx - INFO - HTTP Request: POST http://localhost:19351/heap-written "HTTP/1.1 200 OK"
2026-04-21 22:41:44,504 - httpx - INFO - HTTP Request: POST http://localhost:19351/allocate_page "HTTP/1.1 200 OK"
2026-04-21 22:41:44,509 - httpx - INFO - HTTP Request: POST http://localhost:19351/allocate_page "HTTP/1.1 200 OK"
2026-04-21 22:41:44,511 - httpx - INFO - HTTP Request: GET http://localhost:19351/task?agent_id=e07b58b0 "HTTP/1.1 200 OK"
2026-04-21 22:41:44,515 - httpx - INFO - HTTP Request: POST http://localhost:19351/allocate_page "HTTP/1.1 200 OK"
2026-04-21 22:41:45,163 - httpx - INFO - HTTP Request: POST http://localhost:19457/heap/append "HTTP/1.1 200 OK"
2026-04-21 22:41:45,164 - httpx - INFO - HTTP Request: POST http://localhost:19362/heap/append "HTTP/1.1 200 OK"
2026-04-21 22:41:45,439 - httpx - INFO - HTTP Request: POST http://localhost:19443/heap/append "HTTP/1.1 200 OK"
2026-04-21 22:41:45,899 - httpx - INFO - HTTP Request: POST http://localhost:19351/allocate_page "HTTP/1.1 200 OK"
2026-04-21 22:41:46,233 - httpx - INFO - HTTP Request: POST http://localhost:19351/heap-written "HTTP/1.1 200 OK"
2026-04-21 22:41:46,319 - httpx - INFO - HTTP Request: POST http://localhost:19351/heap-written "HTTP/1.1 200 OK"
2026-04-21 22:41:46,324 - httpx - INFO - HTTP Request: GET http://localhost:19351/task?agent_id=e07b58b0 "HTTP/1.1 200 OK"
2026-04-21 22:41:46,325 - httpx - INFO - HTTP Request: GET http://localhost:19351/task?agent_id=4f4a09ef "HTTP/1.1 200 OK"
2026-04-21 22:41:46,328 - httpx - INFO - HTTP Request: POST http://localhost:19351/allocate_page "HTTP/1.1 200 OK"
2026-04-21 22:41:46,335 - httpx - INFO - HTTP Request: POST http://localhost:19351/heap-written "HTTP/1.1 200 OK"
2026-04-21 22:41:46,340 - httpx - INFO - HTTP Request: GET http://localhost:19351/task?agent_id=cd956f8c "HTTP/1.1 200 OK"
2026-04-21 22:41:46,343 - httpx - INFO - HTTP Request: POST http://localhost:19351/mark_pages_merged "HTTP/1.1 200 OK"
2026-04-21 22:41:46,347 - httpx - INFO - HTTP Request: POST http://localhost:19384/heap/append "HTTP/1.1 200 OK"
2026-04-21 22:41:48,981 - httpx - INFO - HTTP Request: POST http://localhost:19351/heap-written "HTTP/1.1 200 OK"
2026-04-21 22:41:48,984 - httpx - INFO - HTTP Request: POST http://localhost:19443/heap/mark-merged "HTTP/1.1 200 OK"
2026-04-21 22:41:48,990 - httpx - INFO - HTTP Request: POST http://localhost:20095/heap/mark-merged "HTTP/1.1 200 OK"
2026-04-21 22:41:48,995 - httpx - INFO - HTTP Request: POST http://localhost:19384/heap/mark-merged "HTTP/1.1 200 OK"
2026-04-21 22:41:49,001 - httpx - INFO - HTTP Request: POST http://localhost:20116/heap/mark-merged "HTTP/1.1 200 OK"
2026-04-21 22:41:49,001 - httpx - INFO - HTTP Request: POST http://localhost:19486/heap/mark-merged "HTTP/1.1 200 OK"
2026-04-21 22:41:49,002 - httpx - INFO - HTTP Request: POST http://localhost:19524/heap/mark-merged "HTTP/1.1 200 OK"
2026-04-21 22:41:49,003 - httpx - INFO - HTTP Request: POST http://localhost:19494/heap/mark-merged "HTTP/1.1 200 OK"
2026-04-21 22:41:49,003 - httpx - INFO - HTTP Request: POST http://localhost:19387/heap/mark-merged "HTTP/1.1 200 OK"
2026-04-21 22:41:49,004 - httpx - INFO - HTTP Request: POST http://localhost:19426/heap/mark-merged "HTTP/1.1 200 OK"
2026-04-21 22:41:49,004 - httpx - INFO - HTTP Request: POST http://localhost:19373/heap/mark-merged "HTTP/1.1 200 OK"
2026-04-21 22:41:49,005 - httpx - INFO - HTTP Request: POST http://localhost:19466/heap/mark-merged "HTTP/1.1 200 OK"
2026-04-21 22:41:49,005 - httpx - INFO - HTTP Request: POST http://localhost:19457/heap/mark-merged "HTTP/1.1 200 OK"
2026-04-21 22:41:49,005 - httpx - INFO - HTTP Request: POST http://localhost:19353/heap/mark-merged "HTTP/1.1 200 OK"
2026-04-21 22:41:49,006 - httpx - INFO - HTTP Request: POST http://localhost:20068/heap/mark-merged "HTTP/1.1 200 OK"
2026-04-21 22:41:49,006 - httpx - INFO - HTTP Request: POST http://localhost:19403/heap/mark-merged "HTTP/1.1 200 OK"
2026-04-21 22:41:49,007 - httpx - INFO - HTTP Request: POST http://localhost:19356/heap/mark-merged "HTTP/1.1 200 OK"
2026-04-21 22:41:49,007 - httpx - INFO - HTTP Request: POST http://localhost:19357/heap/mark-merged "HTTP/1.1 200 OK"
2026-04-21 22:41:49,009 - httpx - INFO - HTTP Request: POST http://localhost:19398/heap/mark-merged "HTTP/1.1 200 OK"
2026-04-21 22:41:49,034 - httpx - INFO - HTTP Request: POST http://localhost:19351/allocate_page "HTTP/1.1 200 OK"
2026-04-21 22:41:49,037 - httpx - INFO - HTTP Request: POST http://localhost:19351/allocate_page "HTTP/1.1 200 OK"
2026-04-21 22:41:49,039 - httpx - INFO - HTTP Request: POST http://localhost:19362/heap/append "HTTP/1.1 200 OK"
2026-04-21 22:41:49,044 - httpx - INFO - HTTP Request: POST http://localhost:43249/execute_merge "HTTP/1.1 200 OK"
2026-04-21 22:41:49,048 - httpx - INFO - HTTP Request: GET http://localhost:19351/task?agent_id=e07b58b0 "HTTP/1.1 200 OK"
2026-04-21 22:41:49,807 - httpx - INFO - HTTP Request: POST http://localhost:19351/allocate_page "HTTP/1.1 200 OK"
2026-04-21 22:41:49,808 - httpx - INFO - HTTP Request: POST http://localhost:19351/heap-written "HTTP/1.1 200 OK"
2026-04-21 22:41:49,817 - httpx - INFO - HTTP Request: POST http://localhost:19494/heap/append "HTTP/1.1 200 OK"
2026-04-21 22:41:49,819 - httpx - INFO - HTTP Request: GET http://localhost:19351/task?agent_id=c01d46ac "HTTP/1.1 200 OK"
2026-04-21 22:41:49,821 - httpx - INFO - HTTP Request: GET http://localhost:19353/heap/unmerged "HTTP/1.1 200 OK"
2026-04-21 22:41:49,822 - httpx - INFO - HTTP Request: POST http://localhost:19384/heap/append "HTTP/1.1 200 OK"
2026-04-21 22:41:49,927 - httpx - INFO - HTTP Request: POST http://localhost:19351/allocate_page "HTTP/1.1 200 OK"
2026-04-21 22:41:50,552 - httpx - INFO - HTTP Request: GET http://localhost:19356/heap/unmerged "HTTP/1.1 200 OK"
2026-04-21 22:41:51,091 - httpx - INFO - HTTP Request: POST http://localhost:19351/heap-written "HTTP/1.1 200 OK"
2026-04-21 22:41:51,092 - httpx - INFO - HTTP Request: POST http://localhost:19351/heap-written "HTTP/1.1 200 OK"
2026-04-21 22:41:51,418 - httpx - INFO - HTTP Request: GET http://localhost:19351/task?agent_id=e07b58b0 "HTTP/1.1 200 OK"
2026-04-21 22:41:51,470 - httpx - INFO - HTTP Request: POST http://localhost:19466/heap/append "HTTP/1.1 200 OK"
2026-04-21 22:41:51,470 - httpx - INFO - HTTP Request: POST http://localhost:19351/allocate_page "HTTP/1.1 200 OK"
2026-04-21 22:41:51,483 - httpx - INFO - HTTP Request: GET http://localhost:19351/task?agent_id=b076818a "HTTP/1.1 200 OK"
2026-04-21 22:41:51,486 - httpx - INFO - HTTP Request: POST http://localhost:19351/allocate_page "HTTP/1.1 200 OK"
2026-04-21 22:41:51,487 - httpx - INFO - HTTP Request: POST http://localhost:19356/heap/append "HTTP/1.1 200 OK"
2026-04-21 22:41:51,487 - httpx - INFO - HTTP Request: GET http://localhost:19357/heap/unmerged "HTTP/1.1 200 OK"
2026-04-21 22:41:51,787 - httpx - INFO - HTTP Request: POST http://localhost:19351/allocate_page "HTTP/1.1 200 OK"
2026-04-21 22:41:51,788 - httpx - INFO - HTTP Request: GET http://localhost:19351/active_pages "HTTP/1.1 200 OK"
2026-04-21 22:41:51,807 - httpx - INFO - HTTP Request: POST http://localhost:19351/heap-written "HTTP/1.1 200 OK"
2026-04-21 22:41:51,811 - httpx - INFO - HTTP Request: POST http://localhost:19351/heap-written "HTTP/1.1 200 OK"
2026-04-21 22:41:51,814 - httpx - INFO - HTTP Request: GET http://localhost:19362/heap/unmerged "HTTP/1.1 200 OK"
2026-04-21 22:41:51,918 - httpx - INFO - HTTP Request: GET http://localhost:19373/heap/unmerged "HTTP/1.1 200 OK"
2026-04-21 22:41:53,069 - httpx - INFO - HTTP Request: GET http://localhost:19384/heap/unmerged "HTTP/1.1 200 OK"
2026-04-21 22:41:53,189 - httpx - INFO - HTTP Request: POST http://localhost:19351/allocate_page "HTTP/1.1 200 OK"
2026-04-21 22:41:53,190 - httpx - INFO - HTTP Request: POST http://localhost:19351/allocate_page "HTTP/1.1 200 OK"
2026-04-21 22:41:53,193 - httpx - INFO - HTTP Request: POST http://localhost:19351/allocate_page "HTTP/1.1 200 OK"
2026-04-21 22:41:53,194 - httpx - INFO - HTTP Request: POST http://localhost:19351/allocate_page "HTTP/1.1 200 OK"
2026-04-21 22:41:53,194 - httpx - INFO - HTTP Request: POST http://localhost:19373/heap/append "HTTP/1.1 200 OK"
2026-04-21 22:41:53,195 - httpx - INFO - HTTP Request: POST http://localhost:19494/heap/append "HTTP/1.1 200 OK"
2026-04-21 22:41:53,195 - httpx - INFO - HTTP Request: POST http://localhost:19353/heap/append "HTTP/1.1 200 OK"
2026-04-21 22:41:53,210 - httpx - INFO - HTTP Request: GET http://localhost:19351/task?agent_id=e07b58b0 "HTTP/1.1 200 OK"
2026-04-21 22:41:53,510 - httpx - INFO - HTTP Request: POST http://localhost:19351/mark_pages_merged "HTTP/1.1 200 OK"
2026-04-21 22:41:53,513 - httpx - INFO - HTTP Request: POST http://localhost:19351/heap-written "HTTP/1.1 200 OK"
2026-04-21 22:41:53,514 - httpx - INFO - HTTP Request: POST http://localhost:19351/heap-written "HTTP/1.1 200 OK"
2026-04-21 22:41:53,515 - httpx - INFO - HTTP Request: POST http://localhost:19351/heap-written "HTTP/1.1 200 OK"
2026-04-21 22:41:53,528 - httpx - INFO - HTTP Request: GET http://localhost:19387/heap/unmerged "HTTP/1.1 200 OK"
2026-04-21 22:41:56,134 - httpx - INFO - HTTP Request: GET http://localhost:19398/heap/unmerged "HTTP/1.1 200 OK"
2026-04-21 22:41:56,136 - httpx - INFO - HTTP Request: POST http://localhost:19457/heap/mark-merged "HTTP/1.1 200 OK"
2026-04-21 22:41:56,377 - httpx - INFO - HTTP Request: POST http://localhost:19351/allocate_page "HTTP/1.1 200 OK"
2026-04-21 22:41:56,378 - httpx - INFO - HTTP Request: POST http://localhost:19466/heap/mark-merged "HTTP/1.1 200 OK"
2026-04-21 22:41:56,379 - httpx - INFO - HTTP Request: POST http://localhost:19356/heap/mark-merged "HTTP/1.1 200 OK"
2026-04-21 22:41:56,379 - httpx - INFO - HTTP Request: POST http://localhost:19356/heap/append "HTTP/1.1 200 OK"
2026-04-21 22:41:56,380 - httpx - INFO - HTTP Request: POST http://localhost:19373/heap/mark-merged "HTTP/1.1 200 OK"
2026-04-21 22:41:56,384 - httpx - INFO - HTTP Request: POST http://localhost:19494/heap/mark-merged "HTTP/1.1 200 OK"
2026-04-21 22:41:56,386 - httpx - INFO - HTTP Request: POST http://localhost:19426/heap/append "HTTP/1.1 200 OK"
2026-04-21 22:41:56,387 - httpx - INFO - HTTP Request: POST http://localhost:20068/heap/append "HTTP/1.1 200 OK"
2026-04-21 22:41:56,387 - httpx - INFO - HTTP Request: POST http://localhost:19353/heap/mark-merged "HTTP/1.1 200 OK"
2026-04-21 22:41:56,388 - httpx - INFO - HTTP Request: POST http://localhost:19384/heap/mark-merged "HTTP/1.1 200 OK"
2026-04-21 22:41:56,388 - httpx - INFO - HTTP Request: POST http://localhost:19362/heap/mark-merged "HTTP/1.1 200 OK"
2026-04-21 22:41:56,389 - httpx - INFO - HTTP Request: POST http://localhost:19443/heap/mark-merged "HTTP/1.1 200 OK"
2026-04-21 22:41:56,397 - httpx - INFO - HTTP Request: GET http://localhost:19351/task?agent_id=823eaa27 "HTTP/1.1 200 OK"
2026-04-21 22:41:56,745 - httpx - INFO - HTTP Request: POST http://localhost:19351/allocate_page "HTTP/1.1 200 OK"
2026-04-21 22:41:56,746 - httpx - INFO - HTTP Request: POST http://localhost:19466/heap/append "HTTP/1.1 200 OK"
2026-04-21 22:41:56,756 - httpx - INFO - HTTP Request: POST http://localhost:43249/execute_merge "HTTP/1.1 200 OK"
2026-04-21 22:41:56,758 - httpx - INFO - HTTP Request: POST http://localhost:19351/allocate_page "HTTP/1.1 200 OK"
2026-04-21 22:41:56,889 - httpx - INFO - HTTP Request: POST http://localhost:19351/allocate_page "HTTP/1.1 200 OK"
2026-04-21 22:41:57,459 - httpx - INFO - HTTP Request: POST http://localhost:19351/allocate_page "HTTP/1.1 200 OK"
2026-04-21 22:41:57,570 - httpx - INFO - HTTP Request: GET http://localhost:19351/task?agent_id=e07b58b0 "HTTP/1.1 200 OK"
2026-04-21 22:41:58,098 - httpx - INFO - HTTP Request: GET http://localhost:19403/heap/unmerged "HTTP/1.1 200 OK"
2026-04-21 22:41:58,401 - httpx - INFO - HTTP Request: POST http://localhost:19351/heap-written "HTTP/1.1 200 OK"
2026-04-21 22:41:58,402 - httpx - INFO - HTTP Request: POST http://localhost:19351/heap-written "HTTP/1.1 200 OK"
2026-04-21 22:41:58,402 - httpx - INFO - HTTP Request: POST http://localhost:19351/heap-written "HTTP/1.1 200 OK"
2026-04-21 22:41:58,509 - httpx - INFO - HTTP Request: POST http://localhost:19351/heap-written "HTTP/1.1 200 OK"
2026-04-21 22:41:58,511 - httpx - INFO - HTTP Request: GET http://localhost:19351/task?agent_id=3e473202 "HTTP/1.1 200 OK"
2026-04-21 22:41:58,515 - httpx - INFO - HTTP Request: POST http://localhost:19351/allocate_page "HTTP/1.1 200 OK"
2026-04-21 22:41:58,517 - httpx - INFO - HTTP Request: POST http://localhost:19351/allocate_page "HTTP/1.1 200 OK"
2026-04-21 22:41:58,522 - httpx - INFO - HTTP Request: POST http://localhost:19353/heap/append "HTTP/1.1 200 OK"
2026-04-21 22:41:58,524 - httpx - INFO - HTTP Request: GET http://localhost:19351/active_pages "HTTP/1.1 200 OK"
2026-04-21 22:41:58,540 - httpx - INFO - HTTP Request: GET http://localhost:19351/task?agent_id=3ff882e7 "HTTP/1.1 200 OK"
2026-04-21 22:41:58,544 - httpx - INFO - HTTP Request: POST http://localhost:19351/allocate_page "HTTP/1.1 200 OK"
2026-04-21 22:41:58,545 - httpx - INFO - HTTP Request: POST http://localhost:19373/heap/append "HTTP/1.1 200 OK"
2026-04-21 22:41:58,547 - httpx - INFO - HTTP Request: POST http://localhost:19387/heap/append "HTTP/1.1 200 OK"
2026-04-21 22:41:58,675 - httpx - INFO - HTTP Request: POST http://localhost:19357/heap/append "HTTP/1.1 200 OK"
2026-04-21 22:41:58,676 - httpx - INFO - HTTP Request: GET http://localhost:19426/heap/unmerged "HTTP/1.1 200 OK"
2026-04-21 22:41:58,774 - httpx - INFO - HTTP Request: POST http://localhost:19524/heap/append "HTTP/1.1 200 OK"
2026-04-21 22:41:59,062 - httpx - INFO - HTTP Request: POST http://localhost:19351/allocate_page "HTTP/1.1 200 OK"
2026-04-21 22:42:00,342 - httpx - INFO - HTTP Request: POST http://localhost:19351/heap-written "HTTP/1.1 200 OK"
2026-04-21 22:42:00,438 - httpx - INFO - HTTP Request: POST http://localhost:19351/heap-written "HTTP/1.1 200 OK"
2026-04-21 22:42:00,438 - httpx - INFO - HTTP Request: POST http://localhost:19351/heap-written "HTTP/1.1 200 OK"
2026-04-21 22:42:00,439 - httpx - INFO - HTTP Request: POST http://localhost:19351/heap-written "HTTP/1.1 200 OK"
2026-04-21 22:42:00,439 - httpx - INFO - HTTP Request: GET http://localhost:19443/heap/unmerged "HTTP/1.1 200 OK"
2026-04-21 22:42:00,565 - httpx - INFO - HTTP Request: POST http://localhost:19351/heap-written "HTTP/1.1 200 OK"
2026-04-21 22:42:00,567 - httpx - INFO - HTTP Request: GET http://localhost:19351/task?agent_id=206fb109 "HTTP/1.1 200 OK"
2026-04-21 22:42:00,570 - httpx - INFO - HTTP Request: POST http://localhost:20095/heap/append "HTTP/1.1 200 OK"
2026-04-21 22:42:00,571 - httpx - INFO - HTTP Request: POST http://localhost:19426/heap/append "HTTP/1.1 200 OK"
2026-04-21 22:42:00,585 - httpx - INFO - HTTP Request: POST http://localhost:19351/allocate_page "HTTP/1.1 200 OK"
2026-04-21 22:42:00,586 - httpx - INFO - HTTP Request: POST http://localhost:20068/heap/append "HTTP/1.1 200 OK"
2026-04-21 22:42:00,589 - httpx - INFO - HTTP Request: GET http://localhost:19351/task?agent_id=45b1447d "HTTP/1.1 200 OK"
2026-04-21 22:42:00,591 - httpx - INFO - HTTP Request: GET http://localhost:19351/task?agent_id=e07b58b0 "HTTP/1.1 200 OK"
2026-04-21 22:42:00,811 - httpx - INFO - HTTP Request: POST http://localhost:19351/allocate_page "HTTP/1.1 200 OK"
2026-04-21 22:42:00,812 - httpx - INFO - HTTP Request: POST http://localhost:19351/allocate_page "HTTP/1.1 200 OK"
2026-04-21 22:42:00,813 - httpx - INFO - HTTP Request: POST http://localhost:19486/heap/append "HTTP/1.1 200 OK"
2026-04-21 22:42:00,935 - httpx - INFO - HTTP Request: POST http://localhost:19351/mark_pages_merged "HTTP/1.1 200 OK"
2026-04-21 22:42:01,038 - httpx - INFO - HTTP Request: GET http://localhost:19457/heap/unmerged "HTTP/1.1 200 OK"
2026-04-21 22:42:02,682 - httpx - INFO - HTTP Request: POST http://localhost:19351/heap-written "HTTP/1.1 200 OK"
2026-04-21 22:42:02,684 - httpx - INFO - HTTP Request: POST http://localhost:19351/heap-written "HTTP/1.1 200 OK"
2026-04-21 22:42:02,731 - httpx - INFO - HTTP Request: POST http://localhost:19351/heap-written "HTTP/1.1 200 OK"
2026-04-21 22:42:03,588 - httpx - INFO - HTTP Request: POST http://localhost:19351/heap-written "HTTP/1.1 200 OK"
2026-04-21 22:42:03,766 - httpx - INFO - HTTP Request: GET http://localhost:19466/heap/unmerged "HTTP/1.1 200 OK"
2026-04-21 22:42:03,862 - httpx - INFO - HTTP Request: POST http://localhost:20068/heap/mark-merged "HTTP/1.1 200 OK"
2026-04-21 22:42:03,868 - httpx - INFO - HTTP Request: GET http://localhost:19351/task?agent_id=8b461f3d "HTTP/1.1 200 OK"
2026-04-21 22:42:03,881 - httpx - INFO - HTTP Request: POST http://localhost:19466/heap/mark-merged "HTTP/1.1 200 OK"
2026-04-21 22:42:03,882 - httpx - INFO - HTTP Request: POST http://localhost:19357/heap/mark-merged "HTTP/1.1 200 OK"
2026-04-21 22:42:03,885 - httpx - INFO - HTTP Request: POST http://localhost:19353/heap/mark-merged "HTTP/1.1 200 OK"
2026-04-21 22:42:03,886 - httpx - INFO - HTTP Request: POST http://localhost:19426/heap/mark-merged "HTTP/1.1 200 OK"
2026-04-21 22:42:03,887 - httpx - INFO - HTTP Request: POST http://localhost:19524/heap/append "HTTP/1.1 200 OK"
2026-04-21 22:42:03,887 - httpx - INFO - HTTP Request: POST http://localhost:19351/allocate_page "HTTP/1.1 200 OK"
2026-04-21 22:42:03,888 - httpx - INFO - HTTP Request: POST http://localhost:19356/heap/mark-merged "HTTP/1.1 200 OK"
2026-04-21 22:42:03,888 - httpx - INFO - HTTP Request: POST http://localhost:19351/allocate_page "HTTP/1.1 200 OK"
2026-04-21 22:42:03,888 - httpx - INFO - HTTP Request: POST http://localhost:19387/heap/mark-merged "HTTP/1.1 200 OK"
2026-04-21 22:42:03,889 - httpx - INFO - HTTP Request: POST http://localhost:19373/heap/mark-merged "HTTP/1.1 200 OK"
2026-04-21 22:42:03,889 - httpx - INFO - HTTP Request: POST http://localhost:19524/heap/mark-merged "HTTP/1.1 200 OK"
2026-04-21 22:42:03,913 - httpx - INFO - HTTP Request: GET http://localhost:19351/task?agent_id=d620df34 "HTTP/1.1 200 OK"
2026-04-21 22:42:04,009 - httpx - INFO - HTTP Request: POST http://localhost:19351/allocate_page "HTTP/1.1 200 OK"
2026-04-21 22:42:04,010 - httpx - INFO - HTTP Request: POST http://localhost:19351/allocate_page "HTTP/1.1 200 OK"
2026-04-21 22:42:04,011 - httpx - INFO - HTTP Request: POST http://localhost:19357/heap/append "HTTP/1.1 200 OK"
2026-04-21 22:42:04,011 - httpx - INFO - HTTP Request: POST http://localhost:19387/heap/append "HTTP/1.1 200 OK"
2026-04-21 22:42:04,016 - httpx - INFO - HTTP Request: POST http://localhost:43249/execute_merge "HTTP/1.1 200 OK"
2026-04-21 22:42:04,027 - httpx - INFO - HTTP Request: GET http://localhost:19351/task?agent_id=e07b58b0 "HTTP/1.1 200 OK"
2026-04-21 22:42:04,245 - httpx - INFO - HTTP Request: GET http://localhost:19486/heap/unmerged "HTTP/1.1 200 OK"
2026-04-21 22:42:04,346 - httpx - INFO - HTTP Request: POST http://localhost:19351/heap-written "HTTP/1.1 200 OK"
2026-04-21 22:42:04,684 - httpx - INFO - HTTP Request: POST http://localhost:19351/heap-written "HTTP/1.1 200 OK"
2026-04-21 22:42:04,686 - httpx - INFO - HTTP Request: POST http://localhost:19351/heap-written "HTTP/1.1 200 OK"
2026-04-21 22:42:05,198 - httpx - INFO - HTTP Request: GET http://localhost:19494/heap/unmerged "HTTP/1.1 200 OK"
2026-04-21 22:42:05,199 - httpx - INFO - HTTP Request: GET http://localhost:19351/task?agent_id=f7470fa0 "HTTP/1.1 200 OK"
2026-04-21 22:42:05,306 - httpx - INFO - HTTP Request: POST http://localhost:19486/heap/append "HTTP/1.1 200 OK"
2026-04-21 22:42:05,307 - httpx - INFO - HTTP Request: POST http://localhost:20095/heap/append "HTTP/1.1 200 OK"
2026-04-21 22:42:05,522 - httpx - INFO - HTTP Request: GET http://localhost:19351/task?agent_id=269662a6 "HTTP/1.1 200 OK"
2026-04-21 22:42:05,523 - httpx - INFO - HTTP Request: POST http://localhost:19443/heap/append "HTTP/1.1 200 OK"
2026-04-21 22:42:05,524 - httpx - INFO - HTTP Request: POST http://localhost:20116/heap/append "HTTP/1.1 200 OK"
2026-04-21 22:42:05,533 - httpx - INFO - HTTP Request: GET http://localhost:19351/task?agent_id=31877661 "HTTP/1.1 200 OK"
2026-04-21 22:42:05,879 - httpx - INFO - HTTP Request: GET http://localhost:19524/heap/unmerged "HTTP/1.1 200 OK"
2026-04-21 22:42:06,548 - httpx - INFO - HTTP Request: POST http://localhost:19351/heap-written "HTTP/1.1 200 OK"
2026-04-21 22:42:06,549 - httpx - INFO - HTTP Request: POST http://localhost:19351/heap-written "HTTP/1.1 200 OK"
2026-04-21 22:42:06,555 - httpx - INFO - HTTP Request: GET http://localhost:19351/task?agent_id=e07b58b0 "HTTP/1.1 200 OK"
2026-04-21 22:42:06,561 - httpx - INFO - HTTP Request: POST http://localhost:19351/heap-written "HTTP/1.1 200 OK"
2026-04-21 22:42:06,562 - httpx - INFO - HTTP Request: POST http://localhost:19351/heap-written "HTTP/1.1 200 OK"
2026-04-21 22:42:06,570 - httpx - INFO - HTTP Request: GET http://localhost:19351/task?agent_id=9f005100 "HTTP/1.1 200 OK"
2026-04-21 22:42:06,571 - httpx - INFO - HTTP Request: GET http://localhost:19351/task?agent_id=91abe0a0 "HTTP/1.1 200 OK"
2026-04-21 22:42:06,585 - httpx - INFO - HTTP Request: GET http://localhost:20068/heap/unmerged "HTTP/1.1 200 OK"
2026-04-21 22:42:06,701 - httpx - INFO - HTTP Request: POST http://localhost:19351/allocate_page "HTTP/1.1 200 OK"
2026-04-21 22:42:06,702 - httpx - INFO - HTTP Request: POST http://localhost:19351/allocate_page "HTTP/1.1 200 OK"
2026-04-21 22:42:06,706 - httpx - INFO - HTTP Request: POST http://localhost:19351/allocate_page "HTTP/1.1 200 OK"
2026-04-21 22:42:06,723 - httpx - INFO - HTTP Request: GET http://localhost:20095/heap/unmerged "HTTP/1.1 200 OK"
2026-04-21 22:42:06,822 - httpx - INFO - HTTP Request: GET http://localhost:20116/heap/unmerged "HTTP/1.1 200 OK"
2026-04-21 22:42:07,375 - httpx - INFO - HTTP Request: GET http://localhost:43249/heap/unmerged "HTTP/1.1 200 OK"
2026-04-21 22:42:07,381 - httpx - INFO - HTTP Request: POST http://localhost:19398/heap/append "HTTP/1.1 200 OK"
2026-04-21 22:42:07,385 - httpx - INFO - HTTP Request: GET http://localhost:19351/task?agent_id=e07b58b0 "HTTP/1.1 200 OK"
2026-04-21 22:42:07,387 - httpx - INFO - HTTP Request: POST http://localhost:20116/heap/append "HTTP/1.1 200 OK"
2026-04-21 22:42:07,388 - httpx - INFO - HTTP Request: POST http://localhost:19443/heap/append "HTTP/1.1 200 OK"
[BFF] 读取PublicMemory (物理路径): /mnt/d/collections2026/phd_application/nanobot1/milestone2/data/public_memory/public_memory.jsonl, top_k=10000
[BFF] 读取PublicMemory完成: 92 条记录
[BFF] 读取PublicMemory (物理路径): /mnt/d/collections2026/phd_application/nanobot1/milestone2/data/public_memory/public_memory.jsonl, top_k=2
[BFF] 读取PublicMemory完成: 92 条记录
[BFF] 写入PublicMemory (物理路径): /mnt/d/collections2026/phd_application/nanobot1/milestone2/data/public_memory/public_memory.jsonl
[BFF] 原子替换PublicMemory: 117 条记录 -> /mnt/d/collections2026/phd_application/nanobot1/milestone2/data/public_memory/public_memory.jsonl
[BFF] 读取PublicMemory (物理路径): /mnt/d/collections2026/phd_application/nanobot1/milestone2/data/public_memory/public_memory.jsonl, top_k=2
[BFF] 读取PublicMemory完成: 117 条记录
[BFF] 读取PublicMemory (物理路径): /mnt/d/collections2026/phd_application/nanobot1/milestone2/data/public_memory/public_memory.jsonl, top_k=2
[BFF] 读取PublicMemory完成: 117 条记录
[BFF] 读取PublicMemory (物理路径): /mnt/d/collections2026/phd_application/nanobot1/milestone2/data/public_memory/public_memory.jsonl, top_k=2
[BFF] 读取PublicMemory完成: 117 条记录
[BFF] Consolidator合并完成: {'status': 'ok', 'original_count': 132, 'deduped_count': 117, 'removed_count': 15, 'pages_marked': 40, 'source': 'km_page_table'}
[BFF] 读取PublicMemory (物理路径): /mnt/d/collections2026/phd_application/nanobot1/milestone2/data/public_memory/public_memory.jsonl, top_k=2
[BFF] 读取PublicMemory完成: 117 条记录
[BFF] 获取Agent 206fb109 堆段: 0 条
[BFF] all-unmerged 请求正在进行，等待完成...
[BFF] Consolidator容器已存在: 3fb07a12
[BFF] 转发合并请求到Consolidator: http://localhost:43249/execute_merge
[BFF] 读取PublicMemory (物理路径): /mnt/d/collections2026/phd_application/nanobot1/milestone2/data/public_memory/public_memory.jsonl, top_k=2
[BFF] 读取PublicMemory完成: 117 条记录
[BFF] 获取Agent 3e473202 堆段: 0 条
[BFF] 获取Agent 31877661 堆段: 0 条
[BFF] 读取PublicMemory (物理路径): /mnt/d/collections2026/phd_application/nanobot1/milestone2/data/public_memory/public_memory.jsonl, top_k=10000
[BFF] 读取PublicMemory完成: 117 条记录
[BFF] 获取Agent c01d46ac 堆段: 2 条
[BFF] 获取Agent 45b1447d 堆段: 0 条
[BFF] 读取PublicMemory (物理路径): /mnt/d/collections2026/phd_application/nanobot1/milestone2/data/public_memory/public_memory.jsonl, top_k=2
[BFF] 读取PublicMemory完成: 117 条记录
[BFF] 读取PublicMemory (物理路径): /mnt/d/collections2026/phd_application/nanobot1/milestone2/data/public_memory/public_memory.jsonl, top_k=2
[BFF] 读取PublicMemory完成: 117 条记录
[BFF] 写入PublicMemory (物理路径): /mnt/d/collections2026/phd_application/nanobot1/milestone2/data/public_memory/public_memory.jsonl
[BFF] 原子替换PublicMemory: 124 条记录 -> /mnt/d/collections2026/phd_application/nanobot1/milestone2/data/public_memory/public_memory.jsonl
[BFF] 获取Agent b076818a 堆段: 2 条
[BFF] 获取Agent 269662a6 堆段: 0 条
[BFF] all-unmerged 请求正在进行，等待完成...
[BFF] 读取PublicMemory (物理路径): /mnt/d/collections2026/phd_application/nanobot1/milestone2/data/public_memory/public_memory.jsonl, top_k=2
[BFF] 读取PublicMemory完成: 124 条记录
[BFF] Consolidator容器已存在: 3fb07a12
[BFF] 转发合并请求到Consolidator: http://localhost:43249/execute_merge
[BFF] 获取Agent 5b0ab4c2 堆段: 0 条
[BFF] Consolidator合并完成: {'status': 'ok', 'original_count': 129, 'deduped_count': 124, 'removed_count': 5, 'pages_marked': 12, 'source': 'km_page_table'}
[BFF] all-unmerged 请求正在进行，等待完成...
[BFF] 读取PublicMemory (物理路径): /mnt/d/collections2026/phd_application/nanobot1/milestone2/data/public_memory/public_memory.jsonl, top_k=2
[BFF] 读取PublicMemory完成: 124 条记录
[BFF] 获取Agent 1899dd93 堆段: 0 条
[BFF] 读取PublicMemory (物理路径): /mnt/d/collections2026/phd_application/nanobot1/milestone2/data/public_memory/public_memory.jsonl, top_k=2
[BFF] 读取PublicMemory完成: 124 条记录
[BFF] 读取PublicMemory (物理路径): /mnt/d/collections2026/phd_application/nanobot1/milestone2/data/public_memory/public_memory.jsonl, top_k=10000
[BFF] 读取PublicMemory完成: 124 条记录
[BFF] 获取Agent 8b461f3d 堆段: 1 条
[BFF] 读取PublicMemory (物理路径): /mnt/d/collections2026/phd_application/nanobot1/milestone2/data/public_memory/public_memory.jsonl, top_k=2
[BFF] 读取PublicMemory完成: 124 条记录
[BFF] 写入PublicMemory (物理路径): /mnt/d/collections2026/phd_application/nanobot1/milestone2/data/public_memory/public_memory.jsonl
[BFF] 原子替换PublicMemory: 128 条记录 -> /mnt/d/collections2026/phd_application/nanobot1/milestone2/data/public_memory/public_memory.jsonl
[BFF] 读取PublicMemory (物理路径): /mnt/d/collections2026/phd_application/nanobot1/milestone2/data/public_memory/public_memory.jsonl, top_k=2
[BFF] 读取PublicMemory完成: 128 条记录
[BFF] 获取Agent cd956f8c 堆段: 0 条
[BFF] 获取Agent 4f4a09ef 堆段: 0 条
[BFF] 读取PublicMemory (物理路径): /mnt/d/collections2026/phd_application/nanobot1/milestone2/data/public_memory/public_memory.jsonl, top_k=2
[BFF] 读取PublicMemory完成: 128 条记录
[BFF] 读取PublicMemory (物理路径): /mnt/d/collections2026/phd_application/nanobot1/milestone2/data/public_memory/public_memory.jsonl, top_k=2
[BFF] 读取PublicMemory完成: 128 条记录
[BFF] 读取PublicMemory (物理路径): /mnt/d/collections2026/phd_application/nanobot1/milestone2/data/public_memory/public_memory.jsonl, top_k=2
[BFF] 读取PublicMemory完成: 128 条记录
[BFF] 获取Agent 3ff882e7 堆段: 1 条
[BFF] Consolidator合并完成: {'status': 'ok', 'original_count': 135, 'deduped_count': 128, 'removed_count': 7, 'pages_marked': 11, 'source': 'km_page_table'}
[BFF] all-unmerged 请求正在进行，等待完成...
[BFF] 获取Agent 91abe0a0 堆段: 1 条
[BFF] 读取PublicMemory (物理路径): /mnt/d/collections2026/phd_application/nanobot1/milestone2/data/public_memory/public_memory.jsonl, top_k=2
[BFF] 读取PublicMemory完成: 128 条记录
[BFF] 读取PublicMemory (物理路径): /mnt/d/collections2026/phd_application/nanobot1/milestone2/data/public_memory/public_memory.jsonl, top_k=2
[BFF] 读取PublicMemory完成: 128 条记录
[BFF] 读取PublicMemory (物理路径): /mnt/d/collections2026/phd_application/nanobot1/milestone2/data/public_memory/public_memory.jsonl, top_k=2
[BFF] 读取PublicMemory完成: 128 条记录
[BFF] 获取Agent 823eaa27 堆段: 0 条
[BFF] 读取PublicMemory (物理路径): /mnt/d/collections2026/phd_application/nanobot1/milestone2/data/public_memory/public_memory.jsonl, top_k=2
[BFF] 读取PublicMemory完成: 128 条记录
[BFF] 获取Agent f7470fa0 堆段: 1 条
[BFF] 读取PublicMemory (物理路径): /mnt/d/collections2026/phd_application/nanobot1/milestone2/data/public_memory/public_memory.jsonl, top_k=2
[BFF] 读取PublicMemory完成: 128 条记录
[BFF] 读取PublicMemory (物理路径): /mnt/d/collections2026/phd_application/nanobot1/milestone2/data/public_memory/public_memory.jsonl, top_k=2
[BFF] 读取PublicMemory完成: 128 条记录
[BFF] 获取Agent d620df34 堆段: 0 条
[BFF] 读取PublicMemory (物理路径): /mnt/d/collections2026/phd_application/nanobot1/milestone2/data/public_memory/public_memory.jsonl, top_k=2
[BFF] 读取PublicMemory完成: 128 条记录
[BFF] 获取Agent 9f005100 堆段: 2 条
[BFF] 获取Agent 221a3768 堆段: 1 条
[BFF] 读取PublicMemory (物理路径): /mnt/d/collections2026/phd_application/nanobot1/milestone2/data/public_memory/public_memory.jsonl, top_k=2
[BFF] 读取PublicMemory完成: 128 条记录
[BFF] 读取PublicMemory (物理路径): /mnt/d/collections2026/phd_application/nanobot1/milestone2/data/public_memory/public_memory.jsonl, top_k=2
[BFF] 读取PublicMemory完成: 128 条记录
[BFF] 获取Agent 3fb07a12 堆段: 0 条
[BFF] all-unmerged 获取完成: 11 条
2026-04-21 22:42:08,086 - httpx - INFO - HTTP Request: POST http://localhost:19351/heap-written "HTTP/1.1 200 OK"
2026-04-21 22:42:08,090 - httpx - INFO - HTTP Request: POST http://localhost:19351/heap-written "HTTP/1.1 200 OK"
2026-04-21 22:42:08,091 - httpx - INFO - HTTP Request: POST http://localhost:19351/heap-written "HTTP/1.1 200 OK"
2026-04-21 22:42:08,093 - httpx - INFO - HTTP Request: POST http://localhost:19351/allocate_page "HTTP/1.1 200 OK"
2026-04-21 22:42:08,100 - httpx - INFO - HTTP Request: GET http://localhost:19351/task?agent_id=221a3768 "HTTP/1.1 200 OK"
2026-04-21 22:42:08,101 - httpx - INFO - HTTP Request: GET http://localhost:19351/task?agent_id=cd956f8c "HTTP/1.1 200 OK"
2026-04-21 22:42:08,353 - httpx - INFO - HTTP Request: GET http://localhost:19351/task?agent_id=e07b58b0 "HTTP/1.1 200 OK"
2026-04-21 22:42:08,356 - httpx - INFO - HTTP Request: POST http://localhost:19398/heap/append "HTTP/1.1 200 OK"
2026-04-21 22:42:08,902 - httpx - INFO - HTTP Request: POST http://localhost:19351/heap-written "HTTP/1.1 200 OK"
2026-04-21 22:42:09,114 - httpx - INFO - HTTP Request: GET http://localhost:19351/task?agent_id=5b0ab4c2 "HTTP/1.1 200 OK"
2026-04-21 22:42:09,311 - httpx - INFO - HTTP Request: POST http://localhost:19351/allocate_page "HTTP/1.1 200 OK"
2026-04-21 22:42:09,325 - httpx - INFO - HTTP Request: POST http://localhost:19351/allocate_page "HTTP/1.1 200 OK"
2026-04-21 22:42:09,329 - httpx - INFO - HTTP Request: GET http://localhost:19351/task?agent_id=e07b58b0 "HTTP/1.1 200 OK"
2026-04-21 22:42:09,902 - httpx - INFO - HTTP Request: GET http://localhost:19351/task?agent_id=e07b58b0 "HTTP/1.1 200 OK"
2026-04-21 22:42:09,905 - httpx - INFO - HTTP Request: POST http://localhost:19457/heap/append "HTTP/1.1 200 OK"
2026-04-21 22:42:09,906 - httpx - INFO - HTTP Request: POST http://localhost:19384/heap/append "HTTP/1.1 200 OK"
2026-04-21 22:42:10,335 - httpx - INFO - HTTP Request: POST http://localhost:19351/heap-written "HTTP/1.1 200 OK"
2026-04-21 22:42:10,336 - httpx - INFO - HTTP Request: POST http://localhost:19351/heap-written "HTTP/1.1 200 OK"
2026-04-21 22:42:10,341 - httpx - INFO - HTTP Request: POST http://localhost:19351/allocate_page "HTTP/1.1 200 OK"
2026-04-21 22:42:10,342 - httpx - INFO - HTTP Request: POST http://localhost:19351/allocate_page "HTTP/1.1 200 OK"
2026-04-21 22:42:10,904 - httpx - INFO - HTTP Request: GET http://localhost:19351/task?agent_id=e07b58b0 "HTTP/1.1 200 OK"
2026-04-21 22:42:11,053 - httpx - INFO - HTTP Request: POST http://localhost:19457/heap/append "HTTP/1.1 200 OK"
2026-04-21 22:42:11,055 - httpx - INFO - HTTP Request: POST http://localhost:19384/heap/append "HTTP/1.1 200 OK"
2026-04-21 22:42:11,681 - httpx - INFO - HTTP Request: GET http://localhost:19351/active_pages "HTTP/1.1 200 OK"
2026-04-21 22:42:11,782 - httpx - INFO - HTTP Request: GET http://localhost:19351/active_pages "HTTP/1.1 200 OK"
2026-04-21 22:42:11,786 - httpx - INFO - HTTP Request: POST http://localhost:19351/heap-written "HTTP/1.1 200 OK"
2026-04-21 22:42:11,787 - httpx - INFO - HTTP Request: POST http://localhost:19351/heap-written "HTTP/1.1 200 OK"
2026-04-21 22:42:11,823 - httpx - INFO - HTTP Request: GET http://localhost:19351/task?agent_id=b076818a "HTTP/1.1 200 OK"
2026-04-21 22:42:11,825 - httpx - INFO - HTTP Request: GET http://localhost:19351/task?agent_id=4f4a09ef "HTTP/1.1 200 OK"
2026-04-21 22:42:11,825 - httpx - INFO - HTTP Request: POST http://localhost:19351/allocate_page "HTTP/1.1 200 OK"
2026-04-21 22:42:11,835 - httpx - INFO - HTTP Request: GET http://localhost:19351/task?agent_id=e07b58b0 "HTTP/1.1 200 OK"
2026-04-21 22:42:12,173 - httpx - INFO - HTTP Request: POST http://localhost:19494/heap/append "HTTP/1.1 200 OK"
2026-04-21 22:42:12,294 - httpx - INFO - HTTP Request: POST http://localhost:19351/heap-written "HTTP/1.1 200 OK"
2026-04-21 22:42:13,182 - httpx - INFO - HTTP Request: POST http://localhost:19351/allocate_page "HTTP/1.1 200 OK"
2026-04-21 22:42:13,185 - httpx - INFO - HTTP Request: POST http://localhost:19351/allocate_page "HTTP/1.1 200 OK"
2026-04-21 22:42:13,188 - httpx - INFO - HTTP Request: GET http://localhost:19351/task?agent_id=e07b58b0 "HTTP/1.1 200 OK"
2026-04-21 22:42:13,191 - httpx - INFO - HTTP Request: POST http://localhost:19351/mark_pages_merged "HTTP/1.1 200 OK"
2026-04-21 22:42:13,194 - httpx - INFO - HTTP Request: POST http://localhost:19351/mark_pages_merged "HTTP/1.1 200 OK"
2026-04-21 22:42:16,032 - httpx - INFO - HTTP Request: POST http://localhost:20095/heap/mark-merged "HTTP/1.1 200 OK"
2026-04-21 22:42:16,044 - httpx - INFO - HTTP Request: POST http://localhost:20095/heap/mark-merged "HTTP/1.1 200 OK"
2026-04-21 22:42:16,047 - httpx - INFO - HTTP Request: POST http://localhost:19443/heap/mark-merged "HTTP/1.1 200 OK"
2026-04-21 22:42:16,047 - httpx - INFO - HTTP Request: POST http://localhost:19486/heap/mark-merged "HTTP/1.1 200 OK"
2026-04-21 22:42:16,048 - httpx - INFO - HTTP Request: POST http://localhost:19457/heap/mark-merged "HTTP/1.1 200 OK"
2026-04-21 22:42:16,049 - httpx - INFO - HTTP Request: POST http://localhost:20116/heap/mark-merged "HTTP/1.1 200 OK"
2026-04-21 22:42:16,052 - httpx - INFO - HTTP Request: POST http://localhost:19384/heap/mark-merged "HTTP/1.1 200 OK"
2026-04-21 22:42:16,053 - httpx - INFO - HTTP Request: POST http://localhost:19398/heap/mark-merged "HTTP/1.1 200 OK"
2026-04-21 22:42:16,054 - httpx - INFO - HTTP Request: POST http://localhost:19443/heap/mark-merged "HTTP/1.1 200 OK"
2026-04-21 22:42:16,054 - httpx - INFO - HTTP Request: POST http://localhost:19398/heap/mark-merged "HTTP/1.1 200 OK"
2026-04-21 22:42:16,054 - httpx - INFO - HTTP Request: POST http://localhost:19524/heap/mark-merged "HTTP/1.1 200 OK"
2026-04-21 22:42:16,055 - httpx - INFO - HTTP Request: POST http://localhost:19486/heap/mark-merged "HTTP/1.1 200 OK"
2026-04-21 22:42:16,055 - httpx - INFO - HTTP Request: POST http://localhost:19457/heap/mark-merged "HTTP/1.1 200 OK"
2026-04-21 22:42:16,055 - httpx - INFO - HTTP Request: POST http://localhost:19384/heap/mark-merged "HTTP/1.1 200 OK"
2026-04-21 22:42:16,064 - httpx - INFO - HTTP Request: POST http://localhost:20116/heap/mark-merged "HTTP/1.1 200 OK"
2026-04-21 22:42:16,065 - httpx - INFO - HTTP Request: POST http://localhost:19357/heap/mark-merged "HTTP/1.1 200 OK"
2026-04-21 22:42:16,066 - httpx - INFO - HTTP Request: POST http://localhost:19387/heap/mark-merged "HTTP/1.1 200 OK"
2026-04-21 22:42:16,066 - httpx - INFO - HTTP Request: POST http://localhost:19524/heap/mark-merged "HTTP/1.1 200 OK"
2026-04-21 22:42:16,079 - httpx - INFO - HTTP Request: POST http://localhost:19357/heap/mark-merged "HTTP/1.1 200 OK"
2026-04-21 22:42:16,079 - httpx - INFO - HTTP Request: POST http://localhost:19387/heap/mark-merged "HTTP/1.1 200 OK"
2026-04-21 22:42:16,087 - httpx - INFO - HTTP Request: POST http://localhost:19351/allocate_page "HTTP/1.1 200 OK"
2026-04-21 22:42:16,089 - httpx - INFO - HTTP Request: POST http://localhost:19494/heap/append "HTTP/1.1 200 OK"
2026-04-21 22:42:16,090 - httpx - INFO - HTTP Request: POST http://localhost:19403/heap/append "HTTP/1.1 200 OK"
2026-04-21 22:42:16,100 - httpx - INFO - HTTP Request: POST http://localhost:43249/execute_merge "HTTP/1.1 200 OK"
2026-04-21 22:42:16,291 - httpx - INFO - HTTP Request: GET http://localhost:19351/task?agent_id=e07b58b0 "HTTP/1.1 200 OK"
2026-04-21 22:42:16,293 - httpx - INFO - HTTP Request: POST http://localhost:43249/execute_merge "HTTP/1.1 200 OK"
2026-04-21 22:42:16,402 - httpx - INFO - HTTP Request: POST http://localhost:19351/heap-written "HTTP/1.1 200 OK"
2026-04-21 22:42:16,407 - httpx - INFO - HTTP Request: POST http://localhost:19351/heap-written "HTTP/1.1 200 OK"
2026-04-21 22:42:16,415 - httpx - INFO - HTTP Request: GET http://localhost:19353/heap/unmerged "HTTP/1.1 200 OK"
2026-04-21 22:42:17,326 - httpx - INFO - HTTP Request: GET http://localhost:19356/heap/unmerged "HTTP/1.1 200 OK"
2026-04-21 22:42:17,542 - httpx - INFO - HTTP Request: GET http://localhost:19351/task?agent_id=823eaa27 "HTTP/1.1 200 OK"
2026-04-21 22:42:17,543 - httpx - INFO - HTTP Request: POST http://localhost:19351/allocate_page "HTTP/1.1 200 OK"
2026-04-21 22:42:17,544 - httpx - INFO - HTTP Request: POST http://localhost:19466/heap/append "HTTP/1.1 200 OK"
2026-04-21 22:42:17,812 - httpx - INFO - HTTP Request: POST http://localhost:19351/allocate_page "HTTP/1.1 200 OK"
2026-04-21 22:42:17,813 - httpx - INFO - HTTP Request: POST http://localhost:19351/allocate_page "HTTP/1.1 200 OK"
2026-04-21 22:42:17,819 - httpx - INFO - HTTP Request: GET http://localhost:19357/heap/unmerged "HTTP/1.1 200 OK"
2026-04-21 22:42:17,820 - httpx - INFO - HTTP Request: GET http://localhost:19351/task?agent_id=e07b58b0 "HTTP/1.1 200 OK"
2026-04-21 22:42:17,910 - httpx - INFO - HTTP Request: GET http://localhost:19351/active_pages "HTTP/1.1 200 OK"
2026-04-21 22:42:17,913 - httpx - INFO - HTTP Request: GET http://localhost:19351/active_pages "HTTP/1.1 200 OK"
2026-04-21 22:42:17,913 - httpx - INFO - HTTP Request: POST http://localhost:19351/heap-written "HTTP/1.1 200 OK"
2026-04-21 22:42:18,014 - httpx - INFO - HTTP Request: GET http://localhost:19362/heap/unmerged "HTTP/1.1 200 OK"
2026-04-21 22:42:18,135 - httpx - INFO - HTTP Request: GET http://localhost:19373/heap/unmerged "HTTP/1.1 200 OK"
2026-04-21 22:42:18,847 - httpx - INFO - HTTP Request: GET http://localhost:19384/heap/unmerged "HTTP/1.1 200 OK"
2026-04-21 22:42:19,045 - httpx - INFO - HTTP Request: POST http://localhost:19351/allocate_page "HTTP/1.1 200 OK"
2026-04-21 22:42:19,046 - httpx - INFO - HTTP Request: POST http://localhost:19403/heap/append "HTTP/1.1 200 OK"
2026-04-21 22:42:19,052 - httpx - INFO - HTTP Request: POST http://localhost:19351/allocate_page "HTTP/1.1 200 OK"
2026-04-21 22:42:19,053 - httpx - INFO - HTTP Request: POST http://localhost:19373/heap/append "HTTP/1.1 200 OK"
2026-04-21 22:42:19,053 - httpx - INFO - HTTP Request: POST http://localhost:20068/heap/append "HTTP/1.1 200 OK"
2026-04-21 22:42:20,117 - httpx - INFO - HTTP Request: POST http://localhost:19351/mark_pages_merged "HTTP/1.1 200 OK"
2026-04-21 22:42:20,117 - httpx - INFO - HTTP Request: GET http://localhost:19387/heap/unmerged "HTTP/1.1 200 OK"
2026-04-21 22:42:20,236 - httpx - INFO - HTTP Request: POST http://localhost:19351/mark_pages_merged "HTTP/1.1 200 OK"
2026-04-21 22:42:20,236 - httpx - INFO - HTTP Request: GET http://localhost:19351/task?agent_id=e07b58b0 "HTTP/1.1 200 OK"
2026-04-21 22:42:20,325 - httpx - INFO - HTTP Request: POST http://localhost:19351/heap-written "HTTP/1.1 200 OK"
2026-04-21 22:42:20,784 - httpx - INFO - HTTP Request: GET http://localhost:19351/task?agent_id=1899dd93 "HTTP/1.1 200 OK"
2026-04-21 22:42:20,785 - httpx - INFO - HTTP Request: POST http://localhost:19351/heap-written "HTTP/1.1 200 OK"
2026-04-21 22:42:20,786 - httpx - INFO - HTTP Request: POST http://localhost:19351/heap-written "HTTP/1.1 200 OK"
2026-04-21 22:42:20,787 - httpx - INFO - HTTP Request: POST http://localhost:19466/heap/append "HTTP/1.1 200 OK"
2026-04-21 22:42:21,477 - httpx - INFO - HTTP Request: POST http://localhost:19351/allocate_page "HTTP/1.1 200 OK"
2026-04-21 22:42:21,478 - httpx - INFO - HTTP Request: POST http://localhost:19362/heap/append "HTTP/1.1 200 OK"
2026-04-21 22:42:21,480 - httpx - INFO - HTTP Request: POST http://localhost:19351/allocate_page "HTTP/1.1 200 OK"
2026-04-21 22:42:21,593 - httpx - INFO - HTTP Request: GET http://localhost:19398/heap/unmerged "HTTP/1.1 200 OK"
2026-04-21 22:42:22,193 - httpx - INFO - HTTP Request: POST http://localhost:19494/heap/mark-merged "HTTP/1.1 200 OK"
2026-04-21 22:42:22,788 - httpx - INFO - HTTP Request: POST http://localhost:19373/heap/mark-merged "HTTP/1.1 200 OK"
2026-04-21 22:42:22,789 - httpx - INFO - HTTP Request: POST http://localhost:20068/heap/mark-merged "HTTP/1.1 200 OK"
2026-04-21 22:42:22,790 - httpx - INFO - HTTP Request: POST http://localhost:19466/heap/mark-merged "HTTP/1.1 200 OK"
2026-04-21 22:42:22,790 - httpx - INFO - HTTP Request: POST http://localhost:19403/heap/mark-merged "HTTP/1.1 200 OK"
2026-04-21 22:42:22,791 - httpx - INFO - HTTP Request: POST http://localhost:19494/heap/mark-merged "HTTP/1.1 200 OK"
2026-04-21 22:42:23,231 - httpx - INFO - HTTP Request: POST http://localhost:19351/heap-written "HTTP/1.1 200 OK"
2026-04-21 22:42:23,320 - httpx - INFO - HTTP Request: POST http://localhost:19403/heap/mark-merged "HTTP/1.1 200 OK"
2026-04-21 22:42:23,321 - httpx - INFO - HTTP Request: POST http://localhost:19466/heap/mark-merged "HTTP/1.1 200 OK"
2026-04-21 22:42:23,321 - httpx - INFO - HTTP Request: POST http://localhost:20068/heap/mark-merged "HTTP/1.1 200 OK"
2026-04-21 22:42:23,322 - httpx - INFO - HTTP Request: POST http://localhost:19373/heap/mark-merged "HTTP/1.1 200 OK"
2026-04-21 22:42:23,322 - httpx - INFO - HTTP Request: POST http://localhost:43249/execute_merge "HTTP/1.1 200 OK"
2026-04-21 22:42:23,338 - httpx - INFO - HTTP Request: GET http://localhost:19351/task?agent_id=3ff882e7 "HTTP/1.1 200 OK"
2026-04-21 22:42:23,340 - httpx - INFO - HTTP Request: POST http://localhost:19351/heap-written "HTTP/1.1 200 OK"
2026-04-21 22:42:23,340 - httpx - INFO - HTTP Request: POST http://localhost:19351/allocate_page "HTTP/1.1 200 OK"
2026-04-21 22:42:23,341 - httpx - INFO - HTTP Request: GET http://localhost:19403/heap/unmerged "HTTP/1.1 200 OK"
2026-04-21 22:42:23,342 - httpx - INFO - HTTP Request: POST http://localhost:43249/execute_merge "HTTP/1.1 200 OK"
2026-04-21 22:42:23,455 - httpx - INFO - HTTP Request: GET http://localhost:19351/task?agent_id=e07b58b0 "HTTP/1.1 200 OK"
2026-04-21 22:42:23,457 - httpx - INFO - HTTP Request: POST http://localhost:19351/allocate_page "HTTP/1.1 200 OK"
2026-04-21 22:42:23,460 - httpx - INFO - HTTP Request: POST http://localhost:19351/allocate_page "HTTP/1.1 200 OK"
2026-04-21 22:42:23,461 - httpx - INFO - HTTP Request: POST http://localhost:20068/heap/append "HTTP/1.1 200 OK"
2026-04-21 22:42:23,462 - httpx - INFO - HTTP Request: POST http://localhost:19373/heap/append "HTTP/1.1 200 OK"
2026-04-21 22:42:24,324 - httpx - INFO - HTTP Request: GET http://localhost:19426/heap/unmerged "HTTP/1.1 200 OK"
2026-04-21 22:42:24,875 - httpx - INFO - HTTP Request: POST http://localhost:19356/heap/append "HTTP/1.1 200 OK"
2026-04-21 22:42:24,881 - httpx - INFO - HTTP Request: POST http://localhost:19351/heap-written "HTTP/1.1 200 OK"
2026-04-21 22:42:24,977 - httpx - INFO - HTTP Request: POST http://localhost:19351/heap-written "HTTP/1.1 200 OK"
2026-04-21 22:42:24,978 - httpx - INFO - HTTP Request: POST http://localhost:19353/heap/append "HTTP/1.1 200 OK"
2026-04-21 22:42:24,989 - httpx - INFO - HTTP Request: GET http://localhost:19351/task?agent_id=d620df34 "HTTP/1.1 200 OK"
2026-04-21 22:42:24,990 - httpx - INFO - HTTP Request: GET http://localhost:19351/task?agent_id=45b1447d "HTTP/1.1 200 OK"
2026-04-21 22:42:25,185 - httpx - INFO - HTTP Request: POST http://localhost:19351/allocate_page "HTTP/1.1 200 OK"
2026-04-21 22:42:25,185 - httpx - INFO - HTTP Request: POST http://localhost:19351/allocate_page "HTTP/1.1 200 OK"
2026-04-21 22:42:25,186 - httpx - INFO - HTTP Request: POST http://localhost:19362/heap/append "HTTP/1.1 200 OK"
2026-04-21 22:42:25,188 - httpx - INFO - HTTP Request: GET http://localhost:19443/heap/unmerged "HTTP/1.1 200 OK"
2026-04-21 22:42:25,494 - httpx - INFO - HTTP Request: POST http://localhost:19351/allocate_page "HTTP/1.1 200 OK"
2026-04-21 22:42:25,498 - httpx - INFO - HTTP Request: GET http://localhost:19351/task?agent_id=e07b58b0 "HTTP/1.1 200 OK"
2026-04-21 22:42:25,532 - httpx - INFO - HTTP Request: POST http://localhost:19351/heap-written "HTTP/1.1 200 OK"
2026-04-21 22:42:25,537 - httpx - INFO - HTTP Request: POST http://localhost:19351/allocate_page "HTTP/1.1 200 OK"
2026-04-21 22:42:25,542 - httpx - INFO - HTTP Request: POST http://localhost:19351/heap-written "HTTP/1.1 200 OK"
2026-04-21 22:42:25,545 - httpx - INFO - HTTP Request: POST http://localhost:19351/heap-written "HTTP/1.1 200 OK"
2026-04-21 22:42:25,546 - httpx - INFO - HTTP Request: GET http://localhost:19457/heap/unmerged "HTTP/1.1 200 OK"
2026-04-21 22:42:25,547 - httpx - INFO - HTTP Request: POST http://localhost:19351/allocate_page "HTTP/1.1 200 OK"
2026-04-21 22:42:25,656 - httpx - INFO - HTTP Request: GET http://localhost:19466/heap/unmerged "HTTP/1.1 200 OK"
[BFF] 读取PublicMemory (物理路径): /mnt/d/collections2026/phd_application/nanobot1/milestone2/data/public_memory/public_memory.jsonl, top_k=2
[BFF] 读取PublicMemory完成: 128 条记录
[BFF] 读取PublicMemory (物理路径): /mnt/d/collections2026/phd_application/nanobot1/milestone2/data/public_memory/public_memory.jsonl, top_k=2
[BFF] 读取PublicMemory完成: 128 条记录
[BFF] 读取PublicMemory (物理路径): /mnt/d/collections2026/phd_application/nanobot1/milestone2/data/public_memory/public_memory.jsonl, top_k=2
[BFF] 读取PublicMemory完成: 128 条记录
[BFF] 读取PublicMemory (物理路径): /mnt/d/collections2026/phd_application/nanobot1/milestone2/data/public_memory/public_memory.jsonl, top_k=2
[BFF] 读取PublicMemory完成: 128 条记录
[BFF] 读取PublicMemory (物理路径): /mnt/d/collections2026/phd_application/nanobot1/milestone2/data/public_memory/public_memory.jsonl, top_k=2
[BFF] 读取PublicMemory完成: 128 条记录
[BFF] 读取PublicMemory (物理路径): /mnt/d/collections2026/phd_application/nanobot1/milestone2/data/public_memory/public_memory.jsonl, top_k=2
[BFF] 读取PublicMemory完成: 128 条记录
[BFF] 读取PublicMemory (物理路径): /mnt/d/collections2026/phd_application/nanobot1/milestone2/data/public_memory/public_memory.jsonl, top_k=2
[BFF] 读取PublicMemory完成: 128 条记录
[BFF] all-unmerged 命中缓存: 11 条 (缓存剩余 2.0s)
[BFF] all-unmerged 命中缓存: 11 条 (缓存剩余 2.0s)
[BFF] Consolidator容器已存在: 3fb07a12
[BFF] 转发合并请求到Consolidator: http://localhost:43249/execute_merge
[BFF] Consolidator容器已存在: 3fb07a12
[BFF] 转发合并请求到Consolidator: http://localhost:43249/execute_merge
[BFF] 读取PublicMemory (物理路径): /mnt/d/collections2026/phd_application/nanobot1/milestone2/data/public_memory/public_memory.jsonl, top_k=2
[BFF] 读取PublicMemory完成: 128 条记录
[BFF] 读取PublicMemory (物理路径): /mnt/d/collections2026/phd_application/nanobot1/milestone2/data/public_memory/public_memory.jsonl, top_k=10000
[BFF] 读取PublicMemory完成: 128 条记录
[BFF] 读取PublicMemory (物理路径): /mnt/d/collections2026/phd_application/nanobot1/milestone2/data/public_memory/public_memory.jsonl, top_k=10000
[BFF] 读取PublicMemory完成: 128 条记录
[BFF] 读取PublicMemory (物理路径): /mnt/d/collections2026/phd_application/nanobot1/milestone2/data/public_memory/public_memory.jsonl, top_k=2
[BFF] 读取PublicMemory完成: 128 条记录
[BFF] 读取PublicMemory (物理路径): /mnt/d/collections2026/phd_application/nanobot1/milestone2/data/public_memory/public_memory.jsonl, top_k=2
[BFF] 读取PublicMemory完成: 128 条记录
[BFF] 读取PublicMemory (物理路径): /mnt/d/collections2026/phd_application/nanobot1/milestone2/data/public_memory/public_memory.jsonl, top_k=2
[BFF] 读取PublicMemory完成: 128 条记录
[BFF] 写入PublicMemory (物理路径): /mnt/d/collections2026/phd_application/nanobot1/milestone2/data/public_memory/public_memory.jsonl
[BFF] 原子替换PublicMemory: 139 条记录 -> /mnt/d/collections2026/phd_application/nanobot1/milestone2/data/public_memory/public_memory.jsonl
[BFF] 写入PublicMemory (物理路径): /mnt/d/collections2026/phd_application/nanobot1/milestone2/data/public_memory/public_memory.jsonl
[BFF] 原子替换PublicMemory: 139 条记录 -> /mnt/d/collections2026/phd_application/nanobot1/milestone2/data/public_memory/public_memory.jsonl
[BFF] 读取PublicMemory (物理路径): /mnt/d/collections2026/phd_application/nanobot1/milestone2/data/public_memory/public_memory.jsonl, top_k=2
[BFF] 读取PublicMemory完成: 139 条记录
[BFF] Consolidator合并完成: {'status': 'ok', 'original_count': 145, 'deduped_count': 139, 'removed_count': 6, 'pages_marked': 17, 'source': 'km_page_table'}
[BFF] Consolidator合并完成: {'status': 'ok', 'original_count': 145, 'deduped_count': 139, 'removed_count': 6, 'pages_marked': 17, 'source': 'km_page_table'}
[BFF] all-unmerged 请求正在进行，等待完成...
[BFF] all-unmerged 请求正在进行，等待完成...
[BFF] all-unmerged 请求正在进行，等待完成...
[BFF] 获取Agent 206fb109 堆段: 0 条
[BFF] Consolidator容器已存在: 3fb07a12
[BFF] 转发合并请求到Consolidator: http://localhost:43249/execute_merge
[BFF] Consolidator容器已存在: 3fb07a12
[BFF] 转发合并请求到Consolidator: http://localhost:43249/execute_merge
[BFF] 读取PublicMemory (物理路径): /mnt/d/collections2026/phd_application/nanobot1/milestone2/data/public_memory/public_memory.jsonl, top_k=2
[BFF] 读取PublicMemory完成: 139 条记录
[BFF] 获取Agent 3e473202 堆段: 0 条
[BFF] 获取Agent 31877661 堆段: 0 条
[BFF] 读取PublicMemory (物理路径): /mnt/d/collections2026/phd_application/nanobot1/milestone2/data/public_memory/public_memory.jsonl, top_k=10000
[BFF] 读取PublicMemory完成: 139 条记录
[BFF] 读取PublicMemory (物理路径): /mnt/d/collections2026/phd_application/nanobot1/milestone2/data/public_memory/public_memory.jsonl, top_k=10000
[BFF] 读取PublicMemory完成: 139 条记录
[BFF] 获取Agent c01d46ac 堆段: 0 条
[BFF] 获取Agent 45b1447d 堆段: 0 条
[BFF] 读取PublicMemory (物理路径): /mnt/d/collections2026/phd_application/nanobot1/milestone2/data/public_memory/public_memory.jsonl, top_k=2
[BFF] 读取PublicMemory完成: 139 条记录
[BFF] 读取PublicMemory (物理路径): /mnt/d/collections2026/phd_application/nanobot1/milestone2/data/public_memory/public_memory.jsonl, top_k=2
[BFF] 读取PublicMemory完成: 139 条记录
[BFF] 写入PublicMemory (物理路径): /mnt/d/collections2026/phd_application/nanobot1/milestone2/data/public_memory/public_memory.jsonl
[BFF] 原子替换PublicMemory: 142 条记录 -> /mnt/d/collections2026/phd_application/nanobot1/milestone2/data/public_memory/public_memory.jsonl
[BFF] 写入PublicMemory (物理路径): /mnt/d/collections2026/phd_application/nanobot1/milestone2/data/public_memory/public_memory.jsonl
[BFF] 原子替换PublicMemory: 142 条记录 -> /mnt/d/collections2026/phd_application/nanobot1/milestone2/data/public_memory/public_memory.jsonl
[BFF] 获取Agent b076818a 堆段: 0 条
[BFF] 获取Agent 269662a6 堆段: 0 条
[BFF] 邻居发现: 所有父子关系已建立
[BFF] 读取PublicMemory (物理路径): /mnt/d/collections2026/phd_application/nanobot1/milestone2/data/public_memory/public_memory.jsonl, top_k=2
[BFF] 读取PublicMemory完成: 142 条记录
[BFF] 获取Agent 5b0ab4c2 堆段: 0 条
[BFF] 读取PublicMemory (物理路径): /mnt/d/collections2026/phd_application/nanobot1/milestone2/data/public_memory/public_memory.jsonl, top_k=2
[BFF] 读取PublicMemory完成: 142 条记录
[BFF] 容器不存在 3fb07a12，清理中...
[BFF] 健康检查: 已清理 1 个无效容器
[BFF] Consolidator合并完成: {'status': 'ok', 'original_count': 146, 'deduped_count': 142, 'removed_count': 4, 'pages_marked': 7, 'source': 'km_page_table'}
[BFF] 获取Agent 1899dd93 堆段: 0 条
[BFF] Consolidator合并完成: {'status': 'ok', 'original_count': 146, 'deduped_count': 142, 'removed_count': 4, 'pages_marked': 7, 'source': 'km_page_table'}
[BFF] all-unmerged 请求正在进行，等待完成...
[BFF] 读取PublicMemory (物理路径): /mnt/d/collections2026/phd_application/nanobot1/milestone2/data/public_memory/public_memory.jsonl, top_k=2
[BFF] 读取PublicMemory完成: 142 条记录
[BFF] all-unmerged 请求正在进行，等待完成...
[BFF] 读取PublicMemory (物理路径): /mnt/d/collections2026/phd_application/nanobot1/milestone2/data/public_memory/public_memory.jsonl, top_k=2
[BFF] 读取PublicMemory完成: 142 条记录
[BFF] 获取Agent 8b461f3d 堆段: 0 条
[BFF] 获取Agent cd956f8c 堆段: 0 条
[BFF] 读取PublicMemory (物理路径): /mnt/d/collections2026/phd_application/nanobot1/milestone2/data/public_memory/public_memory.jsonl, top_k=2
[BFF] 读取PublicMemory完成: 142 条记录
[BFF] 读取PublicMemory (物理路径): /mnt/d/collections2026/phd_application/nanobot1/milestone2/data/public_memory/public_memory.jsonl, top_k=2
[BFF] 读取PublicMemory完成: 142 条记录
[BFF] 获取Agent 4f4a09ef 堆段: 0 条
2026-04-21 22:42:26,715 - httpx - INFO - HTTP Request: GET http://localhost:19486/heap/unmerged "HTTP/1.1 200 OK"
2026-04-21 22:42:26,963 - httpx - INFO - HTTP Request: POST http://localhost:19426/heap/append "HTTP/1.1 200 OK"
2026-04-21 22:42:26,964 - httpx - INFO - HTTP Request: GET http://localhost:19351/task?agent_id=c01d46ac "HTTP/1.1 200 OK"
2026-04-21 22:42:26,970 - httpx - INFO - HTTP Request: POST http://localhost:19486/heap/append "HTTP/1.1 200 OK"
2026-04-21 22:42:27,066 - httpx - INFO - HTTP Request: POST http://localhost:19356/heap/append "HTTP/1.1 200 OK"
2026-04-21 22:42:27,066 - httpx - INFO - HTTP Request: POST http://localhost:20095/heap/append "HTTP/1.1 200 OK"
2026-04-21 22:42:27,067 - httpx - INFO - HTTP Request: POST http://localhost:19353/heap/append "HTTP/1.1 200 OK"
2026-04-21 22:42:27,074 - httpx - INFO - HTTP Request: POST http://localhost:19351/allocate_page "HTTP/1.1 200 OK"
2026-04-21 22:42:27,503 - httpx - INFO - HTTP Request: POST http://localhost:19351/allocate_page "HTTP/1.1 200 OK"
2026-04-21 22:42:27,509 - httpx - INFO - HTTP Request: POST http://localhost:19351/allocate_page "HTTP/1.1 200 OK"
2026-04-21 22:42:27,513 - httpx - INFO - HTTP Request: GET http://localhost:19351/task?agent_id=e07b58b0 "HTTP/1.1 200 OK"
2026-04-21 22:42:27,585 - httpx - INFO - HTTP Request: GET http://localhost:19494/heap/unmerged "HTTP/1.1 200 OK"
2026-04-21 22:42:27,875 - httpx - INFO - HTTP Request: POST http://localhost:19351/heap-written "HTTP/1.1 200 OK"
2026-04-21 22:42:28,504 - httpx - INFO - HTTP Request: POST http://localhost:19351/heap-written "HTTP/1.1 200 OK"
2026-04-21 22:42:28,505 - httpx - INFO - HTTP Request: POST http://localhost:19351/heap-written "HTTP/1.1 200 OK"
2026-04-21 22:42:28,505 - httpx - INFO - HTTP Request: POST http://localhost:19351/heap-written "HTTP/1.1 200 OK"
2026-04-21 22:42:28,506 - httpx - INFO - HTTP Request: POST http://localhost:19351/heap-written "HTTP/1.1 200 OK"
2026-04-21 22:42:28,972 - httpx - INFO - HTTP Request: GET http://localhost:19524/heap/unmerged "HTTP/1.1 200 OK"
2026-04-21 22:42:29,284 - httpx - INFO - HTTP Request: POST http://localhost:19351/allocate_page "HTTP/1.1 200 OK"
2026-04-21 22:42:29,289 - httpx - INFO - HTTP Request: GET http://localhost:19351/task?agent_id=3e473202 "HTTP/1.1 200 OK"
2026-04-21 22:42:29,292 - httpx - INFO - HTTP Request: GET http://localhost:19351/task?agent_id=206fb109 "HTTP/1.1 200 OK"
2026-04-21 22:42:29,295 - httpx - INFO - HTTP Request: POST http://localhost:19351/allocate_page "HTTP/1.1 200 OK"
2026-04-21 22:42:29,304 - httpx - INFO - HTTP Request: POST http://localhost:19351/allocate_page "HTTP/1.1 200 OK"
2026-04-21 22:42:29,305 - httpx - INFO - HTTP Request: POST http://localhost:19524/heap/append "HTTP/1.1 200 OK"
2026-04-21 22:42:29,309 - httpx - INFO - HTTP Request: POST http://localhost:19443/heap/append "HTTP/1.1 200 OK"
2026-04-21 22:42:29,310 - httpx - INFO - HTTP Request: POST http://localhost:19387/heap/append "HTTP/1.1 200 OK"
2026-04-21 22:42:29,318 - httpx - INFO - HTTP Request: POST http://localhost:19351/allocate_page "HTTP/1.1 200 OK"
2026-04-21 22:42:29,614 - httpx - INFO - HTTP Request: GET http://localhost:19351/task?agent_id=e07b58b0 "HTTP/1.1 200 OK"
2026-04-21 22:42:29,915 - httpx - INFO - HTTP Request: GET http://localhost:20068/heap/unmerged "HTTP/1.1 200 OK"
2026-04-21 22:42:30,665 - httpx - INFO - HTTP Request: POST http://localhost:19351/heap-written "HTTP/1.1 200 OK"
2026-04-21 22:42:30,780 - httpx - INFO - HTTP Request: POST http://localhost:19351/heap-written "HTTP/1.1 200 OK"
2026-04-21 22:42:30,781 - httpx - INFO - HTTP Request: POST http://localhost:19351/heap-written "HTTP/1.1 200 OK"
2026-04-21 22:42:30,795 - httpx - INFO - HTTP Request: POST http://localhost:19351/allocate_page "HTTP/1.1 200 OK"
2026-04-21 22:42:30,796 - httpx - INFO - HTTP Request: POST http://localhost:19351/allocate_page "HTTP/1.1 200 OK"
2026-04-21 22:42:30,797 - httpx - INFO - HTTP Request: POST http://localhost:19351/allocate_page "HTTP/1.1 200 OK"
2026-04-21 22:42:30,808 - httpx - INFO - HTTP Request: GET http://localhost:20095/heap/unmerged "HTTP/1.1 200 OK"
2026-04-21 22:42:30,925 - httpx - INFO - HTTP Request: POST http://localhost:19351/allocate_page "HTTP/1.1 200 OK"
2026-04-21 22:42:30,925 - httpx - INFO - HTTP Request: POST http://localhost:19357/heap/append "HTTP/1.1 200 OK"
2026-04-21 22:42:30,926 - httpx - INFO - HTTP Request: POST http://localhost:19426/heap/append "HTTP/1.1 200 OK"
2026-04-21 22:42:30,926 - httpx - INFO - HTTP Request: POST http://localhost:20095/heap/append "HTTP/1.1 200 OK"
2026-04-21 22:42:30,929 - httpx - INFO - HTTP Request: POST http://localhost:19486/heap/append "HTTP/1.1 200 OK"
2026-04-21 22:42:30,940 - httpx - INFO - HTTP Request: GET http://localhost:19351/task?agent_id=e07b58b0 "HTTP/1.1 200 OK"
2026-04-21 22:42:31,979 - httpx - INFO - HTTP Request: GET http://localhost:20116/heap/unmerged "HTTP/1.1 200 OK"
2026-04-21 22:42:32,523 - httpx - INFO - HTTP Request: POST http://localhost:19351/heap-written "HTTP/1.1 200 OK"
2026-04-21 22:42:32,524 - httpx - INFO - HTTP Request: POST http://localhost:19351/heap-written "HTTP/1.1 200 OK"
2026-04-21 22:42:32,525 - httpx - INFO - HTTP Request: POST http://localhost:19351/heap-written "HTTP/1.1 200 OK"
2026-04-21 22:42:32,526 - httpx - INFO - HTTP Request: POST http://localhost:19351/heap-written "HTTP/1.1 200 OK"
2026-04-21 22:42:32,542 - httpx - INFO - HTTP Request: POST http://localhost:19351/allocate_page "HTTP/1.1 200 OK"
2026-04-21 22:42:32,543 - httpx - INFO - HTTP Request: POST http://localhost:19494/heap/append "HTTP/1.1 200 OK"
2026-04-21 22:42:32,544 - httpx - INFO - HTTP Request: POST http://localhost:19387/heap/append "HTTP/1.1 200 OK"
2026-04-21 22:42:32,544 - httpx - INFO - HTTP Request: POST http://localhost:19443/heap/append "HTTP/1.1 200 OK"
2026-04-21 22:42:32,558 - httpx - INFO - HTTP Request: POST http://localhost:19524/heap/append "HTTP/1.1 200 OK"
2026-04-21 22:42:32,878 - httpx - INFO - HTTP Request: GET http://localhost:19351/task?agent_id=9f005100 "HTTP/1.1 200 OK"
2026-04-21 22:42:32,879 - httpx - INFO - HTTP Request: GET http://localhost:19351/task?agent_id=91abe0a0 "HTTP/1.1 200 OK"
2026-04-21 22:42:32,880 - httpx - INFO - HTTP Request: GET http://localhost:19351/task?agent_id=8b461f3d "HTTP/1.1 200 OK"
2026-04-21 22:42:32,882 - httpx - INFO - HTTP Request: POST http://localhost:19351/allocate_page "HTTP/1.1 200 OK"
2026-04-21 22:42:33,157 - httpx - INFO - HTTP Request: GET http://localhost:19351/task?agent_id=e07b58b0 "HTTP/1.1 200 OK"
2026-04-21 22:42:34,012 - httpx - INFO - HTTP Request: POST http://localhost:19351/heap-written "HTTP/1.1 200 OK"
2026-04-21 22:42:34,013 - httpx - INFO - HTTP Request: POST http://localhost:19351/heap-written "HTTP/1.1 200 OK"
2026-04-21 22:42:34,014 - httpx - INFO - HTTP Request: POST http://localhost:19351/heap-written "HTTP/1.1 200 OK"
2026-04-21 22:42:34,026 - httpx - INFO - HTTP Request: POST http://localhost:19351/heap-written "HTTP/1.1 200 OK"
2026-04-21 22:42:34,136 - httpx - INFO - HTTP Request: GET http://localhost:19351/task?agent_id=269662a6 "HTTP/1.1 200 OK"
2026-04-21 22:42:34,136 - httpx - INFO - HTTP Request: GET http://localhost:19351/task?agent_id=cd956f8c "HTTP/1.1 200 OK"
2026-04-21 22:42:34,269 - httpx - INFO - HTTP Request: POST http://localhost:19351/allocate_page "HTTP/1.1 200 OK"
2026-04-21 22:42:34,270 - httpx - INFO - HTTP Request: POST http://localhost:19357/heap/append "HTTP/1.1 200 OK"
2026-04-21 22:42:34,289 - httpx - INFO - HTTP Request: GET http://localhost:19351/task?agent_id=f7470fa0 "HTTP/1.1 200 OK"
2026-04-21 22:42:34,483 - httpx - INFO - HTTP Request: POST http://localhost:19384/heap/append "HTTP/1.1 200 OK"
2026-04-21 22:42:34,644 - httpx - INFO - HTTP Request: POST http://localhost:19351/allocate_page "HTTP/1.1 200 OK"
2026-04-21 22:42:34,648 - httpx - INFO - HTTP Request: GET http://localhost:19351/task?agent_id=e07b58b0 "HTTP/1.1 200 OK"
2026-04-21 22:42:34,665 - httpx - INFO - HTTP Request: POST http://localhost:19351/heap-written "HTTP/1.1 200 OK"
2026-04-21 22:42:34,669 - httpx - INFO - HTTP Request: POST http://localhost:19351/heap-written "HTTP/1.1 200 OK"
2026-04-21 22:42:35,340 - httpx - INFO - HTTP Request: GET http://localhost:19351/task?agent_id=31877661 "HTTP/1.1 200 OK"
2026-04-21 22:42:35,342 - httpx - INFO - HTTP Request: POST http://localhost:19494/heap/append "HTTP/1.1 200 OK"
2026-04-21 22:42:35,349 - httpx - INFO - HTTP Request: POST http://localhost:19351/allocate_page "HTTP/1.1 200 OK"
2026-04-21 22:42:35,455 - httpx - INFO - HTTP Request: POST http://localhost:19457/heap/append "HTTP/1.1 200 OK"
2026-04-21 22:42:36,078 - httpx - INFO - HTTP Request: POST http://localhost:19351/heap-written "HTTP/1.1 200 OK"
2026-04-21 22:42:36,085 - httpx - INFO - HTTP Request: POST http://localhost:19351/heap-written "HTTP/1.1 200 OK"
2026-04-21 22:42:36,091 - httpx - INFO - HTTP Request: GET http://localhost:19351/task?agent_id=e07b58b0 "HTTP/1.1 200 OK"
2026-04-21 22:42:36,092 - httpx - INFO - HTTP Request: POST http://localhost:19384/heap/append "HTTP/1.1 200 OK"
2026-04-21 22:42:36,098 - httpx - INFO - HTTP Request: GET http://localhost:19351/task?agent_id=823eaa27 "HTTP/1.1 200 OK"
2026-04-21 22:42:36,098 - httpx - INFO - HTTP Request: POST http://localhost:19351/allocate_page "HTTP/1.1 200 OK"
2026-04-21 22:42:36,216 - httpx - INFO - HTTP Request: POST http://localhost:19351/heap-written "HTTP/1.1 200 OK"
2026-04-21 22:42:36,519 - httpx - INFO - HTTP Request: GET http://localhost:19351/task?agent_id=b076818a "HTTP/1.1 200 OK"
2026-04-21 22:42:36,522 - httpx - INFO - HTTP Request: POST http://localhost:19457/heap/append "HTTP/1.1 200 OK"
2026-04-21 22:42:36,713 - httpx - INFO - HTTP Request: POST http://localhost:19351/heap-written "HTTP/1.1 200 OK"
2026-04-21 22:42:36,716 - httpx - INFO - HTTP Request: GET http://localhost:19351/task?agent_id=e07b58b0 "HTTP/1.1 200 OK"
2026-04-21 22:42:36,854 - httpx - INFO - HTTP Request: GET http://localhost:19351/task?agent_id=4f4a09ef "HTTP/1.1 200 OK"
2026-04-21 22:42:37,416 - httpx - INFO - HTTP Request: POST http://localhost:19351/allocate_page "HTTP/1.1 200 OK"
2026-04-21 22:42:37,419 - httpx - INFO - HTTP Request: GET http://localhost:19351/task?agent_id=e07b58b0 "HTTP/1.1 200 OK"
2026-04-21 22:42:37,799 - httpx - INFO - HTTP Request: POST http://localhost:19466/heap/append "HTTP/1.1 200 OK"
2026-04-21 22:42:37,910 - httpx - INFO - HTTP Request: POST http://localhost:19351/heap-written "HTTP/1.1 200 OK"
2026-04-21 22:42:38,045 - httpx - INFO - HTTP Request: GET http://localhost:19353/heap/unmerged "HTTP/1.1 200 OK"
2026-04-21 22:42:38,146 - httpx - INFO - HTTP Request: GET http://localhost:19356/heap/unmerged "HTTP/1.1 200 OK"
2026-04-21 22:42:38,503 - httpx - INFO - HTTP Request: POST http://localhost:19351/allocate_page "HTTP/1.1 200 OK"
2026-04-21 22:42:38,506 - httpx - INFO - HTTP Request: GET http://localhost:19351/task?agent_id=e07b58b0 "HTTP/1.1 200 OK"
2026-04-21 22:42:38,509 - httpx - INFO - HTTP Request: GET http://localhost:19357/heap/unmerged "HTTP/1.1 200 OK"
2026-04-21 22:42:38,638 - httpx - INFO - HTTP Request: GET http://localhost:19362/heap/unmerged "HTTP/1.1 200 OK"
2026-04-21 22:42:39,068 - httpx - INFO - HTTP Request: GET http://localhost:19373/heap/unmerged "HTTP/1.1 200 OK"
2026-04-21 22:42:39,167 - httpx - INFO - HTTP Request: POST http://localhost:19466/heap/append "HTTP/1.1 200 OK"
2026-04-21 22:42:39,268 - httpx - INFO - HTTP Request: POST http://localhost:19351/heap-written "HTTP/1.1 200 OK"
2026-04-21 22:42:39,271 - httpx - INFO - HTTP Request: GET http://localhost:19384/heap/unmerged "HTTP/1.1 200 OK"
2026-04-21 22:42:39,849 - httpx - INFO - HTTP Request: GET http://localhost:19387/heap/unmerged "HTTP/1.1 200 OK"
2026-04-21 22:42:39,970 - httpx - INFO - HTTP Request: GET http://localhost:19351/task?agent_id=e07b58b0 "HTTP/1.1 200 OK"
2026-04-21 22:42:39,971 - httpx - INFO - HTTP Request: GET http://localhost:19351/task?agent_id=3ff882e7 "HTTP/1.1 200 OK"
2026-04-21 22:42:39,985 - httpx - INFO - HTTP Request: GET http://localhost:19398/heap/unmerged "HTTP/1.1 200 OK"
2026-04-21 22:42:40,081 - httpx - INFO - HTTP Request: GET http://localhost:19403/heap/unmerged "HTTP/1.1 200 OK"
2026-04-21 22:42:40,172 - httpx - INFO - HTTP Request: GET http://localhost:19426/heap/unmerged "HTTP/1.1 200 OK"
2026-04-21 22:42:40,352 - httpx - INFO - HTTP Request: GET http://localhost:19443/heap/unmerged "HTTP/1.1 200 OK"
2026-04-21 22:42:40,467 - httpx - INFO - HTTP Request: GET http://localhost:19457/heap/unmerged "HTTP/1.1 200 OK"
2026-04-21 22:42:40,575 - httpx - INFO - HTTP Request: GET http://localhost:19466/heap/unmerged "HTTP/1.1 200 OK"
2026-04-21 22:42:40,760 - httpx - INFO - HTTP Request: GET http://localhost:19351/task?agent_id=e07b58b0 "HTTP/1.1 200 OK"
2026-04-21 22:42:40,765 - httpx - INFO - HTTP Request: GET http://localhost:19486/heap/unmerged "HTTP/1.1 200 OK"
2026-04-21 22:42:40,879 - httpx - INFO - HTTP Request: GET http://localhost:19494/heap/unmerged "HTTP/1.1 200 OK"
2026-04-21 22:42:41,226 - httpx - INFO - HTTP Request: POST http://localhost:19351/allocate_page "HTTP/1.1 200 OK"
2026-04-21 22:42:41,230 - httpx - INFO - HTTP Request: POST http://localhost:19351/allocate_page "HTTP/1.1 200 OK"
2026-04-21 22:42:41,234 - httpx - INFO - HTTP Request: GET http://localhost:19524/heap/unmerged "HTTP/1.1 200 OK"
2026-04-21 22:42:41,436 - httpx - INFO - HTTP Request: GET http://localhost:20068/heap/unmerged "HTTP/1.1 200 OK"
2026-04-21 22:42:42,041 - httpx - INFO - HTTP Request: POST http://localhost:19398/heap/append "HTTP/1.1 200 OK"
2026-04-21 22:42:42,046 - httpx - INFO - HTTP Request: GET http://localhost:19351/task?agent_id=e07b58b0 "HTTP/1.1 200 OK"
2026-04-21 22:42:42,052 - httpx - INFO - HTTP Request: POST http://localhost:19351/allocate_page "HTTP/1.1 200 OK"
2026-04-21 22:42:42,054 - httpx - INFO - HTTP Request: POST http://localhost:20068/heap/append "HTTP/1.1 200 OK"
2026-04-21 22:42:42,054 - httpx - INFO - HTTP Request: GET http://localhost:20095/heap/unmerged "HTTP/1.1 200 OK"
2026-04-21 22:42:42,464 - httpx - INFO - HTTP Request: POST http://localhost:19351/heap-written "HTTP/1.1 200 OK"
2026-04-21 22:42:42,467 - httpx - INFO - HTTP Request: POST http://localhost:19351/heap-written "HTTP/1.1 200 OK"
2026-04-21 22:42:42,470 - httpx - INFO - HTTP Request: GET http://localhost:20116/heap/unmerged "HTTP/1.1 200 OK"
2026-04-21 22:42:42,471 - httpx - INFO - HTTP Request: POST http://localhost:19351/allocate_page "HTTP/1.1 200 OK"
2026-04-21 22:42:43,557 - httpx - INFO - HTTP Request: POST http://localhost:19351/allocate_page "HTTP/1.1 200 OK"
2026-04-21 22:42:43,560 - httpx - INFO - HTTP Request: POST http://localhost:20116/heap/append "HTTP/1.1 200 OK"
2026-04-21 22:42:43,562 - httpx - INFO - HTTP Request: POST http://localhost:19351/allocate_page "HTTP/1.1 200 OK"
2026-04-21 22:42:43,563 - httpx - INFO - HTTP Request: GET http://localhost:19351/task?agent_id=e07b58b0 "HTTP/1.1 200 OK"
2026-04-21 22:42:43,571 - httpx - INFO - HTTP Request: POST http://localhost:19398/heap/append "HTTP/1.1 200 OK"
2026-04-21 22:42:43,839 - httpx - INFO - HTTP Request: POST http://localhost:19351/heap-written "HTTP/1.1 200 OK"
2026-04-21 22:42:43,842 - httpx - INFO - HTTP Request: POST http://localhost:19351/heap-written "HTTP/1.1 200 OK"
2026-04-21 22:42:43,845 - httpx - INFO - HTTP Request: GET http://localhost:19351/task?agent_id=5b0ab4c2 "HTTP/1.1 200 OK"
2026-04-21 22:42:44,534 - httpx - INFO - HTTP Request: POST http://localhost:20068/heap/append "HTTP/1.1 200 OK"
2026-04-21 22:42:44,535 - httpx - INFO - HTTP Request: POST http://localhost:19351/allocate_page "HTTP/1.1 200 OK"
2026-04-21 22:42:44,543 - httpx - INFO - HTTP Request: POST http://localhost:19373/heap/append "HTTP/1.1 200 OK"
2026-04-21 22:42:44,760 - httpx - INFO - HTTP Request: POST http://localhost:19351/heap-written "HTTP/1.1 200 OK"
2026-04-21 22:42:44,765 - httpx - INFO - HTTP Request: POST http://localhost:19351/heap-written "HTTP/1.1 200 OK"
2026-04-21 22:42:45,715 - httpx - INFO - HTTP Request: GET http://localhost:19351/task?agent_id=e07b58b0 "HTTP/1.1 200 OK"
2026-04-21 22:42:45,716 - httpx - INFO - HTTP Request: GET http://localhost:19351/task?agent_id=d620df34 "HTTP/1.1 200 OK"
2026-04-21 22:42:45,717 - httpx - INFO - HTTP Request: POST http://localhost:19351/allocate_page "HTTP/1.1 200 OK"
2026-04-21 22:42:45,717 - httpx - INFO - HTTP Request: POST http://localhost:19351/allocate_page "HTTP/1.1 200 OK"
2026-04-21 22:42:45,718 - httpx - INFO - HTTP Request: POST http://localhost:20116/heap/append "HTTP/1.1 200 OK"
2026-04-21 22:42:45,962 - httpx - INFO - HTTP Request: POST http://localhost:19351/heap-written "HTTP/1.1 200 OK"
2026-04-21 22:42:45,966 - httpx - INFO - HTTP Request: POST http://localhost:19362/heap/append "HTTP/1.1 200 OK"
2026-04-21 22:42:46,093 - httpx - INFO - HTTP Request: POST http://localhost:19351/heap-written "HTTP/1.1 200 OK"
[BFF] 获取Agent 3ff882e7 堆段: 1 条
[BFF] 读取PublicMemory (物理路径): /mnt/d/collections2026/phd_application/nanobot1/milestone2/data/public_memory/public_memory.jsonl, top_k=2
[BFF] 读取PublicMemory完成: 142 条记录
[BFF] 获取Agent 91abe0a0 堆段: 0 条
[BFF] 获取Agent 823eaa27 堆段: 0 条
[BFF] 读取PublicMemory (物理路径): /mnt/d/collections2026/phd_application/nanobot1/milestone2/data/public_memory/public_memory.jsonl, top_k=2
[BFF] 读取PublicMemory完成: 142 条记录
[BFF] 读取PublicMemory (物理路径): /mnt/d/collections2026/phd_application/nanobot1/milestone2/data/public_memory/public_memory.jsonl, top_k=2
[BFF] 读取PublicMemory完成: 142 条记录
[BFF] 获取Agent f7470fa0 堆段: 0 条
[BFF] 获取Agent d620df34 堆段: 1 条
[BFF] 读取PublicMemory (物理路径): /mnt/d/collections2026/phd_application/nanobot1/milestone2/data/public_memory/public_memory.jsonl, top_k=2
[BFF] 读取PublicMemory完成: 142 条记录
[BFF] 读取PublicMemory (物理路径): /mnt/d/collections2026/phd_application/nanobot1/milestone2/data/public_memory/public_memory.jsonl, top_k=2
[BFF] 读取PublicMemory完成: 142 条记录
[BFF] 读取PublicMemory (物理路径): /mnt/d/collections2026/phd_application/nanobot1/milestone2/data/public_memory/public_memory.jsonl, top_k=2
[BFF] 读取PublicMemory完成: 142 条记录
[BFF] 获取Agent 9f005100 堆段: 1 条
[BFF] 读取PublicMemory (物理路径): /mnt/d/collections2026/phd_application/nanobot1/milestone2/data/public_memory/public_memory.jsonl, top_k=2
[BFF] 读取PublicMemory完成: 142 条记录
[BFF] 获取Agent 221a3768 堆段: 0 条
[BFF] all-unmerged 获取完成: 3 条
[BFF] all-unmerged 命中缓存: 3 条 (缓存剩余 4.8s)
[BFF] all-unmerged 命中缓存: 3 条 (缓存剩余 4.8s)
[BFF] all-unmerged 命中缓存: 3 条 (缓存剩余 4.8s)
[BFF] all-unmerged 命中缓存: 3 条 (缓存剩余 4.8s)
[BFF] 读取PublicMemory (物理路径): /mnt/d/collections2026/phd_application/nanobot1/milestone2/data/public_memory/public_memory.jsonl, top_k=2
[BFF] 读取PublicMemory完成: 142 条记录
[BFF] 读取PublicMemory (物理路径): /mnt/d/collections2026/phd_application/nanobot1/milestone2/data/public_memory/public_memory.jsonl, top_k=2
[BFF] 读取PublicMemory完成: 142 条记录
[BFF] 读取PublicMemory (物理路径): /mnt/d/collections2026/phd_application/nanobot1/milestone2/data/public_memory/public_memory.jsonl, top_k=2
[BFF] 读取PublicMemory完成: 142 条记录
[BFF] 读取PublicMemory (物理路径): /mnt/d/collections2026/phd_application/nanobot1/milestone2/data/public_memory/public_memory.jsonl, top_k=2
[BFF] 读取PublicMemory完成: 142 条记录
[BFF] all-unmerged 命中缓存: 3 条 (缓存剩余 3.3s)
[BFF] all-unmerged 命中缓存: 3 条 (缓存剩余 3.3s)
[BFF] all-unmerged 命中缓存: 3 条 (缓存剩余 3.3s)
[BFF] all-unmerged 命中缓存: 3 条 (缓存剩余 3.3s)
[BFF] all-unmerged 命中缓存: 3 条 (缓存剩余 2.7s)
[BFF] all-unmerged 命中缓存: 3 条 (缓存剩余 2.7s)
[BFF] 读取PublicMemory (物理路径): /mnt/d/collections2026/phd_application/nanobot1/milestone2/data/public_memory/public_memory.jsonl, top_k=2
[BFF] 读取PublicMemory完成: 142 条记录
[BFF] 读取PublicMemory (物理路径): /mnt/d/collections2026/phd_application/nanobot1/milestone2/data/public_memory/public_memory.jsonl, top_k=2
[BFF] 读取PublicMemory完成: 142 条记录
[BFF] 读取PublicMemory (物理路径): /mnt/d/collections2026/phd_application/nanobot1/milestone2/data/public_memory/public_memory.jsonl, top_k=2
[BFF] 读取PublicMemory完成: 142 条记录
[BFF] 读取PublicMemory (物理路径): /mnt/d/collections2026/phd_application/nanobot1/milestone2/data/public_memory/public_memory.jsonl, top_k=2
[BFF] 读取PublicMemory完成: 142 条记录
[BFF] 读取PublicMemory (物理路径): /mnt/d/collections2026/phd_application/nanobot1/milestone2/data/public_memory/public_memory.jsonl, top_k=2
[BFF] 读取PublicMemory完成: 142 条记录
[BFF] all-unmerged 命中缓存: 3 条 (缓存剩余 1.3s)
[BFF] all-unmerged 命中缓存: 3 条 (缓存剩余 1.3s)
[BFF] all-unmerged 命中缓存: 3 条 (缓存剩余 1.2s)
[BFF] 读取PublicMemory (物理路径): /mnt/d/collections2026/phd_application/nanobot1/milestone2/data/public_memory/public_memory.jsonl, top_k=2
[BFF] 读取PublicMemory完成: 142 条记录
[BFF] 读取PublicMemory (物理路径): /mnt/d/collections2026/phd_application/nanobot1/milestone2/data/public_memory/public_memory.jsonl, top_k=2
[BFF] 读取PublicMemory完成: 142 条记录
[BFF] 读取PublicMemory (物理路径): /mnt/d/collections2026/phd_application/nanobot1/milestone2/data/public_memory/public_memory.jsonl, top_k=2
[BFF] 读取PublicMemory完成: 142 条记录
[BFF] all-unmerged 命中缓存: 3 条 (缓存剩余 0.5s)
[BFF] 读取PublicMemory (物理路径): /mnt/d/collections2026/phd_application/nanobot1/milestone2/data/public_memory/public_memory.jsonl, top_k=2
[BFF] 读取PublicMemory完成: 142 条记录
[BFF] 读取PublicMemory (物理路径): /mnt/d/collections2026/phd_application/nanobot1/milestone2/data/public_memory/public_memory.jsonl, top_k=2
[BFF] 读取PublicMemory完成: 142 条记录
[BFF] 读取PublicMemory (物理路径): /mnt/d/collections2026/phd_application/nanobot1/milestone2/data/public_memory/public_memory.jsonl, top_k=2
[BFF] 读取PublicMemory完成: 142 条记录
[BFF] 获取Agent 206fb109 堆段: 2 条
[BFF] 获取Agent 3e473202 堆段: 2 条
[BFF] 获取Agent 31877661 堆段: 2 条
[BFF] 获取Agent c01d46ac 堆段: 2 条
[BFF] 读取PublicMemory (物理路径): /mnt/d/collections2026/phd_application/nanobot1/milestone2/data/public_memory/public_memory.jsonl, top_k=2
[BFF] 读取PublicMemory完成: 142 条记录
[BFF] 获取Agent 45b1447d 堆段: 1 条
[BFF] 获取Agent b076818a 堆段: 2 条
[BFF] all-unmerged 请求正在进行，等待完成...
[BFF] 获取Agent 269662a6 堆段: 2 条
[BFF] 获取Agent 5b0ab4c2 堆段: 0 条
[BFF] 获取Agent 1899dd93 堆段: 0 条
[BFF] 获取Agent 8b461f3d 堆段: 2 条
[BFF] 读取PublicMemory (物理路径): /mnt/d/collections2026/phd_application/nanobot1/milestone2/data/public_memory/public_memory.jsonl, top_k=2
[BFF] 读取PublicMemory完成: 142 条记录
[BFF] 读取PublicMemory (物理路径): /mnt/d/collections2026/phd_application/nanobot1/milestone2/data/public_memory/public_memory.jsonl, top_k=2
[BFF] 读取PublicMemory完成: 142 条记录
[BFF] 获取Agent cd956f8c 堆段: 2 条
[BFF] 获取Agent 4f4a09ef 堆段: 2 条
[BFF] 获取Agent 3ff882e7 堆段: 3 条
[BFF] 获取Agent 91abe0a0 堆段: 2 条
[BFF] 获取Agent 823eaa27 堆段: 2 条
[BFF] 读取PublicMemory (物理路径): /mnt/d/collections2026/phd_application/nanobot1/milestone2/data/public_memory/public_memory.jsonl, top_k=2
[BFF] 读取PublicMemory完成: 142 条记录
[BFF] 获取Agent f7470fa0 堆段: 2 条
[BFF] 获取Agent d620df34 堆段: 1 条
[BFF] 获取Agent 9f005100 堆段: 2 条
[BFF] 获取Agent 221a3768 堆段: 0 条
[BFF] all-unmerged 获取完成: 31 条
[BFF] all-unmerged 命中缓存: 31 条 (缓存剩余 5.0s)
[BFF] all-unmerged 命中缓存: 31 条 (缓存剩余 5.0s)
[BFF] 创建Consolidator容器...
[BFF] 读取PublicMemory (物理路径): /mnt/d/collections2026/phd_application/nanobot1/milestone2/data/public_memory/public_memory.jsonl, top_k=2
[BFF] 读取PublicMemory完成: 142 条记录
[BFF] 读取PublicMemory (物理路径): /mnt/d/collections2026/phd_application/nanobot1/milestone2/data/public_memory/public_memory.jsonl, top_k=2
[BFF] 读取PublicMemory完成: 142 条记录
[BFF] 读取PublicMemory (物理路径): /mnt/d/collections2026/phd_application/nanobot1/milestone2/data/public_memory/public_memory.jsonl, top_k=2
[BFF] 读取PublicMemory完成: 142 条记录
[BFF] 读取PublicMemory (物理路径): /mnt/d/collections2026/phd_application/nanobot1/milestone2/data/public_memory/public_memory.jsonl, top_k=2
[BFF] 读取PublicMemory完成: 142 条记录
[BFF] 读取PublicMemory (物理路径): /mnt/d/collections2026/phd_application/nanobot1/milestone2/data/public_memory/public_memory.jsonl, top_k=2
2026-04-21 22:42:46,425 - httpx - INFO - HTTP Request: POST http://localhost:19351/allocate_page "HTTP/1.1 200 OK"
2026-04-21 22:42:46,431 - httpx - INFO - HTTP Request: GET http://localhost:19351/task?agent_id=221a3768 "HTTP/1.1 200 OK"
2026-04-21 22:42:46,432 - httpx - INFO - HTTP Request: POST http://localhost:19373/heap/append "HTTP/1.1 200 OK"
2026-04-21 22:42:46,536 - httpx - INFO - HTTP Request: POST http://localhost:19351/heap-written "HTTP/1.1 200 OK"
2026-04-21 22:42:46,634 - httpx - INFO - HTTP Request: POST http://localhost:19362/heap/append "HTTP/1.1 200 OK"
2026-04-21 22:42:47,098 - httpx - INFO - HTTP Request: POST http://localhost:19351/heap-written "HTTP/1.1 200 OK"
2026-04-21 22:42:47,101 - httpx - INFO - HTTP Request: GET http://localhost:19351/task?agent_id=e07b58b0 "HTTP/1.1 200 OK"
2026-04-21 22:42:47,102 - httpx - INFO - HTTP Request: GET http://localhost:19351/task?agent_id=45b1447d "HTTP/1.1 200 OK"
2026-04-21 22:42:47,105 - httpx - INFO - HTTP Request: GET http://localhost:19351/task?agent_id=c01d46ac "HTTP/1.1 200 OK"
2026-04-21 22:42:47,768 - httpx - INFO - HTTP Request: GET http://localhost:19351/task?agent_id=e07b58b0 "HTTP/1.1 200 OK"
2026-04-21 22:42:48,094 - httpx - INFO - HTTP Request: GET http://localhost:40980/health "HTTP/1.1 200 OK"
2026-04-21 22:42:48,497 - httpx - INFO - HTTP Request: GET http://localhost:19351/task?agent_id=e07b58b0 "HTTP/1.1 200 OK"
2026-04-21 22:42:48,798 - httpx - INFO - HTTP Request: GET http://localhost:19351/active_pages "HTTP/1.1 200 OK"
2026-04-21 22:42:48,803 - httpx - INFO - HTTP Request: GET http://localhost:19351/active_pages "HTTP/1.1 200 OK"
2026-04-21 22:42:48,805 - httpx - INFO - HTTP Request: GET http://localhost:19351/active_pages "HTTP/1.1 200 OK"
2026-04-21 22:42:49,189 - httpx - INFO - HTTP Request: GET http://localhost:19351/task?agent_id=e07b58b0 "HTTP/1.1 200 OK"
2026-04-21 22:42:49,741 - httpx - INFO - HTTP Request: GET http://localhost:19351/task?agent_id=e07b58b0 "HTTP/1.1 200 OK"
2026-04-21 22:42:50,477 - httpx - INFO - HTTP Request: POST http://localhost:19351/allocate_page "HTTP/1.1 200 OK"
2026-04-21 22:42:50,480 - httpx - INFO - HTTP Request: POST http://localhost:19351/allocate_page "HTTP/1.1 200 OK"
2026-04-21 22:42:50,481 - httpx - INFO - HTTP Request: GET http://localhost:19351/task?agent_id=e07b58b0 "HTTP/1.1 200 OK"
2026-04-21 22:42:50,681 - httpx - INFO - HTTP Request: POST http://localhost:20095/heap/append "HTTP/1.1 200 OK"
2026-04-21 22:42:50,995 - httpx - INFO - HTTP Request: POST http://localhost:19351/heap-written "HTTP/1.1 200 OK"
2026-04-21 22:42:50,998 - httpx - INFO - HTTP Request: POST http://localhost:19351/allocate_page "HTTP/1.1 200 OK"
2026-04-21 22:42:50,999 - httpx - INFO - HTTP Request: POST http://localhost:19494/heap/append "HTTP/1.1 200 OK"
2026-04-21 22:42:51,481 - httpx - INFO - HTTP Request: POST http://localhost:19351/heap-written "HTTP/1.1 200 OK"
2026-04-21 22:42:51,528 - httpx - INFO - HTTP Request: POST http://localhost:20095/heap/append "HTTP/1.1 200 OK"
2026-04-21 22:42:51,736 - httpx - INFO - HTTP Request: GET http://localhost:19351/task?agent_id=e07b58b0 "HTTP/1.1 200 OK"
2026-04-21 22:42:52,082 - httpx - INFO - HTTP Request: POST http://localhost:19351/allocate_page "HTTP/1.1 200 OK"
2026-04-21 22:42:52,431 - httpx - INFO - HTTP Request: POST http://localhost:19351/mark_pages_merged "HTTP/1.1 200 OK"
2026-04-21 22:42:52,434 - httpx - INFO - HTTP Request: POST http://localhost:19351/mark_pages_merged "HTTP/1.1 200 OK"
2026-04-21 22:42:52,437 - httpx - INFO - HTTP Request: POST http://localhost:19351/mark_pages_merged "HTTP/1.1 200 OK"
2026-04-21 22:42:52,438 - httpx - INFO - HTTP Request: POST http://localhost:19351/allocate_page "HTTP/1.1 200 OK"
2026-04-21 22:42:52,441 - httpx - INFO - HTTP Request: POST http://localhost:19351/heap-written "HTTP/1.1 200 OK"
2026-04-21 22:42:52,795 - httpx - INFO - HTTP Request: GET http://localhost:19351/task?agent_id=9f005100 "HTTP/1.1 200 OK"
2026-04-21 22:42:53,803 - httpx - INFO - HTTP Request: POST http://localhost:19351/allocate_page "HTTP/1.1 200 OK"
2026-04-21 22:42:58,695 - httpx - INFO - HTTP Request: POST http://localhost:19351/allocate_page "HTTP/1.1 200 OK"
2026-04-21 22:43:00,174 - httpx - INFO - HTTP Request: POST http://localhost:19494/heap/append "HTTP/1.1 200 OK"
2026-04-21 22:43:00,491 - httpx - INFO - HTTP Request: POST http://localhost:19466/heap/mark-merged "HTTP/1.1 200 OK"
2026-04-21 22:43:00,492 - httpx - INFO - HTTP Request: POST http://localhost:19466/heap/mark-merged "HTTP/1.1 200 OK"
2026-04-21 22:43:00,515 - httpx - INFO - HTTP Request: POST http://localhost:19466/heap/mark-merged "HTTP/1.1 200 OK"
2026-04-21 22:43:00,621 - httpx - INFO - HTTP Request: POST http://localhost:19353/heap/mark-merged "HTTP/1.1 200 OK"
2026-04-21 22:43:00,627 - httpx - INFO - HTTP Request: POST http://localhost:19457/heap/mark-merged "HTTP/1.1 200 OK"
2026-04-21 22:43:00,631 - httpx - INFO - HTTP Request: POST http://localhost:20116/heap/mark-merged "HTTP/1.1 200 OK"
2026-04-21 22:43:00,632 - httpx - INFO - HTTP Request: GET http://localhost:19351/task?agent_id=e07b58b0 "HTTP/1.1 200 OK"
2026-04-21 22:43:00,633 - httpx - INFO - HTTP Request: POST http://localhost:19373/heap/mark-merged "HTTP/1.1 200 OK"
2026-04-21 22:43:00,633 - httpx - INFO - HTTP Request: POST http://localhost:19443/heap/mark-merged "HTTP/1.1 200 OK"
2026-04-21 22:43:00,634 - httpx - INFO - HTTP Request: POST http://localhost:19457/heap/mark-merged "HTTP/1.1 200 OK"
2026-04-21 22:43:00,634 - httpx - INFO - HTTP Request: POST http://localhost:19362/heap/mark-merged "HTTP/1.1 200 OK"
2026-04-21 22:43:00,635 - httpx - INFO - HTTP Request: POST http://localhost:19384/heap/mark-merged "HTTP/1.1 200 OK"
2026-04-21 22:43:00,635 - httpx - INFO - HTTP Request: POST http://localhost:19486/heap/mark-merged "HTTP/1.1 200 OK"
2026-04-21 22:43:00,635 - httpx - INFO - HTTP Request: POST http://localhost:19362/heap/mark-merged "HTTP/1.1 200 OK"
2026-04-21 22:43:00,636 - httpx - INFO - HTTP Request: POST http://localhost:19357/heap/mark-merged "HTTP/1.1 200 OK"
2026-04-21 22:43:00,636 - httpx - INFO - HTTP Request: POST http://localhost:19387/heap/mark-merged "HTTP/1.1 200 OK"
2026-04-21 22:43:00,637 - httpx - INFO - HTTP Request: POST http://localhost:19486/heap/mark-merged "HTTP/1.1 200 OK"
2026-04-21 22:43:00,637 - httpx - INFO - HTTP Request: POST http://localhost:19357/heap/mark-merged "HTTP/1.1 200 OK"
2026-04-21 22:43:00,637 - httpx - INFO - HTTP Request: POST http://localhost:19356/heap/mark-merged "HTTP/1.1 200 OK"
2026-04-21 22:43:00,638 - httpx - INFO - HTTP Request: POST http://localhost:19524/heap/mark-merged "HTTP/1.1 200 OK"
2026-04-21 22:43:00,638 - httpx - INFO - HTTP Request: POST http://localhost:19426/heap/mark-merged "HTTP/1.1 200 OK"
2026-04-21 22:43:00,639 - httpx - INFO - HTTP Request: POST http://localhost:19356/heap/mark-merged "HTTP/1.1 200 OK"
2026-04-21 22:43:00,639 - httpx - INFO - HTTP Request: POST http://localhost:19443/heap/mark-merged "HTTP/1.1 200 OK"
2026-04-21 22:43:00,639 - httpx - INFO - HTTP Request: POST http://localhost:19353/heap/mark-merged "HTTP/1.1 200 OK"
2026-04-21 22:43:00,640 - httpx - INFO - HTTP Request: POST http://localhost:20116/heap/mark-merged "HTTP/1.1 200 OK"
2026-04-21 22:43:00,641 - httpx - INFO - HTTP Request: POST http://localhost:20095/heap/mark-merged "HTTP/1.1 200 OK"
2026-04-21 22:43:00,641 - httpx - INFO - HTTP Request: POST http://localhost:20068/heap/mark-merged "HTTP/1.1 200 OK"
2026-04-21 22:43:00,642 - httpx - INFO - HTTP Request: POST http://localhost:19398/heap/mark-merged "HTTP/1.1 200 OK"
2026-04-21 22:43:00,642 - httpx - INFO - HTTP Request: POST http://localhost:19373/heap/mark-merged "HTTP/1.1 200 OK"
2026-04-21 22:43:00,644 - httpx - INFO - HTTP Request: POST http://localhost:19426/heap/mark-merged "HTTP/1.1 200 OK"
2026-04-21 22:43:00,644 - httpx - INFO - HTTP Request: POST http://localhost:19524/heap/mark-merged "HTTP/1.1 200 OK"
2026-04-21 22:43:00,645 - httpx - INFO - HTTP Request: POST http://localhost:19494/heap/mark-merged "HTTP/1.1 200 OK"
2026-04-21 22:43:00,646 - httpx - INFO - HTTP Request: POST http://localhost:19398/heap/mark-merged "HTTP/1.1 200 OK"
2026-04-21 22:43:00,647 - httpx - INFO - HTTP Request: POST http://localhost:20068/heap/mark-merged "HTTP/1.1 200 OK"
2026-04-21 22:43:00,650 - httpx - INFO - HTTP Request: POST http://localhost:20095/heap/mark-merged "HTTP/1.1 200 OK"
2026-04-21 22:43:00,653 - httpx - INFO - HTTP Request: POST http://localhost:19387/heap/mark-merged "HTTP/1.1 200 OK"
2026-04-21 22:43:00,655 - httpx - INFO - HTTP Request: POST http://localhost:19494/heap/mark-merged "HTTP/1.1 200 OK"
2026-04-21 22:43:00,656 - httpx - INFO - HTTP Request: POST http://localhost:19384/heap/mark-merged "HTTP/1.1 200 OK"
2026-04-21 22:43:00,666 - httpx - INFO - HTTP Request: POST http://localhost:19362/heap/mark-merged "HTTP/1.1 200 OK"
2026-04-21 22:43:00,666 - httpx - INFO - HTTP Request: POST http://localhost:19443/heap/mark-merged "HTTP/1.1 200 OK"
2026-04-21 22:43:00,667 - httpx - INFO - HTTP Request: POST http://localhost:19486/heap/mark-merged "HTTP/1.1 200 OK"
2026-04-21 22:43:00,668 - httpx - INFO - HTTP Request: POST http://localhost:19373/heap/mark-merged "HTTP/1.1 200 OK"
2026-04-21 22:43:00,668 - httpx - INFO - HTTP Request: POST http://localhost:19357/heap/mark-merged "HTTP/1.1 200 OK"
2026-04-21 22:43:00,669 - httpx - INFO - HTTP Request: POST http://localhost:19457/heap/mark-merged "HTTP/1.1 200 OK"
2026-04-21 22:43:00,670 - httpx - INFO - HTTP Request: POST http://localhost:19398/heap/mark-merged "HTTP/1.1 200 OK"
2026-04-21 22:43:00,672 - httpx - INFO - HTTP Request: POST http://localhost:19356/heap/mark-merged "HTTP/1.1 200 OK"
2026-04-21 22:43:00,674 - httpx - INFO - HTTP Request: POST http://localhost:19524/heap/mark-merged "HTTP/1.1 200 OK"
2026-04-21 22:43:00,676 - httpx - INFO - HTTP Request: POST http://localhost:19384/heap/mark-merged "HTTP/1.1 200 OK"
2026-04-21 22:43:00,677 - httpx - INFO - HTTP Request: POST http://localhost:19353/heap/mark-merged "HTTP/1.1 200 OK"
2026-04-21 22:43:00,678 - httpx - INFO - HTTP Request: POST http://localhost:20068/heap/mark-merged "HTTP/1.1 200 OK"
2026-04-21 22:43:00,679 - httpx - INFO - HTTP Request: POST http://localhost:19426/heap/mark-merged "HTTP/1.1 200 OK"
2026-04-21 22:43:00,679 - httpx - INFO - HTTP Request: POST http://localhost:20116/heap/mark-merged "HTTP/1.1 200 OK"
2026-04-21 22:43:00,680 - httpx - INFO - HTTP Request: POST http://localhost:20095/heap/mark-merged "HTTP/1.1 200 OK"
2026-04-21 22:43:00,681 - httpx - INFO - HTTP Request: POST http://localhost:19353/heap/append "HTTP/1.1 200 OK"
2026-04-21 22:43:00,681 - httpx - INFO - HTTP Request: POST http://localhost:19387/heap/mark-merged "HTTP/1.1 200 OK"
2026-04-21 22:43:00,682 - httpx - INFO - HTTP Request: POST http://localhost:19494/heap/mark-merged "HTTP/1.1 200 OK"
2026-04-21 22:43:00,920 - httpx - INFO - HTTP Request: POST http://localhost:19351/allocate_page "HTTP/1.1 200 OK"
2026-04-21 22:43:00,923 - httpx - INFO - HTTP Request: POST http://localhost:19351/allocate_page "HTTP/1.1 200 OK"
2026-04-21 22:43:00,925 - httpx - INFO - HTTP Request: POST http://localhost:19351/allocate_page "HTTP/1.1 200 OK"
2026-04-21 22:43:00,926 - httpx - INFO - HTTP Request: POST http://localhost:19351/allocate_page "HTTP/1.1 200 OK"
2026-04-21 22:43:00,927 - httpx - INFO - HTTP Request: POST http://localhost:19351/allocate_page "HTTP/1.1 200 OK"
2026-04-21 22:43:00,928 - httpx - INFO - HTTP Request: POST http://localhost:19351/allocate_page "HTTP/1.1 200 OK"
2026-04-21 22:43:00,928 - httpx - INFO - HTTP Request: POST http://localhost:40980/execute_merge "HTTP/1.1 200 OK"
2026-04-21 22:43:00,929 - httpx - INFO - HTTP Request: POST http://localhost:40980/execute_merge "HTTP/1.1 200 OK"
2026-04-21 22:43:01,059 - httpx - INFO - HTTP Request: POST http://localhost:19351/allocate_page "HTTP/1.1 200 OK"
2026-04-21 22:43:01,060 - httpx - INFO - HTTP Request: POST http://localhost:40980/execute_merge "HTTP/1.1 200 OK"
2026-04-21 22:43:01,062 - httpx - INFO - HTTP Request: POST http://localhost:19403/heap/append "HTTP/1.1 200 OK"
2026-04-21 22:43:01,063 - httpx - INFO - HTTP Request: POST http://localhost:19351/allocate_page "HTTP/1.1 200 OK"
2026-04-21 22:43:01,064 - httpx - INFO - HTTP Request: POST http://localhost:19351/allocate_page "HTTP/1.1 200 OK"
2026-04-21 22:43:01,287 - httpx - INFO - HTTP Request: POST http://localhost:19351/allocate_page "HTTP/1.1 200 OK"
2026-04-21 22:43:01,391 - httpx - INFO - HTTP Request: POST http://localhost:19486/heap/append "HTTP/1.1 200 OK"
2026-04-21 22:43:01,393 - httpx - INFO - HTTP Request: POST http://localhost:19351/heap-written "HTTP/1.1 200 OK"
2026-04-21 22:43:01,402 - httpx - INFO - HTTP Request: GET http://localhost:19351/task?agent_id=823eaa27 "HTTP/1.1 200 OK"
2026-04-21 22:43:01,504 - httpx - INFO - HTTP Request: POST http://localhost:19351/heap-written "HTTP/1.1 200 OK"
2026-04-21 22:43:01,508 - httpx - INFO - HTTP Request: POST http://localhost:19351/allocate_page "HTTP/1.1 200 OK"
2026-04-21 22:43:01,509 - httpx - INFO - HTTP Request: POST http://localhost:19351/heap-written "HTTP/1.1 200 OK"
2026-04-21 22:43:01,612 - httpx - INFO - HTTP Request: GET http://localhost:19353/heap/unmerged "HTTP/1.1 200 OK"
2026-04-21 22:43:01,713 - httpx - INFO - HTTP Request: POST http://localhost:19351/heap-written "HTTP/1.1 200 OK"
2026-04-21 22:43:01,724 - httpx - INFO - HTTP Request: GET http://localhost:19356/heap/unmerged "HTTP/1.1 200 OK"
2026-04-21 22:43:03,585 - httpx - INFO - HTTP Request: GET http://localhost:19351/active_pages "HTTP/1.1 200 OK"
2026-04-21 22:43:03,592 - httpx - INFO - HTTP Request: GET http://localhost:19357/heap/unmerged "HTTP/1.1 200 OK"
2026-04-21 22:43:03,596 - httpx - INFO - HTTP Request: POST http://localhost:19426/heap/append "HTTP/1.1 200 OK"
2026-04-21 22:43:03,597 - httpx - INFO - HTTP Request: POST http://localhost:19524/heap/append "HTTP/1.1 200 OK"
2026-04-21 22:43:03,598 - httpx - INFO - HTTP Request: POST http://localhost:19356/heap/append "HTTP/1.1 200 OK"
2026-04-21 22:43:03,598 - httpx - INFO - HTTP Request: POST http://localhost:19384/heap/append "HTTP/1.1 200 OK"
2026-04-21 22:43:03,730 - httpx - INFO - HTTP Request: POST http://localhost:19351/allocate_page "HTTP/1.1 200 OK"
2026-04-21 22:43:03,731 - httpx - INFO - HTTP Request: POST http://localhost:19353/heap/append "HTTP/1.1 200 OK"
2026-04-21 22:43:03,732 - httpx - INFO - HTTP Request: POST http://localhost:19351/allocate_page "HTTP/1.1 200 OK"
2026-04-21 22:43:03,733 - httpx - INFO - HTTP Request: POST http://localhost:19443/heap/append "HTTP/1.1 200 OK"
2026-04-21 22:43:04,029 - httpx - INFO - HTTP Request: GET http://localhost:19351/task?agent_id=e07b58b0 "HTTP/1.1 200 OK"
2026-04-21 22:43:04,030 - httpx - INFO - HTTP Request: POST http://localhost:19357/heap/append "HTTP/1.1 200 OK"
2026-04-21 22:43:04,033 - httpx - INFO - HTTP Request: POST http://localhost:19466/heap/append "HTTP/1.1 200 OK"
2026-04-21 22:43:04,034 - httpx - INFO - HTTP Request: POST http://localhost:20068/heap/append "HTTP/1.1 200 OK"
2026-04-21 22:43:04,034 - httpx - INFO - HTTP Request: POST http://localhost:19373/heap/append "HTTP/1.1 200 OK"
2026-04-21 22:43:04,361 - httpx - INFO - HTTP Request: POST http://localhost:19387/heap/append "HTTP/1.1 200 OK"
2026-04-21 22:43:04,377 - httpx - INFO - HTTP Request: POST http://localhost:19351/allocate_page "HTTP/1.1 200 OK"
2026-04-21 22:43:05,791 - httpx - INFO - HTTP Request: GET http://localhost:19362/heap/unmerged "HTTP/1.1 200 OK"
2026-04-21 22:43:06,974 - httpx - INFO - HTTP Request: POST http://localhost:19351/heap-written "HTTP/1.1 200 OK"
2026-04-21 22:43:06,975 - httpx - INFO - HTTP Request: POST http://localhost:19351/heap-written "HTTP/1.1 200 OK"
2026-04-21 22:43:06,975 - httpx - INFO - HTTP Request: POST http://localhost:19351/heap-written "HTTP/1.1 200 OK"
2026-04-21 22:43:06,989 - httpx - INFO - HTTP Request: POST http://localhost:19351/heap-written "HTTP/1.1 200 OK"
2026-04-21 22:43:06,990 - httpx - INFO - HTTP Request: POST http://localhost:19351/heap-written "HTTP/1.1 200 OK"
2026-04-21 22:43:06,990 - httpx - INFO - HTTP Request: POST http://localhost:19351/heap-written "HTTP/1.1 200 OK"
2026-04-21 22:43:07,271 - httpx - INFO - HTTP Request: POST http://localhost:19351/heap-written "HTTP/1.1 200 OK"
2026-04-21 22:43:07,272 - httpx - INFO - HTTP Request: POST http://localhost:19351/heap-written "HTTP/1.1 200 OK"
2026-04-21 22:43:07,272 - httpx - INFO - HTTP Request: POST http://localhost:19351/heap-written "HTTP/1.1 200 OK"
2026-04-21 22:43:07,273 - httpx - INFO - HTTP Request: POST http://localhost:19351/heap-written "HTTP/1.1 200 OK"
2026-04-21 22:43:07,273 - httpx - INFO - HTTP Request: POST http://localhost:19351/heap-written "HTTP/1.1 200 OK"
2026-04-21 22:43:07,287 - httpx - INFO - HTTP Request: POST http://localhost:19351/allocate_page "HTTP/1.1 200 OK"
2026-04-21 22:43:07,288 - httpx - INFO - HTTP Request: POST http://localhost:19351/allocate_page "HTTP/1.1 200 OK"
2026-04-21 22:43:07,294 - httpx - INFO - HTTP Request: GET http://localhost:19351/task?agent_id=206fb109 "HTTP/1.1 200 OK"
2026-04-21 22:43:07,296 - httpx - INFO - HTTP Request: POST http://localhost:19351/allocate_page "HTTP/1.1 200 OK"
2026-04-21 22:43:07,298 - httpx - INFO - HTTP Request: POST http://localhost:19351/allocate_page "HTTP/1.1 200 OK"
2026-04-21 22:43:07,298 - httpx - INFO - HTTP Request: POST http://localhost:19351/allocate_page "HTTP/1.1 200 OK"
2026-04-21 22:43:07,302 - httpx - INFO - HTTP Request: POST http://localhost:19486/heap/append "HTTP/1.1 200 OK"
2026-04-21 22:43:07,302 - httpx - INFO - HTTP Request: POST http://localhost:19457/heap/append "HTTP/1.1 200 OK"
2026-04-21 22:43:07,314 - httpx - INFO - HTTP Request: GET http://localhost:19373/heap/unmerged "HTTP/1.1 200 OK"
2026-04-21 22:43:07,315 - httpx - INFO - HTTP Request: POST http://localhost:19351/allocate_page "HTTP/1.1 200 OK"
2026-04-21 22:43:07,316 - httpx - INFO - HTTP Request: POST http://localhost:19351/allocate_page "HTTP/1.1 200 OK"
2026-04-21 22:43:07,317 - httpx - INFO - HTTP Request: POST http://localhost:19351/allocate_page "HTTP/1.1 200 OK"
2026-04-21 22:43:07,317 - httpx - INFO - HTTP Request: POST http://localhost:19403/heap/append "HTTP/1.1 200 OK"
2026-04-21 22:43:07,318 - httpx - INFO - HTTP Request: POST http://localhost:19351/allocate_page "HTTP/1.1 200 OK"
2026-04-21 22:43:07,319 - httpx - INFO - HTTP Request: POST http://localhost:19351/allocate_page "HTTP/1.1 200 OK"
2026-04-21 22:43:07,319 - httpx - INFO - HTTP Request: POST http://localhost:19351/mark_pages_merged "HTTP/1.1 200 OK"
2026-04-21 22:43:07,704 - httpx - INFO - HTTP Request: GET http://localhost:19351/task?agent_id=e07b58b0 "HTTP/1.1 200 OK"
2026-04-21 22:43:11,208 - httpx - INFO - HTTP Request: GET http://localhost:19351/active_pages "HTTP/1.1 200 OK"
2026-04-21 22:43:11,209 - httpx - INFO - HTTP Request: GET http://localhost:19384/heap/unmerged "HTTP/1.1 200 OK"
2026-04-21 22:43:11,212 - httpx - INFO - HTTP Request: POST http://localhost:19351/heap-written "HTTP/1.1 200 OK"
2026-04-21 22:43:11,213 - httpx - INFO - HTTP Request: POST http://localhost:19351/heap-written "HTTP/1.1 200 OK"
2026-04-21 22:43:11,334 - httpx - INFO - HTTP Request: POST http://localhost:19351/heap-written "HTTP/1.1 200 OK"
2026-04-21 22:43:11,337 - httpx - INFO - HTTP Request: POST http://localhost:20095/heap/mark-merged "HTTP/1.1 200 OK"
2026-04-21 22:43:11,371 - httpx - INFO - HTTP Request: POST http://localhost:19443/heap/append "HTTP/1.1 200 OK"
2026-04-21 22:43:11,388 - httpx - INFO - HTTP Request: POST http://localhost:19524/heap/mark-merged "HTTP/1.1 200 OK"
2026-04-21 22:43:11,389 - httpx - INFO - HTTP Request: POST http://localhost:19353/heap/mark-merged "HTTP/1.1 200 OK"
2026-04-21 22:43:11,390 - httpx - INFO - HTTP Request: POST http://localhost:19443/heap/mark-merged "HTTP/1.1 200 OK"
2026-04-21 22:43:11,391 - httpx - INFO - HTTP Request: POST http://localhost:19373/heap/mark-merged "HTTP/1.1 200 OK"
2026-04-21 22:43:11,392 - httpx - INFO - HTTP Request: POST http://localhost:19403/heap/mark-merged "HTTP/1.1 200 OK"
2026-04-21 22:43:11,394 - httpx - INFO - HTTP Request: POST http://localhost:20068/heap/mark-merged "HTTP/1.1 200 OK"
2026-04-21 22:43:11,395 - httpx - INFO - HTTP Request: POST http://localhost:19387/heap/mark-merged "HTTP/1.1 200 OK"
2026-04-21 22:43:11,516 - httpx - INFO - HTTP Request: POST http://localhost:19466/heap/mark-merged "HTTP/1.1 200 OK"
2026-04-21 22:43:11,516 - httpx - INFO - HTTP Request: POST http://localhost:19486/heap/mark-merged "HTTP/1.1 200 OK"
2026-04-21 22:43:11,517 - httpx - INFO - HTTP Request: POST http://localhost:19426/heap/mark-merged "HTTP/1.1 200 OK"
2026-04-21 22:43:11,517 - httpx - INFO - HTTP Request: GET http://localhost:19351/task?agent_id=91abe0a0 "HTTP/1.1 200 OK"
2026-04-21 22:43:11,518 - httpx - INFO - HTTP Request: POST http://localhost:19357/heap/mark-merged "HTTP/1.1 200 OK"
2026-04-21 22:43:11,518 - httpx - INFO - HTTP Request: POST http://localhost:19494/heap/mark-merged "HTTP/1.1 200 OK"
2026-04-21 22:43:11,519 - httpx - INFO - HTTP Request: POST http://localhost:19426/heap/append "HTTP/1.1 200 OK"
2026-04-21 22:43:11,519 - httpx - INFO - HTTP Request: POST http://localhost:19357/heap/append "HTTP/1.1 200 OK"
2026-04-21 22:43:11,520 - httpx - INFO - HTTP Request: POST http://localhost:19384/heap/mark-merged "HTTP/1.1 200 OK"
2026-04-21 22:43:11,521 - httpx - INFO - HTTP Request: POST http://localhost:19356/heap/mark-merged "HTTP/1.1 200 OK"
2026-04-21 22:43:11,534 - httpx - INFO - HTTP Request: POST http://localhost:19351/allocate_page "HTTP/1.1 200 OK"
2026-04-21 22:43:11,534 - httpx - INFO - HTTP Request: POST http://localhost:19524/heap/append "HTTP/1.1 200 OK"
2026-04-21 22:43:11,535 - httpx - INFO - HTTP Request: POST http://localhost:19384/heap/append "HTTP/1.1 200 OK"
2026-04-21 22:43:11,535 - httpx - INFO - HTTP Request: POST http://localhost:19356/heap/append "HTTP/1.1 200 OK"
2026-04-21 22:43:11,563 - httpx - INFO - HTTP Request: GET http://localhost:19351/task?agent_id=1899dd93 "HTTP/1.1 200 OK"
2026-04-21 22:43:11,574 - httpx - INFO - HTTP Request: POST http://localhost:20068/heap/append "HTTP/1.1 200 OK"
2026-04-21 22:43:11,575 - httpx - INFO - HTTP Request: POST http://localhost:19387/heap/append "HTTP/1.1 200 OK"
2026-04-21 22:43:11,576 - httpx - INFO - HTTP Request: POST http://localhost:19373/heap/append "HTTP/1.1 200 OK"
2026-04-21 22:43:11,576 - httpx - INFO - HTTP Request: POST http://localhost:19466/heap/append "HTTP/1.1 200 OK"
2026-04-21 22:43:12,341 - httpx - INFO - HTTP Request: POST http://localhost:40980/execute_merge "HTTP/1.1 200 OK"
2026-04-21 22:43:12,766 - httpx - INFO - HTTP Request: GET http://localhost:19387/heap/unmerged "HTTP/1.1 200 OK"
2026-04-21 22:43:14,730 - httpx - INFO - HTTP Request: POST http://localhost:19351/heap-written "HTTP/1.1 200 OK"
2026-04-21 22:43:14,844 - httpx - INFO - HTTP Request: POST http://localhost:19351/heap-written "HTTP/1.1 200 OK"
2026-04-21 22:43:14,845 - httpx - INFO - HTTP Request: POST http://localhost:19351/heap-written "HTTP/1.1 200 OK"
2026-04-21 22:43:14,846 - httpx - INFO - HTTP Request: POST http://localhost:19351/heap-written "HTTP/1.1 200 OK"
2026-04-21 22:43:14,847 - httpx - INFO - HTTP Request: POST http://localhost:19351/heap-written "HTTP/1.1 200 OK"
2026-04-21 22:43:14,848 - httpx - INFO - HTTP Request: POST http://localhost:19351/heap-written "HTTP/1.1 200 OK"
2026-04-21 22:43:14,979 - httpx - INFO - HTTP Request: POST http://localhost:19351/heap-written "HTTP/1.1 200 OK"
2026-04-21 22:43:14,981 - httpx - INFO - HTTP Request: POST http://localhost:19351/heap-written "HTTP/1.1 200 OK"
2026-04-21 22:43:14,981 - httpx - INFO - HTTP Request: POST http://localhost:19351/heap-written "HTTP/1.1 200 OK"
2026-04-21 22:43:14,982 - httpx - INFO - HTTP Request: POST http://localhost:19351/heap-written "HTTP/1.1 200 OK"
2026-04-21 22:43:14,982 - httpx - INFO - HTTP Request: GET http://localhost:19351/task?agent_id=e07b58b0 "HTTP/1.1 200 OK"
2026-04-21 22:43:14,983 - httpx - INFO - HTTP Request: GET http://localhost:19351/task?agent_id=31877661 "HTTP/1.1 200 OK"
2026-04-21 22:43:14,983 - httpx - INFO - HTTP Request: GET http://localhost:19351/task?agent_id=cd956f8c "HTTP/1.1 200 OK"
2026-04-21 22:43:14,990 - httpx - INFO - HTTP Request: POST http://localhost:19351/allocate_page "HTTP/1.1 200 OK"
2026-04-21 22:43:15,009 - httpx - INFO - HTTP Request: GET http://localhost:19351/task?agent_id=8b461f3d "HTTP/1.1 200 OK"
2026-04-21 22:43:15,010 - httpx - INFO - HTTP Request: GET http://localhost:19398/heap/unmerged "HTTP/1.1 200 OK"
2026-04-21 22:43:15,012 - httpx - INFO - HTTP Request: GET http://localhost:19351/task?agent_id=f7470fa0 "HTTP/1.1 200 OK"
2026-04-21 22:43:15,012 - httpx - INFO - HTTP Request: GET http://localhost:19351/task?agent_id=3e473202 "HTTP/1.1 200 OK"
2026-04-21 22:43:15,013 - httpx - INFO - HTTP Request: GET http://localhost:19351/task?agent_id=b076818a "HTTP/1.1 200 OK"
2026-04-21 22:43:15,014 - httpx - INFO - HTTP Request: POST http://localhost:19457/heap/append "HTTP/1.1 200 OK"
2026-04-21 22:43:15,114 - httpx - INFO - HTTP Request: GET http://localhost:19351/task?agent_id=d620df34 "HTTP/1.1 200 OK"
2026-04-21 22:43:15,114 - httpx - INFO - HTTP Request: GET http://localhost:19351/task?agent_id=45b1447d "HTTP/1.1 200 OK"
2026-04-21 22:43:15,115 - httpx - INFO - HTTP Request: GET http://localhost:19351/task?agent_id=3ff882e7 "HTTP/1.1 200 OK"
2026-04-21 22:43:15,115 - httpx - INFO - HTTP Request: GET http://localhost:19351/task?agent_id=269662a6 "HTTP/1.1 200 OK"
2026-04-21 22:43:15,217 - httpx - INFO - HTTP Request: POST http://localhost:19351/mark_pages_merged "HTTP/1.1 200 OK"
[BFF] 读取PublicMemory完成: 142 条记录
[BFF] 读取PublicMemory (物理路径): /mnt/d/collections2026/phd_application/nanobot1/milestone2/data/public_memory/public_memory.jsonl, top_k=2
[BFF] 读取PublicMemory完成: 142 条记录
[BFF] 读取PublicMemory (物理路径): /mnt/d/collections2026/phd_application/nanobot1/milestone2/data/public_memory/public_memory.jsonl, top_k=2
[BFF] 读取PublicMemory完成: 142 条记录
[BFF] 读取PublicMemory (物理路径): /mnt/d/collections2026/phd_application/nanobot1/milestone2/data/public_memory/public_memory.jsonl, top_k=2
[BFF] 读取PublicMemory完成: 142 条记录
[BFF] 读取PublicMemory (物理路径): /mnt/d/collections2026/phd_application/nanobot1/milestone2/data/public_memory/public_memory.jsonl, top_k=2
[BFF] 读取PublicMemory完成: 142 条记录
[BFF] 读取PublicMemory (物理路径): /mnt/d/collections2026/phd_application/nanobot1/milestone2/data/public_memory/public_memory.jsonl, top_k=2
[BFF] 读取PublicMemory完成: 142 条记录
[Orchestrator] Container consolidator_67609461 is ready
[Orchestrator] Created container consolidator_67609461
[BFF] Consolidator容器已创建: 67609461
[BFF] Consolidator容器已创建: 67609461
[BFF] Consolidator容器已创建: 67609461
[BFF] 转发合并请求到Consolidator: http://localhost:40980/execute_merge
[BFF] Consolidator容器已存在（双重检查）: 67609461
[BFF] 转发合并请求到Consolidator: http://localhost:40980/execute_merge
[BFF] Consolidator容器已存在（双重检查）: 67609461
[BFF] 转发合并请求到Consolidator: http://localhost:40980/execute_merge
[BFF] 读取PublicMemory (物理路径): /mnt/d/collections2026/phd_application/nanobot1/milestone2/data/public_memory/public_memory.jsonl, top_k=2
[BFF] 读取PublicMemory完成: 142 条记录
[BFF] 读取PublicMemory (物理路径): /mnt/d/collections2026/phd_application/nanobot1/milestone2/data/public_memory/public_memory.jsonl, top_k=10000
[BFF] 读取PublicMemory完成: 142 条记录
[BFF] 读取PublicMemory (物理路径): /mnt/d/collections2026/phd_application/nanobot1/milestone2/data/public_memory/public_memory.jsonl, top_k=10000
[BFF] 读取PublicMemory完成: 142 条记录
[BFF] 读取PublicMemory (物理路径): /mnt/d/collections2026/phd_application/nanobot1/milestone2/data/public_memory/public_memory.jsonl, top_k=10000
[BFF] 读取PublicMemory完成: 142 条记录
[BFF] 读取PublicMemory (物理路径): /mnt/d/collections2026/phd_application/nanobot1/milestone2/data/public_memory/public_memory.jsonl, top_k=2
[BFF] 读取PublicMemory完成: 142 条记录
[BFF] 读取PublicMemory (物理路径): /mnt/d/collections2026/phd_application/nanobot1/milestone2/data/public_memory/public_memory.jsonl, top_k=2
[BFF] 读取PublicMemory完成: 142 条记录
[BFF] 读取PublicMemory (物理路径): /mnt/d/collections2026/phd_application/nanobot1/milestone2/data/public_memory/public_memory.jsonl, top_k=2
[BFF] 读取PublicMemory完成: 142 条记录
[BFF] 写入PublicMemory (物理路径): /mnt/d/collections2026/phd_application/nanobot1/milestone2/data/public_memory/public_memory.jsonl
[BFF] 原子替换PublicMemory: 159 条记录 -> /mnt/d/collections2026/phd_application/nanobot1/milestone2/data/public_memory/public_memory.jsonl
[BFF] 写入PublicMemory (物理路径): /mnt/d/collections2026/phd_application/nanobot1/milestone2/data/public_memory/public_memory.jsonl
[BFF] 原子替换PublicMemory: 159 条记录 -> /mnt/d/collections2026/phd_application/nanobot1/milestone2/data/public_memory/public_memory.jsonl
[BFF] 写入PublicMemory (物理路径): /mnt/d/collections2026/phd_application/nanobot1/milestone2/data/public_memory/public_memory.jsonl
[BFF] 原子替换PublicMemory: 159 条记录 -> /mnt/d/collections2026/phd_application/nanobot1/milestone2/data/public_memory/public_memory.jsonl
[BFF] 读取PublicMemory (物理路径): /mnt/d/collections2026/phd_application/nanobot1/milestone2/data/public_memory/public_memory.jsonl, top_k=2
[BFF] 读取PublicMemory完成: 159 条记录
[BFF] 读取PublicMemory (物理路径): /mnt/d/collections2026/phd_application/nanobot1/milestone2/data/public_memory/public_memory.jsonl, top_k=2
[BFF] 读取PublicMemory完成: 159 条记录
[BFF] Consolidator合并完成: {'status': 'ok', 'original_count': 183, 'deduped_count': 159, 'removed_count': 24, 'pages_marked': 41, 'source': 'km_page_table'}
[BFF] Consolidator合并完成: {'status': 'ok', 'original_count': 183, 'deduped_count': 159, 'removed_count': 24, 'pages_marked': 41, 'source': 'km_page_table'}
[BFF] Consolidator合并完成: {'status': 'ok', 'original_count': 183, 'deduped_count': 159, 'removed_count': 24, 'pages_marked': 41, 'source': 'km_page_table'}
[BFF] 读取PublicMemory (物理路径): /mnt/d/collections2026/phd_application/nanobot1/milestone2/data/public_memory/public_memory.jsonl, top_k=2
[BFF] 读取PublicMemory完成: 159 条记录
[BFF] all-unmerged 请求正在进行，等待完成...
[BFF] all-unmerged 请求正在进行，等待完成...
[BFF] all-unmerged 请求正在进行，等待完成...
[BFF] Consolidator容器已存在: 67609461
[BFF] 转发合并请求到Consolidator: http://localhost:40980/execute_merge
[BFF] 获取Agent 206fb109 堆段: 1 条
[BFF] 获取Agent 3e473202 堆段: 0 条
[BFF] 读取PublicMemory (物理路径): /mnt/d/collections2026/phd_application/nanobot1/milestone2/data/public_memory/public_memory.jsonl, top_k=2
[BFF] 读取PublicMemory完成: 159 条记录
[BFF] 获取Agent 31877661 堆段: 0 条
[BFF] 读取PublicMemory (物理路径): /mnt/d/collections2026/phd_application/nanobot1/milestone2/data/public_memory/public_memory.jsonl, top_k=10000
[BFF] 读取PublicMemory完成: 159 条记录
[BFF] all-unmerged 请求正在进行，等待完成...
[BFF] 写入PublicMemory (物理路径): /mnt/d/collections2026/phd_application/nanobot1/milestone2/data/public_memory/public_memory.jsonl
[BFF] 原子替换PublicMemory: 172 条记录 -> /mnt/d/collections2026/phd_application/nanobot1/milestone2/data/public_memory/public_memory.jsonl
[BFF] 获取Agent c01d46ac 堆段: 0 条
[BFF] 读取PublicMemory (物理路径): /mnt/d/collections2026/phd_application/nanobot1/milestone2/data/public_memory/public_memory.jsonl, top_k=2
[BFF] 读取PublicMemory完成: 172 条记录
[BFF] Consolidator容器已存在: 67609461
[BFF] 转发合并请求到Consolidator: http://localhost:40980/execute_merge
[BFF] 获取Agent 45b1447d 堆段: 1 条
[BFF] 读取PublicMemory (物理路径): /mnt/d/collections2026/phd_application/nanobot1/milestone2/data/public_memory/public_memory.jsonl, top_k=2
[BFF] 读取PublicMemory完成: 172 条记录
[BFF] 读取PublicMemory (物理路径): /mnt/d/collections2026/phd_application/nanobot1/milestone2/data/public_memory/public_memory.jsonl, top_k=2
[BFF] 读取PublicMemory完成: 172 条记录
[BFF] 获取Agent b076818a 堆段: 1 条
[BFF] 读取PublicMemory (物理路径): /mnt/d/collections2026/phd_application/nanobot1/milestone2/data/public_memory/public_memory.jsonl, top_k=10000
[BFF] 读取PublicMemory完成: 172 条记录
[BFF] Consolidator合并完成: {'status': 'ok', 'original_count': 177, 'deduped_count': 172, 'removed_count': 5, 'pages_marked': 18, 'source': 'km_page_table'}
[BFF] 获取Agent 269662a6 堆段: 1 条
[BFF] 读取PublicMemory (物理路径): /mnt/d/collections2026/phd_application/nanobot1/milestone2/data/public_memory/public_memory.jsonl, top_k=2
[BFF] 读取PublicMemory完成: 172 条记录
[BFF] 写入PublicMemory (物理路径): /mnt/d/collections2026/phd_application/nanobot1/milestone2/data/public_memory/public_memory.jsonl
[BFF] 原子替换PublicMemory: 178 条记录 -> /mnt/d/collections2026/phd_application/nanobot1/milestone2/data/public_memory/public_memory.jsonl
[BFF] 读取PublicMemory (物理路径): /mnt/d/collections2026/phd_application/nanobot1/milestone2/data/public_memory/public_memory.jsonl, top_k=2
[BFF] 读取PublicMemory完成: 178 条记录
[BFF] all-unmerged 请求正在进行，等待完成...
[BFF] 获取Agent 5b0ab4c2 堆段: 0 条
2026-04-21 22:43:15,268 - httpx - INFO - HTTP Request: POST http://localhost:19351/allocate_page "HTTP/1.1 200 OK"
2026-04-21 22:43:16,666 - httpx - INFO - HTTP Request: GET http://localhost:19403/heap/unmerged "HTTP/1.1 200 OK"
2026-04-21 22:43:16,668 - httpx - INFO - HTTP Request: POST http://localhost:19351/heap-written "HTTP/1.1 200 OK"
2026-04-21 22:43:17,364 - httpx - INFO - HTTP Request: POST http://localhost:19457/heap/mark-merged "HTTP/1.1 200 OK"
2026-04-21 22:43:17,372 - httpx - INFO - HTTP Request: POST http://localhost:19356/heap/mark-merged "HTTP/1.1 200 OK"
2026-04-21 22:43:17,374 - httpx - INFO - HTTP Request: POST http://localhost:19486/heap/mark-merged "HTTP/1.1 200 OK"
2026-04-21 22:43:17,375 - httpx - INFO - HTTP Request: GET http://localhost:19351/task?agent_id=4f4a09ef "HTTP/1.1 200 OK"
2026-04-21 22:43:17,388 - httpx - INFO - HTTP Request: POST http://localhost:19387/heap/mark-merged "HTTP/1.1 200 OK"
2026-04-21 22:43:17,389 - httpx - INFO - HTTP Request: POST http://localhost:19357/heap/mark-merged "HTTP/1.1 200 OK"
2026-04-21 22:43:17,390 - httpx - INFO - HTTP Request: POST http://localhost:19384/heap/mark-merged "HTTP/1.1 200 OK"
2026-04-21 22:43:17,391 - httpx - INFO - HTTP Request: POST http://localhost:19403/heap/mark-merged "HTTP/1.1 200 OK"
2026-04-21 22:43:17,392 - httpx - INFO - HTTP Request: POST http://localhost:19443/heap/mark-merged "HTTP/1.1 200 OK"
2026-04-21 22:43:17,392 - httpx - INFO - HTTP Request: POST http://localhost:19524/heap/mark-merged "HTTP/1.1 200 OK"
2026-04-21 22:43:17,393 - httpx - INFO - HTTP Request: POST http://localhost:19426/heap/mark-merged "HTTP/1.1 200 OK"
2026-04-21 22:43:17,394 - httpx - INFO - HTTP Request: POST http://localhost:19351/allocate_page "HTTP/1.1 200 OK"
2026-04-21 22:43:17,394 - httpx - INFO - HTTP Request: POST http://localhost:20116/heap/append "HTTP/1.1 200 OK"
2026-04-21 22:43:17,395 - httpx - INFO - HTTP Request: POST http://localhost:19466/heap/mark-merged "HTTP/1.1 200 OK"
2026-04-21 22:43:17,395 - httpx - INFO - HTTP Request: POST http://localhost:20068/heap/mark-merged "HTTP/1.1 200 OK"
2026-04-21 22:43:17,397 - httpx - INFO - HTTP Request: POST http://localhost:19494/heap/append "HTTP/1.1 200 OK"
2026-04-21 22:43:17,421 - httpx - INFO - HTTP Request: POST http://localhost:19373/heap/mark-merged "HTTP/1.1 200 OK"
2026-04-21 22:43:17,421 - httpx - INFO - HTTP Request: GET http://localhost:19426/heap/unmerged "HTTP/1.1 200 OK"
2026-04-21 22:43:17,715 - httpx - INFO - HTTP Request: POST http://localhost:40980/execute_merge "HTTP/1.1 200 OK"
2026-04-21 22:43:17,857 - httpx - INFO - HTTP Request: POST http://localhost:19351/heap-written "HTTP/1.1 200 OK"
2026-04-21 22:43:17,862 - httpx - INFO - HTTP Request: POST http://localhost:19351/heap-written "HTTP/1.1 200 OK"
2026-04-21 22:43:17,867 - httpx - INFO - HTTP Request: POST http://localhost:19362/heap/append "HTTP/1.1 200 OK"
2026-04-21 22:43:17,867 - httpx - INFO - HTTP Request: GET http://localhost:19443/heap/unmerged "HTTP/1.1 200 OK"
2026-04-21 22:43:18,561 - httpx - INFO - HTTP Request: GET http://localhost:19351/task?agent_id=e07b58b0 "HTTP/1.1 200 OK"
2026-04-21 22:43:18,563 - httpx - INFO - HTTP Request: POST http://localhost:19351/heap-written "HTTP/1.1 200 OK"
2026-04-21 22:43:18,569 - httpx - INFO - HTTP Request: GET http://localhost:19457/heap/unmerged "HTTP/1.1 200 OK"
2026-04-21 22:43:18,570 - httpx - INFO - HTTP Request: POST http://localhost:19351/allocate_page "HTTP/1.1 200 OK"
2026-04-21 22:43:18,571 - httpx - INFO - HTTP Request: POST http://localhost:19351/allocate_page "HTTP/1.1 200 OK"
2026-04-21 22:43:18,572 - httpx - INFO - HTTP Request: POST http://localhost:19351/allocate_page "HTTP/1.1 200 OK"
2026-04-21 22:43:18,721 - httpx - INFO - HTTP Request: GET http://localhost:19466/heap/unmerged "HTTP/1.1 200 OK"
2026-04-21 22:43:18,911 - httpx - INFO - HTTP Request: POST http://localhost:19362/heap/append "HTTP/1.1 200 OK"
2026-04-21 22:43:18,915 - httpx - INFO - HTTP Request: GET http://localhost:19486/heap/unmerged "HTTP/1.1 200 OK"
2026-04-21 22:43:19,550 - httpx - INFO - HTTP Request: POST http://localhost:19351/heap-written "HTTP/1.1 200 OK"
2026-04-21 22:43:19,554 - httpx - INFO - HTTP Request: GET http://localhost:19351/task?agent_id=e07b58b0 "HTTP/1.1 200 OK"
2026-04-21 22:43:19,557 - httpx - INFO - HTTP Request: POST http://localhost:20116/heap/append "HTTP/1.1 200 OK"
2026-04-21 22:43:19,561 - httpx - INFO - HTTP Request: GET http://localhost:19494/heap/unmerged "HTTP/1.1 200 OK"
2026-04-21 22:43:19,562 - httpx - INFO - HTTP Request: POST http://localhost:19494/heap/append "HTTP/1.1 200 OK"
2026-04-21 22:43:20,523 - httpx - INFO - HTTP Request: GET http://localhost:19524/heap/unmerged "HTTP/1.1 200 OK"
2026-04-21 22:43:20,636 - httpx - INFO - HTTP Request: POST http://localhost:19351/heap-written "HTTP/1.1 200 OK"
2026-04-21 22:43:20,637 - httpx - INFO - HTTP Request: POST http://localhost:19351/heap-written "HTTP/1.1 200 OK"
2026-04-21 22:43:20,647 - httpx - INFO - HTTP Request: GET http://localhost:19351/task?agent_id=221a3768 "HTTP/1.1 200 OK"
2026-04-21 22:43:20,649 - httpx - INFO - HTTP Request: GET http://localhost:19351/task?agent_id=823eaa27 "HTTP/1.1 200 OK"
2026-04-21 22:43:20,661 - httpx - INFO - HTTP Request: GET http://localhost:20068/heap/unmerged "HTTP/1.1 200 OK"
2026-04-21 22:43:20,764 - httpx - INFO - HTTP Request: GET http://localhost:20095/heap/unmerged "HTTP/1.1 200 OK"
2026-04-21 22:43:20,891 - httpx - INFO - HTTP Request: GET http://localhost:20116/heap/unmerged "HTTP/1.1 200 OK"
2026-04-21 22:43:20,987 - httpx - INFO - HTTP Request: GET http://localhost:40980/heap/unmerged "HTTP/1.1 200 OK"
2026-04-21 22:43:21,342 - httpx - INFO - HTTP Request: POST http://localhost:19351/allocate_page "HTTP/1.1 200 OK"
2026-04-21 22:43:21,556 - httpx - INFO - HTTP Request: POST http://localhost:20095/heap/append "HTTP/1.1 200 OK"
2026-04-21 22:43:21,783 - httpx - INFO - HTTP Request: POST http://localhost:19351/heap-written "HTTP/1.1 200 OK"
2026-04-21 22:43:21,786 - httpx - INFO - HTTP Request: POST http://localhost:19351/allocate_page "HTTP/1.1 200 OK"
2026-04-21 22:43:21,998 - httpx - INFO - HTTP Request: POST http://localhost:20095/heap/append "HTTP/1.1 200 OK"
2026-04-21 22:43:22,100 - httpx - INFO - HTTP Request: POST http://localhost:19351/heap-written "HTTP/1.1 200 OK"
2026-04-21 22:43:22,695 - httpx - INFO - HTTP Request: POST http://localhost:19351/allocate_page "HTTP/1.1 200 OK"
2026-04-21 22:43:22,945 - httpx - INFO - HTTP Request: POST http://localhost:19398/heap/append "HTTP/1.1 200 OK"
2026-04-21 22:43:23,158 - httpx - INFO - HTTP Request: POST http://localhost:19351/heap-written "HTTP/1.1 200 OK"
2026-04-21 22:43:23,161 - httpx - INFO - HTTP Request: POST http://localhost:19351/allocate_page "HTTP/1.1 200 OK"
2026-04-21 22:43:23,762 - httpx - INFO - HTTP Request: POST http://localhost:19398/heap/append "HTTP/1.1 200 OK"
2026-04-21 22:43:23,999 - httpx - INFO - HTTP Request: GET http://localhost:19351/active_pages "HTTP/1.1 200 OK"
2026-04-21 22:43:24,001 - httpx - INFO - HTTP Request: POST http://localhost:19351/heap-written "HTTP/1.1 200 OK"
2026-04-21 22:43:24,727 - httpx - INFO - HTTP Request: POST http://localhost:19351/mark_pages_merged "HTTP/1.1 200 OK"
2026-04-21 22:43:25,328 - httpx - INFO - HTTP Request: POST http://localhost:20116/heap/mark-merged "HTTP/1.1 200 OK"
2026-04-21 22:43:25,332 - httpx - INFO - HTTP Request: POST http://localhost:19457/heap/mark-merged "HTTP/1.1 200 OK"
2026-04-21 22:43:25,332 - httpx - INFO - HTTP Request: POST http://localhost:19494/heap/mark-merged "HTTP/1.1 200 OK"
2026-04-21 22:43:25,333 - httpx - INFO - HTTP Request: POST http://localhost:19362/heap/mark-merged "HTTP/1.1 200 OK"
2026-04-21 22:43:25,341 - httpx - INFO - HTTP Request: POST http://localhost:19398/heap/mark-merged "HTTP/1.1 200 OK"
2026-04-21 22:43:25,342 - httpx - INFO - HTTP Request: POST http://localhost:20095/heap/mark-merged "HTTP/1.1 200 OK"
2026-04-21 22:43:25,350 - httpx - INFO - HTTP Request: POST http://localhost:40980/execute_merge "HTTP/1.1 200 OK"
2026-04-21 22:43:29,280 - httpx - INFO - HTTP Request: POST http://localhost:19351/allocate_page "HTTP/1.1 200 OK"
2026-04-21 22:43:29,491 - httpx - INFO - HTTP Request: POST http://localhost:20068/heap/append "HTTP/1.1 200 OK"
2026-04-21 22:43:29,587 - httpx - INFO - HTTP Request: POST http://localhost:19351/heap-written "HTTP/1.1 200 OK"
2026-04-21 22:43:29,694 - httpx - INFO - HTTP Request: POST http://localhost:19351/allocate_page "HTTP/1.1 200 OK"
2026-04-21 22:43:29,985 - httpx - INFO - HTTP Request: POST http://localhost:20068/heap/append "HTTP/1.1 200 OK"
2026-04-21 22:43:30,085 - httpx - INFO - HTTP Request: POST http://localhost:19351/heap-written "HTTP/1.1 200 OK"
2026-04-21 22:43:30,496 - httpx - INFO - HTTP Request: POST http://localhost:19351/allocate_page "HTTP/1.1 200 OK"
2026-04-21 22:43:30,957 - httpx - INFO - HTTP Request: POST http://localhost:19353/heap/append "HTTP/1.1 200 OK"
2026-04-21 22:43:31,051 - httpx - INFO - HTTP Request: POST http://localhost:19351/heap-written "HTTP/1.1 200 OK"
2026-04-21 22:43:31,265 - httpx - INFO - HTTP Request: POST http://localhost:19351/allocate_page "HTTP/1.1 200 OK"
2026-04-21 22:43:31,268 - httpx - INFO - HTTP Request: GET http://localhost:19353/heap/unmerged "HTTP/1.1 200 OK"
2026-04-21 22:43:31,496 - httpx - INFO - HTTP Request: POST http://localhost:19353/heap/append "HTTP/1.1 200 OK"
2026-04-21 22:43:31,499 - httpx - INFO - HTTP Request: GET http://localhost:19356/heap/unmerged "HTTP/1.1 200 OK"
2026-04-21 22:43:31,893 - httpx - INFO - HTTP Request: POST http://localhost:19351/heap-written "HTTP/1.1 200 OK"
2026-04-21 22:43:31,896 - httpx - INFO - HTTP Request: POST http://localhost:19351/allocate_page "HTTP/1.1 200 OK"
2026-04-21 22:43:31,899 - httpx - INFO - HTTP Request: GET http://localhost:19357/heap/unmerged "HTTP/1.1 200 OK"
2026-04-21 22:43:32,079 - httpx - INFO - HTTP Request: GET http://localhost:19362/heap/unmerged "HTTP/1.1 200 OK"
2026-04-21 22:43:32,661 - httpx - INFO - HTTP Request: POST http://localhost:19373/heap/append "HTTP/1.1 200 OK"
2026-04-21 22:43:32,769 - httpx - INFO - HTTP Request: GET http://localhost:19373/heap/unmerged "HTTP/1.1 200 OK"
2026-04-21 22:43:33,075 - httpx - INFO - HTTP Request: POST http://localhost:19351/heap-written "HTTP/1.1 200 OK"
2026-04-21 22:43:33,078 - httpx - INFO - HTTP Request: POST http://localhost:19351/allocate_page "HTTP/1.1 200 OK"
2026-04-21 22:43:33,081 - httpx - INFO - HTTP Request: GET http://localhost:19384/heap/unmerged "HTTP/1.1 200 OK"
2026-04-21 22:43:33,179 - httpx - INFO - HTTP Request: POST http://localhost:19351/allocate_page "HTTP/1.1 200 OK"
2026-04-21 22:43:33,278 - httpx - INFO - HTTP Request: POST http://localhost:19373/heap/append "HTTP/1.1 200 OK"
2026-04-21 22:43:33,401 - httpx - INFO - HTTP Request: GET http://localhost:19387/heap/unmerged "HTTP/1.1 200 OK"
2026-04-21 22:43:33,795 - httpx - INFO - HTTP Request: POST http://localhost:19351/heap-written "HTTP/1.1 200 OK"
2026-04-21 22:43:33,798 - httpx - INFO - HTTP Request: POST http://localhost:19494/heap/append "HTTP/1.1 200 OK"
2026-04-21 22:43:33,799 - httpx - INFO - HTTP Request: POST http://localhost:19351/allocate_page "HTTP/1.1 200 OK"
2026-04-21 22:43:33,804 - httpx - INFO - HTTP Request: GET http://localhost:19398/heap/unmerged "HTTP/1.1 200 OK"
2026-04-21 22:43:34,221 - httpx - INFO - HTTP Request: POST http://localhost:19351/heap-written "HTTP/1.1 200 OK"
2026-04-21 22:43:34,224 - httpx - INFO - HTTP Request: POST http://localhost:19351/allocate_page "HTTP/1.1 200 OK"
2026-04-21 22:43:34,227 - httpx - INFO - HTTP Request: GET http://localhost:19403/heap/unmerged "HTTP/1.1 200 OK"
2026-04-21 22:43:34,228 - httpx - INFO - HTTP Request: POST http://localhost:19486/heap/append "HTTP/1.1 200 OK"
2026-04-21 22:43:34,653 - httpx - INFO - HTTP Request: POST http://localhost:19351/heap-written "HTTP/1.1 200 OK"
2026-04-21 22:43:34,657 - httpx - INFO - HTTP Request: POST http://localhost:19494/heap/append "HTTP/1.1 200 OK"
2026-04-21 22:43:34,658 - httpx - INFO - HTTP Request: GET http://localhost:19426/heap/unmerged "HTTP/1.1 200 OK"
2026-04-21 22:43:34,772 - httpx - INFO - HTTP Request: POST http://localhost:19351/allocate_page "HTTP/1.1 200 OK"
2026-04-21 22:43:35,113 - httpx - INFO - HTTP Request: POST http://localhost:19351/heap-written "HTTP/1.1 200 OK"
2026-04-21 22:43:35,116 - httpx - INFO - HTTP Request: POST http://localhost:19486/heap/append "HTTP/1.1 200 OK"
2026-04-21 22:43:35,119 - httpx - INFO - HTTP Request: GET http://localhost:19443/heap/unmerged "HTTP/1.1 200 OK"
2026-04-21 22:43:35,335 - httpx - INFO - HTTP Request: POST http://localhost:19351/heap-written "HTTP/1.1 200 OK"
2026-04-21 22:43:35,346 - httpx - INFO - HTTP Request: GET http://localhost:19457/heap/unmerged "HTTP/1.1 200 OK"
2026-04-21 22:43:35,454 - httpx - INFO - HTTP Request: GET http://localhost:19466/heap/unmerged "HTTP/1.1 200 OK"
2026-04-21 22:43:35,804 - httpx - INFO - HTTP Request: GET http://localhost:19486/heap/unmerged "HTTP/1.1 200 OK"
2026-04-21 22:43:35,921 - httpx - INFO - HTTP Request: POST http://localhost:19351/allocate_page "HTTP/1.1 200 OK"
2026-04-21 22:43:36,429 - httpx - INFO - HTTP Request: GET http://localhost:19494/heap/unmerged "HTTP/1.1 200 OK"
2026-04-21 22:43:36,679 - httpx - INFO - HTTP Request: POST http://localhost:19466/heap/append "HTTP/1.1 200 OK"
2026-04-21 22:43:36,680 - httpx - INFO - HTTP Request: POST http://localhost:19351/allocate_page "HTTP/1.1 200 OK"
2026-04-21 22:43:36,684 - httpx - INFO - HTTP Request: GET http://localhost:19524/heap/unmerged "HTTP/1.1 200 OK"
2026-04-21 22:43:36,886 - httpx - INFO - HTTP Request: POST http://localhost:19351/heap-written "HTTP/1.1 200 OK"
2026-04-21 22:43:36,892 - httpx - INFO - HTTP Request: GET http://localhost:20068/heap/unmerged "HTTP/1.1 200 OK"
2026-04-21 22:43:37,425 - httpx - INFO - HTTP Request: GET http://localhost:20095/heap/unmerged "HTTP/1.1 200 OK"
2026-04-21 22:43:37,520 - httpx - INFO - HTTP Request: POST http://localhost:19351/allocate_page "HTTP/1.1 200 OK"
2026-04-21 22:43:37,615 - httpx - INFO - HTTP Request: POST http://localhost:19443/heap/append "HTTP/1.1 200 OK"
2026-04-21 22:43:37,616 - httpx - INFO - HTTP Request: GET http://localhost:41287/health "HTTP/1.1 200 OK"
2026-04-21 22:43:38,066 - httpx - INFO - HTTP Request: POST http://localhost:19351/allocate_page "HTTP/1.1 200 OK"
2026-04-21 22:43:38,180 - httpx - INFO - HTTP Request: GET http://localhost:20116/heap/unmerged "HTTP/1.1 200 OK"
2026-04-21 22:43:38,190 - httpx - INFO - HTTP Request: POST http://localhost:19351/allocate_page "HTTP/1.1 200 OK"
2026-04-21 22:43:38,196 - httpx - INFO - HTTP Request: POST http://localhost:19351/allocate_page "HTTP/1.1 200 OK"
2026-04-21 22:43:38,197 - httpx - INFO - HTTP Request: POST http://localhost:19351/heap-written "HTTP/1.1 200 OK"
2026-04-21 22:43:38,198 - httpx - INFO - HTTP Request: POST http://localhost:19466/heap/append "HTTP/1.1 200 OK"
2026-04-21 22:43:38,206 - httpx - INFO - HTTP Request: POST http://localhost:19351/allocate_page "HTTP/1.1 200 OK"
2026-04-21 22:43:39,190 - httpx - INFO - HTTP Request: GET http://localhost:19351/active_pages "HTTP/1.1 200 OK"
2026-04-21 22:43:39,190 - httpx - INFO - HTTP Request: POST http://localhost:19351/heap-written "HTTP/1.1 200 OK"
2026-04-21 22:43:39,198 - httpx - INFO - HTTP Request: POST http://localhost:19426/heap/append "HTTP/1.1 200 OK"
2026-04-21 22:43:39,311 - httpx - INFO - HTTP Request: POST http://localhost:19387/heap/append "HTTP/1.1 200 OK"
2026-04-21 22:43:39,312 - httpx - INFO - HTTP Request: POST http://localhost:19403/heap/append "HTTP/1.1 200 OK"
2026-04-21 22:43:39,351 - httpx - INFO - HTTP Request: POST http://localhost:19351/allocate_page "HTTP/1.1 200 OK"
2026-04-21 22:43:39,355 - httpx - INFO - HTTP Request: POST http://localhost:19351/allocate_page "HTTP/1.1 200 OK"
2026-04-21 22:43:39,357 - httpx - INFO - HTTP Request: POST http://localhost:19443/heap/append "HTTP/1.1 200 OK"
2026-04-21 22:43:40,470 - httpx - INFO - HTTP Request: GET http://localhost:19351/active_pages "HTTP/1.1 200 OK"
2026-04-21 22:43:40,475 - httpx - INFO - HTTP Request: POST http://localhost:19351/heap-written "HTTP/1.1 200 OK"
2026-04-21 22:43:40,476 - httpx - INFO - HTTP Request: POST http://localhost:19351/heap-written "HTTP/1.1 200 OK"
2026-04-21 22:43:40,476 - httpx - INFO - HTTP Request: POST http://localhost:19351/heap-written "HTTP/1.1 200 OK"
2026-04-21 22:43:40,486 - httpx - INFO - HTTP Request: POST http://localhost:19351/allocate_page "HTTP/1.1 200 OK"
2026-04-21 22:43:40,486 - httpx - INFO - HTTP Request: POST http://localhost:19351/allocate_page "HTTP/1.1 200 OK"
2026-04-21 22:43:40,487 - httpx - INFO - HTTP Request: POST http://localhost:19351/allocate_page "HTTP/1.1 200 OK"
2026-04-21 22:43:40,488 - httpx - INFO - HTTP Request: POST http://localhost:19351/allocate_page "HTTP/1.1 200 OK"
2026-04-21 22:43:40,488 - httpx - INFO - HTTP Request: POST http://localhost:19351/heap-written "HTTP/1.1 200 OK"
2026-04-21 22:43:40,497 - httpx - INFO - HTTP Request: POST http://localhost:19351/allocate_page "HTTP/1.1 200 OK"
2026-04-21 22:43:40,498 - httpx - INFO - HTTP Request: POST http://localhost:19384/heap/append "HTTP/1.1 200 OK"
2026-04-21 22:43:40,499 - httpx - INFO - HTTP Request: POST http://localhost:19357/heap/append "HTTP/1.1 200 OK"
2026-04-21 22:43:40,713 - httpx - INFO - HTTP Request: POST http://localhost:19351/heap-written "HTTP/1.1 200 OK"
2026-04-21 22:43:40,716 - httpx - INFO - HTTP Request: POST http://localhost:19351/heap-written "HTTP/1.1 200 OK"
2026-04-21 22:43:42,133 - httpx - INFO - HTTP Request: POST http://localhost:19426/heap/append "HTTP/1.1 200 OK"
2026-04-21 22:43:42,135 - httpx - INFO - HTTP Request: POST http://localhost:19351/allocate_page "HTTP/1.1 200 OK"
2026-04-21 22:43:42,141 - httpx - INFO - HTTP Request: POST http://localhost:19524/heap/append "HTTP/1.1 200 OK"
2026-04-21 22:43:42,141 - httpx - INFO - HTTP Request: POST http://localhost:19351/allocate_page "HTTP/1.1 200 OK"
2026-04-21 22:43:42,142 - httpx - INFO - HTTP Request: POST http://localhost:19356/heap/append "HTTP/1.1 200 OK"
2026-04-21 22:43:42,143 - httpx - INFO - HTTP Request: POST http://localhost:19403/heap/append "HTTP/1.1 200 OK"
2026-04-21 22:43:42,143 - httpx - INFO - HTTP Request: POST http://localhost:19387/heap/append "HTTP/1.1 200 OK"
2026-04-21 22:43:43,445 - httpx - INFO - HTTP Request: POST http://localhost:19351/heap-written "HTTP/1.1 200 OK"
2026-04-21 22:43:43,446 - httpx - INFO - HTTP Request: POST http://localhost:19351/heap-written "HTTP/1.1 200 OK"
2026-04-21 22:43:43,446 - httpx - INFO - HTTP Request: POST http://localhost:19351/heap-written "HTTP/1.1 200 OK"
2026-04-21 22:43:43,447 - httpx - INFO - HTTP Request: POST http://localhost:19351/heap-written "HTTP/1.1 200 OK"
2026-04-21 22:43:43,447 - httpx - INFO - HTTP Request: POST http://localhost:19351/heap-written "HTTP/1.1 200 OK"
2026-04-21 22:43:43,462 - httpx - INFO - HTTP Request: POST http://localhost:19351/allocate_page "HTTP/1.1 200 OK"
2026-04-21 22:43:43,463 - httpx - INFO - HTTP Request: POST http://localhost:19351/allocate_page "HTTP/1.1 200 OK"
2026-04-21 22:43:43,464 - httpx - INFO - HTTP Request: POST http://localhost:19351/mark_pages_merged "HTTP/1.1 200 OK"
2026-04-21 22:43:43,464 - httpx - INFO - HTTP Request: POST http://localhost:19357/heap/append "HTTP/1.1 200 OK"
2026-04-21 22:43:43,465 - httpx - INFO - HTTP Request: POST http://localhost:19384/heap/append "HTTP/1.1 200 OK"
2026-04-21 22:43:43,688 - httpx - INFO - HTTP Request: POST http://localhost:19351/allocate_page "HTTP/1.1 200 OK"
2026-04-21 22:43:44,920 - httpx - INFO - HTTP Request: POST http://localhost:19351/mark_pages_merged "HTTP/1.1 200 OK"
2026-04-21 22:43:46,291 - httpx - INFO - HTTP Request: POST http://localhost:19351/heap-written "HTTP/1.1 200 OK"
2026-04-21 22:43:46,292 - httpx - INFO - HTTP Request: POST http://localhost:19351/heap-written "HTTP/1.1 200 OK"
2026-04-21 22:43:46,299 - httpx - INFO - HTTP Request: POST http://localhost:20068/heap/mark-merged "HTTP/1.1 200 OK"
2026-04-21 22:43:46,383 - httpx - INFO - HTTP Request: POST http://localhost:19443/heap/mark-merged "HTTP/1.1 200 OK"
2026-04-21 22:43:46,383 - httpx - INFO - HTTP Request: POST http://localhost:19403/heap/mark-merged "HTTP/1.1 200 OK"
2026-04-21 22:43:46,384 - httpx - INFO - HTTP Request: POST http://localhost:19486/heap/mark-merged "HTTP/1.1 200 OK"
2026-04-21 22:43:46,385 - httpx - INFO - HTTP Request: POST http://localhost:19426/heap/mark-merged "HTTP/1.1 200 OK"
2026-04-21 22:43:46,386 - httpx - INFO - HTTP Request: POST http://localhost:19466/heap/mark-merged "HTTP/1.1 200 OK"
2026-04-21 22:43:46,387 - httpx - INFO - HTTP Request: POST http://localhost:19494/heap/mark-merged "HTTP/1.1 200 OK"
2026-04-21 22:43:46,387 - httpx - INFO - HTTP Request: POST http://localhost:19373/heap/mark-merged "HTTP/1.1 200 OK"
2026-04-21 22:43:46,388 - httpx - INFO - HTTP Request: POST http://localhost:19356/heap/append "HTTP/1.1 200 OK"
2026-04-21 22:43:46,388 - httpx - INFO - HTTP Request: POST http://localhost:19353/heap/mark-merged "HTTP/1.1 200 OK"
2026-04-21 22:43:46,389 - httpx - INFO - HTTP Request: POST http://localhost:19524/heap/append "HTTP/1.1 200 OK"
2026-04-21 22:43:46,390 - httpx - INFO - HTTP Request: POST http://localhost:19387/heap/mark-merged "HTTP/1.1 200 OK"
2026-04-21 22:43:46,422 - httpx - INFO - HTTP Request: POST http://localhost:19457/heap/append "HTTP/1.1 200 OK"
2026-04-21 22:43:46,810 - httpx - INFO - HTTP Request: POST http://localhost:41287/execute_merge "HTTP/1.1 200 OK"
2026-04-21 22:43:46,810 - httpx - INFO - HTTP Request: POST http://localhost:20068/heap/mark-merged "HTTP/1.1 200 OK"
2026-04-21 22:43:46,825 - httpx - INFO - HTTP Request: POST http://localhost:19403/heap/mark-merged "HTTP/1.1 200 OK"
2026-04-21 22:43:46,826 - httpx - INFO - HTTP Request: POST http://localhost:19486/heap/mark-merged "HTTP/1.1 200 OK"
2026-04-21 22:43:46,827 - httpx - INFO - HTTP Request: POST http://localhost:19387/heap/mark-merged "HTTP/1.1 200 OK"
2026-04-21 22:43:46,828 - httpx - INFO - HTTP Request: POST http://localhost:19353/heap/mark-merged "HTTP/1.1 200 OK"
2026-04-21 22:43:46,828 - httpx - INFO - HTTP Request: POST http://localhost:19466/heap/mark-merged "HTTP/1.1 200 OK"
2026-04-21 22:43:46,829 - httpx - INFO - HTTP Request: POST http://localhost:19373/heap/mark-merged "HTTP/1.1 200 OK"
2026-04-21 22:43:46,830 - httpx - INFO - HTTP Request: POST http://localhost:19494/heap/mark-merged "HTTP/1.1 200 OK"
2026-04-21 22:43:46,830 - httpx - INFO - HTTP Request: POST http://localhost:19426/heap/mark-merged "HTTP/1.1 200 OK"
2026-04-21 22:43:46,831 - httpx - INFO - HTTP Request: POST http://localhost:19357/heap/mark-merged "HTTP/1.1 200 OK"
2026-04-21 22:43:46,831 - httpx - INFO - HTTP Request: POST http://localhost:19384/heap/mark-merged "HTTP/1.1 200 OK"
2026-04-21 22:43:46,968 - httpx - INFO - HTTP Request: POST http://localhost:19443/heap/mark-merged "HTTP/1.1 200 OK"
2026-04-21 22:43:47,087 - httpx - INFO - HTTP Request: POST http://localhost:41287/execute_merge "HTTP/1.1 200 OK"
2026-04-21 22:43:47,096 - httpx - INFO - HTTP Request: POST http://localhost:19351/heap-written "HTTP/1.1 200 OK"
2026-04-21 22:43:47,097 - httpx - INFO - HTTP Request: POST http://localhost:19351/heap-written "HTTP/1.1 200 OK"
2026-04-21 22:43:47,151 - httpx - INFO - HTTP Request: POST http://localhost:19351/heap-written "HTTP/1.1 200 OK"
2026-04-21 22:43:47,265 - httpx - INFO - HTTP Request: POST http://localhost:19351/allocate_page "HTTP/1.1 200 OK"
2026-04-21 22:43:47,640 - httpx - INFO - HTTP Request: GET http://localhost:19353/heap/unmerged "HTTP/1.1 200 OK"
2026-04-21 22:43:47,854 - httpx - INFO - HTTP Request: POST http://localhost:19457/heap/append "HTTP/1.1 200 OK"
2026-04-21 22:43:47,861 - httpx - INFO - HTTP Request: GET http://localhost:19356/heap/unmerged "HTTP/1.1 200 OK"
[BFF] 读取PublicMemory (物理路径): /mnt/d/collections2026/phd_application/nanobot1/milestone2/data/public_memory/public_memory.jsonl, top_k=2
[BFF] 读取PublicMemory完成: 178 条记录
[BFF] 获取Agent 1899dd93 堆段: 1 条
[BFF] 读取PublicMemory (物理路径): /mnt/d/collections2026/phd_application/nanobot1/milestone2/data/public_memory/public_memory.jsonl, top_k=2
[BFF] 读取PublicMemory完成: 178 条记录
[BFF] 读取PublicMemory (物理路径): /mnt/d/collections2026/phd_application/nanobot1/milestone2/data/public_memory/public_memory.jsonl, top_k=2
[BFF] 读取PublicMemory完成: 178 条记录
[BFF] 读取PublicMemory (物理路径): /mnt/d/collections2026/phd_application/nanobot1/milestone2/data/public_memory/public_memory.jsonl, top_k=2
[BFF] 读取PublicMemory完成: 178 条记录
[BFF] 读取PublicMemory (物理路径): /mnt/d/collections2026/phd_application/nanobot1/milestone2/data/public_memory/public_memory.jsonl, top_k=2
[BFF] 读取PublicMemory完成: 178 条记录
[BFF] 读取PublicMemory (物理路径): /mnt/d/collections2026/phd_application/nanobot1/milestone2/data/public_memory/public_memory.jsonl, top_k=2
[BFF] 读取PublicMemory完成: 178 条记录
[BFF] 读取PublicMemory (物理路径): /mnt/d/collections2026/phd_application/nanobot1/milestone2/data/public_memory/public_memory.jsonl, top_k=2
[BFF] 读取PublicMemory完成: 178 条记录
[BFF] 读取PublicMemory (物理路径): /mnt/d/collections2026/phd_application/nanobot1/milestone2/data/public_memory/public_memory.jsonl, top_k=2
[BFF] 读取PublicMemory完成: 178 条记录
[BFF] 读取PublicMemory (物理路径): /mnt/d/collections2026/phd_application/nanobot1/milestone2/data/public_memory/public_memory.jsonl, top_k=2
[BFF] 读取PublicMemory完成: 178 条记录
[BFF] 读取PublicMemory (物理路径): /mnt/d/collections2026/phd_application/nanobot1/milestone2/data/public_memory/public_memory.jsonl, top_k=2
[BFF] 读取PublicMemory完成: 178 条记录
[BFF] 读取PublicMemory (物理路径): /mnt/d/collections2026/phd_application/nanobot1/milestone2/data/public_memory/public_memory.jsonl, top_k=2
[BFF] 读取PublicMemory完成: 178 条记录
[BFF] 获取Agent 8b461f3d 堆段: 0 条
[BFF] Consolidator合并完成: {'status': 'ok', 'original_count': 185, 'deduped_count': 178, 'removed_count': 7, 'pages_marked': 13, 'source': 'km_page_table'}
[BFF] 读取PublicMemory (物理路径): /mnt/d/collections2026/phd_application/nanobot1/milestone2/data/public_memory/public_memory.jsonl, top_k=2
[BFF] 读取PublicMemory完成: 178 条记录
[BFF] all-unmerged 请求正在进行，等待完成...
[BFF] 获取Agent cd956f8c 堆段: 0 条
[BFF] 获取Agent 4f4a09ef 堆段: 1 条
[BFF] 读取PublicMemory (物理路径): /mnt/d/collections2026/phd_application/nanobot1/milestone2/data/public_memory/public_memory.jsonl, top_k=2
[BFF] 读取PublicMemory完成: 178 条记录
[BFF] 获取Agent 3ff882e7 堆段: 0 条
[BFF] 获取Agent 91abe0a0 堆段: 0 条
[BFF] 获取Agent 823eaa27 堆段: 1 条
[BFF] 读取PublicMemory (物理路径): /mnt/d/collections2026/phd_application/nanobot1/milestone2/data/public_memory/public_memory.jsonl, top_k=2
[BFF] 读取PublicMemory完成: 178 条记录
[BFF] 获取Agent f7470fa0 堆段: 0 条
[BFF] 获取Agent d620df34 堆段: 0 条
[BFF] 获取Agent 9f005100 堆段: 0 条
[BFF] 读取PublicMemory (物理路径): /mnt/d/collections2026/phd_application/nanobot1/milestone2/data/public_memory/public_memory.jsonl, top_k=2
[BFF] 读取PublicMemory完成: 178 条记录
[BFF] 读取PublicMemory (物理路径): /mnt/d/collections2026/phd_application/nanobot1/milestone2/data/public_memory/public_memory.jsonl, top_k=2
[BFF] 读取PublicMemory完成: 178 条记录
[BFF] 邻居发现: 所有父子关系已建立
[BFF] 获取Agent 221a3768 堆段: 2 条
[BFF] 获取Agent 67609461 堆段: 0 条
[BFF] all-unmerged 获取完成: 9 条
[BFF] all-unmerged 命中缓存: 9 条 (缓存剩余 2.8s)
[BFF] Consolidator容器已存在: 67609461
[BFF] 转发合并请求到Consolidator: http://localhost:40980/execute_merge
[BFF] 容器不存在 67609461，清理中...
[BFF] 健康检查: 已清理 1 个无效容器
[BFF] 读取PublicMemory (物理路径): /mnt/d/collections2026/phd_application/nanobot1/milestone2/data/public_memory/public_memory.jsonl, top_k=10000
[BFF] 读取PublicMemory完成: 178 条记录
[BFF] 写入PublicMemory (物理路径): /mnt/d/collections2026/phd_application/nanobot1/milestone2/data/public_memory/public_memory.jsonl
[BFF] 原子替换PublicMemory: 182 条记录 -> /mnt/d/collections2026/phd_application/nanobot1/milestone2/data/public_memory/public_memory.jsonl
[BFF] Consolidator合并完成: {'status': 'ok', 'original_count': 189, 'deduped_count': 182, 'removed_count': 7, 'pages_marked': 11, 'source': 'km_page_table'}
[BFF] all-unmerged 命中缓存: 9 条 (缓存剩余 0.6s)
[BFF] 获取Agent 206fb109 堆段: 1 条
[BFF] 获取Agent 3e473202 堆段: 0 条
[BFF] 获取Agent 31877661 堆段: 0 条
[BFF] all-unmerged 请求正在进行，等待完成...
[BFF] 获取Agent c01d46ac 堆段: 0 条
[BFF] 创建Consolidator容器...
[BFF] 获取Agent 45b1447d 堆段: 1 条
[BFF] 获取Agent b076818a 堆段: 0 条
[BFF] 获取Agent 269662a6 堆段: 0 条
[BFF] 获取Agent 5b0ab4c2 堆段: 0 条
[BFF] 获取Agent 1899dd93 堆段: 0 条
[BFF] 获取Agent 8b461f3d 堆段: 0 条
[BFF] 获取Agent cd956f8c 堆段: 0 条
[BFF] 获取Agent 4f4a09ef 堆段: 0 条
[BFF] 获取Agent 3ff882e7 堆段: 0 条
[BFF] 获取Agent 91abe0a0 堆段: 2 条
[BFF] 获取Agent 823eaa27 堆段: 2 条
[BFF] 获取Agent f7470fa0 堆段: 0 条
[BFF] 获取Agent d620df34 堆段: 2 条
[BFF] 获取Agent 9f005100 堆段: 0 条
[Orchestrator] Container consolidator_d59be8aa is ready
[Orchestrator] Created container consolidator_d59be8aa
[BFF] Consolidator容器已创建: d59be8aa
[BFF] Consolidator容器已创建: d59be8aa
[BFF] Consolidator容器已创建: d59be8aa
[BFF] 转发合并请求到Consolidator: http://localhost:41287/execute_merge
[BFF] 获取Agent 221a3768 堆段: 0 条
[BFF] all-unmerged 获取完成: 8 条
[BFF] Consolidator容器已存在: d59be8aa
[BFF] 转发合并请求到Consolidator: http://localhost:41287/execute_merge
[BFF] 读取PublicMemory (物理路径): /mnt/d/collections2026/phd_application/nanobot1/milestone2/data/public_memory/public_memory.jsonl, top_k=10000
[BFF] 读取PublicMemory完成: 182 条记录
[BFF] 读取PublicMemory (物理路径): /mnt/d/collections2026/phd_application/nanobot1/milestone2/data/public_memory/public_memory.jsonl, top_k=10000
[BFF] 读取PublicMemory完成: 182 条记录
[BFF] 写入PublicMemory (物理路径): /mnt/d/collections2026/phd_application/nanobot1/milestone2/data/public_memory/public_memory.jsonl
[BFF] 原子替换PublicMemory: 189 条记录 -> /mnt/d/collections2026/phd_application/nanobot1/milestone2/data/public_memory/public_memory.jsonl
[BFF] 写入PublicMemory (物理路径): /mnt/d/collections2026/phd_application/nanobot1/milestone2/data/public_memory/public_memory.jsonl
[BFF] 原子替换PublicMemory: 190 条记录 -> /mnt/d/collections2026/phd_application/nanobot1/milestone2/data/public_memory/public_memory.jsonl
[BFF] Consolidator合并完成: {'status': 'ok', 'original_count': 199, 'deduped_count': 189, 'removed_count': 10, 'pages_marked': 17, 'source': 'km_page_table'}
[BFF] Consolidator合并完成: {'status': 'ok', 'original_count': 201, 'deduped_count': 190, 'removed_count': 11, 'pages_marked': 19, 'source': 'km_page_table'}
[BFF] all-unmerged 请求正在进行，等待完成...
[BFF] all-unmerged 请求正在进行，等待完成...
[BFF] all-unmerged 请求正在进行，等待完成...
[BFF] all-unmerged 请求正在进行，等待完成...
[BFF] Consolidator容器已存在: d59be8aa
[BFF] 转发合并请求到Consolidator: http://localhost:41287/execute_merge
[BFF] Consolidator容器已存在: d59be8aa
[BFF] 转发合并请求到Consolidator: http://localhost:41287/execute_merge
[BFF] Consolidator容器已存在: d59be8aa
[BFF] 转发合并请求到Consolidator: http://localhost:41287/execute_merge
[BFF] 获取Agent 206fb109 堆段: 0 条
2026-04-21 22:43:48,423 - httpx - INFO - HTTP Request: GET http://localhost:19351/active_pages "HTTP/1.1 200 OK"
2026-04-21 22:43:48,426 - httpx - INFO - HTTP Request: GET http://localhost:19351/active_pages "HTTP/1.1 200 OK"
2026-04-21 22:43:48,429 - httpx - INFO - HTTP Request: GET http://localhost:19351/active_pages "HTTP/1.1 200 OK"
2026-04-21 22:43:48,430 - httpx - INFO - HTTP Request: POST http://localhost:19351/heap-written "HTTP/1.1 200 OK"
2026-04-21 22:43:48,431 - httpx - INFO - HTTP Request: GET http://localhost:19357/heap/unmerged "HTTP/1.1 200 OK"
2026-04-21 22:43:48,641 - httpx - INFO - HTTP Request: GET http://localhost:19362/heap/unmerged "HTTP/1.1 200 OK"
2026-04-21 22:43:48,751 - httpx - INFO - HTTP Request: GET http://localhost:19373/heap/unmerged "HTTP/1.1 200 OK"
2026-04-21 22:43:48,882 - httpx - INFO - HTTP Request: GET http://localhost:19384/heap/unmerged "HTTP/1.1 200 OK"
2026-04-21 22:43:49,006 - httpx - INFO - HTTP Request: GET http://localhost:19387/heap/unmerged "HTTP/1.1 200 OK"
2026-04-21 22:43:49,207 - httpx - INFO - HTTP Request: GET http://localhost:19398/heap/unmerged "HTTP/1.1 200 OK"
2026-04-21 22:43:49,411 - httpx - INFO - HTTP Request: POST http://localhost:19351/allocate_page "HTTP/1.1 200 OK"
2026-04-21 22:43:49,418 - httpx - INFO - HTTP Request: GET http://localhost:19403/heap/unmerged "HTTP/1.1 200 OK"
2026-04-21 22:43:49,543 - httpx - INFO - HTTP Request: GET http://localhost:19426/heap/unmerged "HTTP/1.1 200 OK"
2026-04-21 22:43:49,769 - httpx - INFO - HTTP Request: POST http://localhost:20116/heap/append "HTTP/1.1 200 OK"
2026-04-21 22:43:49,772 - httpx - INFO - HTTP Request: GET http://localhost:19443/heap/unmerged "HTTP/1.1 200 OK"
2026-04-21 22:43:50,076 - httpx - INFO - HTTP Request: POST http://localhost:19351/heap-written "HTTP/1.1 200 OK"
2026-04-21 22:43:50,079 - httpx - INFO - HTTP Request: GET http://localhost:19457/heap/unmerged "HTTP/1.1 200 OK"
2026-04-21 22:43:50,222 - httpx - INFO - HTTP Request: POST http://localhost:19351/allocate_page "HTTP/1.1 200 OK"
2026-04-21 22:43:50,564 - httpx - INFO - HTTP Request: GET http://localhost:19466/heap/unmerged "HTTP/1.1 200 OK"
2026-04-21 22:43:50,853 - httpx - INFO - HTTP Request: POST http://localhost:19351/mark_pages_merged "HTTP/1.1 200 OK"
2026-04-21 22:43:50,859 - httpx - INFO - HTTP Request: POST http://localhost:19351/mark_pages_merged "HTTP/1.1 200 OK"
2026-04-21 22:43:50,971 - httpx - INFO - HTTP Request: POST http://localhost:20116/heap/append "HTTP/1.1 200 OK"
2026-04-21 22:43:50,975 - httpx - INFO - HTTP Request: GET http://localhost:19486/heap/unmerged "HTTP/1.1 200 OK"
2026-04-21 22:43:52,148 - httpx - INFO - HTTP Request: POST http://localhost:19351/mark_pages_merged "HTTP/1.1 200 OK"
2026-04-21 22:43:54,444 - httpx - INFO - HTTP Request: POST http://localhost:19426/heap/mark-merged "HTTP/1.1 200 OK"
2026-04-21 22:43:54,566 - httpx - INFO - HTTP Request: GET http://localhost:19494/heap/unmerged "HTTP/1.1 200 OK"
2026-04-21 22:43:54,567 - httpx - INFO - HTTP Request: POST http://localhost:19426/heap/mark-merged "HTTP/1.1 200 OK"
2026-04-21 22:43:54,567 - httpx - INFO - HTTP Request: POST http://localhost:19351/heap-written "HTTP/1.1 200 OK"
2026-04-21 22:43:54,568 - httpx - INFO - HTTP Request: POST http://localhost:19403/heap/mark-merged "HTTP/1.1 200 OK"
2026-04-21 22:43:54,569 - httpx - INFO - HTTP Request: POST http://localhost:19357/heap/mark-merged "HTTP/1.1 200 OK"
2026-04-21 22:43:54,569 - httpx - INFO - HTTP Request: POST http://localhost:19387/heap/mark-merged "HTTP/1.1 200 OK"
2026-04-21 22:43:54,570 - httpx - INFO - HTTP Request: POST http://localhost:19356/heap/mark-merged "HTTP/1.1 200 OK"
2026-04-21 22:43:54,570 - httpx - INFO - HTTP Request: POST http://localhost:19384/heap/mark-merged "HTTP/1.1 200 OK"
2026-04-21 22:43:54,571 - httpx - INFO - HTTP Request: POST http://localhost:19524/heap/mark-merged "HTTP/1.1 200 OK"
2026-04-21 22:43:54,571 - httpx - INFO - HTTP Request: POST http://localhost:19457/heap/mark-merged "HTTP/1.1 200 OK"
2026-04-21 22:43:54,719 - httpx - INFO - HTTP Request: POST http://localhost:19403/heap/mark-merged "HTTP/1.1 200 OK"
2026-04-21 22:43:54,721 - httpx - INFO - HTTP Request: POST http://localhost:19387/heap/mark-merged "HTTP/1.1 200 OK"
2026-04-21 22:43:54,723 - httpx - INFO - HTTP Request: POST http://localhost:19357/heap/mark-merged "HTTP/1.1 200 OK"
2026-04-21 22:43:54,724 - httpx - INFO - HTTP Request: POST http://localhost:19356/heap/mark-merged "HTTP/1.1 200 OK"
2026-04-21 22:43:54,725 - httpx - INFO - HTTP Request: POST http://localhost:19524/heap/mark-merged "HTTP/1.1 200 OK"
2026-04-21 22:43:54,726 - httpx - INFO - HTTP Request: POST http://localhost:19457/heap/mark-merged "HTTP/1.1 200 OK"
2026-04-21 22:43:54,728 - httpx - INFO - HTTP Request: POST http://localhost:19384/heap/mark-merged "HTTP/1.1 200 OK"
2026-04-21 22:43:54,750 - httpx - INFO - HTTP Request: POST http://localhost:41287/execute_merge "HTTP/1.1 200 OK"
2026-04-21 22:43:54,753 - httpx - INFO - HTTP Request: POST http://localhost:19426/heap/mark-merged "HTTP/1.1 200 OK"
2026-04-21 22:43:54,761 - httpx - INFO - HTTP Request: POST http://localhost:19403/heap/mark-merged "HTTP/1.1 200 OK"
2026-04-21 22:43:54,762 - httpx - INFO - HTTP Request: POST http://localhost:19356/heap/mark-merged "HTTP/1.1 200 OK"
2026-04-21 22:43:54,763 - httpx - INFO - HTTP Request: POST http://localhost:19384/heap/mark-merged "HTTP/1.1 200 OK"
2026-04-21 22:43:54,763 - httpx - INFO - HTTP Request: POST http://localhost:19387/heap/mark-merged "HTTP/1.1 200 OK"
2026-04-21 22:43:54,764 - httpx - INFO - HTTP Request: POST http://localhost:19357/heap/mark-merged "HTTP/1.1 200 OK"
2026-04-21 22:43:54,765 - httpx - INFO - HTTP Request: POST http://localhost:19457/heap/mark-merged "HTTP/1.1 200 OK"
2026-04-21 22:43:54,765 - httpx - INFO - HTTP Request: POST http://localhost:19524/heap/mark-merged "HTTP/1.1 200 OK"
2026-04-21 22:43:54,767 - httpx - INFO - HTTP Request: POST http://localhost:41287/execute_merge "HTTP/1.1 200 OK"
2026-04-21 22:43:54,783 - httpx - INFO - HTTP Request: POST http://localhost:41287/execute_merge "HTTP/1.1 200 OK"
2026-04-21 22:43:54,792 - httpx - INFO - HTTP Request: GET http://localhost:19524/heap/unmerged "HTTP/1.1 200 OK"
2026-04-21 22:43:54,916 - httpx - INFO - HTTP Request: GET http://localhost:20068/heap/unmerged "HTTP/1.1 200 OK"
2026-04-21 22:43:55,046 - httpx - INFO - HTTP Request: GET http://localhost:20095/heap/unmerged "HTTP/1.1 200 OK"
2026-04-21 22:43:55,165 - httpx - INFO - HTTP Request: GET http://localhost:20116/heap/unmerged "HTTP/1.1 200 OK"
2026-04-21 22:43:55,287 - httpx - INFO - HTTP Request: GET http://localhost:41287/heap/unmerged "HTTP/1.1 200 OK"
2026-04-21 22:44:00,897 - httpx - INFO - HTTP Request: GET http://localhost:19353/heap/unmerged "HTTP/1.1 200 OK"
2026-04-21 22:44:01,018 - httpx - INFO - HTTP Request: GET http://localhost:19356/heap/unmerged "HTTP/1.1 200 OK"
2026-04-21 22:44:01,135 - httpx - INFO - HTTP Request: GET http://localhost:19357/heap/unmerged "HTTP/1.1 200 OK"
2026-04-21 22:44:01,255 - httpx - INFO - HTTP Request: GET http://localhost:19362/heap/unmerged "HTTP/1.1 200 OK"
2026-04-21 22:44:01,377 - httpx - INFO - HTTP Request: GET http://localhost:19373/heap/unmerged "HTTP/1.1 200 OK"
2026-04-21 22:44:01,483 - httpx - INFO - HTTP Request: GET http://localhost:19384/heap/unmerged "HTTP/1.1 200 OK"
2026-04-21 22:44:01,623 - httpx - INFO - HTTP Request: GET http://localhost:19387/heap/unmerged "HTTP/1.1 200 OK"
2026-04-21 22:44:01,728 - httpx - INFO - HTTP Request: GET http://localhost:19398/heap/unmerged "HTTP/1.1 200 OK"
2026-04-21 22:44:01,830 - httpx - INFO - HTTP Request: GET http://localhost:19403/heap/unmerged "HTTP/1.1 200 OK"
2026-04-21 22:44:01,961 - httpx - INFO - HTTP Request: GET http://localhost:19426/heap/unmerged "HTTP/1.1 200 OK"
2026-04-21 22:44:02,077 - httpx - INFO - HTTP Request: GET http://localhost:19443/heap/unmerged "HTTP/1.1 200 OK"
2026-04-21 22:44:02,220 - httpx - INFO - HTTP Request: GET http://localhost:19457/heap/unmerged "HTTP/1.1 200 OK"
2026-04-21 22:44:02,398 - httpx - INFO - HTTP Request: GET http://localhost:19466/heap/unmerged "HTTP/1.1 200 OK"
2026-04-21 22:44:02,536 - httpx - INFO - HTTP Request: GET http://localhost:19486/heap/unmerged "HTTP/1.1 200 OK"
2026-04-21 22:44:02,670 - httpx - INFO - HTTP Request: GET http://localhost:19494/heap/unmerged "HTTP/1.1 200 OK"
2026-04-21 22:44:02,783 - httpx - INFO - HTTP Request: GET http://localhost:19524/heap/unmerged "HTTP/1.1 200 OK"
2026-04-21 22:44:02,938 - httpx - INFO - HTTP Request: GET http://localhost:20068/heap/unmerged "HTTP/1.1 200 OK"
2026-04-21 22:44:03,046 - httpx - INFO - HTTP Request: GET http://localhost:20095/heap/unmerged "HTTP/1.1 200 OK"
2026-04-21 22:44:03,147 - httpx - INFO - HTTP Request: GET http://localhost:20116/heap/unmerged "HTTP/1.1 200 OK"
2026-04-21 22:44:03,301 - httpx - INFO - HTTP Request: GET http://localhost:41287/heap/unmerged "HTTP/1.1 200 OK"
2026-04-21 22:44:09,811 - httpx - INFO - HTTP Request: GET http://localhost:19353/heap/unmerged "HTTP/1.1 200 OK"
2026-04-21 22:44:10,190 - httpx - INFO - HTTP Request: GET http://localhost:19356/heap/unmerged "HTTP/1.1 200 OK"
2026-04-21 22:44:10,301 - httpx - INFO - HTTP Request: GET http://localhost:19357/heap/unmerged "HTTP/1.1 200 OK"
2026-04-21 22:44:10,400 - httpx - INFO - HTTP Request: GET http://localhost:19362/heap/unmerged "HTTP/1.1 200 OK"
2026-04-21 22:44:10,509 - httpx - INFO - HTTP Request: GET http://localhost:19373/heap/unmerged "HTTP/1.1 200 OK"
2026-04-21 22:44:10,675 - httpx - INFO - HTTP Request: GET http://localhost:19384/heap/unmerged "HTTP/1.1 200 OK"
2026-04-21 22:44:10,780 - httpx - INFO - HTTP Request: GET http://localhost:19387/heap/unmerged "HTTP/1.1 200 OK"
2026-04-21 22:44:10,884 - httpx - INFO - HTTP Request: GET http://localhost:19398/heap/unmerged "HTTP/1.1 200 OK"
2026-04-21 22:44:10,982 - httpx - INFO - HTTP Request: GET http://localhost:19403/heap/unmerged "HTTP/1.1 200 OK"
2026-04-21 22:44:11,078 - httpx - INFO - HTTP Request: GET http://localhost:19426/heap/unmerged "HTTP/1.1 200 OK"
2026-04-21 22:44:11,184 - httpx - INFO - HTTP Request: GET http://localhost:19443/heap/unmerged "HTTP/1.1 200 OK"
2026-04-21 22:44:11,305 - httpx - INFO - HTTP Request: GET http://localhost:19457/heap/unmerged "HTTP/1.1 200 OK"
2026-04-21 22:44:11,458 - httpx - INFO - HTTP Request: GET http://localhost:19466/heap/unmerged "HTTP/1.1 200 OK"
2026-04-21 22:44:11,634 - httpx - INFO - HTTP Request: GET http://localhost:19486/heap/unmerged "HTTP/1.1 200 OK"
2026-04-21 22:44:11,741 - httpx - INFO - HTTP Request: GET http://localhost:19494/heap/unmerged "HTTP/1.1 200 OK"
2026-04-21 22:44:11,842 - httpx - INFO - HTTP Request: GET http://localhost:19524/heap/unmerged "HTTP/1.1 200 OK"
2026-04-21 22:44:11,938 - httpx - INFO - HTTP Request: GET http://localhost:20068/heap/unmerged "HTTP/1.1 200 OK"
2026-04-21 22:44:12,030 - httpx - INFO - HTTP Request: GET http://localhost:20095/heap/unmerged "HTTP/1.1 200 OK"
2026-04-21 22:44:12,133 - httpx - INFO - HTTP Request: GET http://localhost:20116/heap/unmerged "HTTP/1.1 200 OK"
2026-04-21 22:44:12,230 - httpx - INFO - HTTP Request: GET http://localhost:41287/heap/unmerged "HTTP/1.1 200 OK"
2026-04-21 22:44:17,966 - httpx - INFO - HTTP Request: GET http://localhost:19353/heap/unmerged "HTTP/1.1 200 OK"
2026-04-21 22:44:18,102 - httpx - INFO - HTTP Request: GET http://localhost:19356/heap/unmerged "HTTP/1.1 200 OK"
2026-04-21 22:44:18,226 - httpx - INFO - HTTP Request: GET http://localhost:19357/heap/unmerged "HTTP/1.1 200 OK"
2026-04-21 22:44:18,333 - httpx - INFO - HTTP Request: GET http://localhost:19362/heap/unmerged "HTTP/1.1 200 OK"
2026-04-21 22:44:18,439 - httpx - INFO - HTTP Request: GET http://localhost:19373/heap/unmerged "HTTP/1.1 200 OK"
2026-04-21 22:44:18,533 - httpx - INFO - HTTP Request: GET http://localhost:19384/heap/unmerged "HTTP/1.1 200 OK"
2026-04-21 22:44:18,647 - httpx - INFO - HTTP Request: GET http://localhost:19387/heap/unmerged "HTTP/1.1 200 OK"
2026-04-21 22:44:18,744 - httpx - INFO - HTTP Request: GET http://localhost:19398/heap/unmerged "HTTP/1.1 200 OK"
2026-04-21 22:44:18,839 - httpx - INFO - HTTP Request: GET http://localhost:19403/heap/unmerged "HTTP/1.1 200 OK"
2026-04-21 22:44:18,937 - httpx - INFO - HTTP Request: GET http://localhost:19426/heap/unmerged "HTTP/1.1 200 OK"
2026-04-21 22:44:19,039 - httpx - INFO - HTTP Request: GET http://localhost:19443/heap/unmerged "HTTP/1.1 200 OK"
2026-04-21 22:44:19,147 - httpx - INFO - HTTP Request: GET http://localhost:19457/heap/unmerged "HTTP/1.1 200 OK"
2026-04-21 22:44:19,247 - httpx - INFO - HTTP Request: GET http://localhost:19466/heap/unmerged "HTTP/1.1 200 OK"
2026-04-21 22:44:19,354 - httpx - INFO - HTTP Request: GET http://localhost:19486/heap/unmerged "HTTP/1.1 200 OK"
2026-04-21 22:44:19,490 - httpx - INFO - HTTP Request: GET http://localhost:19494/heap/unmerged "HTTP/1.1 200 OK"
2026-04-21 22:44:19,636 - httpx - INFO - HTTP Request: GET http://localhost:19524/heap/unmerged "HTTP/1.1 200 OK"
2026-04-21 22:44:19,864 - httpx - INFO - HTTP Request: GET http://localhost:20068/heap/unmerged "HTTP/1.1 200 OK"
2026-04-21 22:44:20,046 - httpx - INFO - HTTP Request: GET http://localhost:20095/heap/unmerged "HTTP/1.1 200 OK"
2026-04-21 22:44:20,205 - httpx - INFO - HTTP Request: GET http://localhost:20116/heap/unmerged "HTTP/1.1 200 OK"
2026-04-21 22:44:20,449 - httpx - INFO - HTTP Request: GET http://localhost:41287/heap/unmerged "HTTP/1.1 200 OK"
2026-04-21 22:44:27,209 - httpx - INFO - HTTP Request: GET http://localhost:19353/heap/unmerged "HTTP/1.1 200 OK"
2026-04-21 22:44:27,302 - httpx - INFO - HTTP Request: GET http://localhost:19356/heap/unmerged "HTTP/1.1 200 OK"
2026-04-21 22:44:27,396 - httpx - INFO - HTTP Request: GET http://localhost:19357/heap/unmerged "HTTP/1.1 200 OK"
2026-04-21 22:44:27,493 - httpx - INFO - HTTP Request: GET http://localhost:19362/heap/unmerged "HTTP/1.1 200 OK"
2026-04-21 22:44:27,613 - httpx - INFO - HTTP Request: GET http://localhost:19373/heap/unmerged "HTTP/1.1 200 OK"
2026-04-21 22:44:27,717 - httpx - INFO - HTTP Request: GET http://localhost:19384/heap/unmerged "HTTP/1.1 200 OK"
2026-04-21 22:44:27,813 - httpx - INFO - HTTP Request: GET http://localhost:19387/heap/unmerged "HTTP/1.1 200 OK"
2026-04-21 22:44:27,922 - httpx - INFO - HTTP Request: GET http://localhost:19398/heap/unmerged "HTTP/1.1 200 OK"
2026-04-21 22:44:28,017 - httpx - INFO - HTTP Request: GET http://localhost:19403/heap/unmerged "HTTP/1.1 200 OK"
2026-04-21 22:44:28,154 - httpx - INFO - HTTP Request: GET http://localhost:19426/heap/unmerged "HTTP/1.1 200 OK"
2026-04-21 22:44:28,248 - httpx - INFO - HTTP Request: GET http://localhost:19443/heap/unmerged "HTTP/1.1 200 OK"
2026-04-21 22:44:28,347 - httpx - INFO - HTTP Request: GET http://localhost:19457/heap/unmerged "HTTP/1.1 200 OK"
2026-04-21 22:44:28,455 - httpx - INFO - HTTP Request: GET http://localhost:19466/heap/unmerged "HTTP/1.1 200 OK"
2026-04-21 22:44:28,550 - httpx - INFO - HTTP Request: GET http://localhost:19486/heap/unmerged "HTTP/1.1 200 OK"
2026-04-21 22:44:28,664 - httpx - INFO - HTTP Request: GET http://localhost:19494/heap/unmerged "HTTP/1.1 200 OK"
2026-04-21 22:44:28,752 - httpx - INFO - HTTP Request: GET http://localhost:19524/heap/unmerged "HTTP/1.1 200 OK"
2026-04-21 22:44:28,852 - httpx - INFO - HTTP Request: GET http://localhost:20068/heap/unmerged "HTTP/1.1 200 OK"
2026-04-21 22:44:28,960 - httpx - INFO - HTTP Request: GET http://localhost:20095/heap/unmerged "HTTP/1.1 200 OK"
2026-04-21 22:44:29,060 - httpx - INFO - HTTP Request: GET http://localhost:20116/heap/unmerged "HTTP/1.1 200 OK"
[BFF] 获取Agent 3e473202 堆段: 2 条
[BFF] all-unmerged 请求正在进行，等待完成...
[BFF] 获取Agent 31877661 堆段: 1 条
[BFF] 读取PublicMemory (物理路径): /mnt/d/collections2026/phd_application/nanobot1/milestone2/data/public_memory/public_memory.jsonl, top_k=10000
[BFF] 读取PublicMemory完成: 190 条记录
[BFF] 读取PublicMemory (物理路径): /mnt/d/collections2026/phd_application/nanobot1/milestone2/data/public_memory/public_memory.jsonl, top_k=10000
[BFF] 读取PublicMemory完成: 190 条记录
[BFF] 读取PublicMemory (物理路径): /mnt/d/collections2026/phd_application/nanobot1/milestone2/data/public_memory/public_memory.jsonl, top_k=10000
[BFF] 读取PublicMemory完成: 190 条记录
[BFF] 获取Agent c01d46ac 堆段: 0 条
[BFF] 获取Agent 45b1447d 堆段: 0 条
[BFF] 获取Agent b076818a 堆段: 1 条
[BFF] 获取Agent 269662a6 堆段: 1 条
[BFF] 写入PublicMemory (物理路径): /mnt/d/collections2026/phd_application/nanobot1/milestone2/data/public_memory/public_memory.jsonl
[BFF] 原子替换PublicMemory: 194 条记录 -> /mnt/d/collections2026/phd_application/nanobot1/milestone2/data/public_memory/public_memory.jsonl
[BFF] 获取Agent 5b0ab4c2 堆段: 0 条
[BFF] 获取Agent 1899dd93 堆段: 1 条
[BFF] 获取Agent 8b461f3d 堆段: 1 条
[BFF] 获取Agent cd956f8c 堆段: 0 条
[BFF] 获取Agent 4f4a09ef 堆段: 2 条
[BFF] 写入PublicMemory (物理路径): /mnt/d/collections2026/phd_application/nanobot1/milestone2/data/public_memory/public_memory.jsonl
[BFF] 原子替换PublicMemory: 194 条记录 -> /mnt/d/collections2026/phd_application/nanobot1/milestone2/data/public_memory/public_memory.jsonl
[BFF] 写入PublicMemory (物理路径): /mnt/d/collections2026/phd_application/nanobot1/milestone2/data/public_memory/public_memory.jsonl
[BFF] 原子替换PublicMemory: 194 条记录 -> /mnt/d/collections2026/phd_application/nanobot1/milestone2/data/public_memory/public_memory.jsonl
[BFF] 获取Agent 3ff882e7 堆段: 0 条
[BFF] all-unmerged 请求正在进行，等待完成...
[BFF] 获取Agent 91abe0a0 堆段: 0 条
[BFF] all-unmerged 请求正在进行，等待完成...
[BFF] all-unmerged 请求正在进行，等待完成...
[BFF] 获取Agent 823eaa27 堆段: 0 条
[BFF] Consolidator合并完成: {'status': 'ok', 'original_count': 201, 'deduped_count': 194, 'removed_count': 7, 'pages_marked': 11, 'source': 'km_page_table'}
[BFF] Consolidator合并完成: {'status': 'ok', 'original_count': 201, 'deduped_count': 194, 'removed_count': 7, 'pages_marked': 11, 'source': 'km_page_table'}
[BFF] Consolidator合并完成: {'status': 'ok', 'original_count': 201, 'deduped_count': 194, 'removed_count': 7, 'pages_marked': 11, 'source': 'km_page_table'}
[BFF] all-unmerged 请求正在进行，等待完成...
[BFF] all-unmerged 请求正在进行，等待完成...
[BFF] 获取Agent f7470fa0 堆段: 0 条
[BFF] all-unmerged 请求正在进行，等待完成...
[BFF] 获取Agent d620df34 堆段: 0 条
[BFF] 获取Agent 9f005100 堆段: 0 条
[BFF] all-unmerged 请求正在进行，等待完成...
[BFF] 获取Agent 221a3768 堆段: 2 条
[BFF] 获取Agent d59be8aa 堆段: 0 条
[BFF] all-unmerged 获取完成: 11 条
[BFF] all-unmerged 命中缓存: 11 条 (缓存剩余 3.8s)
[BFF] all-unmerged 命中缓存: 11 条 (缓存剩余 3.0s)
[BFF] all-unmerged 命中缓存: 11 条 (缓存剩余 1.7s)
[BFF] all-unmerged 命中缓存: 11 条 (缓存剩余 0.9s)
[BFF] 获取Agent 206fb109 堆段: 0 条
[BFF] 获取Agent 3e473202 堆段: 0 条
[BFF] 获取Agent 31877661 堆段: 0 条
[BFF] 获取Agent c01d46ac 堆段: 0 条
[BFF] 获取Agent 45b1447d 堆段: 0 条
[BFF] 获取Agent b076818a 堆段: 0 条
[BFF] all-unmerged 请求正在进行，等待完成...
[BFF] 获取Agent 269662a6 堆段: 0 条
[BFF] 获取Agent 5b0ab4c2 堆段: 0 条
[BFF] 获取Agent 1899dd93 堆段: 0 条
[BFF] 获取Agent 8b461f3d 堆段: 0 条
[BFF] 获取Agent cd956f8c 堆段: 0 条
[BFF] 获取Agent 4f4a09ef 堆段: 0 条
[BFF] 获取Agent 3ff882e7 堆段: 0 条
[BFF] 获取Agent 91abe0a0 堆段: 0 条
[BFF] 获取Agent 823eaa27 堆段: 0 条
[BFF] 获取Agent f7470fa0 堆段: 0 条
[BFF] 获取Agent d620df34 堆段: 0 条
[BFF] 获取Agent 9f005100 堆段: 0 条
[BFF] 获取Agent 221a3768 堆段: 2 条
[BFF] 获取Agent d59be8aa 堆段: 0 条
[BFF] all-unmerged 获取完成: 2 条
[BFF] all-unmerged 命中缓存: 2 条 (缓存剩余 4.6s)
[BFF] all-unmerged 命中缓存: 2 条 (缓存剩余 2.9s)
[BFF] all-unmerged 命中缓存: 2 条 (缓存剩余 2.4s)
[BFF] all-unmerged 命中缓存: 2 条 (缓存剩余 0.8s)
[BFF] all-unmerged 命中缓存: 2 条 (缓存剩余 0.3s)
[BFF] 获取Agent 206fb109 堆段: 0 条
[BFF] all-unmerged 请求正在进行，等待完成...
[BFF] 获取Agent 3e473202 堆段: 0 条
[BFF] 获取Agent 31877661 堆段: 0 条
[BFF] 获取Agent c01d46ac 堆段: 0 条
[BFF] 获取Agent 45b1447d 堆段: 0 条
[BFF] 获取Agent b076818a 堆段: 0 条
[BFF] 获取Agent 269662a6 堆段: 0 条
[BFF] 获取Agent 5b0ab4c2 堆段: 0 条
[BFF] 获取Agent 1899dd93 堆段: 0 条
[BFF] 获取Agent 8b461f3d 堆段: 0 条
[BFF] 获取Agent cd956f8c 堆段: 0 条
[BFF] 获取Agent 4f4a09ef 堆段: 0 条
[BFF] 获取Agent 3ff882e7 堆段: 0 条
[BFF] 获取Agent 91abe0a0 堆段: 0 条
[BFF] 获取Agent 823eaa27 堆段: 0 条
[BFF] 获取Agent f7470fa0 堆段: 0 条
[BFF] 获取Agent d620df34 堆段: 0 条
[BFF] 获取Agent 9f005100 堆段: 0 条
[BFF] 获取Agent 221a3768 堆段: 2 条
[BFF] 获取Agent d59be8aa 堆段: 0 条
[BFF] all-unmerged 获取完成: 2 条
[BFF] all-unmerged 命中缓存: 2 条 (缓存剩余 4.9s)
[BFF] all-unmerged 命中缓存: 2 条 (缓存剩余 2.9s)
[BFF] all-unmerged 命中缓存: 2 条 (缓存剩余 2.8s)
[BFF] all-unmerged 命中缓存: 2 条 (缓存剩余 0.8s)
[BFF] all-unmerged 命中缓存: 2 条 (缓存剩余 0.7s)
[BFF] 获取Agent 206fb109 堆段: 0 条
[BFF] 获取Agent 3e473202 堆段: 0 条
[BFF] 获取Agent 31877661 堆段: 0 条
[BFF] 获取Agent c01d46ac 堆段: 0 条
[BFF] 获取Agent 45b1447d 堆段: 0 条
[BFF] 获取Agent b076818a 堆段: 0 条
[BFF] all-unmerged 请求正在进行，等待完成...
[BFF] all-unmerged 请求正在进行，等待完成...
[BFF] 获取Agent 269662a6 堆段: 0 条
[BFF] 获取Agent 5b0ab4c2 堆段: 0 条
[BFF] 获取Agent 1899dd93 堆段: 0 条
[BFF] 获取Agent 8b461f3d 堆段: 0 条
[BFF] 获取Agent cd956f8c 堆段: 0 条
[BFF] 获取Agent 4f4a09ef 堆段: 0 条
[BFF] 获取Agent 3ff882e7 堆段: 0 条
[BFF] 获取Agent 91abe0a0 堆段: 0 条
[BFF] 获取Agent 823eaa27 堆段: 0 条
[BFF] 获取Agent f7470fa0 堆段: 0 条
[BFF] 获取Agent d620df34 堆段: 0 条
[BFF] 获取Agent 9f005100 堆段: 0 条
[BFF] 获取Agent 221a3768 堆段: 2 条
[BFF] 获取Agent d59be8aa 堆段: 0 条
[BFF] all-unmerged 获取完成: 2 条
[BFF] all-unmerged 命中缓存: 2 条 (缓存剩余 4.7s)
[BFF] all-unmerged 命中缓存: 2 条 (缓存剩余 4.7s)
[BFF] 邻居发现: 所有父子关系已建立
[BFF] all-unmerged 命中缓存: 2 条 (缓存剩余 2.6s)
[BFF] all-unmerged 命中缓存: 2 条 (缓存剩余 2.6s)
[BFF] 容器不存在 d59be8aa，清理中...
[BFF] 健康检查: 已清理 1 个无效容器
[BFF] all-unmerged 命中缓存: 2 条 (缓存剩余 0.5s)
[BFF] all-unmerged 命中缓存: 2 条 (缓存剩余 0.5s)
[BFF] all-unmerged 请求正在进行，等待完成...
[BFF] 获取Agent 206fb109 堆段: 0 条
[BFF] 获取Agent 3e473202 堆段: 0 条
[BFF] 获取Agent 31877661 堆段: 0 条
[BFF] 获取Agent c01d46ac 堆段: 0 条
[BFF] 获取Agent 45b1447d 堆段: 0 条
[BFF] 获取Agent b076818a 堆段: 0 条
[BFF] 获取Agent 269662a6 堆段: 0 条
[BFF] 获取Agent 5b0ab4c2 堆段: 0 条
[BFF] 获取Agent 1899dd93 堆段: 0 条
[BFF] 获取Agent 8b461f3d 堆段: 0 条
[BFF] 获取Agent cd956f8c 堆段: 0 条
[BFF] 获取Agent 4f4a09ef 堆段: 0 条
[BFF] 获取Agent 3ff882e7 堆段: 0 条
[BFF] 获取Agent 91abe0a0 堆段: 0 条
[BFF] 获取Agent 823eaa27 堆段: 0 条
[BFF] 获取Agent f7470fa0 堆段: 0 条
[BFF] 获取Agent d620df34 堆段: 0 条
[BFF] 获取Agent 9f005100 堆段: 0 条
[BFF] 获取Agent 221a3768 堆段: 2 条
2026-04-21 22:44:35,668 - httpx - INFO - HTTP Request: GET http://localhost:19353/heap/unmerged "HTTP/1.1 200 OK"
2026-04-21 22:44:35,921 - httpx - INFO - HTTP Request: GET http://localhost:19356/heap/unmerged "HTTP/1.1 200 OK"
2026-04-21 22:44:36,039 - httpx - INFO - HTTP Request: GET http://localhost:19357/heap/unmerged "HTTP/1.1 200 OK"
2026-04-21 22:44:36,144 - httpx - INFO - HTTP Request: GET http://localhost:19362/heap/unmerged "HTTP/1.1 200 OK"
2026-04-21 22:44:36,276 - httpx - INFO - HTTP Request: GET http://localhost:19373/heap/unmerged "HTTP/1.1 200 OK"
2026-04-21 22:44:36,372 - httpx - INFO - HTTP Request: GET http://localhost:19384/heap/unmerged "HTTP/1.1 200 OK"
2026-04-21 22:44:36,479 - httpx - INFO - HTTP Request: GET http://localhost:19387/heap/unmerged "HTTP/1.1 200 OK"
2026-04-21 22:44:36,586 - httpx - INFO - HTTP Request: GET http://localhost:19398/heap/unmerged "HTTP/1.1 200 OK"
2026-04-21 22:44:36,693 - httpx - INFO - HTTP Request: GET http://localhost:19403/heap/unmerged "HTTP/1.1 200 OK"
2026-04-21 22:44:36,803 - httpx - INFO - HTTP Request: GET http://localhost:19426/heap/unmerged "HTTP/1.1 200 OK"
2026-04-21 22:44:36,913 - httpx - INFO - HTTP Request: GET http://localhost:19443/heap/unmerged "HTTP/1.1 200 OK"
2026-04-21 22:44:37,006 - httpx - INFO - HTTP Request: GET http://localhost:19457/heap/unmerged "HTTP/1.1 200 OK"
2026-04-21 22:44:37,120 - httpx - INFO - HTTP Request: GET http://localhost:19466/heap/unmerged "HTTP/1.1 200 OK"
2026-04-21 22:44:37,221 - httpx - INFO - HTTP Request: GET http://localhost:19486/heap/unmerged "HTTP/1.1 200 OK"
2026-04-21 22:44:37,319 - httpx - INFO - HTTP Request: GET http://localhost:19494/heap/unmerged "HTTP/1.1 200 OK"
2026-04-21 22:44:37,417 - httpx - INFO - HTTP Request: GET http://localhost:19524/heap/unmerged "HTTP/1.1 200 OK"
2026-04-21 22:44:37,532 - httpx - INFO - HTTP Request: GET http://localhost:20068/heap/unmerged "HTTP/1.1 200 OK"
2026-04-21 22:44:37,649 - httpx - INFO - HTTP Request: GET http://localhost:20095/heap/unmerged "HTTP/1.1 200 OK"
2026-04-21 22:44:37,767 - httpx - INFO - HTTP Request: GET http://localhost:20116/heap/unmerged "HTTP/1.1 200 OK"
2026-04-21 22:44:44,254 - httpx - INFO - HTTP Request: GET http://localhost:19353/heap/unmerged "HTTP/1.1 200 OK"
2026-04-21 22:44:44,362 - httpx - INFO - HTTP Request: GET http://localhost:19356/heap/unmerged "HTTP/1.1 200 OK"
2026-04-21 22:44:44,475 - httpx - INFO - HTTP Request: GET http://localhost:19357/heap/unmerged "HTTP/1.1 200 OK"
2026-04-21 22:44:44,573 - httpx - INFO - HTTP Request: GET http://localhost:19362/heap/unmerged "HTTP/1.1 200 OK"
2026-04-21 22:44:44,664 - httpx - INFO - HTTP Request: GET http://localhost:19373/heap/unmerged "HTTP/1.1 200 OK"
2026-04-21 22:44:44,816 - httpx - INFO - HTTP Request: GET http://localhost:19384/heap/unmerged "HTTP/1.1 200 OK"
2026-04-21 22:44:44,924 - httpx - INFO - HTTP Request: GET http://localhost:19387/heap/unmerged "HTTP/1.1 200 OK"
2026-04-21 22:44:45,145 - httpx - INFO - HTTP Request: GET http://localhost:19398/heap/unmerged "HTTP/1.1 200 OK"
2026-04-21 22:44:45,310 - httpx - INFO - HTTP Request: GET http://localhost:19403/heap/unmerged "HTTP/1.1 200 OK"
2026-04-21 22:44:45,466 - httpx - INFO - HTTP Request: GET http://localhost:19426/heap/unmerged "HTTP/1.1 200 OK"
2026-04-21 22:44:45,591 - httpx - INFO - HTTP Request: GET http://localhost:19443/heap/unmerged "HTTP/1.1 200 OK"
2026-04-21 22:44:45,698 - httpx - INFO - HTTP Request: GET http://localhost:19457/heap/unmerged "HTTP/1.1 200 OK"
2026-04-21 22:44:45,810 - httpx - INFO - HTTP Request: GET http://localhost:19466/heap/unmerged "HTTP/1.1 200 OK"
2026-04-21 22:44:45,958 - httpx - INFO - HTTP Request: GET http://localhost:19486/heap/unmerged "HTTP/1.1 200 OK"
2026-04-21 22:44:46,218 - httpx - INFO - HTTP Request: GET http://localhost:19494/heap/unmerged "HTTP/1.1 200 OK"
2026-04-21 22:44:46,315 - httpx - INFO - HTTP Request: GET http://localhost:19524/heap/unmerged "HTTP/1.1 200 OK"
2026-04-21 22:44:46,420 - httpx - INFO - HTTP Request: GET http://localhost:20068/heap/unmerged "HTTP/1.1 200 OK"
2026-04-21 22:44:46,535 - httpx - INFO - HTTP Request: GET http://localhost:20095/heap/unmerged "HTTP/1.1 200 OK"
2026-04-21 22:44:46,663 - httpx - INFO - HTTP Request: GET http://localhost:20116/heap/unmerged "HTTP/1.1 200 OK"
2026-04-21 22:44:53,314 - httpx - INFO - HTTP Request: GET http://localhost:19353/heap/unmerged "HTTP/1.1 200 OK"
2026-04-21 22:44:53,427 - httpx - INFO - HTTP Request: GET http://localhost:19356/heap/unmerged "HTTP/1.1 200 OK"
2026-04-21 22:44:53,711 - httpx - INFO - HTTP Request: GET http://localhost:19357/heap/unmerged "HTTP/1.1 200 OK"
2026-04-21 22:44:53,805 - httpx - INFO - HTTP Request: GET http://localhost:19362/heap/unmerged "HTTP/1.1 200 OK"
2026-04-21 22:44:53,895 - httpx - INFO - HTTP Request: GET http://localhost:19373/heap/unmerged "HTTP/1.1 200 OK"
2026-04-21 22:44:53,990 - httpx - INFO - HTTP Request: GET http://localhost:19384/heap/unmerged "HTTP/1.1 200 OK"
2026-04-21 22:44:54,100 - httpx - INFO - HTTP Request: GET http://localhost:19387/heap/unmerged "HTTP/1.1 200 OK"
2026-04-21 22:44:54,209 - httpx - INFO - HTTP Request: GET http://localhost:19398/heap/unmerged "HTTP/1.1 200 OK"
2026-04-21 22:44:54,307 - httpx - INFO - HTTP Request: GET http://localhost:19403/heap/unmerged "HTTP/1.1 200 OK"
2026-04-21 22:44:54,406 - httpx - INFO - HTTP Request: GET http://localhost:19426/heap/unmerged "HTTP/1.1 200 OK"
2026-04-21 22:44:54,511 - httpx - INFO - HTTP Request: GET http://localhost:19443/heap/unmerged "HTTP/1.1 200 OK"
2026-04-21 22:44:54,609 - httpx - INFO - HTTP Request: GET http://localhost:19457/heap/unmerged "HTTP/1.1 200 OK"
2026-04-21 22:44:54,711 - httpx - INFO - HTTP Request: GET http://localhost:19466/heap/unmerged "HTTP/1.1 200 OK"
2026-04-21 22:44:54,808 - httpx - INFO - HTTP Request: GET http://localhost:19486/heap/unmerged "HTTP/1.1 200 OK"
2026-04-21 22:44:54,912 - httpx - INFO - HTTP Request: GET http://localhost:19494/heap/unmerged "HTTP/1.1 200 OK"
2026-04-21 22:44:55,049 - httpx - INFO - HTTP Request: GET http://localhost:19524/heap/unmerged "HTTP/1.1 200 OK"
2026-04-21 22:44:55,178 - httpx - INFO - HTTP Request: GET http://localhost:20068/heap/unmerged "HTTP/1.1 200 OK"
2026-04-21 22:44:55,419 - httpx - INFO - HTTP Request: GET http://localhost:20095/heap/unmerged "HTTP/1.1 200 OK"
2026-04-21 22:44:55,657 - httpx - INFO - HTTP Request: GET http://localhost:20116/heap/unmerged "HTTP/1.1 200 OK"
INFO:     Shutting down
INFO:     Waiting for application shutdown.
INFO:     Application shutdown complete.
INFO:     Finished server process [27535]
