/mnt/d/collections2026/phd_application/nanobot1/milestone2/bff/bff_service.py:712: DeprecationWarning: 
        on_event is deprecated, use lifespan event handlers instead.

        Read more about it in the
        [FastAPI docs for Lifespan Events](https://fastapi.tiangolo.com/advanced/events/).
        
  @app.on_event("startup")
INFO:     Started server process [28589]
INFO:     Waiting for application startup.
INFO:     Application startup complete.
ERROR:    [Errno 98] error while attempting to bind on address ('0.0.0.02026-04-21 22:45:31,525 - httpx - INFO - HTTP Request: GET http://localhost:33333/health "HTTP/1.1 200 OK"
2026-04-21 22:45:31,810 - httpx - INFO - HTTP Request: GET http://localhost:33333/stats "HTTP/1.1 200 OK"
2026-04-21 22:45:31,815 - httpx - INFO - HTTP Request: GET http://localhost:33333/stats "HTTP/1.1 200 OK"
2026-04-21 22:45:32,112 - httpx - INFO - HTTP Request: GET http://localhost:33333/stats "HTTP/1.1 200 OK"
2026-04-21 22:45:32,114 - httpx - INFO - HTTP Request: GET http://localhost:33333/stats "HTTP/1.1 200 OK"
2026-04-21 22:45:32,611 - httpx - INFO - HTTP Request: POST http://localhost:33333/preset-skill-0 "HTTP/1.1 200 OK"
2026-04-21 22:45:32,629 - httpx - INFO - HTTP Request: POST http://localhost:33333/preset-skill-0 "HTTP/1.1 200 OK"
2026-04-21 22:45:38,210 - httpx - INFO - HTTP Request: GET http://localhost:55202/health "HTTP/1.1 200 OK"
2026-04-21 22:45:38,236 - httpx - INFO - HTTP Request: GET http://localhost:55201/health "HTTP/1.1 200 OK"
2026-04-21 22:45:43,814 - httpx - INFO - HTTP Request: GET http://localhost:30481/health "HTTP/1.1 200 OK"
2026-04-21 22:45:43,834 - httpx - INFO - HTTP Request: GET http://localhost:30479/health "HTTP/1.1 200 OK"
2026-04-21 22:45:47,256 - httpx - INFO - HTTP Request: GET http://localhost:30489/health "HTTP/1.1 200 OK"
2026-04-21 22:45:49,371 - httpx - INFO - HTTP Request: GET http://localhost:30493/health "HTTP/1.1 200 OK"
2026-04-21 22:45:52,407 - httpx - INFO - HTTP Request: GET http://localhost:11578/health "HTTP/1.1 200 OK"
2026-04-21 22:45:54,548 - httpx - INFO - HTTP Request: GET http://localhost:11581/health "HTTP/1.1 200 OK"
2026-04-21 22:45:57,726 - httpx - INFO - HTTP Request: GET http://localhost:11596/health "HTTP/1.1 200 OK"
2026-04-21 22:45:59,920 - httpx - INFO - HTTP Request: GET http://localhost:11601/health "HTTP/1.1 200 OK"
2026-04-21 22:46:03,147 - httpx - INFO - HTTP Request: GET http://localhost:11629/health "HTTP/1.1 200 OK"
2026-04-21 22:46:03,173 - httpx - INFO - HTTP Request: GET http://localhost:11618/health "HTTP/1.1 200 OK"
2026-04-21 22:46:06,519 - httpx - INFO - HTTP Request: GET http://localhost:11644/health "HTTP/1.1 200 OK"
2026-04-21 22:46:08,682 - httpx - INFO - HTTP Request: GET http://localhost:11645/health "HTTP/1.1 200 OK"
2026-04-21 22:46:11,850 - httpx - INFO - HTTP Request: GET http://localhost:11679/health "HTTP/1.1 200 OK"
2026-04-21 22:46:13,973 - httpx - INFO - HTTP Request: GET http://localhost:11680/health "HTTP/1.1 200 OK"
2026-04-21 22:46:17,020 - httpx - INFO - HTTP Request: GET http://localhost:11711/health "HTTP/1.1 200 OK"
2026-04-21 22:46:19,164 - httpx - INFO - HTTP Request: GET http://localhost:11714/health "HTTP/1.1 200 OK"
2026-04-21 22:46:22,350 - httpx - INFO - HTTP Request: GET http://localhost:11748/health "HTTP/1.1 200 OK"
2026-04-21 22:46:25,017 - httpx - INFO - HTTP Request: GET http://localhost:11753/health "HTTP/1.1 200 OK"
2026-04-21 22:46:25,040 - httpx - INFO - HTTP Request: GET http://localhost:33333/task?agent_id=6f2ab702 "HTTP/1.1 200 OK"
2026-04-21 22:46:25,043 - httpx - INFO - HTTP Request: GET http://localhost:33333/task?agent_id=3c736ee1 "HTTP/1.1 200 OK"
2026-04-21 22:46:25,044 - httpx - INFO - HTTP Request: GET http://localhost:33333/task?agent_id=1cc9830b "HTTP/1.1 200 OK"
2026-04-21 22:46:25,044 - httpx - INFO - HTTP Request: GET http://localhost:33333/task?agent_id=60cb891a "HTTP/1.1 200 OK"
2026-04-21 22:46:25,045 - httpx - INFO - HTTP Request: GET http://localhost:33333/task?agent_id=d32a0045 "HTTP/1.1 200 OK"
2026-04-21 22:46:25,046 - httpx - INFO - HTTP Request: GET http://localhost:33333/task?agent_id=41c03b14 "HTTP/1.1 200 OK"
2026-04-21 22:46:25,046 - httpx - INFO - HTTP Request: GET http://localhost:33333/task?agent_id=bf61af0f "HTTP/1.1 200 OK"
2026-04-21 22:46:25,048 - httpx - INFO - HTTP Request: GET http://localhost:33333/task?agent_id=63afa39e "HTTP/1.1 200 OK"
2026-04-21 22:46:25,049 - httpx - INFO - HTTP Request: GET http://localhost:33333/task?agent_id=6f06d397 "HTTP/1.1 200 OK"
2026-04-21 22:46:25,050 - httpx - INFO - HTTP Request: GET http://localhost:33333/task?agent_id=d903e394 "HTTP/1.1 200 OK"
2026-04-21 22:46:27,432 - httpx - INFO - HTTP Request: GET http://localhost:33333/task?agent_id=9a4d93a2 "HTTP/1.1 200 OK"
2026-04-21 22:46:27,435 - httpx - INFO - HTTP Request: GET http://localhost:33333/task?agent_id=09bf2fda "HTTP/1.1 200 OK"
2026-04-21 22:46:27,436 - httpx - INFO - HTTP Request: GET http://localhost:33333/task?agent_id=d8f7bfa6 "HTTP/1.1 200 OK"
2026-04-21 22:46:27,437 - httpx - INFO - HTTP Request: GET http://localhost:33333/task?agent_id=37bb187c "HTTP/1.1 200 OK"
2026-04-21 22:46:27,440 - httpx - INFO - HTTP Request: GET http://localhost:33333/task?agent_id=e91fae39 "HTTP/1.1 200 OK"
2026-04-21 22:46:27,441 - httpx - INFO - HTTP Request: GET http://localhost:33333/task?agent_id=5ca5541e "HTTP/1.1 200 OK"
2026-04-21 22:46:27,442 - httpx - INFO - HTTP Request: GET http://localhost:33333/task?agent_id=eb2af86c "HTTP/1.1 200 OK"
2026-04-21 22:46:27,443 - httpx - INFO - HTTP Request: GET http://localhost:33333/task?agent_id=d5ec85cc "HTTP/1.1 200 OK"
2026-04-21 22:46:27,443 - httpx - INFO - HTTP Request: GET http://localhost:33333/task?agent_id=6e45c105 "HTTP/1.1 200 OK"
2026-04-21 22:46:27,444 - httpx - INFO - HTTP Request: GET http://localhost:33333/task?agent_id=ac658b91 "HTTP/1.1 200 OK"
2026-04-21 22:47:31,921 - httpx - INFO - HTTP Request: GET http://localhost:55202/heap/unmerged "HTTP/1.1 200 OK"
2026-04-21 22:47:32,024 - httpx - INFO - HTTP Request: GET http://localhost:55201/heap/unmerged "HTTP/1.1 200 OK"
2026-04-21 22:47:32,128 - httpx - INFO - HTTP Request: GET http://localhost:30481/heap/unmerged "HTTP/1.1 200 OK"
2026-04-21 22:47:32,224 - httpx - INFO - HTTP Request: GET http://localhost:30479/heap/unmerged "HTTP/1.1 200 OK"
2026-04-21 22:47:32,347 - httpx - INFO - HTTP Request: GET http://localhost:30489/heap/unmerged "HTTP/1.1 200 OK"
2026-04-21 22:47:32,448 - httpx - INFO - HTTP Request: GET http://localhost:30493/heap/unmerged "HTTP/1.1 200 OK"
2026-04-21 22:47:32,534 - httpx - INFO - HTTP Request: GET http://localhost:11578/heap/unmerged "HTTP/1.1 200 OK"
2026-04-21 22:47:32,622 - httpx - INFO - HTTP Request: GET http://localhost:11581/heap/unmerged "HTTP/1.1 200 OK"
2026-04-21 22:47:32,813 - httpx - INFO - HTTP Request: GET http://localhost:11596/heap/unmerged "HTTP/1.1 200 OK"
2026-04-21 22:47:33,110 - httpx - INFO - HTTP Request: GET http://localhost:11601/heap/unmerged "HTTP/1.1 200 OK"
2026-04-21 22:47:33,211 - httpx - INFO - HTTP Request: GET http://localhost:11629/heap/unmerged "HTTP/1.1 200 OK"
2026-04-21 22:47:33,304 - httpx - INFO - HTTP Request: GET http://localhost:11618/heap/unmerged "HTTP/1.1 200 OK"
2026-04-21 22:47:33,421 - httpx - INFO - HTTP Request: GET http://localhost:11644/heap/unmerged "HTTP/1.1 200 OK"
2026-04-21 22:47:33,510 - httpx - INFO - HTTP Request: GET http://localhost:11645/heap/unmerged "HTTP/1.1 200 OK"
2026-04-21 22:47:33,616 - httpx - INFO - HTTP Request: GET http://localhost:11679/heap/unmerged "HTTP/1.1 200 OK"
2026-04-21 22:47:33,727 - httpx - INFO - HTTP Request: GET http://localhost:11680/heap/unmerged "HTTP/1.1 200 OK"
2026-04-21 22:47:33,865 - httpx - INFO - HTTP Request: GET http://localhost:11711/heap/unmerged "HTTP/1.1 200 OK"
2026-04-21 22:47:33,957 - httpx - INFO - HTTP Request: GET http://localhost:11714/heap/unmerged "HTTP/1.1 200 OK"
2026-04-21 22:47:34,050 - httpx - INFO - HTTP Request: GET http://localhost:11748/heap/unmerged "HTTP/1.1 200 OK"
2026-04-21 22:47:34,139 - httpx - INFO - HTTP Request: GET http://localhost:11753/heap/unmerged "HTTP/1.1 200 OK"
2026-04-21 22:48:07,521 - httpx - INFO - HTTP Request: POST http://localhost:33333/allocate_page "HTTP/1.1 200 OK"
2026-04-21 22:48:07,917 - httpx - INFO - HTTP Request: POST http://localhost:11645/heap/append "HTTP/1.1 200 OK"
2026-04-21 22:48:08,266 - httpx - INFO - HTTP Request: POST http://localhost:33333/heap-written "HTTP/1.1 200 OK"
2026-04-21 22:48:08,535 - httpx - INFO - HTTP Request: POST http://localhost:33333/allocate_page "HTTP/1.1 200 OK"
2026-04-21 22:48:08,708 - httpx - INFO - HTTP Request: GET http://localhost:55202/heap/unmerged "HTTP/1.1 200 OK"
2026-04-21 22:48:08,926 - httpx - INFO - HTTP Request: POST http://localhost:33333/allocate_page "HTTP/1.1 200 OK"
2026-04-21 22:48:08,931 - httpx - INFO - HTTP Request: POST http://localhost:11645/heap/append "HTTP/1.1 200 OK"
2026-04-21 22:48:08,934 - httpx - INFO - HTTP Request: GET http://localhost:55201/heap/unmerged "HTTP/1.1 200 OK"
2026-04-21 22:48:09,169 - httpx - INFO - HTTP Request: GET http://localhost:30481/heap/unmerged "HTTP/1.1 200 OK"
[BFF] 初始化数据库...
[DB] usage 字段已存在，跳过迁移
[DB] 数据库初始化完成
[BFF] 启动时清理无效对话...
[BFF] 清理完成，剩余对话: 0
[BFF] 开始迁移对话数据，补充 Power 机制字段...
[BFF] 迁移完成，共处理 0 个对话
[BFF] 启动定时邻居发现任务
[BFF] 启动容器健康监控任务
[BFF] 邻居发现: 节点数量不足 (0)，跳过
[BFF] KM容器不存在，创建中...
[Orchestrator] PUBLIC_MEMORY_HOST_PATH from env: None
[Orchestrator] Using fallback path: /mnt/d/collections2026/phd_application/nanobot1/data/public_memory
[Orchestrator] KM容器挂载PublicMemory: /mnt/d/collections2026/phd_application/nanobot1/data/public_memory -> /app/public_memory
[Orchestrator] KM合并阈值: 5, 间隔: 120秒
[Orchestrator] KM的BFF_BASE_URL: http://host.docker.internal:8000
[Orchestrator] Container nanobot_conv_43711776 is ready
[Orchestrator] Created container nanobot_conv_43711776
[BFF] KM容器已创建: 43711776, 端口: 33333
[KM] 预置0号Skill，转发到KM容器
[KM] 预置0号Skill，转发到KM容器
[Orchestrator] Container nanobot_conv_6f2ab702 is ready
[Orchestrator] Created container nanobot_conv_6f2ab702
[Orchestrator] Container nanobot_conv_37bb187c is ready
[Orchestrator] Created container nanobot_conv_37bb187c
[Orchestrator] Container nanobot_conv_9a4d93a2 is ready
[Orchestrator] Created container nanobot_conv_9a4d93a2
[Orchestrator] Container nanobot_conv_1cc9830b is ready
[Orchestrator] Created container nanobot_conv_1cc9830b
[Orchestrator] Container nanobot_conv_d8f7bfa6 is ready
[Orchestrator] Created container nanobot_conv_d8f7bfa6
[Orchestrator] Container nanobot_conv_41c03b14 is ready
[Orchestrator] Created container nanobot_conv_41c03b14
[Orchestrator] Container nanobot_conv_09bf2fda is ready
[Orchestrator] Created container nanobot_conv_09bf2fda
[Orchestrator] Container nanobot_conv_d32a0045 is ready
[Orchestrator] Created container nanobot_conv_d32a0045
[Orchestrator] Container nanobot_conv_e91fae39 is ready
[Orchestrator] Created container nanobot_conv_e91fae39
[Orchestrator] Container nanobot_conv_3c736ee1 is ready
[Orchestrator] Created container nanobot_conv_3c736ee1
[Orchestrator] Container nanobot_conv_60cb891a is ready
[Orchestrator] Created container nanobot_conv_60cb891a
[Orchestrator] Container nanobot_conv_5ca5541e is ready
[Orchestrator] Created container nanobot_conv_5ca5541e
[Orchestrator] Container nanobot_conv_bf61af0f is ready
[Orchestrator] Created container nanobot_conv_bf61af0f
[Orchestrator] Container nanobot_conv_eb2af86c is ready
[Orchestrator] Created container nanobot_conv_eb2af86c
[Orchestrator] Container nanobot_conv_63afa39e is ready
[Orchestrator] Created container nanobot_conv_63afa39e
[Orchestrator] Container nanobot_conv_ac658b91 is ready
[Orchestrator] Created container nanobot_conv_ac658b91
[Orchestrator] Container nanobot_conv_6f06d397 is ready
[Orchestrator] Created container nanobot_conv_6f06d397
[Orchestrator] Container nanobot_conv_6e45c105 is ready
[Orchestrator] Created container nanobot_conv_6e45c105
[Orchestrator] Container nanobot_conv_d903e394 is ready
[Orchestrator] Created container nanobot_conv_d903e394
[BFF] 邻居发现: 所有父子关系已建立
[Orchestrator] Container nanobot_conv_d5ec85cc is ready
[Orchestrator] Created container nanobot_conv_d5ec85cc
[BFF] 读取PublicMemory (物理路径): /mnt/d/collections2026/phd_application/nanobot1/milestone2/data/public_memory/public_memory.jsonl, top_k=2
[BFF] 读取PublicMemory完成: 0 条记录
[BFF] 读取PublicMemory (物理路径): /mnt/d/collections2026/phd_application/nanobot1/milestone2/data/public_memory/public_memory.jsonl, top_k=2
[BFF] 读取PublicMemory完成: 0 条记录
[BFF] 读取PublicMemory (物理路径): /mnt/d/collections2026/phd_application/nanobot1/milestone2/data/public_memory/public_memory.jsonl, top_k=2
[BFF] 读取PublicMemory完成: 0 条记录
[BFF] 读取PublicMemory (物理路径): /mnt/d/collections2026/phd_application/nanobot1/milestone2/data/public_memory/public_memory.jsonl, top_k=2
[BFF] 读取PublicMemory完成: 0 条记录
[BFF] 读取PublicMemory (物理路径): /mnt/d/collections2026/phd_application/nanobot1/milestone2/data/public_memory/public_memory.jsonl, top_k=2
[BFF] 读取PublicMemory完成: 0 条记录
[BFF] 读取PublicMemory (物理路径): /mnt/d/collections2026/phd_application/nanobot1/milestone2/data/public_memory/public_memory.jsonl, top_k=2
[BFF] 读取PublicMemory完成: 0 条记录
[BFF] 读取PublicMemory (物理路径): /mnt/d/collections2026/phd_application/nanobot1/milestone2/data/public_memory/public_memory.jsonl, top_k=2
[BFF] 读取PublicMemory完成: 0 条记录
[BFF] 读取PublicMemory (物理路径): /mnt/d/collections2026/phd_application/nanobot1/milestone2/data/public_memory/public_memory.jsonl, top_k=2
[BFF] 读取PublicMemory完成: 0 条记录
[BFF] 读取PublicMemory (物理路径): /mnt/d/collections2026/phd_application/nanobot1/milestone2/data/public_memory/public_memory.jsonl, top_k=2
[BFF] 读取PublicMemory完成: 0 条记录
[BFF] 读取PublicMemory (物理路径): /mnt/d/collections2026/phd_application/nanobot1/milestone2/data/public_memory/public_memory.jsonl, top_k=2
[BFF] 读取PublicMemory完成: 0 条记录
[BFF] 读取PublicMemory (物理路径): /mnt/d/collections2026/phd_application/nanobot1/milestone2/data/public_memory/public_memory.jsonl, top_k=2
[BFF] 读取PublicMemory完成: 0 条记录
[BFF] 读取PublicMemory (物理路径): /mnt/d/collections2026/phd_application/nanobot1/milestone2/data/public_memory/public_memory.jsonl, top_k=2
[BFF] 读取PublicMemory完成: 0 条记录
[BFF] 读取PublicMemory (物理路径): /mnt/d/collections2026/phd_application/nanobot1/milestone2/data/public_memory/public_memory.jsonl, top_k=2
[BFF] 读取PublicMemory完成: 0 条记录
[BFF] 读取PublicMemory (物理路径): /mnt/d/collections2026/phd_application/nanobot1/milestone2/data/public_memory/public_memory.jsonl, top_k=2
[BFF] 读取PublicMemory完成: 0 条记录
[BFF] 读取PublicMemory (物理路径): /mnt/d/collections2026/phd_application/nanobot1/milestone2/data/public_memory/public_memory.jsonl, top_k=2
[BFF] 读取PublicMemory完成: 0 条记录
[BFF] 读取PublicMemory (物理路径): /mnt/d/collections2026/phd_application/nanobot1/milestone2/data/public_memory/public_memory.jsonl, top_k=2
[BFF] 读取PublicMemory完成: 0 条记录
[BFF] 读取PublicMemory (物理路径): /mnt/d/collections2026/phd_application/nanobot1/milestone2/data/public_memory/public_memory.jsonl, top_k=2
[BFF] 读取PublicMemory完成: 0 条记录
[BFF] 读取PublicMemory (物理路径): /mnt/d/collections2026/phd_application/nanobot1/milestone2/data/public_memory/public_memory.jsonl, top_k=2
[BFF] 读取PublicMemory完成: 0 条记录
[BFF] 读取PublicMemory (物理路径): /mnt/d/collections2026/phd_application/nanobot1/milestone2/data/public_memory/public_memory.jsonl, top_k=2
[BFF] 读取PublicMemory完成: 0 条记录
[BFF] 读取PublicMemory (物理路径): /mnt/d/collections2026/phd_application/nanobot1/milestone2/data/public_memory/public_memory.jsonl, top_k=2
[BFF] 读取PublicMemory完成: 0 条记录
[BFF] 邻居发现: 所有父子关系已建立
[BFF] 获取Agent 6f2ab702 堆段: 0 条
[BFF] 获取Agent 37bb187c 堆段: 0 条
[BFF] 获取Agent 9a4d93a2 堆段: 0 条
[BFF] 获取Agent 1cc9830b 堆段: 0 条
[BFF] 获取Agent d8f7bfa6 堆段: 0 条
[BFF] 获取Agent 41c03b14 堆段: 0 条
[BFF] 获取Agent 09bf2fda 堆段: 0 条
[BFF] 获取Agent d32a0045 堆段: 0 条
[BFF] 获取Agent e91fae39 堆段: 0 条
[BFF] 获取Agent 3c736ee1 堆段: 0 条
[BFF] 获取Agent 60cb891a 堆段: 0 条
[BFF] 获取Agent 5ca5541e 堆段: 0 条
[BFF] 获取Agent bf61af0f 堆段: 0 条
[BFF] 获取Agent eb2af86c 堆段: 0 条
[BFF] 获取Agent 63afa39e 堆段: 0 条
[BFF] 获取Agent ac658b91 堆段: 0 条
[BFF] 获取Agent 6f06d397 堆段: 0 条
[BFF] 获取Agent 6e45c105 堆段: 0 条
[BFF] 获取Agent d903e394 堆段: 0 条
[BFF] 获取Agent d5ec85cc 堆段: 0 条
[BFF] all-unmerged 获取完成: 0 条
[BFF] 获取Agent 6f2ab702 堆段: 0 条
[BFF] 获取Agent 37bb187c 堆段: 0 条
2026-04-21 22:48:09,270 - httpx - INFO - HTTP Request: POST http://localhost:33333/heap-written "HTTP/1.1 200 OK"
2026-04-21 22:48:09,487 - httpx - INFO - HTTP Request: GET http://localhost:30479/heap/unmerged "HTTP/1.1 200 OK"
2026-04-21 22:48:09,490 - httpx - INFO - HTTP Request: GET http://localhost:33333/task?agent_id=eb2af86c "HTTP/1.1 200 OK"
2026-04-21 22:48:09,599 - httpx - INFO - HTTP Request: POST http://localhost:30481/heap/append "HTTP/1.1 200 OK"
2026-04-21 22:48:09,818 - httpx - INFO - HTTP Request: POST http://localhost:33333/heap-written "HTTP/1.1 200 OK"
2026-04-21 22:48:09,821 - httpx - INFO - HTTP Request: POST http://localhost:33333/allocate_page "HTTP/1.1 200 OK"
2026-04-21 22:48:09,825 - httpx - INFO - HTTP Request: GET http://localhost:30489/heap/unmerged "HTTP/1.1 200 OK"
2026-04-21 22:48:10,264 - httpx - INFO - HTTP Request: GET http://localhost:30493/heap/unmerged "HTTP/1.1 200 OK"
2026-04-21 22:48:10,565 - httpx - INFO - HTTP Request: POST http://localhost:33333/allocate_page "HTTP/1.1 200 OK"
2026-04-21 22:48:10,568 - httpx - INFO - HTTP Request: POST http://localhost:11629/heap/append "HTTP/1.1 200 OK"
2026-04-21 22:48:10,571 - httpx - INFO - HTTP Request: POST http://localhost:33333/allocate_page "HTTP/1.1 200 OK"
2026-04-21 22:48:10,778 - httpx - INFO - HTTP Request: GET http://localhost:11578/heap/unmerged "HTTP/1.1 200 OK"
2026-04-21 22:48:11,135 - httpx - INFO - HTTP Request: POST http://localhost:33333/heap-written "HTTP/1.1 200 OK"
2026-04-21 22:48:11,144 - httpx - INFO - HTTP Request: POST http://localhost:30481/heap/append "HTTP/1.1 200 OK"
2026-04-21 22:48:11,286 - httpx - INFO - HTTP Request: GET http://localhost:11581/heap/unmerged "HTTP/1.1 200 OK"
2026-04-21 22:48:11,402 - httpx - INFO - HTTP Request: POST http://localhost:33333/allocate_page "HTTP/1.1 200 OK"
2026-04-21 22:48:11,405 - httpx - INFO - HTTP Request: POST http://localhost:11601/heap/append "HTTP/1.1 200 OK"
2026-04-21 22:48:11,719 - httpx - INFO - HTTP Request: POST http://localhost:33333/heap-written "HTTP/1.1 200 OK"
2026-04-21 22:48:11,724 - httpx - INFO - HTTP Request: GET http://localhost:11596/heap/unmerged "HTTP/1.1 200 OK"
2026-04-21 22:48:11,726 - httpx - INFO - HTTP Request: GET http://localhost:33333/task?agent_id=9a4d93a2 "HTTP/1.1 200 OK"
2026-04-21 22:48:11,727 - httpx - INFO - HTTP Request: POST http://localhost:33333/heap-written "HTTP/1.1 200 OK"
2026-04-21 22:48:12,069 - httpx - INFO - HTTP Request: POST http://localhost:33333/allocate_page "HTTP/1.1 200 OK"
2026-04-21 22:48:12,070 - httpx - INFO - HTTP Request: GET http://localhost:11601/heap/unmerged "HTTP/1.1 200 OK"
2026-04-21 22:48:12,205 - httpx - INFO - HTTP Request: POST http://localhost:11629/heap/append "HTTP/1.1 200 OK"
2026-04-21 22:48:12,612 - httpx - INFO - HTTP Request: GET http://localhost:11629/heap/unmerged "HTTP/1.1 200 OK"
2026-04-21 22:48:12,816 - httpx - INFO - HTTP Request: POST http://localhost:33333/heap-written "HTTP/1.1 200 OK"
2026-04-21 22:48:12,833 - httpx - INFO - HTTP Request: POST http://localhost:11601/heap/append "HTTP/1.1 200 OK"
2026-04-21 22:48:12,836 - httpx - INFO - HTTP Request: GET http://localhost:33333/task?agent_id=60cb891a "HTTP/1.1 200 OK"
2026-04-21 22:48:12,961 - httpx - INFO - HTTP Request: GET http://localhost:11618/heap/unmerged "HTTP/1.1 200 OK"
2026-04-21 22:48:13,076 - httpx - INFO - HTTP Request: POST http://localhost:33333/allocate_page "HTTP/1.1 200 OK"
2026-04-21 22:48:13,080 - httpx - INFO - HTTP Request: POST http://localhost:33333/heap-written "HTTP/1.1 200 OK"
2026-04-21 22:48:13,084 - httpx - INFO - HTTP Request: GET http://localhost:11644/heap/unmerged "HTTP/1.1 200 OK"
2026-04-21 22:48:13,329 - httpx - INFO - HTTP Request: GET http://localhost:11645/heap/unmerged "HTTP/1.1 200 OK"
2026-04-21 22:48:13,566 - httpx - INFO - HTTP Request: GET http://localhost:33333/task?agent_id=3c736ee1 "HTTP/1.1 200 OK"
2026-04-21 22:48:13,595 - httpx - INFO - HTTP Request: GET http://localhost:11679/heap/unmerged "HTTP/1.1 200 OK"
2026-04-21 22:48:13,596 - httpx - INFO - HTTP Request: POST http://localhost:30493/heap/append "HTTP/1.1 200 OK"
2026-04-21 22:48:14,204 - httpx - INFO - HTTP Request: GET http://localhost:11680/heap/unmerged "HTTP/1.1 200 OK"
2026-04-21 22:48:14,518 - httpx - INFO - HTTP Request: POST http://localhost:33333/heap-written "HTTP/1.1 200 OK"
2026-04-21 22:48:14,522 - httpx - INFO - HTTP Request: POST http://localhost:33333/allocate_page "HTTP/1.1 200 OK"
2026-04-21 22:48:14,527 - httpx - INFO - HTTP Request: GET http://localhost:11711/heap/unmerged "HTTP/1.1 200 OK"
2026-04-21 22:48:14,732 - httpx - INFO - HTTP Request: GET http://localhost:11714/heap/unmerged "HTTP/1.1 200 OK"
2026-04-21 22:48:14,871 - httpx - INFO - HTTP Request: POST http://localhost:30493/heap/append "HTTP/1.1 200 OK"
2026-04-21 22:48:14,964 - httpx - INFO - HTTP Request: GET http://localhost:11748/heap/unmerged "HTTP/1.1 200 OK"
2026-04-21 22:48:15,063 - httpx - INFO - HTTP Request: POST http://localhost:33333/heap-written "HTTP/1.1 200 OK"
2026-04-21 22:48:15,178 - httpx - INFO - HTTP Request: GET http://localhost:11753/heap/unmerged "HTTP/1.1 200 OK"
2026-04-21 22:48:15,183 - httpx - INFO - HTTP Request: GET http://localhost:33333/task?agent_id=41c03b14 "HTTP/1.1 200 OK"
2026-04-21 22:48:16,039 - httpx - INFO - HTTP Request: POST http://localhost:33333/allocate_page "HTTP/1.1 200 OK"
2026-04-21 22:48:16,329 - httpx - INFO - HTTP Request: POST http://localhost:11753/heap/append "HTTP/1.1 200 OK"
2026-04-21 22:48:16,543 - httpx - INFO - HTTP Request: POST http://localhost:33333/heap-written "HTTP/1.1 200 OK"
2026-04-21 22:48:16,546 - httpx - INFO - HTTP Request: POST http://localhost:33333/allocate_page "HTTP/1.1 200 OK"
2026-04-21 22:48:16,759 - httpx - INFO - HTTP Request: POST http://localhost:11753/heap/append "HTTP/1.1 200 OK"
2026-04-21 22:48:16,859 - httpx - INFO - HTTP Request: POST http://localhost:33333/heap-written "HTTP/1.1 200 OK"
2026-04-21 22:48:16,970 - httpx - INFO - HTTP Request: GET http://localhost:33333/task?agent_id=d5ec85cc "HTTP/1.1 200 OK"
2026-04-21 22:48:19,955 - httpx - INFO - HTTP Request: GET http://localhost:31055/health "HTTP/1.1 200 OK"
2026-04-21 22:48:20,242 - httpx - INFO - HTTP Request: GET http://localhost:33333/active_pages "HTTP/1.1 200 OK"
2026-04-21 22:48:20,547 - httpx - INFO - HTTP Request: POST http://localhost:33333/allocate_page "HTTP/1.1 200 OK"
2026-04-21 22:48:20,783 - httpx - INFO - HTTP Request: POST http://localhost:11596/heap/append "HTTP/1.1 200 OK"
2026-04-21 22:48:21,021 - httpx - INFO - HTTP Request: POST http://localhost:33333/heap-written "HTTP/1.1 200 OK"
2026-04-21 22:48:21,024 - httpx - INFO - HTTP Request: POST http://localhost:33333/allocate_page "HTTP/1.1 200 OK"
2026-04-21 22:48:21,462 - httpx - INFO - HTTP Request: POST http://localhost:11596/heap/append "HTTP/1.1 200 OK"
2026-04-21 22:48:21,740 - httpx - INFO - HTTP Request: POST http://localhost:33333/allocate_page "HTTP/1.1 200 OK"
2026-04-21 22:48:22,040 - httpx - INFO - HTTP Request: POST http://localhost:33333/heap-written "HTTP/1.1 200 OK"
2026-04-21 22:48:22,042 - httpx - INFO - HTTP Request: POST http://localhost:33333/mark_pages_merged "HTTP/1.1 200 OK"
2026-04-21 22:48:22,045 - httpx - INFO - HTTP Request: GET http://localhost:33333/task?agent_id=e91fae39 "HTTP/1.1 200 OK"
2026-04-21 22:48:22,764 - httpx - INFO - HTTP Request: POST http://localhost:55202/heap/append "HTTP/1.1 200 OK"
2026-04-21 22:48:23,101 - httpx - INFO - HTTP Request: POST http://localhost:11645/heap/mark-merged "HTTP/1.1 200 OK"
2026-04-21 22:48:23,125 - httpx - INFO - HTTP Request: POST http://localhost:11629/heap/mark-merged "HTTP/1.1 200 OK"
2026-04-21 22:48:23,126 - httpx - INFO - HTTP Request: POST http://localhost:30493/heap/mark-merged "HTTP/1.1 200 OK"
2026-04-21 22:48:23,127 - httpx - INFO - HTTP Request: POST http://localhost:30481/heap/mark-merged "HTTP/1.1 200 OK"
2026-04-21 22:48:23,127 - httpx - INFO - HTTP Request: POST http://localhost:11601/heap/mark-merged "HTTP/1.1 200 OK"
2026-04-21 22:48:23,128 - httpx - INFO - HTTP Request: POST http://localhost:11753/heap/mark-merged "HTTP/1.1 200 OK"
2026-04-21 22:48:23,139 - httpx - INFO - HTTP Request: POST http://localhost:33333/heap-written "HTTP/1.1 200 OK"
2026-04-21 22:48:23,140 - httpx - INFO - HTTP Request: POST http://localhost:33333/allocate_page "HTTP/1.1 200 OK"
2026-04-21 22:48:23,160 - httpx - INFO - HTTP Request: POST http://localhost:31055/execute_merge "HTTP/1.1 200 OK"
2026-04-21 22:48:23,164 - httpx - INFO - HTTP Request: POST http://localhost:33333/allocate_page "HTTP/1.1 200 OK"
2026-04-21 22:48:23,282 - httpx - INFO - HTTP Request: GET http://localhost:55202/heap/unmerged "HTTP/1.1 200 OK"
2026-04-21 22:48:23,694 - httpx - INFO - HTTP Request: GET http://localhost:55201/heap/unmerged "HTTP/1.1 200 OK"
2026-04-21 22:48:23,695 - httpx - INFO - HTTP Request: POST http://localhost:55202/heap/append "HTTP/1.1 200 OK"
2026-04-21 22:48:23,695 - httpx - INFO - HTTP Request: POST http://localhost:11581/heap/append "HTTP/1.1 200 OK"
2026-04-21 22:48:24,842 - httpx - INFO - HTTP Request: GET http://localhost:30481/heap/unmerged "HTTP/1.1 200 OK"
2026-04-21 22:48:24,917 - httpx - INFO - HTTP Request: POST http://localhost:33333/heap-written "HTTP/1.1 200 OK"
2026-04-21 22:48:25,022 - httpx - INFO - HTTP Request: POST http://localhost:33333/heap-written "HTTP/1.1 200 OK"
2026-04-21 22:48:25,046 - httpx - INFO - HTTP Request: GET http://localhost:33333/task?agent_id=6f2ab702 "HTTP/1.1 200 OK"
2026-04-21 22:48:25,050 - httpx - INFO - HTTP Request: POST http://localhost:33333/allocate_page "HTTP/1.1 200 OK"
2026-04-21 22:48:25,059 - httpx - INFO - HTTP Request: POST http://localhost:33333/allocate_page "HTTP/1.1 200 OK"
2026-04-21 22:48:25,063 - httpx - INFO - HTTP Request: GET http://localhost:30479/heap/unmerged "HTTP/1.1 200 OK"
2026-04-21 22:48:25,896 - httpx - INFO - HTTP Request: GET http://localhost:30489/heap/unmerged "HTTP/1.1 200 OK"
2026-04-21 22:48:26,023 - httpx - INFO - HTTP Request: POST http://localhost:11680/heap/append "HTTP/1.1 200 OK"
2026-04-21 22:48:26,024 - httpx - INFO - HTTP Request: POST http://localhost:11581/heap/append "HTTP/1.1 200 OK"
2026-04-21 22:48:26,457 - httpx - INFO - HTTP Request: GET http://localhost:30493/heap/unmerged "HTTP/1.1 200 OK"
2026-04-21 22:48:26,568 - httpx - INFO - HTTP Request: POST http://localhost:33333/heap-written "HTTP/1.1 200 OK"
2026-04-21 22:48:26,569 - httpx - INFO - HTTP Request: POST http://localhost:33333/heap-written "HTTP/1.1 200 OK"
2026-04-21 22:48:26,576 - httpx - INFO - HTTP Request: GET http://localhost:33333/task?agent_id=d32a0045 "HTTP/1.1 200 OK"
2026-04-21 22:48:26,579 - httpx - INFO - HTTP Request: POST http://localhost:33333/allocate_page "HTTP/1.1 200 OK"
2026-04-21 22:48:26,595 - httpx - INFO - HTTP Request: GET http://localhost:11578/heap/unmerged "HTTP/1.1 200 OK"
2026-04-21 22:48:26,967 - httpx - INFO - HTTP Request: POST http://localhost:33333/allocate_page "HTTP/1.1 200 OK"
2026-04-21 22:48:26,970 - httpx - INFO - HTTP Request: POST http://localhost:11680/heap/append "HTTP/1.1 200 OK"
2026-04-21 22:48:26,971 - httpx - INFO - HTTP Request: GET http://localhost:11581/heap/unmerged "HTTP/1.1 200 OK"
2026-04-21 22:48:27,457 - httpx - INFO - HTTP Request: GET http://localhost:11596/heap/unmerged "HTTP/1.1 200 OK"
2026-04-21 22:48:27,574 - httpx - INFO - HTTP Request: POST http://localhost:33333/heap-written "HTTP/1.1 200 OK"
2026-04-21 22:48:27,577 - httpx - INFO - HTTP Request: GET http://localhost:33333/task?agent_id=ac658b91 "HTTP/1.1 200 OK"
2026-04-21 22:48:27,580 - httpx - INFO - HTTP Request: POST http://localhost:11644/heap/append "HTTP/1.1 200 OK"
2026-04-21 22:48:27,679 - httpx - INFO - HTTP Request: GET http://localhost:11601/heap/unmerged "HTTP/1.1 200 OK"
2026-04-21 22:48:28,113 - httpx - INFO - HTTP Request: POST http://localhost:33333/heap-written "HTTP/1.1 200 OK"
2026-04-21 22:48:28,119 - httpx - INFO - HTTP Request: GET http://localhost:11629/heap/unmerged "HTTP/1.1 200 OK"
2026-04-21 22:48:28,275 - httpx - INFO - HTTP Request: POST http://localhost:33333/allocate_page "HTTP/1.1 200 OK"
2026-04-21 22:48:28,326 - httpx - INFO - HTTP Request: GET http://localhost:11618/heap/unmerged "HTTP/1.1 200 OK"
2026-04-21 22:48:28,771 - httpx - INFO - HTTP Request: GET http://localhost:11644/heap/unmerged "HTTP/1.1 200 OK"
2026-04-21 22:48:28,903 - httpx - INFO - HTTP Request: POST http://localhost:11644/heap/append "HTTP/1.1 200 OK"
2026-04-21 22:48:29,018 - httpx - INFO - HTTP Request: POST http://localhost:33333/allocate_page "HTTP/1.1 200 OK"
2026-04-21 22:48:29,161 - httpx - INFO - HTTP Request: GET http://localhost:11645/heap/unmerged "HTTP/1.1 200 OK"
2026-04-21 22:48:29,380 - httpx - INFO - HTTP Request: POST http://localhost:33333/heap-written "HTTP/1.1 200 OK"
2026-04-21 22:48:29,385 - httpx - INFO - HTTP Request: GET http://localhost:33333/task?agent_id=bf61af0f "HTTP/1.1 200 OK"
2026-04-21 22:48:29,394 - httpx - INFO - HTTP Request: GET http://localhost:11679/heap/unmerged "HTTP/1.1 200 OK"
2026-04-21 22:48:29,396 - httpx - INFO - HTTP Request: POST http://localhost:11645/heap/append "HTTP/1.1 200 OK"
2026-04-21 22:48:29,827 - httpx - INFO - HTTP Request: POST http://localhost:33333/heap-written "HTTP/1.1 200 OK"
2026-04-21 22:48:29,831 - httpx - INFO - HTTP Request: POST http://localhost:33333/allocate_page "HTTP/1.1 200 OK"
2026-04-21 22:48:29,833 - httpx - INFO - HTTP Request: GET http://localhost:11680/heap/unmerged "HTTP/1.1 200 OK"
2026-04-21 22:48:30,424 - httpx - INFO - HTTP Request: GET http://localhost:11711/heap/unmerged "HTTP/1.1 200 OK"
2026-04-21 22:48:30,755 - httpx - INFO - HTTP Request: GET http://localhost:11714/heap/unmerged "HTTP/1.1 200 OK"
2026-04-21 22:48:30,756 - httpx - INFO - HTTP Request: POST http://localhost:11645/heap/append "HTTP/1.1 200 OK"
2026-04-21 22:48:30,867 - httpx - INFO - HTTP Request: POST http://localhost:33333/allocate_page "HTTP/1.1 200 OK"
2026-04-21 22:48:30,867 - httpx - INFO - HTTP Request: GET http://localhost:36718/health "HTTP/1.1 200 OK"
2026-04-21 22:48:31,670 - httpx - INFO - HTTP Request: GET http://localhost:11748/heap/unmerged "HTTP/1.1 200 OK"
2026-04-21 22:48:32,038 - httpx - INFO - HTTP Request: POST http://localhost:33333/heap-written "HTTP/1.1 200 OK"
2026-04-21 22:48:32,040 - httpx - INFO - HTTP Request: GET http://localhost:33333/task?agent_id=eb2af86c "HTTP/1.1 200 OK"
2026-04-21 22:48:32,044 - httpx - INFO - HTTP Request: POST http://localhost:33333/allocate_page "HTTP/1.1 200 OK"
2026-04-21 22:48:32,045 - httpx - INFO - HTTP Request: POST http://localhost:11629/heap/append "HTTP/1.1 200 OK"
2026-04-21 22:48:32,284 - httpx - INFO - HTTP Request: POST http://localhost:33333/allocate_page "HTTP/1.1 200 OK"
2026-04-21 22:48:32,294 - httpx - INFO - HTTP Request: GET http://localhost:11753/heap/unmerged "HTTP/1.1 200 OK"
2026-04-21 22:48:32,535 - httpx - INFO - HTTP Request: GET http://localhost:33333/active_pages "HTTP/1.1 200 OK"
2026-04-21 22:48:32,542 - httpx - INFO - HTTP Request: GET http://localhost:33333/active_pages "HTTP/1.1 200 OK"
2026-04-21 22:48:32,730 - httpx - INFO - HTTP Request: POST http://localhost:33333/allocate_page "HTTP/1.1 200 OK"
2026-04-21 22:48:32,730 - httpx - INFO - HTTP Request: POST http://localhost:33333/heap-written "HTTP/1.1 200 OK"
2026-04-21 22:48:32,745 - httpx - INFO - HTTP Request: POST http://localhost:33333/allocate_page "HTTP/1.1 200 OK"
2026-04-21 22:48:32,749 - httpx - INFO - HTTP Request: POST http://localhost:11714/heap/append "HTTP/1.1 200 OK"
2026-04-21 22:48:32,752 - httpx - INFO - HTTP Request: POST http://localhost:30481/heap/append "HTTP/1.1 200 OK"
2026-04-21 22:48:33,202 - httpx - INFO - HTTP Request: POST http://localhost:33333/heap-written "HTTP/1.1 200 OK"
2026-04-21 22:48:33,208 - httpx - INFO - HTTP Request: POST http://localhost:33333/heap-written "HTTP/1.1 200 OK"
2026-04-21 22:48:33,213 - httpx - INFO - HTTP Request: POST http://localhost:11629/heap/append "HTTP/1.1 200 OK"
2026-04-21 22:48:34,001 - httpx - INFO - HTTP Request: POST http://localhost:33333/heap-written "HTTP/1.1 200 OK"
2026-04-21 22:48:34,008 - httpx - INFO - HTTP Request: POST http://localhost:33333/allocate_page "HTTP/1.1 200 OK"
2026-04-21 22:48:34,008 - httpx - INFO - HTTP Request: POST http://localhost:33333/allocate_page "HTTP/1.1 200 OK"
2026-04-21 22:48:34,009 - httpx - INFO - HTTP Request: POST http://localhost:33333/allocate_page "HTTP/1.1 200 OK"
2026-04-21 22:48:34,009 - httpx - INFO - HTTP Request: POST http://localhost:11578/heap/append "HTTP/1.1 200 OK"
2026-04-21 22:48:34,297 - httpx - INFO - HTTP Request: GET http://localhost:33333/task?agent_id=60cb891a "HTTP/1.1 200 OK"
2026-04-21 22:48:34,505 - httpx - INFO - HTTP Request: POST http://localhost:33333/mark_pages_merged "HTTP/1.1 200 OK"
2026-04-21 22:48:34,508 - httpx - INFO - HTTP Request: POST http://localhost:33333/mark_pages_merged "HTTP/1.1 200 OK"
2026-04-21 22:48:34,512 - httpx - INFO - HTTP Request: POST http://localhost:33333/heap-written "HTTP/1.1 200 OK"
2026-04-21 22:48:37,634 - httpx - INFO - HTTP Request: POST http://localhost:11596/heap/mark-merged "HTTP/1.1 200 OK"
2026-04-21 22:48:37,677 - httpx - INFO - HTTP Request: POST http://localhost:11596/heap/mark-merged "HTTP/1.1 200 OK"
2026-04-21 22:48:37,680 - httpx - INFO - HTTP Request: POST http://localhost:11581/heap/mark-merged "HTTP/1.1 200 OK"
2026-04-21 22:48:37,716 - httpx - INFO - HTTP Request: POST http://localhost:11714/heap/mark-merged "HTTP/1.1 200 OK"
2026-04-21 22:48:37,718 - httpx - INFO - HTTP Request: POST http://localhost:11644/heap/mark-merged "HTTP/1.1 200 OK"
2026-04-21 22:48:37,719 - httpx - INFO - HTTP Request: POST http://localhost:11581/heap/mark-merged "HTTP/1.1 200 OK"
2026-04-21 22:48:37,720 - httpx - INFO - HTTP Request: POST http://localhost:11629/heap/mark-merged "HTTP/1.1 200 OK"
2026-04-21 22:48:37,720 - httpx - INFO - HTTP Request: POST http://localhost:30481/heap/mark-merged "HTTP/1.1 200 OK"
2026-04-21 22:48:37,721 - httpx - INFO - HTTP Request: POST http://localhost:11714/heap/mark-merged "HTTP/1.1 200 OK"
2026-04-21 22:48:37,722 - httpx - INFO - HTTP Request: POST http://localhost:11644/heap/mark-merged "HTTP/1.1 200 OK"
2026-04-21 22:48:37,723 - httpx - INFO - HTTP Request: POST http://localhost:11680/heap/mark-merged "HTTP/1.1 200 OK"
2026-04-21 22:48:37,723 - httpx - INFO - HTTP Request: POST http://localhost:55202/heap/mark-merged "HTTP/1.1 200 OK"
2026-04-21 22:48:37,724 - httpx - INFO - HTTP Request: POST http://localhost:11645/heap/mark-merged "HTTP/1.1 200 OK"
2026-04-21 22:48:37,725 - httpx - INFO - HTTP Request: POST http://localhost:11629/heap/mark-merged "HTTP/1.1 200 OK"
2026-04-21 22:48:37,725 - httpx - INFO - HTTP Request: POST http://localhost:30481/heap/mark-merged "HTTP/1.1 200 OK"
2026-04-21 22:48:37,726 - httpx - INFO - HTTP Request: POST http://localhost:11680/heap/mark-merged "HTTP/1.1 200 OK"
2026-04-21 22:48:37,727 - httpx - INFO - HTTP Request: POST http://localhost:55202/heap/mark-merged "HTTP/1.1 200 OK"
2026-04-21 22:48:37,727 - httpx - INFO - HTTP Request: POST http://localhost:11645/heap/mark-merged "HTTP/1.1 200 OK"
2026-04-21 22:48:37,757 - httpx - INFO - HTTP Request: POST http://localhost:33333/allocate_page "HTTP/1.1 200 OK"
2026-04-21 22:48:37,759 - httpx - INFO - HTTP Request: POST http://localhost:11714/heap/append "HTTP/1.1 200 OK"
2026-04-21 22:48:37,760 - httpx - INFO - HTTP Request: POST http://localhost:30481/heap/append "HTTP/1.1 200 OK"
2026-04-21 22:48:37,761 - httpx - INFO - HTTP Request: POST http://localhost:11753/heap/append "HTTP/1.1 200 OK"
2026-04-21 22:48:37,762 - httpx - INFO - HTTP Request: POST http://localhost:36718/execute_merge "HTTP/1.1 200 OK"
2026-04-21 22:48:37,765 - httpx - INFO - HTTP Request: POST http://localhost:33333/allocate_page "HTTP/1.1 200 OK"
2026-04-21 22:48:37,765 - httpx - INFO - HTTP Request: POST http://localhost:33333/allocate_page "HTTP/1.1 200 OK"
2026-04-21 22:48:37,766 - httpx - INFO - HTTP Request: POST http://localhost:36718/execute_merge "HTTP/1.1 200 OK"
2026-04-21 22:48:38,285 - httpx - INFO - HTTP Request: POST http://localhost:33333/allocate_page "HTTP/1.1 200 OK"
2026-04-21 22:48:39,378 - httpx - INFO - HTTP Request: POST http://localhost:33333/heap-written "HTTP/1.1 200 OK"
2026-04-21 22:48:39,380 - httpx - INFO - HTTP Request: POST http://localhost:33333/heap-written "HTTP/1.1 200 OK"
2026-04-21 22:48:39,382 - httpx - INFO - HTTP Request: POST http://localhost:33333/heap-written "HTTP/1.1 200 OK"
2026-04-21 22:48:39,383 - httpx - INFO - HTTP Request: POST http://localhost:33333/allocate_page "HTTP/1.1 200 OK"
2026-04-21 22:48:39,407 - httpx - INFO - HTTP Request: GET http://localhost:33333/task?agent_id=6e45c105 "HTTP/1.1 200 OK"
2026-04-21 22:48:39,407 - httpx - INFO - HTTP Request: GET http://localhost:33333/task?agent_id=9a4d93a2 "HTTP/1.1 200 OK"
2026-04-21 22:48:39,409 - httpx - INFO - HTTP Request: GET http://localhost:55202/heap/unmerged "HTTP/1.1 200 OK"
2026-04-21 22:48:39,410 - httpx - INFO - HTTP Request: POST http://localhost:33333/allocate_page "HTTP/1.1 200 OK"
2026-04-21 22:48:39,411 - httpx - INFO - HTTP Request: POST http://localhost:30493/heap/append "HTTP/1.1 200 OK"
2026-04-21 22:48:39,411 - httpx - INFO - HTTP Request: POST http://localhost:11578/heap/append "HTTP/1.1 200 OK"
2026-04-21 22:48:39,428 - httpx - INFO - HTTP Request: POST http://localhost:30479/heap/append "HTTP/1.1 200 OK"
2026-04-21 22:48:39,973 - httpx - INFO - HTTP Request: POST http://localhost:11711/heap/append "HTTP/1.1 200 OK"
2026-04-21 22:48:40,542 - httpx - INFO - HTTP Request: GET http://localhost:55201/heap/unmerged "HTTP/1.1 200 OK"
[BFF] 获取Agent 9a4d93a2 堆段: 0 条
[BFF] all-unmerged 请求正在进行，等待完成...
[BFF] 获取Agent 1cc9830b 堆段: 0 条
[BFF] 获取Agent d8f7bfa6 堆段: 0 条
[BFF] all-unmerged 请求正在进行，等待完成...
[BFF] 读取PublicMemory (物理路径): /mnt/d/collections2026/phd_application/nanobot1/milestone2/data/public_memory/public_memory.jsonl, top_k=2
[BFF] 读取PublicMemory完成: 0 条记录
[BFF] 获取Agent 41c03b14 堆段: 0 条
[BFF] 获取Agent 09bf2fda 堆段: 0 条
[BFF] all-unmerged 请求正在进行，等待完成...
[BFF] 获取Agent d32a0045 堆段: 0 条
[BFF] 获取Agent e91fae39 堆段: 0 条
[BFF] all-unmerged 请求正在进行，等待完成...
[BFF] all-unmerged 请求正在进行，等待完成...
[BFF] 读取PublicMemory (物理路径): /mnt/d/collections2026/phd_application/nanobot1/milestone2/data/public_memory/public_memory.jsonl, top_k=2
[BFF] 读取PublicMemory完成: 0 条记录
[BFF] 获取Agent 3c736ee1 堆段: 1 条
[BFF] 获取Agent 60cb891a 堆段: 2 条
[BFF] all-unmerged 请求正在进行，等待完成...
[BFF] 获取Agent 5ca5541e 堆段: 0 条
[BFF] 获取Agent bf61af0f 堆段: 0 条
[BFF] all-unmerged 请求正在进行，等待完成...
[BFF] 读取PublicMemory (物理路径): /mnt/d/collections2026/phd_application/nanobot1/milestone2/data/public_memory/public_memory.jsonl, top_k=2
[BFF] 读取PublicMemory完成: 0 条记录
[BFF] 获取Agent eb2af86c 堆段: 2 条
[BFF] 获取Agent 63afa39e 堆段: 0 条
[BFF] 读取PublicMemory (物理路径): /mnt/d/collections2026/phd_application/nanobot1/milestone2/data/public_memory/public_memory.jsonl, top_k=2
[BFF] 读取PublicMemory完成: 0 条记录
[BFF] 获取Agent ac658b91 堆段: 0 条
[BFF] all-unmerged 请求正在进行，等待完成...
[BFF] 获取Agent 6f06d397 堆段: 0 条
[BFF] 获取Agent 6e45c105 堆段: 0 条
[BFF] 获取Agent d903e394 堆段: 0 条
[BFF] all-unmerged 请求正在进行，等待完成...
[BFF] 获取Agent d5ec85cc 堆段: 0 条
[BFF] all-unmerged 获取完成: 5 条
[BFF] 创建Consolidator容器...
[BFF] 读取PublicMemory (物理路径): /mnt/d/collections2026/phd_application/nanobot1/milestone2/data/public_memory/public_memory.jsonl, top_k=2
[BFF] 读取PublicMemory完成: 0 条记录
[BFF] 读取PublicMemory (物理路径): /mnt/d/collections2026/phd_application/nanobot1/milestone2/data/public_memory/public_memory.jsonl, top_k=2
[BFF] 读取PublicMemory完成: 0 条记录
[Orchestrator] Container consolidator_91971cf1 is ready
[Orchestrator] Created container consolidator_91971cf1
[BFF] Consolidator容器已创建: 91971cf1
[BFF] Consolidator容器已创建: 91971cf1
[BFF] Consolidator容器已创建: 91971cf1
[BFF] 转发合并请求到Consolidator: http://localhost:31055/execute_merge
[BFF] 读取PublicMemory (物理路径): /mnt/d/collections2026/phd_application/nanobot1/milestone2/data/public_memory/public_memory.jsonl, top_k=10000
[BFF] 读取PublicMemory完成: 0 条记录
[BFF] 写入PublicMemory (物理路径): /mnt/d/collections2026/phd_application/nanobot1/milestone2/data/public_memory/public_memory.jsonl
[BFF] 原子替换PublicMemory: 12 条记录 -> /mnt/d/collections2026/phd_application/nanobot1/milestone2/data/public_memory/public_memory.jsonl
[BFF] 读取PublicMemory (物理路径): /mnt/d/collections2026/phd_application/nanobot1/milestone2/data/public_memory/public_memory.jsonl, top_k=2
[BFF] 读取PublicMemory完成: 12 条记录
[BFF] Consolidator合并完成: {'status': 'ok', 'original_count': 12, 'deduped_count': 12, 'removed_count': 0, 'pages_marked': 12, 'source': 'km_page_table'}
[BFF] 邻居发现: 所有父子关系已建立
[BFF] 获取Agent 6f2ab702 堆段: 1 条
[BFF] 获取Agent 37bb187c 堆段: 0 条
[BFF] 容器不存在 91971cf1，清理中...
[BFF] 健康检查: 已清理 1 个无效容器
[BFF] 获取Agent 9a4d93a2 堆段: 0 条
[BFF] all-unmerged 请求正在进行，等待完成...
[BFF] all-unmerged 请求正在进行，等待完成...
[BFF] 获取Agent 1cc9830b 堆段: 0 条
[BFF] 创建Consolidator容器...
[BFF] 读取PublicMemory (物理路径): /mnt/d/collections2026/phd_application/nanobot1/milestone2/data/public_memory/public_memory.jsonl, top_k=2
[BFF] 读取PublicMemory完成: 12 条记录
[BFF] 获取Agent d8f7bfa6 堆段: 0 条
[BFF] 获取Agent 41c03b14 堆段: 0 条
[BFF] 获取Agent 09bf2fda 堆段: 0 条
[BFF] 读取PublicMemory (物理路径): /mnt/d/collections2026/phd_application/nanobot1/milestone2/data/public_memory/public_memory.jsonl, top_k=2
[BFF] 读取PublicMemory完成: 12 条记录
[BFF] 获取Agent d32a0045 堆段: 2 条
[BFF] 获取Agent e91fae39 堆段: 2 条
[BFF] 获取Agent 3c736ee1 堆段: 0 条
[BFF] 读取PublicMemory (物理路径): /mnt/d/collections2026/phd_application/nanobot1/milestone2/data/public_memory/public_memory.jsonl, top_k=2
[BFF] 读取PublicMemory完成: 12 条记录
[BFF] 获取Agent 60cb891a 堆段: 0 条
[BFF] 获取Agent 5ca5541e 堆段: 0 条
[BFF] 获取Agent bf61af0f 堆段: 1 条
[BFF] 获取Agent eb2af86c 堆段: 0 条
[BFF] 获取Agent 63afa39e 堆段: 0 条
[BFF] 读取PublicMemory (物理路径): /mnt/d/collections2026/phd_application/nanobot1/milestone2/data/public_memory/public_memory.jsonl, top_k=2
[BFF] 读取PublicMemory完成: 12 条记录
[BFF] 获取Agent ac658b91 堆段: 2 条
[BFF] 获取Agent 6f06d397 堆段: 0 条
[BFF] 获取Agent 6e45c105 堆段: 0 条
[Orchestrator] Container consolidator_9d82e400 is ready
[Orchestrator] Created container consolidator_9d82e400
[BFF] Consolidator容器已创建: 9d82e400
[BFF] Consolidator容器已创建: 9d82e400
[BFF] Consolidator容器已创建: 9d82e400
[BFF] 转发合并请求到Consolidator: http://localhost:36718/execute_merge
[BFF] Consolidator容器已存在（双重检查）: 9d82e400
[BFF] 转发合并请求到Consolidator: http://localhost:36718/execute_merge
[BFF] 获取Agent d903e394 堆段: 0 条
[BFF] 获取Agent d5ec85cc 堆段: 0 条
[BFF] all-unmerged 获取完成: 8 条
[BFF] 读取PublicMemory (物理路径): /mnt/d/collections2026/phd_application/nanobot1/milestone2/data/public_memory/public_memory.jsonl, top_k=2
[BFF] 读取PublicMemory完成: 12 条记录
[BFF] 读取PublicMemory (物理路径): /mnt/d/collections2026/phd_application/nanobot1/milestone2/data/public_memory/public_memory.jsonl, top_k=10000
[BFF] 读取PublicMemory完成: 12 条记录
[BFF] 读取PublicMemory (物理路径): /mnt/d/collections2026/phd_application/nanobot1/milestone2/data/public_memory/public_memory.jsonl, top_k=10000
[BFF] 读取PublicMemory完成: 12 条记录
[BFF] 写入PublicMemory (物理路径): /mnt/d/collections2026/phd_application/nanobot1/milestone2/data/public_memory/public_memory.jsonl
[BFF] 原子替换PublicMemory: 26 条记录 -> /mnt/d/collections2026/phd_application/nanobot1/milestone2/data/public_memory/public_memory.jsonl
[BFF] 写入PublicMemory (物理路径): /mnt/d/collections2026/phd_application/nanobot1/milestone2/data/public_memory/public_memory.jsonl
[BFF] 原子替换PublicMemory: 26 条记录 -> /mnt/d/collections2026/phd_application/nanobot1/milestone2/data/public_memory/public_memory.jsonl
[BFF] 读取PublicMemory (物理路径): /mnt/d/collections2026/phd_application/nanobot1/milestone2/data/public_memory/public_memory.jsonl, top_k=2
[BFF] 读取PublicMemory完成: 26 条记录
[BFF] Consolidator合并完成: {'status': 'ok', 'original_count': 27, 'deduped_count': 26, 'removed_count': 1, 'pages_marked': 15, 'source': 'km_page_table'}
[BFF] Consolidator合并完成: {'status': 'ok', 'original_count': 27, 'deduped_count': 26, 'removed_count': 1, 'pages_marked': 15, 'source': 'km_page_table'}
[BFF] all-unmerged 请求正在进行，等待完成...
[BFF] 获取Agent 6f2ab702 堆段: 0 条
[BFF] 读取PublicMemory (物理路径): /mnt/d/collections2026/phd_application/nanobot1/milestone2/data/public_memory/public_memory.jsonl, top_k=2
[BFF] 读取PublicMemory完成: 26 条记录
[BFF] 读取PublicMemory (物理路径): /mnt/d/collections2026/phd_application/nanobot1/milestone2/data/public_memory/public_memory.jsonl, top_k=2
[BFF] 读取PublicMemory完成: 26 条记录
[BFF] 获取Agent 37bb187c 堆段: 0 条2026-04-21 22:48:40,834 - httpx - INFO - HTTP Request: POST http://localhost:33333/heap-written "HTTP/1.1 200 OK"
2026-04-21 22:48:40,835 - httpx - INFO - HTTP Request: POST http://localhost:33333/heap-written "HTTP/1.1 200 OK"
2026-04-21 22:48:40,835 - httpx - INFO - HTTP Request: POST http://localhost:33333/heap-written "HTTP/1.1 200 OK"
2026-04-21 22:48:40,849 - httpx - INFO - HTTP Request: POST http://localhost:11601/heap/append "HTTP/1.1 200 OK"
2026-04-21 22:48:40,854 - httpx - INFO - HTTP Request: POST http://localhost:33333/allocate_page "HTTP/1.1 200 OK"
2026-04-21 22:48:40,855 - httpx - INFO - HTTP Request: POST http://localhost:33333/allocate_page "HTTP/1.1 200 OK"
2026-04-21 22:48:40,986 - httpx - INFO - HTTP Request: GET http://localhost:33333/task?agent_id=09bf2fda "HTTP/1.1 200 OK"
2026-04-21 22:48:40,986 - httpx - INFO - HTTP Request: POST http://localhost:33333/heap-written "HTTP/1.1 200 OK"
2026-04-21 22:48:40,988 - httpx - INFO - HTTP Request: POST http://localhost:11753/heap/append "HTTP/1.1 200 OK"
2026-04-21 22:48:41,192 - httpx - INFO - HTTP Request: POST http://localhost:33333/allocate_page "HTTP/1.1 200 OK"
2026-04-21 22:48:41,193 - httpx - INFO - HTTP Request: GET http://localhost:30481/heap/unmerged "HTTP/1.1 200 OK"
2026-04-21 22:48:41,849 - httpx - INFO - HTTP Request: POST http://localhost:33333/heap-written "HTTP/1.1 200 OK"
2026-04-21 22:48:41,856 - httpx - INFO - HTTP Request: POST http://localhost:33333/heap-written "HTTP/1.1 200 OK"
2026-04-21 22:48:41,857 - httpx - INFO - HTTP Request: POST http://localhost:33333/allocate_page "HTTP/1.1 200 OK"
2026-04-21 22:48:41,866 - httpx - INFO - HTTP Request: GET http://localhost:30479/heap/unmerged "HTTP/1.1 200 OK"
2026-04-21 22:48:42,020 - httpx - INFO - HTTP Request: POST http://localhost:30493/heap/append "HTTP/1.1 200 OK"
2026-04-21 22:48:42,021 - httpx - INFO - HTTP Request: POST http://localhost:30479/heap/append "HTTP/1.1 200 OK"
2026-04-21 22:48:42,215 - httpx - INFO - HTTP Request: GET http://localhost:33333/task?agent_id=d5ec85cc "HTTP/1.1 200 OK"
2026-04-21 22:48:42,301 - httpx - INFO - HTTP Request: POST http://localhost:11711/heap/append "HTTP/1.1 200 OK"
2026-04-21 22:48:42,945 - httpx - INFO - HTTP Request: GET http://localhost:30489/heap/unmerged "HTTP/1.1 200 OK"
2026-04-21 22:48:43,090 - httpx - INFO - HTTP Request: POST http://localhost:33333/heap-written "HTTP/1.1 200 OK"
2026-04-21 22:48:43,091 - httpx - INFO - HTTP Request: POST http://localhost:33333/heap-written "HTTP/1.1 200 OK"
2026-04-21 22:48:43,174 - httpx - INFO - HTTP Request: POST http://localhost:11601/heap/append "HTTP/1.1 200 OK"
2026-04-21 22:48:43,428 - httpx - INFO - HTTP Request: POST http://localhost:33333/heap-written "HTTP/1.1 200 OK"
2026-04-21 22:48:43,430 - httpx - INFO - HTTP Request: GET http://localhost:33333/task?agent_id=41c03b14 "HTTP/1.1 200 OK"
2026-04-21 22:48:43,430 - httpx - INFO - HTTP Request: GET http://localhost:33333/task?agent_id=1cc9830b "HTTP/1.1 200 OK"
2026-04-21 22:48:43,647 - httpx - INFO - HTTP Request: GET http://localhost:33333/task?agent_id=6f06d397 "HTTP/1.1 200 OK"
2026-04-21 22:48:43,673 - httpx - INFO - HTTP Request: GET http://localhost:30493/heap/unmerged "HTTP/1.1 200 OK"
2026-04-21 22:48:43,768 - httpx - INFO - HTTP Request: POST http://localhost:33333/allocate_page "HTTP/1.1 200 OK"
2026-04-21 22:48:43,769 - httpx - INFO - HTTP Request: POST http://localhost:33333/heap-written "HTTP/1.1 200 OK"
2026-04-21 22:48:43,780 - httpx - INFO - HTTP Request: GET http://localhost:33333/task?agent_id=3c736ee1 "HTTP/1.1 200 OK"
2026-04-21 22:48:43,785 - httpx - INFO - HTTP Request: POST http://localhost:33333/allocate_page "HTTP/1.1 200 OK"
2026-04-21 22:48:43,897 - httpx - INFO - HTTP Request: GET http://localhost:11578/heap/unmerged "HTTP/1.1 200 OK"
2026-04-21 22:48:44,415 - httpx - INFO - HTTP Request: GET http://localhost:11581/heap/unmerged "HTTP/1.1 200 OK"
2026-04-21 22:48:44,562 - httpx - INFO - HTTP Request: POST http://localhost:11596/heap/append "HTTP/1.1 200 OK"
2026-04-21 22:48:44,563 - httpx - INFO - HTTP Request: POST http://localhost:55201/heap/append "HTTP/1.1 200 OK"
2026-04-21 22:48:45,076 - httpx - INFO - HTTP Request: GET http://localhost:33333/active_pages "HTTP/1.1 200 OK"
2026-04-21 22:48:45,087 - httpx - INFO - HTTP Request: GET http://localhost:11596/heap/unmerged "HTTP/1.1 200 OK"
2026-04-21 22:48:45,202 - httpx - INFO - HTTP Request: POST http://localhost:33333/heap-written "HTTP/1.1 200 OK"
2026-04-21 22:48:45,203 - httpx - INFO - HTTP Request: POST http://localhost:33333/heap-written "HTTP/1.1 200 OK"
2026-04-21 22:48:45,334 - httpx - INFO - HTTP Request: POST http://localhost:33333/allocate_page "HTTP/1.1 200 OK"
2026-04-21 22:48:45,335 - httpx - INFO - HTTP Request: POST http://localhost:33333/allocate_page "HTTP/1.1 200 OK"
2026-04-21 22:48:45,512 - httpx - INFO - HTTP Request: POST http://localhost:33333/allocate_page "HTTP/1.1 200 OK"
2026-04-21 22:48:45,513 - httpx - INFO - HTTP Request: GET http://localhost:11601/heap/unmerged "HTTP/1.1 200 OK"
2026-04-21 22:48:46,129 - httpx - INFO - HTTP Request: POST http://localhost:33333/mark_pages_merged "HTTP/1.1 200 OK"
2026-04-21 22:48:46,272 - httpx - INFO - HTTP Request: GET http://localhost:11629/heap/unmerged "HTTP/1.1 200 OK"
2026-04-21 22:48:46,504 - httpx - INFO - HTTP Request: POST http://localhost:11596/heap/append "HTTP/1.1 200 OK"
2026-04-21 22:48:46,505 - httpx - INFO - HTTP Request: POST http://localhost:55201/heap/append "HTTP/1.1 200 OK"
2026-04-21 22:48:47,749 - httpx - INFO - HTTP Request: POST http://localhost:11679/heap/append "HTTP/1.1 200 OK"
2026-04-21 22:48:47,844 - httpx - INFO - HTTP Request: POST http://localhost:33333/allocate_page "HTTP/1.1 200 OK"
2026-04-21 22:48:47,849 - httpx - INFO - HTTP Request: GET http://localhost:11618/heap/unmerged "HTTP/1.1 200 OK"
2026-04-21 22:48:48,235 - httpx - INFO - HTTP Request: POST http://localhost:11578/heap/mark-merged "HTTP/1.1 200 OK"
2026-04-21 22:48:48,342 - httpx - INFO - HTTP Request: POST http://localhost:11753/heap/mark-merged "HTTP/1.1 200 OK"
2026-04-21 22:48:48,343 - httpx - INFO - HTTP Request: POST http://localhost:11714/heap/mark-merged "HTTP/1.1 200 OK"
2026-04-21 22:48:48,343 - httpx - INFO - HTTP Request: POST http://localhost:11711/heap/mark-merged "HTTP/1.1 200 OK"
2026-04-21 22:48:48,344 - httpx - INFO - HTTP Request: POST http://localhost:11629/heap/mark-merged "HTTP/1.1 200 OK"
2026-04-21 22:48:48,344 - httpx - INFO - HTTP Request: POST http://localhost:30493/heap/mark-merged "HTTP/1.1 200 OK"
2026-04-21 22:48:48,344 - httpx - INFO - HTTP Request: POST http://localhost:30481/heap/mark-merged "HTTP/1.1 200 OK"
2026-04-21 22:48:48,345 - httpx - INFO - HTTP Request: POST http://localhost:55201/heap/mark-merged "HTTP/1.1 200 OK"
2026-04-21 22:48:48,345 - httpx - INFO - HTTP Request: POST http://localhost:11601/heap/mark-merged "HTTP/1.1 200 OK"
2026-04-21 22:48:48,346 - httpx - INFO - HTTP Request: POST http://localhost:30479/heap/mark-merged "HTTP/1.1 200 OK"
2026-04-21 22:48:48,346 - httpx - INFO - HTTP Request: POST http://localhost:11596/heap/mark-merged "HTTP/1.1 200 OK"
2026-04-21 22:48:48,365 - httpx - INFO - HTTP Request: POST http://localhost:33333/heap-written "HTTP/1.1 200 OK"
2026-04-21 22:48:48,366 - httpx - INFO - HTTP Request: POST http://localhost:33333/heap-written "HTTP/1.1 200 OK"
2026-04-21 22:48:48,766 - httpx - INFO - HTTP Request: POST http://localhost:36718/execute_merge "HTTP/1.1 200 OK"
2026-04-21 22:48:49,226 - httpx - INFO - HTTP Request: POST http://localhost:33333/heap-written "HTTP/1.1 200 OK"
2026-04-21 22:48:49,365 - httpx - INFO - HTTP Request: GET http://localhost:33333/task?agent_id=e91fae39 "HTTP/1.1 200 OK"
2026-04-21 22:48:49,367 - httpx - INFO - HTTP Request: GET http://localhost:33333/task?agent_id=37bb187c "HTTP/1.1 200 OK"
2026-04-21 22:48:49,367 - httpx - INFO - HTTP Request: GET http://localhost:11644/heap/unmerged "HTTP/1.1 200 OK"
2026-04-21 22:48:49,510 - httpx - INFO - HTTP Request: POST http://localhost:33333/allocate_page "HTTP/1.1 200 OK"
2026-04-21 22:48:49,516 - httpx - INFO - HTTP Request: POST http://localhost:33333/allocate_page "HTTP/1.1 200 OK"
2026-04-21 22:48:49,517 - httpx - INFO - HTTP Request: POST http://localhost:11748/heap/append "HTTP/1.1 200 OK"
2026-04-21 22:48:49,649 - httpx - INFO - HTTP Request: POST http://localhost:33333/heap-written "HTTP/1.1 200 OK"
2026-04-21 22:48:49,657 - httpx - INFO - HTTP Request: GET http://localhost:11645/heap/unmerged "HTTP/1.1 200 OK"
2026-04-21 22:48:49,766 - httpx - INFO - HTTP Request: GET http://localhost:11679/heap/unmerged "HTTP/1.1 200 OK"
2026-04-21 22:48:50,829 - httpx - INFO - HTTP Request: GET http://localhost:11680/heap/unmerged "HTTP/1.1 200 OK"
2026-04-21 22:48:50,960 - httpx - INFO - HTTP Request: POST http://localhost:33333/allocate_page "HTTP/1.1 200 OK"
2026-04-21 22:48:50,961 - httpx - INFO - HTTP Request: POST http://localhost:11680/heap/append "HTTP/1.1 200 OK"
2026-04-21 22:48:51,090 - httpx - INFO - HTTP Request: POST http://localhost:33333/allocate_page "HTTP/1.1 200 OK"
2026-04-21 22:48:51,091 - httpx - INFO - HTTP Request: POST http://localhost:33333/allocate_page "HTTP/1.1 200 OK"
2026-04-21 22:48:51,091 - httpx - INFO - HTTP Request: POST http://localhost:33333/allocate_page "HTTP/1.1 200 OK"
2026-04-21 22:48:51,092 - httpx - INFO - HTTP Request: POST http://localhost:11679/heap/append "HTTP/1.1 200 OK"
2026-04-21 22:48:51,420 - httpx - INFO - HTTP Request: GET http://localhost:11711/heap/unmerged "HTTP/1.1 200 OK"
2026-04-21 22:48:51,528 - httpx - INFO - HTTP Request: POST http://localhost:33333/heap-written "HTTP/1.1 200 OK"
2026-04-21 22:48:51,554 - httpx - INFO - HTTP Request: POST http://localhost:33333/heap-written "HTTP/1.1 200 OK"
2026-04-21 22:48:52,030 - httpx - INFO - HTTP Request: POST http://localhost:33333/allocate_page "HTTP/1.1 200 OK"
2026-04-21 22:48:52,033 - httpx - INFO - HTTP Request: POST http://localhost:11645/heap/append "HTTP/1.1 200 OK"
2026-04-21 22:48:52,038 - httpx - INFO - HTTP Request: GET http://localhost:11714/heap/unmerged "HTTP/1.1 200 OK"
2026-04-21 22:48:52,255 - httpx - INFO - HTTP Request: GET http://localhost:33333/task?agent_id=63afa39e "HTTP/1.1 200 OK"
2026-04-21 22:48:52,263 - httpx - INFO - HTTP Request: POST http://localhost:11748/heap/append "HTTP/1.1 200 OK"
2026-04-21 22:48:52,263 - httpx - INFO - HTTP Request: POST http://localhost:55202/heap/append "HTTP/1.1 200 OK"
2026-04-21 22:48:52,375 - httpx - INFO - HTTP Request: POST http://localhost:11644/heap/append "HTTP/1.1 200 OK"
2026-04-21 22:48:52,384 - httpx - INFO - HTTP Request: POST http://localhost:33333/heap-written "HTTP/1.1 200 OK"
2026-04-21 22:48:52,384 - httpx - INFO - HTTP Request: GET http://localhost:11748/heap/unmerged "HTTP/1.1 200 OK"
2026-04-21 22:48:53,322 - httpx - INFO - HTTP Request: POST http://localhost:11680/heap/append "HTTP/1.1 200 OK"
2026-04-21 22:48:53,326 - httpx - INFO - HTTP Request: POST http://localhost:33333/allocate_page "HTTP/1.1 200 OK"
2026-04-21 22:48:53,327 - httpx - INFO - HTTP Request: POST http://localhost:33333/heap-written "HTTP/1.1 200 OK"
2026-04-21 22:48:53,328 - httpx - INFO - HTTP Request: POST http://localhost:33333/heap-written "HTTP/1.1 200 OK"
2026-04-21 22:48:53,329 - httpx - INFO - HTTP Request: POST http://localhost:33333/heap-written "HTTP/1.1 200 OK"
2026-04-21 22:48:53,330 - httpx - INFO - HTTP Request: POST http://localhost:33333/allocate_page "HTTP/1.1 200 OK"
2026-04-21 22:48:53,331 - httpx - INFO - HTTP Request: GET http://localhost:11753/heap/unmerged "HTTP/1.1 200 OK"
2026-04-21 22:48:53,332 - httpx - INFO - HTTP Request: GET http://localhost:33333/task?agent_id=d903e394 "HTTP/1.1 200 OK"
2026-04-21 22:48:53,332 - httpx - INFO - HTTP Request: POST http://localhost:33333/allocate_page "HTTP/1.1 200 OK"
2026-04-21 22:48:54,256 - httpx - INFO - HTTP Request: GET http://localhost:36718/heap/unmerged "HTTP/1.1 200 OK"
2026-04-21 22:48:54,267 - httpx - INFO - HTTP Request: POST http://localhost:33333/heap-written "HTTP/1.1 200 OK"
2026-04-21 22:48:54,352 - httpx - INFO - HTTP Request: GET http://localhost:33333/task?agent_id=ac658b91 "HTTP/1.1 200 OK"
2026-04-21 22:48:54,373 - httpx - INFO - HTTP Request: POST http://localhost:11645/heap/append "HTTP/1.1 200 OK"
2026-04-21 22:48:54,395 - httpx - INFO - HTTP Request: POST http://localhost:55202/heap/append "HTTP/1.1 200 OK"
2026-04-21 22:48:54,401 - httpx - INFO - HTTP Request: POST http://localhost:33333/allocate_page "HTTP/1.1 200 OK"
2026-04-21 22:48:54,761 - httpx - INFO - HTTP Request: POST http://localhost:11644/heap/append "HTTP/1.1 200 OK"
2026-04-21 22:48:55,742 - httpx - INFO - HTTP Request: POST http://localhost:33333/heap-written "HTTP/1.1 200 OK"
2026-04-21 22:48:55,743 - httpx - INFO - HTTP Request: POST http://localhost:33333/heap-written "HTTP/1.1 200 OK"
2026-04-21 22:48:55,746 - httpx - INFO - HTTP Request: GET http://localhost:33333/task?agent_id=6f2ab702 "HTTP/1.1 200 OK"
2026-04-21 22:48:55,747 - httpx - INFO - HTTP Request: GET http://localhost:33333/task?agent_id=eb2af86c "HTTP/1.1 200 OK"
2026-04-21 22:48:55,750 - httpx - INFO - HTTP Request: POST http://localhost:33333/heap-written "HTTP/1.1 200 OK"
2026-04-21 22:48:55,769 - httpx - INFO - HTTP Request: GET http://localhost:33333/task?agent_id=bf61af0f "HTTP/1.1 200 OK"
2026-04-21 22:48:55,876 - httpx - INFO - HTTP Request: POST http://localhost:33333/allocate_page "HTTP/1.1 200 OK"
2026-04-21 22:48:55,877 - httpx - INFO - HTTP Request: POST http://localhost:11629/heap/append "HTTP/1.1 200 OK"
2026-04-21 22:48:56,177 - httpx - INFO - HTTP Request: GET http://localhost:33333/active_pages "HTTP/1.1 200 OK"
2026-04-21 22:48:56,181 - httpx - INFO - HTTP Request: POST http://localhost:33333/heap-written "HTTP/1.1 200 OK"
2026-04-21 22:48:56,758 - httpx - INFO - HTTP Request: POST http://localhost:33333/mark_pages_merged "HTTP/1.1 200 OK"
2026-04-21 22:48:56,762 - httpx - INFO - HTTP Request: POST http://localhost:33333/allocate_page "HTTP/1.1 200 OK"
2026-04-21 22:48:56,771 - httpx - INFO - HTTP Request: POST http://localhost:11581/heap/append "HTTP/1.1 200 OK"
2026-04-21 22:48:58,350 - httpx - INFO - HTTP Request: POST http://localhost:33333/heap-written "HTTP/1.1 200 OK"
2026-04-21 22:48:58,356 - httpx - INFO - HTTP Request: POST http://localhost:33333/allocate_page "HTTP/1.1 200 OK"
2026-04-21 22:48:58,358 - httpx - INFO - HTTP Request: POST http://localhost:55201/heap/mark-merged "HTTP/1.1 200 OK"
2026-04-21 22:48:58,361 - httpx - INFO - HTTP Request: POST http://localhost:11679/heap/mark-merged "HTTP/1.1 200 OK"
2026-04-21 22:48:58,362 - httpx - INFO - HTTP Request: POST http://localhost:11629/heap/append "HTTP/1.1 200 OK"
2026-04-21 22:48:58,362 - httpx - INFO - HTTP Request: POST http://localhost:55202/heap/mark-merged "HTTP/1.1 200 OK"
2026-04-21 22:48:58,363 - httpx - INFO - HTTP Request: POST http://localhost:11680/heap/mark-merged "HTTP/1.1 200 OK"
2026-04-21 22:48:58,364 - httpx - INFO - HTTP Request: POST http://localhost:11645/heap/mark-merged "HTTP/1.1 200 OK"
2026-04-21 22:48:58,364 - httpx - INFO - HTTP Request: POST http://localhost:11581/heap/mark-merged "HTTP/1.1 200 OK"
2026-04-21 22:48:58,365 - httpx - INFO - HTTP Request: POST http://localhost:11596/heap/mark-merged "HTTP/1.1 200 OK"
2026-04-21 22:48:58,365 - httpx - INFO - HTTP Request: POST http://localhost:11644/heap/mark-merged "HTTP/1.1 200 OK"
2026-04-21 22:48:58,384 - httpx - INFO - HTTP Request: POST http://localhost:11748/heap/mark-merged "HTTP/1.1 200 OK"
2026-04-21 22:48:58,384 - httpx - INFO - HTTP Request: POST http://localhost:11629/heap/mark-merged "HTTP/1.1 200 OK"
2026-04-21 22:48:58,487 - httpx - INFO - HTTP Request: POST http://localhost:36718/execute_merge "HTTP/1.1 200 OK"
2026-04-21 22:48:58,917 - httpx - INFO - HTTP Request: POST http://localhost:33333/heap-written "HTTP/1.1 200 OK"
2026-04-21 22:48:58,921 - httpx - INFO - HTTP Request: POST http://localhost:33333/allocate_page "HTTP/1.1 200 OK"
2026-04-21 22:48:58,926 - httpx - INFO - HTTP Request: GET http://localhost:33333/task?agent_id=60cb891a "HTTP/1.1 200 OK"
2026-04-21 22:48:58,929 - httpx - INFO - HTTP Request: POST http://localhost:11581/heap/append "HTTP/1.1 200 OK"
2026-04-21 22:48:59,288 - httpx - INFO - HTTP Request: POST http://localhost:33333/heap-written "HTTP/1.1 200 OK"
2026-04-21 22:48:59,307 - httpx - INFO - HTTP Request: POST http://localhost:30481/heap/append "HTTP/1.1 200 OK"
2026-04-21 22:48:59,444 - httpx - INFO - HTTP Request: GET http://localhost:33333/task?agent_id=d32a0045 "HTTP/1.1 200 OK"
2026-04-21 22:48:59,779 - httpx - INFO - HTTP Request: POST http://localhost:33333/heap-written "HTTP/1.1 200 OK"
2026-04-21 22:48:59,783 - httpx - INFO - HTTP Request: POST http://localhost:33333/allocate_page "HTTP/1.1 200 OK"
2026-04-21 22:49:00,284 - httpx - INFO - HTTP Request: POST http://localhost:33333/allocate_page "HTTP/1.1 200 OK"
2026-04-21 22:49:00,287 - httpx - INFO - HTTP Request: POST http://localhost:30481/heap/append "HTTP/1.1 200 OK"
2026-04-21 22:49:00,411 - httpx - INFO - HTTP Request: POST http://localhost:33333/heap-written "HTTP/1.1 200 OK"
2026-04-21 22:49:00,839 - httpx - INFO - HTTP Request: GET http://localhost:33333/task?agent_id=9a4d93a2 "HTTP/1.1 200 OK"
2026-04-21 22:49:00,843 - httpx - INFO - HTTP Request: POST http://localhost:11753/heap/append "HTTP/1.1 200 OK"
2026-04-21 22:49:01,003 - httpx - INFO - HTTP Request: POST http://localhost:33333/heap-written "HTTP/1.1 200 OK"
2026-04-21 22:49:01,301 - httpx - INFO - HTTP Request: POST http://localhost:33333/allocate_page "HTTP/1.1 200 OK"
2026-04-21 22:49:01,547 - httpx - INFO - HTTP Request: POST http://localhost:11753/heap/append "HTTP/1.1 200 OK"
2026-04-21 22:49:01,684 - httpx - INFO - HTTP Request: POST http://localhost:33333/heap-written "HTTP/1.1 200 OK"
2026-04-21 22:49:02,450 - httpx - INFO - HTTP Request: GET http://localhost:33333/task?agent_id=d5ec85cc "HTTP/1.1 200 OK"
2026-04-21 22:49:02,452 - httpx - INFO - HTTP Request: POST http://localhost:33333/allocate_page "HTTP/1.1 200 OK"
2026-04-21 22:49:02,676 - httpx - INFO - HTTP Request: POST http://localhost:30493/heap/append "HTTP/1.1 200 OK"
2026-04-21 22:49:03,027 - httpx - INFO - HTTP Request: POST http://localhost:33333/heap-written "HTTP/1.1 200 OK"
2026-04-21 22:49:03,029 - httpx - INFO - HTTP Request: POST http://localhost:33333/allocate_page "HTTP/1.1 200 OK"
2026-04-21 22:49:03,033 - httpx - INFO - HTTP Request: POST http://localhost:33333/allocate_page "HTTP/1.1 200 OK"
2026-04-21 22:49:03,467 - httpx - INFO - HTTP Request: POST http://localhost:30493/heap/append "HTTP/1.1 200 OK"
2026-04-21 22:49:03,470 - httpx - INFO - HTTP Request: POST http://localhost:11714/heap/append "HTTP/1.1 200 OK"
2026-04-21 22:49:03,908 - httpx - INFO - HTTP Request: POST http://localhost:33333/heap-written "HTTP/1.1 200 OK"
2026-04-21 22:49:03,911 - httpx - INFO - HTTP Request: POST http://localhost:33333/heap-written "HTTP/1.1 200 OK"
2026-04-21 22:49:03,918 - httpx - INFO - HTTP Request: GET http://localhost:33333/task?agent_id=41c03b14 "HTTP/1.1 200 OK"
2026-04-21 22:49:03,919 - httpx - INFO - HTTP Request: POST http://localhost:33333/allocate_page "HTTP/1.1 200 OK"
2026-04-21 22:49:04,405 - httpx - INFO - HTTP Request: GET http://localhost:55202/heap/unmerged "HTTP/1.1 200 OK"
2026-04-21 22:49:04,716 - httpx - INFO - HTTP Request: POST http://localhost:33333/allocate_page "HTTP/1.1 200 OK"
2026-04-21 22:49:04,717 - httpx - INFO - HTTP Request: POST http://localhost:11714/heap/append "HTTP/1.1 200 OK"
2026-04-21 22:49:04,897 - httpx - INFO - HTTP Request: GET http://localhost:55201/heap/unmerged "HTTP/1.1 200 OK"
2026-04-21 22:49:05,359 - httpx - INFO - HTTP Request: GET http://localhost:33333/active_pages "HTTP/1.1 200 OK"
2026-04-21 22:49:05,532 - httpx - INFO - HTTP Request: POST http://localhost:33333/heap-written "HTTP/1.1 200 OK"
2026-04-21 22:49:05,556 - httpx - INFO - HTTP Request: GET http://localhost:30481/heap/unmerged "HTTP/1.1 200 OK"
2026-04-21 22:49:05,669 - httpx - INFO - HTTP Request: GET http://localhost:33333/task?agent_id=6e45c105 "HTTP/1.1 200 OK"
2026-04-21 22:49:05,673 - httpx - INFO - HTTP Request: POST http://localhost:30489/heap/append "HTTP/1.1 200 OK"
2026-04-21 22:49:05,794 - httpx - INFO - HTTP Request: POST http://localhost:33333/allocate_page "HTTP/1.1 200 OK"
2026-04-21 22:49:05,819 - httpx - INFO - HTTP Request: POST http://localhost:33333/heap-written "HTTP/1.1 200 OK"
2026-04-21 22:49:05,823 - httpx - INFO - HTTP Request: GET http://localhost:30479/heap/unmerged "HTTP/1.1 200 OK"
2026-04-21 22:49:06,430 - httpx - INFO - HTTP Request: GET http://localhost:30489/heap/unmerged "HTTP/1.1 200 OK"
2026-04-21 22:49:06,540 - httpx - INFO - HTTP Request: POST http://localhost:33333/mark_pages_merged "HTTP/1.1 200 OK"
2026-04-21 22:49:06,541 - httpx - INFO - HTTP Request: POST http://localhost:33333/allocate_page "HTTP/1.1 200 OK"
2026-04-21 22:49:06,550 - httpx - INFO - HTTP Request: POST http://localhost:11711/heap/append "HTTP/1.1 200 OK"
2026-04-21 22:49:08,101 - httpx - INFO - HTTP Request: GET http://localhost:30493/heap/unmerged "HTTP/1.1 200 OK"
2026-04-21 22:49:08,232 - httpx - INFO - HTTP Request: POST http://localhost:33333/heap-written "HTTP/1.1 200 OK"
2026-04-21 22:49:08,232 - httpx - INFO - HTTP Request: POST http://localhost:11629/heap/mark-merged "HTTP/1.1 200 OK"
2026-04-21 22:49:08,247 - httpx - INFO - HTTP Request: POST http://localhost:33333/allocate_page "HTTP/1.1 200 OK"
2026-04-21 22:49:08,248 - httpx - INFO - HTTP Request: POST http://localhost:30489/heap/mark-merged "HTTP/1.1 200 OK"
2026-04-21 22:49:08,248 - httpx - INFO - HTTP Request: POST http://localhost:11714/heap/mark-merged "HTTP/1.1 200 OK"
2026-04-21 22:49:08,249 - httpx - INFO - HTTP Request: POST http://localhost:30481/heap/mark-merged "HTTP/1.1 200 OK"
2026-04-21 22:49:08,249 - httpx - INFO - HTTP Request: POST http://localhost:11753/heap/mark-merged "HTTP/1.1 200 OK"
2026-04-21 22:49:08,250 - httpx - INFO - HTTP Request: POST http://localhost:30493/heap/mark-merged "HTTP/1.1 200 OK"
2026-04-21 22:49:08,250 - httpx - INFO - HTTP Request: POST http://localhost:30489/heap/append "HTTP/1.1 200 OK"
2026-04-21 22:49:08,251 - httpx - INFO - HTTP Request: POST http://localhost:11581/heap/mark-merged "HTTP/1.1 200 OK"
2026-04-21 22:49:08,360 - httpx - INFO - HTTP Request: POST http://localhost:33333/allocate_page "HTTP/1.1 200 OK"
2026-04-21 22:49:08,361 - httpx - INFO - HTTP Request: POST http://localhost:33333/allocate_page "HTTP/1.1 200 OK"
2026-04-21 22:49:08,362 - httpx - INFO - HTTP Request: POST http://localhost:36718/execute_merge "HTTP/1.1 200 OK"
2026-04-21 22:49:08,368 - httpx - INFO - HTTP Request: POST http://localhost:33333/allocate_page "HTTP/1.1 200 OK"
2026-04-21 22:49:08,466 - httpx - INFO - HTTP Request: GET http://localhost:11578/heap/unmerged "HTTP/1.1 200 OK"
2026-04-21 22:49:09,140 - httpx - INFO - HTTP Request: POST http://localhost:33333/heap-written "HTTP/1.1 200 OK"
2026-04-21 22:49:09,148 - httpx - INFO - HTTP Request: POST http://localhost:11711/heap/append "HTTP/1.1 200 OK"
2026-04-21 22:49:09,153 - httpx - INFO - HTTP Request: GET http://localhost:11581/heap/unmerged "HTTP/1.1 200 OK"
2026-04-21 22:49:09,155 - httpx - INFO - HTTP Request: GET http://localhost:33333/task?agent_id=d8f7bfa6 "HTTP/1.1 200 OK"
2026-04-21 22:49:09,265 - httpx - INFO - HTTP Request: POST http://localhost:11618/heap/append "HTTP/1.1 200 OK"
2026-04-21 22:49:09,269 - httpx - INFO - HTTP Request: POST http://localhost:30479/heap/append "HTTP/1.1 200 OK"
2026-04-21 22:49:09,376 - httpx - INFO - HTTP Request: POST http://localhost:11601/heap/append "HTTP/1.1 200 OK"
2026-04-21 22:49:10,413 - httpx - INFO - HTTP Request: GET http://localhost:11596/heap/unmerged "HTTP/1.1 200 OK"
2026-04-21 22:49:10,784 - httpx - INFO - HTTP Request: POST http://localhost:33333/heap-written "HTTP/1.1 200 OK"
2026-04-21 22:49:10,789 - httpx - INFO - HTTP Request: GET http://localhost:33333/task?agent_id=6f06d397 "HTTP/1.1 200 OK"
2026-04-21 22:49:10,793 - httpx - INFO - HTTP Request: POST http://localhost:33333/heap-written "HTTP/1.1 200 OK"
2026-04-21 22:49:10,794 - httpx - INFO - HTTP Request: POST http://localhost:33333/heap-written "HTTP/1.1 200 OK"
2026-04-21 22:49:10,924 - httpx - INFO - HTTP Request: POST http://localhost:33333/heap-written "HTTP/1.1 200 OK"
2026-04-21 22:49:11,028 - httpx - INFO - HTTP Request: POST http://localhost:33333/allocate_page "HTTP/1.1 200 OK"
2026-04-21 22:49:11,029 - httpx - INFO - HTTP Request: POST http://localhost:33333/allocate_page "HTTP/1.1 200 OK"
2026-04-21 22:49:11,031 - httpx - INFO - HTTP Request: POST http://localhost:33333/allocate_page "HTTP/1.1 200 OK"
2026-04-21 22:49:11,044 - httpx - INFO - HTTP Request: GET http://localhost:11601/heap/unmerged "HTTP/1.1 200 OK"
2026-04-21 22:49:11,153 - httpx - INFO - HTTP Request: POST http://localhost:33333/allocate_page "HTTP/1.1 200 OK"
2026-04-21 22:49:11,158 - httpx - INFO - HTTP Request: POST http://localhost:33333/allocate_page "HTTP/1.1 200 OK"
2026-04-21 22:49:11,161 - httpx - INFO - HTTP Request: GET http://localhost:11629/heap/unmerged "HTTP/1.1 200 OK"
2026-04-21 22:49:11,260 - httpx - INFO - HTTP Request: GET http://localhost:11618/heap/unmerged "HTTP/1.1 200 OK"
2026-04-21 22:49:12,181 - httpx - INFO - HTTP Request: GET http://localhost:11644/heap/unmerged "HTTP/1.1 200 OK"

[BFF] 获取Agent 9a4d93a2 堆段: 1 条
[BFF] 读取PublicMemory (物理路径): /mnt/d/collections2026/phd_application/nanobot1/milestone2/data/public_memory/public_memory.jsonl, top_k=2
[BFF] 读取PublicMemory完成: 26 条记录
[BFF] 获取Agent 1cc9830b 堆段: 1 条
[BFF] 读取PublicMemory (物理路径): /mnt/d/collections2026/phd_application/nanobot1/milestone2/data/public_memory/public_memory.jsonl, top_k=2
[BFF] 读取PublicMemory完成: 26 条记录
[BFF] 获取Agent d8f7bfa6 堆段: 0 条
[BFF] 读取PublicMemory (物理路径): /mnt/d/collections2026/phd_application/nanobot1/milestone2/data/public_memory/public_memory.jsonl, top_k=2
[BFF] 读取PublicMemory完成: 26 条记录
[BFF] 读取PublicMemory (物理路径): /mnt/d/collections2026/phd_application/nanobot1/milestone2/data/public_memory/public_memory.jsonl, top_k=2
[BFF] 读取PublicMemory完成: 26 条记录
[BFF] 获取Agent 41c03b14 堆段: 2 条
[BFF] all-unmerged 请求正在进行，等待完成...
[BFF] Consolidator容器已存在: 9d82e400
[BFF] 转发合并请求到Consolidator: http://localhost:36718/execute_merge
[BFF] 获取Agent 09bf2fda 堆段: 2 条
[BFF] 读取PublicMemory (物理路径): /mnt/d/collections2026/phd_application/nanobot1/milestone2/data/public_memory/public_memory.jsonl, top_k=2
[BFF] 读取PublicMemory完成: 26 条记录
[BFF] 读取PublicMemory (物理路径): /mnt/d/collections2026/phd_application/nanobot1/milestone2/data/public_memory/public_memory.jsonl, top_k=2
[BFF] 读取PublicMemory完成: 26 条记录
[BFF] 获取Agent d32a0045 堆段: 0 条
[BFF] 获取Agent e91fae39 堆段: 1 条
[BFF] 读取PublicMemory (物理路径): /mnt/d/collections2026/phd_application/nanobot1/milestone2/data/public_memory/public_memory.jsonl, top_k=10000
[BFF] 读取PublicMemory完成: 26 条记录
[BFF] 写入PublicMemory (物理路径): /mnt/d/collections2026/phd_application/nanobot1/milestone2/data/public_memory/public_memory.jsonl
[BFF] 原子替换PublicMemory: 43 条记录 -> /mnt/d/collections2026/phd_application/nanobot1/milestone2/data/public_memory/public_memory.jsonl
[BFF] 获取Agent 3c736ee1 堆段: 2 条
[BFF] 获取Agent 60cb891a 堆段: 1 条
[BFF] 获取Agent 5ca5541e 堆段: 0 条
[BFF] Consolidator合并完成: {'status': 'ok', 'original_count': 43, 'deduped_count': 43, 'removed_count': 0, 'pages_marked': 17, 'source': 'km_page_table'}
[BFF] all-unmerged 请求正在进行，等待完成...
[BFF] 获取Agent bf61af0f 堆段: 0 条
[BFF] 获取Agent eb2af86c 堆段: 0 条
[BFF] 获取Agent 63afa39e 堆段: 1 条
[BFF] 读取PublicMemory (物理路径): /mnt/d/collections2026/phd_application/nanobot1/milestone2/data/public_memory/public_memory.jsonl, top_k=2
[BFF] 读取PublicMemory完成: 43 条记录
[BFF] 读取PublicMemory (物理路径): /mnt/d/collections2026/phd_application/nanobot1/milestone2/data/public_memory/public_memory.jsonl, top_k=2
[BFF] 读取PublicMemory完成: 43 条记录
[BFF] 获取Agent ac658b91 堆段: 0 条
[BFF] 获取Agent 6f06d397 堆段: 0 条
[BFF] 获取Agent 6e45c105 堆段: 0 条
[BFF] 获取Agent d903e394 堆段: 2 条
[BFF] 读取PublicMemory (物理路径): /mnt/d/collections2026/phd_application/nanobot1/milestone2/data/public_memory/public_memory.jsonl, top_k=2
[BFF] 读取PublicMemory完成: 43 条记录
[BFF] 获取Agent d5ec85cc 堆段: 0 条
[BFF] 读取PublicMemory (物理路径): /mnt/d/collections2026/phd_application/nanobot1/milestone2/data/public_memory/public_memory.jsonl, top_k=2
[BFF] 读取PublicMemory完成: 43 条记录
[BFF] 获取Agent 9d82e400 堆段: 0 条
[BFF] all-unmerged 获取完成: 13 条
[BFF] all-unmerged 命中缓存: 13 条 (缓存剩余 4.9s)
[BFF] Consolidator容器已存在: 9d82e400
[BFF] 转发合并请求到Consolidator: http://localhost:36718/execute_merge
[BFF] 读取PublicMemory (物理路径): /mnt/d/collections2026/phd_application/nanobot1/milestone2/data/public_memory/public_memory.jsonl, top_k=2
[BFF] 读取PublicMemory完成: 43 条记录
[BFF] 读取PublicMemory (物理路径): /mnt/d/collections2026/phd_application/nanobot1/milestone2/data/public_memory/public_memory.jsonl, top_k=2
[BFF] 读取PublicMemory完成: 43 条记录
[BFF] 读取PublicMemory (物理路径): /mnt/d/collections2026/phd_application/nanobot1/milestone2/data/public_memory/public_memory.jsonl, top_k=2
[BFF] 读取PublicMemory完成: 43 条记录
[BFF] 读取PublicMemory (物理路径): /mnt/d/collections2026/phd_application/nanobot1/milestone2/data/public_memory/public_memory.jsonl, top_k=10000
[BFF] 读取PublicMemory完成: 43 条记录
[BFF] 写入PublicMemory (物理路径): /mnt/d/collections2026/phd_application/nanobot1/milestone2/data/public_memory/public_memory.jsonl
[BFF] 原子替换PublicMemory: 59 条记录 -> /mnt/d/collections2026/phd_application/nanobot1/milestone2/data/public_memory/public_memory.jsonl
[BFF] 读取PublicMemory (物理路径): /mnt/d/collections2026/phd_application/nanobot1/milestone2/data/public_memory/public_memory.jsonl, top_k=2
[BFF] 读取PublicMemory完成: 59 条记录
[BFF] Consolidator合并完成: {'status': 'ok', 'original_count': 59, 'deduped_count': 59, 'removed_count': 0, 'pages_marked': 16, 'source': 'km_page_table'}
[BFF] all-unmerged 命中缓存: 13 条 (缓存剩余 0.7s)
[BFF] 读取PublicMemory (物理路径): /mnt/d/collections2026/phd_application/nanobot1/milestone2/data/public_memory/public_memory.jsonl, top_k=2
[BFF] 读取PublicMemory完成: 59 条记录
[BFF] 读取PublicMemory (物理路径): /mnt/d/collections2026/phd_application/nanobot1/milestone2/data/public_memory/public_memory.jsonl, top_k=2
[BFF] 读取PublicMemory完成: 59 条记录
[BFF] 读取PublicMemory (物理路径): /mnt/d/collections2026/phd_application/nanobot1/milestone2/data/public_memory/public_memory.jsonl, top_k=2
[BFF] 读取PublicMemory完成: 59 条记录
[BFF] 读取PublicMemory (物理路径): /mnt/d/collections2026/phd_application/nanobot1/milestone2/data/public_memory/public_memory.jsonl, top_k=2
[BFF] 读取PublicMemory完成: 59 条记录
[BFF] all-unmerged 请求正在进行，等待完成...
[BFF] 读取PublicMemory (物理路径): /mnt/d/collections2026/phd_application/nanobot1/milestone2/data/public_memory/public_memory.jsonl, top_k=2
[BFF] 读取PublicMemory完成: 59 条记录
[BFF] Consolidator容器已存在: 9d82e400
[BFF] 转发合并请求到Consolidator: http://localhost:36718/execute_merge
[BFF] 获取Agent 6f2ab702 堆段: 0 条
[BFF] 获取Agent 37bb187c 堆段: 0 条
[BFF] 读取PublicMemory (物理路径): /mnt/d/collections2026/phd_application/nanobot1/milestone2/data/public_memory/public_memory.jsonl, top_k=10000
[BFF] 读取PublicMemory完成: 59 条记录
[BFF] 获取Agent 9a4d93a2 堆段: 2 条
[BFF] 写入PublicMemory (物理路径): /mnt/d/collections2026/phd_application/nanobot1/milestone2/data/public_memory/public_memory.jsonl
[BFF] 原子替换PublicMemory: 70 条记录 -> /mnt/d/collections2026/phd_application/nanobot1/milestone2/data/public_memory/public_memory.jsonl
[BFF] 获取Agent 1cc9830b 堆段: 0 条
[BFF] 读取PublicMemory (物理路径): /mnt/d/collections2026/phd_application/nanobot1/milestone2/data/public_memory/public_memory.jsonl, top_k=2
[BFF] 读取PublicMemory完成: 70 条记录
[BFF] 获取Agent d8f7bfa6 堆段: 1 条
[BFF] 获取Agent 41c03b14 堆段: 2 条
[BFF] Consolidator合并完成: {'status': 'ok', 'original_count': 70, 'deduped_count': 70, 'removed_count': 0, 'pages_marked': 11, 'source': 'km_page_table'}
[BFF] 获取Agent 09bf2fda 堆段: 0 条
[BFF] all-unmerged 请求正在进行，等待完成...
[BFF] 获取Agent d32a0045 堆段: 0 条
[BFF] 读取PublicMemory (物理路径): /mnt/d/collections2026/phd_application/nanobot1/milestone2/data/public_memory/public_memory.jsonl, top_k=2
[BFF] 读取PublicMemory完成: 70 条记录
[BFF] 获取Agent e91fae39 堆段: 0 条
[BFF] 读取PublicMemory (物理路径): /mnt/d/collections2026/phd_application/nanobot1/milestone2/data/public_memory/public_memory.jsonl, top_k=2
[BFF] 读取PublicMemory完成: 70 条记录
[BFF] 获取Agent 3c736ee1 堆段: 1 条
[BFF] 获取Agent 60cb891a 堆段: 0 条
[BFF] 获取Agent 5ca5541e 堆段: 1 条
2026-04-21 22:49:12,286 - httpx - INFO - HTTP Request: POST http://localhost:30479/heap/append "HTTP/1.1 200 OK"
2026-04-21 22:49:12,290 - httpx - INFO - HTTP Request: POST http://localhost:11601/heap/append "HTTP/1.1 200 OK"
2026-04-21 22:49:12,400 - httpx - INFO - HTTP Request: POST http://localhost:11578/heap/append "HTTP/1.1 200 OK"
2026-04-21 22:49:12,401 - httpx - INFO - HTTP Request: POST http://localhost:11618/heap/append "HTTP/1.1 200 OK"
2026-04-21 22:49:12,727 - httpx - INFO - HTTP Request: POST http://localhost:33333/allocate_page "HTTP/1.1 200 OK"
2026-04-21 22:49:12,727 - httpx - INFO - HTTP Request: POST http://localhost:11680/heap/append "HTTP/1.1 200 OK"
2026-04-21 22:49:13,240 - httpx - INFO - HTTP Request: GET http://localhost:11645/heap/unmerged "HTTP/1.1 200 OK"
2026-04-21 22:49:13,520 - httpx - INFO - HTTP Request: POST http://localhost:33333/heap-written "HTTP/1.1 200 OK"
2026-04-21 22:49:13,526 - httpx - INFO - HTTP Request: POST http://localhost:33333/heap-written "HTTP/1.1 200 OK"
2026-04-21 22:49:13,528 - httpx - INFO - HTTP Request: POST http://localhost:33333/heap-written "HTTP/1.1 200 OK"
2026-04-21 22:49:13,528 - httpx - INFO - HTTP Request: POST http://localhost:33333/heap-written "HTTP/1.1 200 OK"
2026-04-21 22:49:13,536 - httpx - INFO - HTTP Request: GET http://localhost:33333/task?agent_id=1cc9830b "HTTP/1.1 200 OK"
2026-04-21 22:49:13,541 - httpx - INFO - HTTP Request: GET http://localhost:33333/task?agent_id=3c736ee1 "HTTP/1.1 200 OK"
2026-04-21 22:49:13,542 - httpx - INFO - HTTP Request: POST http://localhost:33333/heap-written "HTTP/1.1 200 OK"
2026-04-21 22:49:13,542 - httpx - INFO - HTTP Request: POST http://localhost:33333/allocate_page "HTTP/1.1 200 OK"
2026-04-21 22:49:13,543 - httpx - INFO - HTTP Request: GET http://localhost:33333/task?agent_id=5ca5541e "HTTP/1.1 200 OK"
2026-04-21 22:49:13,551 - httpx - INFO - HTTP Request: GET http://localhost:11679/heap/unmerged "HTTP/1.1 200 OK"
2026-04-21 22:49:13,673 - httpx - INFO - HTTP Request: POST http://localhost:11596/heap/append "HTTP/1.1 200 OK"
2026-04-21 22:49:13,674 - httpx - INFO - HTTP Request: POST http://localhost:33333/allocate_page "HTTP/1.1 200 OK"
2026-04-21 22:49:13,883 - httpx - INFO - HTTP Request: POST http://localhost:33333/heap-written "HTTP/1.1 200 OK"
2026-04-21 22:49:13,888 - httpx - INFO - HTTP Request: GET http://localhost:11680/heap/unmerged "HTTP/1.1 200 OK"
2026-04-21 22:49:13,988 - httpx - INFO - HTTP Request: GET http://localhost:11711/heap/unmerged "HTTP/1.1 200 OK"
2026-04-21 22:49:14,739 - httpx - INFO - HTTP Request: GET http://localhost:11714/heap/unmerged "HTTP/1.1 200 OK"
2026-04-21 22:49:14,868 - httpx - INFO - HTTP Request: POST http://localhost:11578/heap/append "HTTP/1.1 200 OK"
2026-04-21 22:49:14,873 - httpx - INFO - HTTP Request: POST http://localhost:33333/allocate_page "HTTP/1.1 200 OK"
2026-04-21 22:49:14,877 - httpx - INFO - HTTP Request: POST http://localhost:11680/heap/append "HTTP/1.1 200 OK"
2026-04-21 22:49:15,225 - httpx - INFO - HTTP Request: POST http://localhost:33333/allocate_page "HTTP/1.1 200 OK"
2026-04-21 22:49:15,230 - httpx - INFO - HTTP Request: GET http://localhost:33333/active_pages "HTTP/1.1 200 OK"
2026-04-21 22:49:15,236 - httpx - INFO - HTTP Request: POST http://localhost:33333/heap-written "HTTP/1.1 200 OK"
2026-04-21 22:49:15,237 - httpx - INFO - HTTP Request: POST http://localhost:33333/heap-written "HTTP/1.1 200 OK"
2026-04-21 22:49:15,238 - httpx - INFO - HTTP Request: GET http://localhost:11748/heap/unmerged "HTTP/1.1 200 OK"
2026-04-21 22:49:16,063 - httpx - INFO - HTTP Request: GET http://localhost:33333/task?agent_id=09bf2fda "HTTP/1.1 200 OK"
2026-04-21 22:49:16,064 - httpx - INFO - HTTP Request: GET http://localhost:11753/heap/unmerged "HTTP/1.1 200 OK"
2026-04-21 22:49:16,064 - httpx - INFO - HTTP Request: GET http://localhost:33333/task?agent_id=ac658b91 "HTTP/1.1 200 OK"
2026-04-21 22:49:16,169 - httpx - INFO - HTTP Request: POST http://localhost:11596/heap/append "HTTP/1.1 200 OK"
2026-04-21 22:49:16,335 - httpx - INFO - HTTP Request: POST http://localhost:11644/heap/append "HTTP/1.1 200 OK"
2026-04-21 22:49:16,793 - httpx - INFO - HTTP Request: GET http://localhost:36718/heap/unmerged "HTTP/1.1 200 OK"
2026-04-21 22:49:16,797 - httpx - INFO - HTTP Request: POST http://localhost:33333/mark_pages_merged "HTTP/1.1 200 OK"
2026-04-21 22:49:16,800 - httpx - INFO - HTTP Request: POST http://localhost:33333/heap-written "HTTP/1.1 200 OK"
2026-04-21 22:49:16,801 - httpx - INFO - HTTP Request: POST http://localhost:33333/heap-written "HTTP/1.1 200 OK"
2026-04-21 22:49:16,811 - httpx - INFO - HTTP Request: GET http://localhost:33333/task?agent_id=e91fae39 "HTTP/1.1 200 OK"
2026-04-21 22:49:16,926 - httpx - INFO - HTTP Request: POST http://localhost:33333/allocate_page "HTTP/1.1 200 OK"
2026-04-21 22:49:18,453 - httpx - INFO - HTTP Request: POST http://localhost:11711/heap/mark-merged "HTTP/1.1 200 OK"
2026-04-21 22:49:18,460 - httpx - INFO - HTTP Request: POST http://localhost:30489/heap/mark-merged "HTTP/1.1 200 OK"
2026-04-21 22:49:18,461 - httpx - INFO - HTTP Request: POST http://localhost:11618/heap/mark-merged "HTTP/1.1 200 OK"
2026-04-21 22:49:18,462 - httpx - INFO - HTTP Request: POST http://localhost:11644/heap/mark-merged "HTTP/1.1 200 OK"
2026-04-21 22:49:18,462 - httpx - INFO - HTTP Request: POST http://localhost:30479/heap/mark-merged "HTTP/1.1 200 OK"
2026-04-21 22:49:18,462 - httpx - INFO - HTTP Request: POST http://localhost:11680/heap/mark-merged "HTTP/1.1 200 OK"
2026-04-21 22:49:18,463 - httpx - INFO - HTTP Request: POST http://localhost:11596/heap/mark-merged "HTTP/1.1 200 OK"
2026-04-21 22:49:18,463 - httpx - INFO - HTTP Request: POST http://localhost:11578/heap/mark-merged "HTTP/1.1 200 OK"
2026-04-21 22:49:18,464 - httpx - INFO - HTTP Request: POST http://localhost:11601/heap/mark-merged "HTTP/1.1 200 OK"
2026-04-21 22:49:18,481 - httpx - INFO - HTTP Request: POST http://localhost:33333/allocate_page "HTTP/1.1 200 OK"
2026-04-21 22:49:18,482 - httpx - INFO - HTTP Request: POST http://localhost:33333/allocate_page "HTTP/1.1 200 OK"
2026-04-21 22:49:18,485 - httpx - INFO - HTTP Request: POST http://localhost:11644/heap/append "HTTP/1.1 200 OK"
2026-04-21 22:49:18,493 - httpx - INFO - HTTP Request: POST http://localhost:36718/execute_merge "HTTP/1.1 200 OK"
2026-04-21 22:49:18,495 - httpx - INFO - HTTP Request: GET http://localhost:33333/task?agent_id=d903e394 "HTTP/1.1 200 OK"
2026-04-21 22:49:18,496 - httpx - INFO - HTTP Request: POST http://localhost:33333/allocate_page "HTTP/1.1 200 OK"
2026-04-21 22:49:18,596 - httpx - INFO - HTTP Request: POST http://localhost:33333/heap-written "HTTP/1.1 200 OK"
2026-04-21 22:49:18,712 - httpx - INFO - HTTP Request: POST http://localhost:30481/heap/append "HTTP/1.1 200 OK"
2026-04-21 22:49:18,828 - httpx - INFO - HTTP Request: POST http://localhost:33333/heap-written "HTTP/1.1 200 OK"
2026-04-21 22:49:19,249 - httpx - INFO - HTTP Request: POST http://localhost:33333/allocate_page "HTTP/1.1 200 OK"
2026-04-21 22:49:19,256 - httpx - INFO - HTTP Request: POST http://localhost:11629/heap/append "HTTP/1.1 200 OK"
2026-04-21 22:49:19,358 - httpx - INFO - HTTP Request: GET http://localhost:33333/task?agent_id=bf61af0f "HTTP/1.1 200 OK"
2026-04-21 22:49:19,359 - httpx - INFO - HTTP Request: POST http://localhost:55202/heap/append "HTTP/1.1 200 OK"
2026-04-21 22:49:19,793 - httpx - INFO - HTTP Request: POST http://localhost:33333/heap-written "HTTP/1.1 200 OK"
2026-04-21 22:49:19,799 - httpx - INFO - HTTP Request: POST http://localhost:33333/heap-written "HTTP/1.1 200 OK"
2026-04-21 22:49:19,805 - httpx - INFO - HTTP Request: POST http://localhost:30481/heap/append "HTTP/1.1 200 OK"
2026-04-21 22:49:19,987 - httpx - INFO - HTTP Request: POST http://localhost:33333/allocate_page "HTTP/1.1 200 OK"
2026-04-21 22:49:19,988 - httpx - INFO - HTTP Request: POST http://localhost:33333/allocate_page "HTTP/1.1 200 OK"
2026-04-21 22:49:20,096 - httpx - INFO - HTTP Request: POST http://localhost:33333/heap-written "HTTP/1.1 200 OK"
2026-04-21 22:49:20,100 - httpx - INFO - HTTP Request: GET http://localhost:33333/task?agent_id=9a4d93a2 "HTTP/1.1 200 OK"
2026-04-21 22:49:20,444 - httpx - INFO - HTTP Request: GET http://localhost:33333/active_pages "HTTP/1.1 200 OK"
2026-04-21 22:49:20,448 - httpx - INFO - HTTP Request: POST http://localhost:55202/heap/append "HTTP/1.1 200 OK"
2026-04-21 22:49:20,449 - httpx - INFO - HTTP Request: POST http://localhost:11629/heap/append "HTTP/1.1 200 OK"
2026-04-21 22:49:21,011 - httpx - INFO - HTTP Request: POST http://localhost:33333/heap-written "HTTP/1.1 200 OK"
2026-04-21 22:49:21,013 - httpx - INFO - HTTP Request: POST http://localhost:33333/heap-written "HTTP/1.1 200 OK"
2026-04-21 22:49:21,178 - httpx - INFO - HTTP Request: GET http://localhost:33333/task?agent_id=6f2ab702 "HTTP/1.1 200 OK"
2026-04-21 22:49:21,182 - httpx - INFO - HTTP Request: GET http://localhost:33333/task?agent_id=60cb891a "HTTP/1.1 200 OK"
2026-04-21 22:49:21,213 - httpx - INFO - HTTP Request: POST http://localhost:33333/mark_pages_merged "HTTP/1.1 200 OK"
2026-04-21 22:49:21,226 - httpx - INFO - HTTP Request: POST http://localhost:33333/allocate_page "HTTP/1.1 200 OK"
2026-04-21 22:49:21,992 - httpx - INFO - HTTP Request: POST http://localhost:11644/heap/mark-merged "HTTP/1.1 200 OK"
2026-04-21 22:49:21,997 - httpx - INFO - HTTP Request: POST http://localhost:55202/heap/mark-merged "HTTP/1.1 200 OK"
2026-04-21 22:49:22,000 - httpx - INFO - HTTP Request: POST http://localhost:30481/heap/mark-merged "HTTP/1.1 200 OK"
2026-04-21 22:49:22,004 - httpx - INFO - HTTP Request: POST http://localhost:11629/heap/mark-merged "HTTP/1.1 200 OK"
2026-04-21 22:49:22,005 - httpx - INFO - HTTP Request: POST http://localhost:11753/heap/append "HTTP/1.1 200 OK"
2026-04-21 22:49:22,012 - httpx - INFO - HTTP Request: GET http://localhost:33333/task?agent_id=eb2af86c "HTTP/1.1 200 OK"
2026-04-21 22:49:22,013 - httpx - INFO - HTTP Request: POST http://localhost:36718/execute_merge "HTTP/1.1 200 OK"
2026-04-21 22:49:22,103 - httpx - INFO - HTTP Request: POST http://localhost:33333/heap-written "HTTP/1.1 200 OK"
2026-04-21 22:49:22,198 - httpx - INFO - HTTP Request: GET http://localhost:55202/heap/unmerged "HTTP/1.1 200 OK"
2026-04-21 22:49:22,391 - httpx - INFO - HTTP Request: GET http://localhost:55201/heap/unmerged "HTTP/1.1 200 OK"
2026-04-21 22:49:22,474 - httpx - INFO - HTTP Request: POST http://localhost:33333/allocate_page "HTTP/1.1 200 OK"
2026-04-21 22:49:22,687 - httpx - INFO - HTTP Request: GET http://localhost:30481/heap/unmerged "HTTP/1.1 200 OK"
2026-04-21 22:49:22,792 - httpx - INFO - HTTP Request: POST http://localhost:33333/allocate_page "HTTP/1.1 200 OK"
2026-04-21 22:49:22,795 - httpx - INFO - HTTP Request: POST http://localhost:11753/heap/append "HTTP/1.1 200 OK"
2026-04-21 22:49:22,902 - httpx - INFO - HTTP Request: GET http://localhost:30479/heap/unmerged "HTTP/1.1 200 OK"
2026-04-21 22:49:23,446 - httpx - INFO - HTTP Request: POST http://localhost:33333/heap-written "HTTP/1.1 200 OK"
2026-04-21 22:49:23,481 - httpx - INFO - HTTP Request: GET http://localhost:30489/heap/unmerged "HTTP/1.1 200 OK"
2026-04-21 22:49:23,588 - httpx - INFO - HTTP Request: GET http://localhost:33333/task?agent_id=d5ec85cc "HTTP/1.1 200 OK"
2026-04-21 22:49:23,589 - httpx - INFO - HTTP Request: POST http://localhost:30493/heap/append "HTTP/1.1 200 OK"
2026-04-21 22:49:23,680 - httpx - INFO - HTTP Request: POST http://localhost:33333/allocate_page "HTTP/1.1 200 OK"
2026-04-21 22:49:23,874 - httpx - INFO - HTTP Request: GET http://localhost:30493/heap/unmerged "HTTP/1.1 200 OK"
2026-04-21 22:49:23,964 - httpx - INFO - HTTP Request: POST http://localhost:33333/heap-written "HTTP/1.1 200 OK"
2026-04-21 22:49:24,102 - httpx - INFO - HTTP Request: POST http://localhost:33333/allocate_page "HTTP/1.1 200 OK"
2026-04-21 22:49:24,108 - httpx - INFO - HTTP Request: POST http://localhost:33333/allocate_page "HTTP/1.1 200 OK"
2026-04-21 22:49:24,115 - httpx - INFO - HTTP Request: POST http://localhost:55201/heap/append "HTTP/1.1 200 OK"
2026-04-21 22:49:24,116 - httpx - INFO - HTTP Request: GET http://localhost:11578/heap/unmerged "HTTP/1.1 200 OK"
2026-04-21 22:49:25,167 - httpx - INFO - HTTP Request: POST http://localhost:33333/heap-written "HTTP/1.1 200 OK"
2026-04-21 22:49:25,169 - httpx - INFO - HTTP Request: GET http://localhost:11581/heap/unmerged "HTTP/1.1 200 OK"
2026-04-21 22:49:25,297 - httpx - INFO - HTTP Request: POST http://localhost:33333/allocate_page "HTTP/1.1 200 OK"
2026-04-21 22:49:25,299 - httpx - INFO - HTTP Request: POST http://localhost:11679/heap/append "HTTP/1.1 200 OK"
2026-04-21 22:49:25,299 - httpx - INFO - HTTP Request: POST http://localhost:30493/heap/append "HTTP/1.1 200 OK"
2026-04-21 22:49:25,307 - httpx - INFO - HTTP Request: GET http://localhost:33333/task?agent_id=5ca5541e "HTTP/1.1 200 OK"
2026-04-21 22:49:26,080 - httpx - INFO - HTTP Request: GET http://localhost:11596/heap/unmerged "HTTP/1.1 200 OK"
2026-04-21 22:49:26,191 - httpx - INFO - HTTP Request: GET http://localhost:33333/active_pages "HTTP/1.1 200 OK"
2026-04-21 22:49:26,195 - httpx - INFO - HTTP Request: POST http://localhost:33333/heap-written "HTTP/1.1 200 OK"
2026-04-21 22:49:26,196 - httpx - INFO - HTTP Request: POST http://localhost:33333/heap-written "HTTP/1.1 200 OK"
2026-04-21 22:49:26,197 - httpx - INFO - HTTP Request: POST http://localhost:33333/allocate_page "HTTP/1.1 200 OK"
2026-04-21 22:49:26,216 - httpx - INFO - HTTP Request: GET http://localhost:33333/task?agent_id=41c03b14 "HTTP/1.1 200 OK"
2026-04-21 22:49:26,237 - httpx - INFO - HTTP Request: POST http://localhost:33333/allocate_page "HTTP/1.1 200 OK"
2026-04-21 22:49:26,238 - httpx - INFO - HTTP Request: POST http://localhost:55201/heap/append "HTTP/1.1 200 OK"
2026-04-21 22:49:26,429 - httpx - INFO - HTTP Request: GET http://localhost:11601/heap/unmerged "HTTP/1.1 200 OK"
2026-04-21 22:49:26,927 - httpx - INFO - HTTP Request: POST http://localhost:33333/heap-written "HTTP/1.1 200 OK"
2026-04-21 22:49:27,007 - httpx - INFO - HTTP Request: GET http://localhost:11629/heap/unmerged "HTTP/1.1 200 OK"
2026-04-21 22:49:27,275 - httpx - INFO - HTTP Request: GET http://localhost:33333/task?agent_id=37bb187c "HTTP/1.1 200 OK"
2026-04-21 22:49:27,276 - httpx - INFO - HTTP Request: POST http://localhost:11714/heap/append "HTTP/1.1 200 OK"
2026-04-21 22:49:27,414 - httpx - INFO - HTTP Request: POST http://localhost:11679/heap/append "HTTP/1.1 200 OK"
2026-04-21 22:49:27,629 - httpx - INFO - HTTP Request: POST http://localhost:33333/mark_pages_merged "HTTP/1.1 200 OK"
2026-04-21 22:49:27,629 - httpx - INFO - HTTP Request: GET http://localhost:11618/heap/unmerged "HTTP/1.1 200 OK"
2026-04-21 22:49:27,811 - httpx - INFO - HTTP Request: POST http://localhost:33333/heap-written "HTTP/1.1 200 OK"
2026-04-21 22:49:28,299 - httpx - INFO - HTTP Request: POST http://localhost:33333/heap-written "HTTP/1.1 200 OK"
2026-04-21 22:49:28,303 - httpx - INFO - HTTP Request: POST http://localhost:33333/allocate_page "HTTP/1.1 200 OK"
2026-04-21 22:49:28,309 - httpx - INFO - HTTP Request: GET http://localhost:33333/task?agent_id=63afa39e "HTTP/1.1 200 OK"
2026-04-21 22:49:28,314 - httpx - INFO - HTTP Request: GET http://localhost:11644/heap/unmerged "HTTP/1.1 200 OK"
2026-04-21 22:49:28,419 - httpx - INFO - HTTP Request: POST http://localhost:11753/heap/mark-merged "HTTP/1.1 200 OK"
2026-04-21 22:49:28,420 - httpx - INFO - HTTP Request: POST http://localhost:11679/heap/mark-merged "HTTP/1.1 200 OK"
2026-04-21 22:49:28,421 - httpx - INFO - HTTP Request: POST http://localhost:30493/heap/mark-merged "HTTP/1.1 200 OK"
2026-04-21 22:49:28,421 - httpx - INFO - HTTP Request: POST http://localhost:55201/heap/mark-merged "HTTP/1.1 200 OK"
2026-04-21 22:49:28,530 - httpx - INFO - HTTP Request: POST http://localhost:36718/execute_merge "HTTP/1.1 200 OK"
2026-04-21 22:49:28,764 - httpx - INFO - HTTP Request: GET http://localhost:11645/heap/unmerged "HTTP/1.1 200 OK"
2026-04-21 22:49:28,872 - httpx - INFO - HTTP Request: POST http://localhost:11714/heap/append "HTTP/1.1 200 OK"
2026-04-21 22:49:28,977 - httpx - INFO - HTTP Request: POST http://localhost:33333/allocate_page "HTTP/1.1 200 OK"
2026-04-21 22:49:29,075 - httpx - INFO - HTTP Request: POST http://localhost:33333/heap-written "HTTP/1.1 200 OK"
2026-04-21 22:49:29,077 - httpx - INFO - HTTP Request: GET http://localhost:11679/heap/unmerged "HTTP/1.1 200 OK"
2026-04-21 22:49:29,313 - httpx - INFO - HTTP Request: GET http://localhost:33333/task?agent_id=6e45c105 "HTTP/1.1 200 OK"
2026-04-21 22:49:29,315 - httpx - INFO - HTTP Request: GET http://localhost:11680/heap/unmerged "HTTP/1.1 200 OK"
2026-04-21 22:49:29,424 - httpx - INFO - HTTP Request: POST http://localhost:11581/heap/append "HTTP/1.1 200 OK"
2026-04-21 22:49:29,520 - httpx - INFO - HTTP Request: POST http://localhost:33333/heap-written "HTTP/1.1 200 OK"
2026-04-21 22:49:29,522 - httpx - INFO - HTTP Request: GET http://localhost:11711/heap/unmerged "HTTP/1.1 200 OK"
2026-04-21 22:49:29,732 - httpx - INFO - HTTP Request: POST http://localhost:33333/allocate_page "HTTP/1.1 200 OK"
2026-04-21 22:49:29,735 - httpx - INFO - HTTP Request: GET http://localhost:11714/heap/unmerged "HTTP/1.1 200 OK"
2026-04-21 22:49:30,013 - httpx - INFO - HTTP Request: POST http://localhost:11581/heap/append "HTTP/1.1 200 OK"
2026-04-21 22:49:30,018 - httpx - INFO - HTTP Request: GET http://localhost:11748/heap/unmerged "HTTP/1.1 200 OK"
2026-04-21 22:49:30,453 - httpx - INFO - HTTP Request: POST http://localhost:33333/heap-written "HTTP/1.1 200 OK"
2026-04-21 22:49:30,456 - httpx - INFO - HTTP Request: GET http://localhost:11753/heap/unmerged "HTTP/1.1 200 OK"
2026-04-21 22:49:30,457 - httpx - INFO - HTTP Request: GET http://localhost:33333/task?agent_id=d32a0045 "HTTP/1.1 200 OK"
2026-04-21 22:49:32,228 - httpx - INFO - HTTP Request: POST http://localhost:33333/allocate_page "HTTP/1.1 200 OK"
2026-04-21 22:49:32,451 - httpx - INFO - HTTP Request: POST http://localhost:11711/heap/append "HTTP/1.1 200 OK"
2026-04-21 22:49:32,559 - httpx - INFO - HTTP Request: POST http://localhost:33333/heap-written "HTTP/1.1 200 OK"
2026-04-21 22:49:32,700 - httpx - INFO - HTTP Request: POST http://localhost:33333/allocate_page "HTTP/1.1 200 OK"
2026-04-21 22:49:32,954 - httpx - INFO - HTTP Request: POST http://localhost:11711/heap/append "HTTP/1.1 200 OK"
2026-04-21 22:49:33,058 - httpx - INFO - HTTP Request: POST http://localhost:33333/heap-written "HTTP/1.1 200 OK"
2026-04-21 22:49:33,176 - httpx - INFO - HTTP Request: GET http://localhost:33333/task?agent_id=6f06d397 "HTTP/1.1 200 OK"
2026-04-21 22:49:33,547 - httpx - INFO - HTTP Request: POST http://localhost:33333/allocate_page "HTTP/1.1 200 OK"
2026-04-21 22:49:34,295 - httpx - INFO - HTTP Request: GET http://localhost:33333/task?agent_id=eb2af86c "HTTP/1.1 200 OK"
2026-04-21 22:49:34,298 - httpx - INFO - HTTP Request: POST http://localhost:30481/heap/append "HTTP/1.1 200 OK"
2026-04-21 22:49:34,301 - httpx - INFO - HTTP Request: POST http://localhost:33333/allocate_page "HTTP/1.1 200 OK"
2026-04-21 22:49:34,397 - httpx - INFO - HTTP Request: POST http://localhost:33333/heap-written "HTTP/1.1 200 OK"
2026-04-21 22:49:34,797 - httpx - INFO - HTTP Request: POST http://localhost:33333/allocate_page "HTTP/1.1 200 OK"
2026-04-21 22:49:34,799 - httpx - INFO - HTTP Request: POST http://localhost:11680/heap/append "HTTP/1.1 200 OK"
2026-04-21 22:49:34,886 - httpx - INFO - HTTP Request: POST http://localhost:33333/heap-written "HTTP/1.1 200 OK"
2026-04-21 22:49:35,318 - httpx - INFO - HTTP Request: POST http://localhost:30481/heap/append "HTTP/1.1 200 OK"
2026-04-21 22:49:35,321 - httpx - INFO - HTTP Request: POST http://localhost:33333/allocate_page "HTTP/1.1 200 OK"
2026-04-21 22:49:35,457 - httpx - INFO - HTTP Request: POST http://localhost:33333/allocate_page "HTTP/1.1 200 OK"
2026-04-21 22:49:35,462 - httpx - INFO - HTTP Request: POST http://localhost:33333/heap-written "HTTP/1.1 200 OK"
2026-04-21 22:49:36,003 - httpx - INFO - HTTP Request: GET http://localhost:33333/task?agent_id=9a4d93a2 "HTTP/1.1 200 OK"
2026-04-21 22:49:36,006 - httpx - INFO - HTTP Request: POST http://localhost:33333/allocate_page "HTTP/1.1 200 OK"
2026-04-21 22:49:36,007 - httpx - INFO - HTTP Request: POST http://localhost:11629/heap/append "HTTP/1.1 200 OK"
2026-04-21 22:49:36,008 - httpx - INFO - HTTP Request: GET http://localhost:55202/heap/unmerged "HTTP/1.1 200 OK"
2026-04-21 22:49:36,009 - httpx - INFO - HTTP Request: POST http://localhost:11680/heap/append "HTTP/1.1 200 OK"
[BFF] 获取Agent bf61af0f 堆段: 0 条
[BFF] 获取Agent eb2af86c 堆段: 0 条
[BFF] 获取Agent 63afa39e 堆段: 0 条
[BFF] 读取PublicMemory (物理路径): /mnt/d/collections2026/phd_application/nanobot1/milestone2/data/public_memory/public_memory.jsonl, top_k=2
[BFF] 读取PublicMemory完成: 70 条记录
[BFF] 读取PublicMemory (物理路径): /mnt/d/collections2026/phd_application/nanobot1/milestone2/data/public_memory/public_memory.jsonl, top_k=2
[BFF] 读取PublicMemory完成: 70 条记录
[BFF] 获取Agent ac658b91 堆段: 1 条
[BFF] all-unmerged 请求正在进行，等待完成...
[BFF] 获取Agent 6f06d397 堆段: 2 条
[BFF] Consolidator容器已存在: 9d82e400
[BFF] 转发合并请求到Consolidator: http://localhost:36718/execute_merge
[BFF] 读取PublicMemory (物理路径): /mnt/d/collections2026/phd_application/nanobot1/milestone2/data/public_memory/public_memory.jsonl, top_k=2
[BFF] 读取PublicMemory完成: 70 条记录
[BFF] 获取Agent 6e45c105 堆段: 0 条
[BFF] 获取Agent d903e394 堆段: 0 条
[BFF] 读取PublicMemory (物理路径): /mnt/d/collections2026/phd_application/nanobot1/milestone2/data/public_memory/public_memory.jsonl, top_k=10000
[BFF] 读取PublicMemory完成: 70 条记录
[BFF] 写入PublicMemory (物理路径): /mnt/d/collections2026/phd_application/nanobot1/milestone2/data/public_memory/public_memory.jsonl
[BFF] 原子替换PublicMemory: 83 条记录 -> /mnt/d/collections2026/phd_application/nanobot1/milestone2/data/public_memory/public_memory.jsonl
[BFF] 获取Agent d5ec85cc 堆段: 0 条
[BFF] 读取PublicMemory (物理路径): /mnt/d/collections2026/phd_application/nanobot1/milestone2/data/public_memory/public_memory.jsonl, top_k=2
[BFF] 读取PublicMemory完成: 83 条记录
[BFF] 读取PublicMemory (物理路径): /mnt/d/collections2026/phd_application/nanobot1/milestone2/data/public_memory/public_memory.jsonl, top_k=2
[BFF] 读取PublicMemory完成: 83 条记录
[BFF] 获取Agent 9d82e400 堆段: 0 条
[BFF] all-unmerged 获取完成: 10 条
[BFF] 读取PublicMemory (物理路径): /mnt/d/collections2026/phd_application/nanobot1/milestone2/data/public_memory/public_memory.jsonl, top_k=2
[BFF] 读取PublicMemory完成: 83 条记录
[BFF] Consolidator合并完成: {'status': 'ok', 'original_count': 86, 'deduped_count': 83, 'removed_count': 3, 'pages_marked': 16, 'source': 'km_page_table'}
[BFF] all-unmerged 命中缓存: 10 条 (缓存剩余 3.2s)
[BFF] 读取PublicMemory (物理路径): /mnt/d/collections2026/phd_application/nanobot1/milestone2/data/public_memory/public_memory.jsonl, top_k=2
[BFF] 读取PublicMemory完成: 83 条记录
[BFF] 读取PublicMemory (物理路径): /mnt/d/collections2026/phd_application/nanobot1/milestone2/data/public_memory/public_memory.jsonl, top_k=2
[BFF] 读取PublicMemory完成: 83 条记录
[BFF] all-unmerged 命中缓存: 10 条 (缓存剩余 2.0s)
[BFF] Consolidator容器已存在: 9d82e400
[BFF] 转发合并请求到Consolidator: http://localhost:36718/execute_merge
[BFF] 读取PublicMemory (物理路径): /mnt/d/collections2026/phd_application/nanobot1/milestone2/data/public_memory/public_memory.jsonl, top_k=2
[BFF] 读取PublicMemory完成: 83 条记录
[BFF] 读取PublicMemory (物理路径): /mnt/d/collections2026/phd_application/nanobot1/milestone2/data/public_memory/public_memory.jsonl, top_k=10000
[BFF] 读取PublicMemory完成: 83 条记录
[BFF] 写入PublicMemory (物理路径): /mnt/d/collections2026/phd_application/nanobot1/milestone2/data/public_memory/public_memory.jsonl
[BFF] 原子替换PublicMemory: 87 条记录 -> /mnt/d/collections2026/phd_application/nanobot1/milestone2/data/public_memory/public_memory.jsonl
[BFF] 读取PublicMemory (物理路径): /mnt/d/collections2026/phd_application/nanobot1/milestone2/data/public_memory/public_memory.jsonl, top_k=2
[BFF] 读取PublicMemory完成: 87 条记录
[BFF] 读取PublicMemory (物理路径): /mnt/d/collections2026/phd_application/nanobot1/milestone2/data/public_memory/public_memory.jsonl, top_k=2
[BFF] 读取PublicMemory完成: 87 条记录
[BFF] Consolidator合并完成: {'status': 'ok', 'original_count': 90, 'deduped_count': 87, 'removed_count': 3, 'pages_marked': 7, 'source': 'km_page_table'}
[BFF] 获取Agent 6f2ab702 堆段: 0 条
[BFF] 读取PublicMemory (物理路径): /mnt/d/collections2026/phd_application/nanobot1/milestone2/data/public_memory/public_memory.jsonl, top_k=2
[BFF] 读取PublicMemory完成: 87 条记录
[BFF] 获取Agent 37bb187c 堆段: 0 条
[BFF] 获取Agent 9a4d93a2 堆段: 0 条
[BFF] 获取Agent 1cc9830b 堆段: 0 条
[BFF] 邻居发现: 所有父子关系已建立
[BFF] 获取Agent d8f7bfa6 堆段: 0 条
[BFF] 读取PublicMemory (物理路径): /mnt/d/collections2026/phd_application/nanobot1/milestone2/data/public_memory/public_memory.jsonl, top_k=2
[BFF] 读取PublicMemory完成: 87 条记录
[BFF] 获取Agent 41c03b14 堆段: 1 条
[BFF] all-unmerged 请求正在进行，等待完成...
[BFF] 获取Agent 09bf2fda 堆段: 0 条
[BFF] Consolidator容器已存在: 9d82e400
[BFF] 转发合并请求到Consolidator: http://localhost:36718/execute_merge
[BFF] 容器不存在 9d82e400，清理中...
[BFF] 健康检查: 已清理 1 个无效容器
[BFF] 获取Agent d32a0045 堆段: 0 条
[BFF] 读取PublicMemory (物理路径): /mnt/d/collections2026/phd_application/nanobot1/milestone2/data/public_memory/public_memory.jsonl, top_k=2
[BFF] 读取PublicMemory完成: 87 条记录
[BFF] 获取Agent e91fae39 堆段: 0 条
[BFF] 读取PublicMemory (物理路径): /mnt/d/collections2026/phd_application/nanobot1/milestone2/data/public_memory/public_memory.jsonl, top_k=10000
[BFF] 读取PublicMemory完成: 87 条记录
[BFF] 获取Agent 3c736ee1 堆段: 0 条
[BFF] 读取PublicMemory (物理路径): /mnt/d/collections2026/phd_application/nanobot1/milestone2/data/public_memory/public_memory.jsonl, top_k=2
[BFF] 读取PublicMemory完成: 87 条记录
[BFF] 写入PublicMemory (物理路径): /mnt/d/collections2026/phd_application/nanobot1/milestone2/data/public_memory/public_memory.jsonl
[BFF] 原子替换PublicMemory: 92 条记录 -> /mnt/d/collections2026/phd_application/nanobot1/milestone2/data/public_memory/public_memory.jsonl
[BFF] 获取Agent 60cb891a 堆段: 0 条
[BFF] 读取PublicMemory (物理路径): /mnt/d/collections2026/phd_application/nanobot1/milestone2/data/public_memory/public_memory.jsonl, top_k=2
[BFF] 读取PublicMemory完成: 92 条记录
[BFF] 获取Agent 5ca5541e 堆段: 0 条
[BFF] 获取Agent bf61af0f 堆段: 0 条
[BFF] Consolidator合并完成: {'status': 'ok', 'original_count': 94, 'deduped_count': 92, 'removed_count': 2, 'pages_marked': 7, 'source': 'km_page_table'}
[BFF] 读取PublicMemory (物理路径): /mnt/d/collections2026/phd_application/nanobot1/milestone2/data/public_memory/public_memory.jsonl, top_k=2
[BFF] 读取PublicMemory完成: 92 条记录
[BFF] all-unmerged 请求正在进行，等待完成...
[BFF] 获取Agent eb2af86c 堆段: 0 条
[BFF] 获取Agent 63afa39e 堆段: 1 条
[BFF] 获取Agent ac658b91 堆段: 0 条
[BFF] 读取PublicMemory (物理路径): /mnt/d/collections2026/phd_application/nanobot1/milestone2/data/public_memory/public_memory.jsonl, top_k=2
[BFF] 读取PublicMemory完成: 92 条记录
[BFF] 获取Agent 6f06d397 堆段: 0 条
[BFF] 获取Agent 6e45c105 堆段: 2 条
[BFF] 获取Agent d903e394 堆段: 0 条
[BFF] 获取Agent d5ec85cc 堆段: 0 条
[BFF] all-unmerged 获取完成: 4 条
[BFF] 读取PublicMemory (物理路径): /mnt/d/collections2026/phd_application/nanobot1/milestone2/data/public_memory/public_memory.jsonl, top_k=2
[BFF] 读取PublicMemory完成: 92 条记录
[BFF] 读取PublicMemory (物理路径): /mnt/d/collections2026/phd_application/nanobot1/milestone2/data/public_memory/public_memory.jsonl, top_k=2
[BFF] 读取PublicMemory完成: 92 条记录
[BFF] all-unmerged 命中缓存: 4 条 (缓存剩余 1.3s)
[BFF] 读取PublicMemory (物理路径): /mnt/d/collections2026/phd_application/nanobot1/milestone2/data/public_memory/public_memory.jsonl, top_k=2
[BFF] 读取PublicMemory完成: 92 条记录
[BFF] 获取Agent 6f2ab702 堆段: 0 条
2026-04-21 22:49:36,912 - httpx - INFO - HTTP Request: GET http://localhost:55201/heap/unmerged "HTTP/1.1 200 OK"
2026-04-21 22:49:37,047 - httpx - INFO - HTTP Request: POST http://localhost:33333/heap-written "HTTP/1.1 200 OK"
2026-04-21 22:49:37,048 - httpx - INFO - HTTP Request: POST http://localhost:33333/heap-written "HTTP/1.1 200 OK"
2026-04-21 22:49:37,054 - httpx - INFO - HTTP Request: GET http://localhost:33333/task?agent_id=ac658b91 "HTTP/1.1 200 OK"
2026-04-21 22:49:37,056 - httpx - INFO - HTTP Request: POST http://localhost:33333/allocate_page "HTTP/1.1 200 OK"
2026-04-21 22:49:37,057 - httpx - INFO - HTTP Request: POST http://localhost:30479/heap/append "HTTP/1.1 200 OK"
2026-04-21 22:49:37,170 - httpx - INFO - HTTP Request: GET http://localhost:30481/heap/unmerged "HTTP/1.1 200 OK"
2026-04-21 22:49:37,668 - httpx - INFO - HTTP Request: POST http://localhost:33333/heap-written "HTTP/1.1 200 OK"
2026-04-21 22:49:37,778 - httpx - INFO - HTTP Request: GET http://localhost:30479/heap/unmerged "HTTP/1.1 200 OK"
2026-04-21 22:49:37,893 - httpx - INFO - HTTP Request: POST http://localhost:33333/allocate_page "HTTP/1.1 200 OK"
2026-04-21 22:49:37,893 - httpx - INFO - HTTP Request: POST http://localhost:11629/heap/append "HTTP/1.1 200 OK"
2026-04-21 22:49:38,010 - httpx - INFO - HTTP Request: POST http://localhost:33333/heap-written "HTTP/1.1 200 OK"
2026-04-21 22:49:38,013 - httpx - INFO - HTTP Request: GET http://localhost:30489/heap/unmerged "HTTP/1.1 200 OK"
2026-04-21 22:49:38,282 - httpx - INFO - HTTP Request: GET http://localhost:30493/heap/unmerged "HTTP/1.1 200 OK"
2026-04-21 22:49:38,588 - httpx - INFO - HTTP Request: POST http://localhost:30479/heap/append "HTTP/1.1 200 OK"
2026-04-21 22:49:38,591 - httpx - INFO - HTTP Request: GET http://localhost:33333/task?agent_id=60cb891a "HTTP/1.1 200 OK"
2026-04-21 22:49:38,593 - httpx - INFO - HTTP Request: POST http://localhost:33333/allocate_page "HTTP/1.1 200 OK"
2026-04-21 22:49:38,596 - httpx - INFO - HTTP Request: GET http://localhost:11578/heap/unmerged "HTTP/1.1 200 OK"
2026-04-21 22:49:39,188 - httpx - INFO - HTTP Request: GET http://localhost:11581/heap/unmerged "HTTP/1.1 200 OK"
2026-04-21 22:49:39,319 - httpx - INFO - HTTP Request: POST http://localhost:33333/heap-written "HTTP/1.1 200 OK"
2026-04-21 22:49:39,331 - httpx - INFO - HTTP Request: POST http://localhost:11753/heap/append "HTTP/1.1 200 OK"
2026-04-21 22:49:39,335 - httpx - INFO - HTTP Request: GET http://localhost:33333/task?agent_id=1cc9830b "HTTP/1.1 200 OK"
2026-04-21 22:49:39,460 - httpx - INFO - HTTP Request: GET http://localhost:11596/heap/unmerged "HTTP/1.1 200 OK"
2026-04-21 22:49:39,994 - httpx - INFO - HTTP Request: POST http://localhost:33333/heap-written "HTTP/1.1 200 OK"
2026-04-21 22:49:39,998 - httpx - INFO - HTTP Request: GET http://localhost:11601/heap/unmerged "HTTP/1.1 200 OK"
2026-04-21 22:49:40,113 - httpx - INFO - HTTP Request: POST http://localhost:33333/allocate_page "HTTP/1.1 200 OK"
2026-04-21 22:49:40,115 - httpx - INFO - HTTP Request: POST http://localhost:33333/allocate_page "HTTP/1.1 200 OK"
2026-04-21 22:49:40,119 - httpx - INFO - HTTP Request: POST http://localhost:33333/allocate_page "HTTP/1.1 200 OK"
2026-04-21 22:49:40,125 - httpx - INFO - HTTP Request: GET http://localhost:11629/heap/unmerged "HTTP/1.1 200 OK"
2026-04-21 22:49:40,776 - httpx - INFO - HTTP Request: GET http://localhost:11618/heap/unmerged "HTTP/1.1 200 OK"
2026-04-21 22:49:40,904 - httpx - INFO - HTTP Request: POST http://localhost:11753/heap/append "HTTP/1.1 200 OK"
2026-04-21 22:49:40,905 - httpx - INFO - HTTP Request: POST http://localhost:11601/heap/append "HTTP/1.1 200 OK"
2026-04-21 22:49:40,908 - httpx - INFO - HTTP Request: POST http://localhost:30493/heap/append "HTTP/1.1 200 OK"
2026-04-21 22:49:41,630 - httpx - INFO - HTTP Request: GET http://localhost:11644/heap/unmerged "HTTP/1.1 200 OK"
2026-04-21 22:49:41,743 - httpx - INFO - HTTP Request: POST http://localhost:33333/heap-written "HTTP/1.1 200 OK"
2026-04-21 22:49:41,876 - httpx - INFO - HTTP Request: POST http://localhost:33333/heap-written "HTTP/1.1 200 OK"
2026-04-21 22:49:41,879 - httpx - INFO - HTTP Request: POST http://localhost:33333/heap-written "HTTP/1.1 200 OK"
2026-04-21 22:49:41,886 - httpx - INFO - HTTP Request: GET http://localhost:33333/task?agent_id=d5ec85cc "HTTP/1.1 200 OK"
2026-04-21 22:49:41,888 - httpx - INFO - HTTP Request: POST http://localhost:33333/allocate_page "HTTP/1.1 200 OK"
2026-04-21 22:49:41,893 - httpx - INFO - HTTP Request: POST http://localhost:33333/allocate_page "HTTP/1.1 200 OK"
2026-04-21 22:49:41,909 - httpx - INFO - HTTP Request: GET http://localhost:11645/heap/unmerged "HTTP/1.1 200 OK"
2026-04-21 22:49:42,082 - httpx - INFO - HTTP Request: POST http://localhost:33333/allocate_page "HTTP/1.1 200 OK"
2026-04-21 22:49:42,415 - httpx - INFO - HTTP Request: GET http://localhost:11679/heap/unmerged "HTTP/1.1 200 OK"
2026-04-21 22:49:42,687 - httpx - INFO - HTTP Request: POST http://localhost:33333/allocate_page "HTTP/1.1 200 OK"
2026-04-21 22:49:42,690 - httpx - INFO - HTTP Request: POST http://localhost:30493/heap/append "HTTP/1.1 200 OK"
2026-04-21 22:49:42,691 - httpx - INFO - HTTP Request: POST http://localhost:11601/heap/append "HTTP/1.1 200 OK"
2026-04-21 22:49:42,698 - httpx - INFO - HTTP Request: GET http://localhost:11680/heap/unmerged "HTTP/1.1 200 OK"
2026-04-21 22:49:42,994 - httpx - INFO - HTTP Request: POST http://localhost:11578/heap/append "HTTP/1.1 200 OK"
2026-04-21 22:49:43,742 - httpx - INFO - HTTP Request: POST http://localhost:33333/heap-written "HTTP/1.1 200 OK"
2026-04-21 22:49:43,742 - httpx - INFO - HTTP Request: POST http://localhost:33333/heap-written "HTTP/1.1 200 OK"
2026-04-21 22:49:43,743 - httpx - INFO - HTTP Request: GET http://localhost:11711/heap/unmerged "HTTP/1.1 200 OK"
2026-04-21 22:49:43,882 - httpx - INFO - HTTP Request: GET http://localhost:33333/task?agent_id=41c03b14 "HTTP/1.1 200 OK"
2026-04-21 22:49:43,883 - httpx - INFO - HTTP Request: GET http://localhost:33333/task?agent_id=3c736ee1 "HTTP/1.1 200 OK"
2026-04-21 22:49:43,883 - httpx - INFO - HTTP Request: POST http://localhost:11596/heap/append "HTTP/1.1 200 OK"
2026-04-21 22:49:44,055 - httpx - INFO - HTTP Request: POST http://localhost:33333/heap-written "HTTP/1.1 200 OK"
2026-04-21 22:49:44,174 - httpx - INFO - HTTP Request: POST http://localhost:33333/allocate_page "HTTP/1.1 200 OK"
2026-04-21 22:49:44,213 - httpx - INFO - HTTP Request: GET http://localhost:11714/heap/unmerged "HTTP/1.1 200 OK"
2026-04-21 22:49:44,586 - httpx - INFO - HTTP Request: POST http://localhost:33333/allocate_page "HTTP/1.1 200 OK"
2026-04-21 22:49:44,586 - httpx - INFO - HTTP Request: POST http://localhost:33333/heap-written "HTTP/1.1 200 OK"
2026-04-21 22:49:44,619 - httpx - INFO - HTTP Request: POST http://localhost:33333/allocate_page "HTTP/1.1 200 OK"
2026-04-21 22:49:44,633 - httpx - INFO - HTTP Request: POST http://localhost:33333/allocate_page "HTTP/1.1 200 OK"
2026-04-21 22:49:44,637 - httpx - INFO - HTTP Request: GET http://localhost:11748/heap/unmerged "HTTP/1.1 200 OK"
2026-04-21 22:49:44,755 - httpx - INFO - HTTP Request: POST http://localhost:11578/heap/append "HTTP/1.1 200 OK"
2026-04-21 22:49:45,328 - httpx - INFO - HTTP Request: GET http://localhost:11753/heap/unmerged "HTTP/1.1 200 OK"
2026-04-21 22:49:45,331 - httpx - INFO - HTTP Request: POST http://localhost:33333/heap-written "HTTP/1.1 200 OK"
2026-04-21 22:49:45,337 - httpx - INFO - HTTP Request: POST http://localhost:11644/heap/append "HTTP/1.1 200 OK"
2026-04-21 22:49:45,338 - httpx - INFO - HTTP Request: POST http://localhost:33333/allocate_page "HTTP/1.1 200 OK"
2026-04-21 22:49:45,340 - httpx - INFO - HTTP Request: GET http://localhost:33333/task?agent_id=09bf2fda "HTTP/1.1 200 OK"
2026-04-21 22:49:45,340 - httpx - INFO - HTTP Request: POST http://localhost:11748/heap/append "HTTP/1.1 200 OK"
2026-04-21 22:49:45,341 - httpx - INFO - HTTP Request: POST http://localhost:11596/heap/append "HTTP/1.1 200 OK"
2026-04-21 22:49:46,649 - httpx - INFO - HTTP Request: POST http://localhost:33333/heap-written "HTTP/1.1 200 OK"
2026-04-21 22:49:46,653 - httpx - INFO - HTTP Request: POST http://localhost:33333/heap-written "HTTP/1.1 200 OK"
2026-04-21 22:49:46,654 - httpx - INFO - HTTP Request: POST http://localhost:33333/heap-written "HTTP/1.1 200 OK"
2026-04-21 22:49:46,655 - httpx - INFO - HTTP Request: POST http://localhost:33333/allocate_page "HTTP/1.1 200 OK"
2026-04-21 22:49:46,655 - httpx - INFO - HTTP Request: GET http://localhost:33333/task?agent_id=e91fae39 "HTTP/1.1 200 OK"
2026-04-21 22:49:46,666 - httpx - INFO - HTTP Request: POST http://localhost:33333/allocate_page "HTTP/1.1 200 OK"
2026-04-21 22:49:46,667 - httpx - INFO - HTTP Request: POST http://localhost:55202/heap/append "HTTP/1.1 200 OK"
2026-04-21 22:49:46,787 - httpx - INFO - HTTP Request: POST http://localhost:33333/heap-written "HTTP/1.1 200 OK"
2026-04-21 22:49:47,437 - httpx - INFO - HTTP Request: POST http://localhost:11644/heap/append "HTTP/1.1 200 OK"
2026-04-21 22:49:47,438 - httpx - INFO - HTTP Request: POST http://localhost:11748/heap/append "HTTP/1.1 200 OK"
2026-04-21 22:49:47,443 - httpx - INFO - HTTP Request: POST http://localhost:33333/allocate_page "HTTP/1.1 200 OK"
2026-04-21 22:49:47,667 - httpx - INFO - HTTP Request: POST http://localhost:33333/heap-written "HTTP/1.1 200 OK"
2026-04-21 22:49:47,671 - httpx - INFO - HTTP Request: POST http://localhost:33333/heap-written "HTTP/1.1 200 OK"
2026-04-21 22:49:48,472 - httpx - INFO - HTTP Request: POST http://localhost:33333/allocate_page "HTTP/1.1 200 OK"
2026-04-21 22:49:48,476 - httpx - INFO - HTTP Request: GET http://localhost:33333/task?agent_id=bf61af0f "HTTP/1.1 200 OK"
2026-04-21 22:49:48,481 - httpx - INFO - HTTP Request: GET http://localhost:33333/task?agent_id=d903e394 "HTTP/1.1 200 OK"
2026-04-21 22:49:48,482 - httpx - INFO - HTTP Request: POST http://localhost:55202/heap/append "HTTP/1.1 200 OK"
2026-04-21 22:49:49,405 - httpx - INFO - HTTP Request: POST http://localhost:33333/heap-written "HTTP/1.1 200 OK"
2026-04-21 22:49:49,534 - httpx - INFO - HTTP Request: POST http://localhost:30489/heap/append "HTTP/1.1 200 OK"
2026-04-21 22:49:49,538 - httpx - INFO - HTTP Request: GET http://localhost:13382/health "HTTP/1.1 200 OK"
2026-04-21 22:49:49,686 - httpx - INFO - HTTP Request: GET http://localhost:33333/task?agent_id=6f2ab702 "HTTP/1.1 200 OK"
2026-04-21 22:49:50,202 - httpx - INFO - HTTP Request: POST http://localhost:33333/allocate_page "HTTP/1.1 200 OK"
2026-04-21 22:49:50,262 - httpx - INFO - HTTP Request: POST http://localhost:33333/heap-written "HTTP/1.1 200 OK"
2026-04-21 22:49:50,266 - httpx - INFO - HTTP Request: POST http://localhost:33333/allocate_page "HTTP/1.1 200 OK"
2026-04-21 22:49:50,269 - httpx - INFO - HTTP Request: POST http://localhost:33333/allocate_page "HTTP/1.1 200 OK"
2026-04-21 22:49:50,602 - httpx - INFO - HTTP Request: GET http://localhost:33333/active_pages "HTTP/1.1 200 OK"
2026-04-21 22:49:50,606 - httpx - INFO - HTTP Request: GET http://localhost:33333/active_pages "HTTP/1.1 200 OK"
2026-04-21 22:49:51,060 - httpx - INFO - HTTP Request: POST http://localhost:11680/heap/append "HTTP/1.1 200 OK"
2026-04-21 22:49:51,062 - httpx - INFO - HTTP Request: POST http://localhost:11714/heap/append "HTTP/1.1 200 OK"
2026-04-21 22:49:51,063 - httpx - INFO - HTTP Request: POST http://localhost:30489/heap/append "HTTP/1.1 200 OK"
2026-04-21 22:49:51,412 - httpx - INFO - HTTP Request: POST http://localhost:33333/heap-written "HTTP/1.1 200 OK"
2026-04-21 22:49:51,415 - httpx - INFO - HTTP Request: POST http://localhost:33333/heap-written "HTTP/1.1 200 OK"
2026-04-21 22:49:51,416 - httpx - INFO - HTTP Request: POST http://localhost:33333/heap-written "HTTP/1.1 200 OK"
2026-04-21 22:49:51,769 - httpx - INFO - HTTP Request: POST http://localhost:33333/allocate_page "HTTP/1.1 200 OK"
2026-04-21 22:49:51,773 - httpx - INFO - HTTP Request: POST http://localhost:33333/allocate_page "HTTP/1.1 200 OK"
2026-04-21 22:49:51,773 - httpx - INFO - HTTP Request: GET http://localhost:33333/task?agent_id=d8f7bfa6 "HTTP/1.1 200 OK"
2026-04-21 22:49:52,635 - httpx - INFO - HTTP Request: POST http://localhost:11680/heap/append "HTTP/1.1 200 OK"
2026-04-21 22:49:52,788 - httpx - INFO - HTTP Request: POST http://localhost:11714/heap/append "HTTP/1.1 200 OK"
2026-04-21 22:49:55,371 - httpx - INFO - HTTP Request: GET http://localhost:33333/task?agent_id=eb2af86c "HTTP/1.1 200 OK"
2026-04-21 22:49:55,375 - httpx - INFO - HTTP Request: POST http://localhost:33333/mark_pages_merged "HTTP/1.1 200 OK"
2026-04-21 22:49:55,378 - httpx - INFO - HTTP Request: POST http://localhost:33333/mark_pages_merged "HTTP/1.1 200 OK"
2026-04-21 22:49:55,379 - httpx - INFO - HTTP Request: POST http://localhost:33333/heap-written "HTTP/1.1 200 OK"
2026-04-21 22:49:55,379 - httpx - INFO - HTTP Request: POST http://localhost:33333/heap-written "HTTP/1.1 200 OK"
2026-04-21 22:49:55,383 - httpx - INFO - HTTP Request: GET http://localhost:33333/task?agent_id=ac658b91 "HTTP/1.1 200 OK"
2026-04-21 22:49:55,388 - httpx - INFO - HTTP Request: POST http://localhost:33333/allocate_page "HTTP/1.1 200 OK"
2026-04-21 22:49:55,389 - httpx - INFO - HTTP Request: GET http://localhost:33333/task?agent_id=6e45c105 "HTTP/1.1 200 OK"
2026-04-21 22:49:55,390 - httpx - INFO - HTTP Request: POST http://localhost:33333/allocate_page "HTTP/1.1 200 OK"
2026-04-21 22:49:55,391 - httpx - INFO - HTTP Request: POST http://localhost:33333/allocate_page "HTTP/1.1 200 OK"
2026-04-21 22:50:00,083 - httpx - INFO - HTTP Request: POST http://localhost:11714/heap/mark-merged "HTTP/1.1 200 OK"
2026-04-21 22:50:00,096 - httpx - INFO - HTTP Request: POST http://localhost:11714/heap/mark-merged "HTTP/1.1 200 OK"
2026-04-21 22:50:00,099 - httpx - INFO - HTTP Request: POST http://localhost:11679/heap/mark-merged "HTTP/1.1 200 OK"
2026-04-21 22:50:00,113 - httpx - INFO - HTTP Request: POST http://localhost:30493/heap/mark-merged "HTTP/1.1 200 OK"
2026-04-21 22:50:00,114 - httpx - INFO - HTTP Request: POST http://localhost:11581/heap/mark-merged "HTTP/1.1 200 OK"
2026-04-21 22:50:00,115 - httpx - INFO - HTTP Request: POST http://localhost:11596/heap/mark-merged "HTTP/1.1 200 OK"
2026-04-21 22:50:00,115 - httpx - INFO - HTTP Request: POST http://localhost:11711/heap/mark-merged "HTTP/1.1 200 OK"
2026-04-21 22:50:00,116 - httpx - INFO - HTTP Request: POST http://localhost:30481/heap/mark-merged "HTTP/1.1 200 OK"
2026-04-21 22:50:00,116 - httpx - INFO - HTTP Request: POST http://localhost:11748/heap/mark-merged "HTTP/1.1 200 OK"
2026-04-21 22:50:00,117 - httpx - INFO - HTTP Request: POST http://localhost:11644/heap/mark-merged "HTTP/1.1 200 OK"
2026-04-21 22:50:00,117 - httpx - INFO - HTTP Request: POST http://localhost:11680/heap/mark-merged "HTTP/1.1 200 OK"
2026-04-21 22:50:00,118 - httpx - INFO - HTTP Request: POST http://localhost:11629/heap/mark-merged "HTTP/1.1 200 OK"
2026-04-21 22:50:00,119 - httpx - INFO - HTTP Request: POST http://localhost:11753/heap/mark-merged "HTTP/1.1 200 OK"
2026-04-21 22:50:00,119 - httpx - INFO - HTTP Request: POST http://localhost:11578/heap/mark-merged "HTTP/1.1 200 OK"
2026-04-21 22:50:00,177 - httpx - INFO - HTTP Request: POST http://localhost:11711/heap/mark-merged "HTTP/1.1 200 OK"
2026-04-21 22:50:00,178 - httpx - INFO - HTTP Request: POST http://localhost:11679/heap/mark-merged "HTTP/1.1 200 OK"
2026-04-21 22:50:00,179 - httpx - INFO - HTTP Request: POST http://localhost:11578/heap/mark-merged "HTTP/1.1 200 OK"
2026-04-21 22:50:00,179 - httpx - INFO - HTTP Request: POST http://localhost:11644/heap/mark-merged "HTTP/1.1 200 OK"
2026-04-21 22:50:00,180 - httpx - INFO - HTTP Request: POST http://localhost:30489/heap/mark-merged "HTTP/1.1 200 OK"
2026-04-21 22:50:00,180 - httpx - INFO - HTTP Request: POST http://localhost:11680/heap/mark-merged "HTTP/1.1 200 OK"
2026-04-21 22:50:00,181 - httpx - INFO - HTTP Request: POST http://localhost:11748/heap/mark-merged "HTTP/1.1 200 OK"
2026-04-21 22:50:00,181 - httpx - INFO - HTTP Request: POST http://localhost:11753/heap/mark-merged "HTTP/1.1 200 OK"
2026-04-21 22:50:00,182 - httpx - INFO - HTTP Request: POST http://localhost:55202/heap/mark-merged "HTTP/1.1 200 OK"
2026-04-21 22:50:00,182 - httpx - INFO - HTTP Request: POST http://localhost:11629/heap/mark-merged "HTTP/1.1 200 OK"
2026-04-21 22:50:00,183 - httpx - INFO - HTTP Request: POST http://localhost:30489/heap/mark-merged "HTTP/1.1 200 OK"
2026-04-21 22:50:00,183 - httpx - INFO - HTTP Request: POST http://localhost:11581/heap/mark-merged "HTTP/1.1 200 OK"
2026-04-21 22:50:00,184 - httpx - INFO - HTTP Request: POST http://localhost:11601/heap/mark-merged "HTTP/1.1 200 OK"
2026-04-21 22:50:00,184 - httpx - INFO - HTTP Request: POST http://localhost:30479/heap/mark-merged "HTTP/1.1 200 OK"
2026-04-21 22:50:00,185 - httpx - INFO - HTTP Request: POST http://localhost:30481/heap/mark-merged "HTTP/1.1 200 OK"
2026-04-21 22:50:00,186 - httpx - INFO - HTTP Request: POST http://localhost:11596/heap/mark-merged "HTTP/1.1 200 OK"
2026-04-21 22:50:00,187 - httpx - INFO - HTTP Request: POST http://localhost:30493/heap/mark-merged "HTTP/1.1 200 OK"
2026-04-21 22:50:00,187 - httpx - INFO - HTTP Request: POST http://localhost:55202/heap/mark-merged "HTTP/1.1 200 OK"
2026-04-21 22:50:00,209 - httpx - INFO - HTTP Request: POST http://localhost:30479/heap/mark-merged "HTTP/1.1 200 OK"
2026-04-21 22:50:00,210 - httpx - INFO - HTTP Request: POST http://localhost:11601/heap/mark-merged "HTTP/1.1 200 OK"
2026-04-21 22:50:00,240 - httpx - INFO - HTTP Request: POST http://localhost:33333/allocate_page "HTTP/1.1 200 OK"
2026-04-21 22:50:00,243 - httpx - INFO - HTTP Request: POST http://localhost:30481/heap/append "HTTP/1.1 200 OK"
2026-04-21 22:50:00,245 - httpx - INFO - HTTP Request: POST http://localhost:11711/heap/append "HTTP/1.1 200 OK"
2026-04-21 22:50:00,246 - httpx - INFO - HTTP Request: POST http://localhost:11629/heap/append "HTTP/1.1 200 OK"
2026-04-21 22:50:00,265 - httpx - INFO - HTTP Request: POST http://localhost:33333/allocate_page "HTTP/1.1 200 OK"
2026-04-21 22:50:00,270 - httpx - INFO - HTTP Request: POST http://localhost:33333/allocate_page "HTTP/1.1 200 OK"
2026-04-21 22:50:00,271 - httpx - INFO - HTTP Request: POST http://localhost:33333/allocate_page "HTTP/1.1 200 OK"
2026-04-21 22:50:00,601 - httpx - INFO - HTTP Request: POST http://localhost:13382/execute_merge "HTTP/1.1 200 OK"
2026-04-21 22:50:00,602 - httpx - INFO - HTTP Request: POST http://localhost:13382/execute_merge "HTTP/1.1 200 OK"
2026-04-21 22:50:00,621 - httpx - INFO - HTTP Request: POST http://localhost:33333/allocate_page "HTTP/1.1 200 OK"
2026-04-21 22:50:02,216 - httpx - INFO - HTTP Request: POST http://localhost:33333/heap-written "HTTP/1.1 200 OK"
2026-04-21 22:50:02,217 - httpx - INFO - HTTP Request: POST http://localhost:33333/heap-written "HTTP/1.1 200 OK"
2026-04-21 22:50:02,217 - httpx - INFO - HTTP Request: POST http://localhost:33333/heap-written "HTTP/1.1 200 OK"
2026-04-21 22:50:02,232 - httpx - INFO - HTTP Request: POST http://localhost:33333/allocate_page "HTTP/1.1 200 OK"
2026-04-21 22:50:02,233 - httpx - INFO - HTTP Request: POST http://localhost:33333/allocate_page "HTTP/1.1 200 OK"
2026-04-21 22:50:02,234 - httpx - INFO - HTTP Request: POST http://localhost:33333/allocate_page "HTTP/1.1 200 OK"
2026-04-21 22:50:02,235 - httpx - INFO - HTTP Request: POST http://localhost:11618/heap/append "HTTP/1.1 200 OK"
2026-04-21 22:50:02,380 - httpx - INFO - HTTP Request: GET http://localhost:55202/heap/unmerged "HTTP/1.1 200 OK"
2026-04-21 22:50:02,381 - httpx - INFO - HTTP Request: POST http://localhost:33333/allocate_page "HTTP/1.1 200 OK"
2026-04-21 22:50:02,382 - httpx - INFO - HTTP Request: POST http://localhost:11753/heap/append "HTTP/1.1 200 OK"
2026-04-21 22:50:02,382 - httpx - INFO - HTTP Request: POST http://localhost:11679/heap/append "HTTP/1.1 200 OK"
2026-04-21 22:50:02,383 - httpx - INFO - HTTP Request: POST http://localhost:11581/heap/append "HTTP/1.1 200 OK"
2026-04-21 22:50:02,383 - httpx - INFO - HTTP Request: POST http://localhost:33333/allocate_page "HTTP/1.1 200 OK"
2026-04-21 22:50:02,793 - httpx - INFO - HTTP Request: POST http://localhost:33333/allocate_page "HTTP/1.1 200 OK"
2026-04-21 22:50:02,794 - httpx - INFO - HTTP Request: POST http://localhost:33333/allocate_page "HTTP/1.1 200 OK"
2026-04-21 22:50:02,795 - httpx - INFO - HTTP Request: POST http://localhost:55201/heap/append "HTTP/1.1 200 OK"
2026-04-21 22:50:04,044 - httpx - INFO - HTTP Request: POST http://localhost:33333/heap-written "HTTP/1.1 200 OK"
2026-04-21 22:50:04,372 - httpx - INFO - HTTP Request: GET http://localhost:55201/heap/unmerged "HTTP/1.1 200 OK"
2026-04-21 22:50:04,501 - httpx - INFO - HTTP Request: POST http://localhost:33333/heap-written "HTTP/1.1 200 OK"
2026-04-21 22:50:04,502 - httpx - INFO - HTTP Request: POST http://localhost:33333/heap-written "HTTP/1.1 200 OK"
2026-04-21 22:50:04,502 - httpx - INFO - HTTP Request: POST http://localhost:33333/heap-written "HTTP/1.1 200 OK"
2026-04-21 22:50:04,514 - httpx - INFO - HTTP Request: POST http://localhost:33333/allocate_page "HTTP/1.1 200 OK"
2026-04-21 22:50:04,515 - httpx - INFO - HTTP Request: POST http://localhost:30481/heap/append "HTTP/1.1 200 OK"
2026-04-21 22:50:04,529 - httpx - INFO - HTTP Request: POST http://localhost:33333/heap-written "HTTP/1.1 200 OK"
2026-04-21 22:50:04,530 - httpx - INFO - HTTP Request: POST http://localhost:33333/allocate_page "HTTP/1.1 200 OK"
2026-04-21 22:50:04,531 - httpx - INFO - HTTP Request: POST http://localhost:11711/heap/append "HTTP/1.1 200 OK"
2026-04-21 22:50:04,532 - httpx - INFO - HTTP Request: POST http://localhost:11629/heap/append "HTTP/1.1 200 OK"
2026-04-21 22:50:04,650 - httpx - INFO - HTTP Request: POST http://localhost:30479/heap/append "HTTP/1.1 200 OK"
2026-04-21 22:50:04,651 - httpx - INFO - HTTP Request: POST http://localhost:33333/allocate_page "HTTP/1.1 200 OK"
2026-04-21 22:50:04,652 - httpx - INFO - HTTP Request: POST http://localhost:33333/allocate_page "HTTP/1.1 200 OK"
2026-04-21 22:50:04,652 - httpx - INFO - HTTP Request: POST http://localhost:30493/heap/append "HTTP/1.1 200 OK"
2026-04-21 22:50:04,653 - httpx - INFO - HTTP Request: POST http://localhost:11601/heap/append "HTTP/1.1 200 OK"
2026-04-21 22:50:04,854 - httpx - INFO - HTTP Request: POST http://localhost:11596/heap/append "HTTP/1.1 200 OK"
2026-04-21 22:50:04,855 - httpx - INFO - HTTP Request: POST http://localhost:33333/allocate_page "HTTP/1.1 200 OK"
2026-04-21 22:50:05,143 - httpx - INFO - HTTP Request: GET http://localhost:30481/heap/unmerged "HTTP/1.1 200 OK"
2026-04-21 22:50:07,055 - httpx - INFO - HTTP Request: POST http://localhost:33333/heap-written "HTTP/1.1 200 OK"
2026-04-21 22:50:07,132 - httpx - INFO - HTTP Request: POST http://localhost:33333/heap-written "HTTP/1.1 200 OK"
2026-04-21 22:50:07,345 - httpx - INFO - HTTP Request: POST http://localhost:33333/heap-written "HTTP/1.1 200 OK"
2026-04-21 22:50:07,353 - httpx - INFO - HTTP Request: POST http://localhost:33333/heap-written "HTTP/1.1 200 OK"
2026-04-21 22:50:07,365 - httpx - INFO - HTTP Request: POST http://localhost:33333/heap-written "HTTP/1.1 200 OK"
2026-04-21 22:50:07,366 - httpx - INFO - HTTP Request: POST http://localhost:33333/heap-written "HTTP/1.1 200 OK"
2026-04-21 22:50:07,367 - httpx - INFO - HTTP Request: GET http://localhost:33333/task?agent_id=6f06d397 "HTTP/1.1 200 OK"
2026-04-21 22:50:07,369 - httpx - INFO - HTTP Request: GET http://localhost:33333/task?agent_id=60cb891a "HTTP/1.1 200 OK"
2026-04-21 22:50:07,370 - httpx - INFO - HTTP Request: GET http://localhost:33333/task?agent_id=9a4d93a2 "HTTP/1.1 200 OK"
2026-04-21 22:50:07,376 - httpx - INFO - HTTP Request: POST http://localhost:33333/heap-written "HTTP/1.1 200 OK"
2026-04-21 22:50:07,411 - httpx - INFO - HTTP Request: POST http://localhost:11753/heap/append "HTTP/1.1 200 OK"
2026-04-21 22:50:07,412 - httpx - INFO - HTTP Request: POST http://localhost:11618/heap/append "HTTP/1.1 200 OK"
2026-04-21 22:50:07,413 - httpx - INFO - HTTP Request: GET http://localhost:30479/heap/unmerged "HTTP/1.1 200 OK"
2026-04-21 22:50:07,522 - httpx - INFO - HTTP Request: POST http://localhost:33333/allocate_page "HTTP/1.1 200 OK"
2026-04-21 22:50:08,045 - httpx - INFO - HTTP Request: POST http://localhost:33333/allocate_page "HTTP/1.1 200 OK"
2026-04-21 22:50:08,047 - httpx - INFO - HTTP Request: POST http://localhost:33333/allocate_page "HTTP/1.1 200 OK"
2026-04-21 22:50:08,048 - httpx - INFO - HTTP Request: POST http://localhost:33333/allocate_page "HTTP/1.1 200 OK"
2026-04-21 22:50:08,049 - httpx - INFO - HTTP Request: POST http://localhost:11679/heap/append "HTTP/1.1 200 OK"
2026-04-21 22:50:08,050 - httpx - INFO - HTTP Request: POST http://localhost:55201/heap/append "HTTP/1.1 200 OK"
2026-04-21 22:50:08,053 - httpx - INFO - HTTP Request: POST http://localhost:11581/heap/append "HTTP/1.1 200 OK"
[BFF] 读取PublicMemory (物理路径): /mnt/d/collections2026/phd_application/nanobot1/milestone2/data/public_memory/public_memory.jsonl, top_k=2
[BFF] 读取PublicMemory完成: 92 条记录
[BFF] 获取Agent 37bb187c 堆段: 0 条
[BFF] all-unmerged 请求正在进行，等待完成...
[BFF] all-unmerged 请求正在进行，等待完成...
[BFF] 读取PublicMemory (物理路径): /mnt/d/collections2026/phd_application/nanobot1/milestone2/data/public_memory/public_memory.jsonl, top_k=2
[BFF] 读取PublicMemory完成: 92 条记录
[BFF] 获取Agent 9a4d93a2 堆段: 2 条
[BFF] all-unmerged 请求正在进行，等待完成...
[BFF] 获取Agent 1cc9830b 堆段: 1 条
[BFF] 获取Agent d8f7bfa6 堆段: 0 条
[BFF] all-unmerged 请求正在进行，等待完成...
[BFF] 获取Agent 41c03b14 堆段: 0 条
[BFF] 获取Agent 09bf2fda 堆段: 0 条
[BFF] 读取PublicMemory (物理路径): /mnt/d/collections2026/phd_application/nanobot1/milestone2/data/public_memory/public_memory.jsonl, top_k=2
[BFF] 读取PublicMemory完成: 92 条记录
[BFF] 获取Agent d32a0045 堆段: 2 条
[BFF] all-unmerged 请求正在进行，等待完成...
[BFF] 获取Agent e91fae39 堆段: 0 条
[BFF] 读取PublicMemory (物理路径): /mnt/d/collections2026/phd_application/nanobot1/milestone2/data/public_memory/public_memory.jsonl, top_k=2
[BFF] 读取PublicMemory完成: 92 条记录
[BFF] all-unmerged 请求正在进行，等待完成...
[BFF] 获取Agent 3c736ee1 堆段: 0 条
[BFF] 获取Agent 60cb891a 堆段: 2 条
[BFF] 获取Agent 5ca5541e 堆段: 0 条
[BFF] 获取Agent bf61af0f 堆段: 0 条
[BFF] all-unmerged 请求正在进行，等待完成...
[BFF] all-unmerged 请求正在进行，等待完成...
[BFF] all-unmerged 请求正在进行，等待完成...
[BFF] 获取Agent eb2af86c 堆段: 0 条
[BFF] 读取PublicMemory (物理路径): /mnt/d/collections2026/phd_application/nanobot1/milestone2/data/public_memory/public_memory.jsonl, top_k=2
[BFF] 读取PublicMemory完成: 92 条记录
[BFF] 获取Agent 63afa39e 堆段: 1 条
[BFF] 获取Agent ac658b91 堆段: 2 条
[BFF] 获取Agent 6f06d397 堆段: 2 条
[BFF] all-unmerged 请求正在进行，等待完成...
[BFF] all-unmerged 请求正在进行，等待完成...
[BFF] all-unmerged 请求正在进行，等待完成...
[BFF] 读取PublicMemory (物理路径): /mnt/d/collections2026/phd_application/nanobot1/milestone2/data/public_memory/public_memory.jsonl, top_k=2
[BFF] 读取PublicMemory完成: 92 条记录
[BFF] 获取Agent 6e45c105 堆段: 2 条
[BFF] 读取PublicMemory (物理路径): /mnt/d/collections2026/phd_application/nanobot1/milestone2/data/public_memory/public_memory.jsonl, top_k=2
[BFF] 读取PublicMemory完成: 92 条记录
[BFF] all-unmerged 请求正在进行，等待完成...
[BFF] 获取Agent d903e394 堆段: 0 条
[BFF] 获取Agent d5ec85cc 堆段: 2 条
[BFF] all-unmerged 获取完成: 16 条
[BFF] all-unmerged 命中缓存: 16 条 (缓存剩余 5.0s)
[BFF] 创建Consolidator容器...
[BFF] 读取PublicMemory (物理路径): /mnt/d/collections2026/phd_application/nanobot1/milestone2/data/public_memory/public_memory.jsonl, top_k=2
[BFF] 读取PublicMemory完成: 92 条记录
[BFF] 读取PublicMemory (物理路径): /mnt/d/collections2026/phd_application/nanobot1/milestone2/data/public_memory/public_memory.jsonl, top_k=2
[BFF] 读取PublicMemory完成: 92 条记录
[BFF] 读取PublicMemory (物理路径): /mnt/d/collections2026/phd_application/nanobot1/milestone2/data/public_memory/public_memory.jsonl, top_k=2
[BFF] 读取PublicMemory完成: 92 条记录
[BFF] 读取PublicMemory (物理路径): /mnt/d/collections2026/phd_application/nanobot1/milestone2/data/public_memory/public_memory.jsonl, top_k=2
[BFF] 读取PublicMemory完成: 92 条记录
[Orchestrator] Container consolidator_a3031bb8 is ready
[Orchestrator] Created container consolidator_a3031bb8
[BFF] Consolidator容器已创建: a3031bb8
[BFF] Consolidator容器已创建: a3031bb8
[BFF] Consolidator容器已创建: a3031bb8
[BFF] 转发合并请求到Consolidator: http://localhost:13382/execute_merge
[BFF] Consolidator容器已存在（双重检查）: a3031bb8
[BFF] 转发合并请求到Consolidator: http://localhost:13382/execute_merge
[BFF] 读取PublicMemory (物理路径): /mnt/d/collections2026/phd_application/nanobot1/milestone2/data/public_memory/public_memory.jsonl, top_k=2
[BFF] 读取PublicMemory完成: 92 条记录
[BFF] 读取PublicMemory (物理路径): /mnt/d/collections2026/phd_application/nanobot1/milestone2/data/public_memory/public_memory.jsonl, top_k=10000
[BFF] 读取PublicMemory完成: 92 条记录
[BFF] 读取PublicMemory (物理路径): /mnt/d/collections2026/phd_application/nanobot1/milestone2/data/public_memory/public_memory.jsonl, top_k=10000
[BFF] 读取PublicMemory完成: 92 条记录
[BFF] 读取PublicMemory (物理路径): /mnt/d/collections2026/phd_application/nanobot1/milestone2/data/public_memory/public_memory.jsonl, top_k=2
[BFF] 读取PublicMemory完成: 92 条记录
[BFF] 写入PublicMemory (物理路径): /mnt/d/collections2026/phd_application/nanobot1/milestone2/data/public_memory/public_memory.jsonl
[BFF] 原子替换PublicMemory: 118 条记录 -> /mnt/d/collections2026/phd_application/nanobot1/milestone2/data/public_memory/public_memory.jsonl
[BFF] 写入PublicMemory (物理路径): /mnt/d/collections2026/phd_application/nanobot1/milestone2/data/public_memory/public_memory.jsonl
[BFF] 原子替换PublicMemory: 118 条记录 -> /mnt/d/collections2026/phd_application/nanobot1/milestone2/data/public_memory/public_memory.jsonl
[BFF] 读取PublicMemory (物理路径): /mnt/d/collections2026/phd_application/nanobot1/milestone2/data/public_memory/public_memory.jsonl, top_k=2
[BFF] 读取PublicMemory完成: 118 条记录
[BFF] 读取PublicMemory (物理路径): /mnt/d/collections2026/phd_application/nanobot1/milestone2/data/public_memory/public_memory.jsonl, top_k=2
[BFF] 读取PublicMemory完成: 118 条记录
[BFF] 读取PublicMemory (物理路径): /mnt/d/collections2026/phd_application/nanobot1/milestone2/data/public_memory/public_memory.jsonl, top_k=2
[BFF] 读取PublicMemory完成: 118 条记录
[BFF] Consolidator合并完成: {'status': 'ok', 'original_count': 127, 'deduped_count': 118, 'removed_count': 9, 'pages_marked': 35, 'source': 'km_page_table'}
[BFF] Consolidator合并完成: {'status': 'ok', 'original_count': 127, 'deduped_count': 118, 'removed_count': 9, 'pages_marked': 35, 'source': 'km_page_table'}
[BFF] all-unmerged 请求正在进行，等待完成...
[BFF] 获取Agent 6f2ab702 堆段: 0 条
[BFF] 获取Agent 37bb187c 堆段: 1 条
[BFF] 获取Agent 9a4d93a2 堆段: 2 条
[BFF] all-unmerged 请求正在进行，等待完成...
[BFF] all-unmerged 请求正在进行，等待完成...
[BFF] all-unmerged 请求正在进行，等待完成...
[BFF] 获取Agent 1cc9830b 堆段: 1 条
[BFF] all-unmerged 请求正在进行，等待完成...
[BFF] all-unmerged 请求正在进行，等待完成...
[BFF] all-unmerged 请求正在进行，等待完成...
[BFF] all-unmerged 请求正在进行，等待完成...
[BFF] Consolidator容器已存在: a3031bb8
[BFF] 转发合并请求到Consolidator: http://localhost:13382/execute_merge
[BFF] Consolidator容器已存在: a3031bb8
[BFF] 转发合并请求到Consolidator: http://localhost:13382/execute_merge
[BFF] Consolidator容器已存在: a3031bb8
[BFF] 转发合并请求到Consolidator: http://localhost:13382/execute_merge
[BFF] Consolidator容器已存在: a3031bb8
[BFF] 转发合并请求到Consolidator: http://localhost:13382/execute_merge
[BFF] Consolidator容器已存在: a3031bb8
[BFF] 转发合并请求到Consolidator: http://localhost:13382/execute_merge
[BFF] Consolidator容器已存在: a3031bb8
[BFF] 转发合并请求到Consolidator: http://localhost:13382/execute_merge
[BFF] Consolidator容器已存在: a3031bb8
[BFF] 转发合并请求到Consolidator: http://localhost:13382/execute_merge
[BFF] 读取PublicMemory (物理路径): /mnt/d/collections2026/phd_application/nanobot1/milestone2/data/public_memory/public_memory.jsonl, top_k=2
[BFF] 读取PublicMemory完成: 118 条记录
2026-04-21 22:50:09,233 - httpx - INFO - HTTP Request: POST http://localhost:33333/allocate_page "HTTP/1.1 200 OK"
2026-04-21 22:50:10,020 - httpx - INFO - HTTP Request: GET http://localhost:30489/heap/unmerged "HTTP/1.1 200 OK"
2026-04-21 22:50:10,022 - httpx - INFO - HTTP Request: POST http://localhost:33333/heap-written "HTTP/1.1 200 OK"
2026-04-21 22:50:10,023 - httpx - INFO - HTTP Request: POST http://localhost:33333/heap-written "HTTP/1.1 200 OK"
2026-04-21 22:50:10,256 - httpx - INFO - HTTP Request: GET http://localhost:33333/task?agent_id=5ca5541e "HTTP/1.1 200 OK"
2026-04-21 22:50:10,257 - httpx - INFO - HTTP Request: GET http://localhost:33333/task?agent_id=d5ec85cc "HTTP/1.1 200 OK"
2026-04-21 22:50:10,638 - httpx - INFO - HTTP Request: POST http://localhost:33333/heap-written "HTTP/1.1 200 OK"
2026-04-21 22:50:10,639 - httpx - INFO - HTTP Request: POST http://localhost:33333/heap-written "HTTP/1.1 200 OK"
2026-04-21 22:50:10,640 - httpx - INFO - HTTP Request: POST http://localhost:33333/heap-written "HTTP/1.1 200 OK"
2026-04-21 22:50:10,759 - httpx - INFO - HTTP Request: POST http://localhost:30479/heap/append "HTTP/1.1 200 OK"
2026-04-21 22:50:11,271 - httpx - INFO - HTTP Request: GET http://localhost:33333/task?agent_id=37bb187c "HTTP/1.1 200 OK"
2026-04-21 22:50:11,272 - httpx - INFO - HTTP Request: GET http://localhost:33333/task?agent_id=d32a0045 "HTTP/1.1 200 OK"
2026-04-21 22:50:11,273 - httpx - INFO - HTTP Request: GET http://localhost:33333/task?agent_id=63afa39e "HTTP/1.1 200 OK"
2026-04-21 22:50:11,280 - httpx - INFO - HTTP Request: POST http://localhost:33333/allocate_page "HTTP/1.1 200 OK"
2026-04-21 22:50:11,281 - httpx - INFO - HTTP Request: POST http://localhost:11596/heap/append "HTTP/1.1 200 OK"
2026-04-21 22:50:11,281 - httpx - INFO - HTTP Request: POST http://localhost:30493/heap/append "HTTP/1.1 200 OK"
2026-04-21 22:50:11,282 - httpx - INFO - HTTP Request: POST http://localhost:11601/heap/append "HTTP/1.1 200 OK"
2026-04-21 22:50:11,718 - httpx - INFO - HTTP Request: POST http://localhost:55202/heap/append "HTTP/1.1 200 OK"
2026-04-21 22:50:11,719 - httpx - INFO - HTTP Request: GET http://localhost:30493/heap/unmerged "HTTP/1.1 200 OK"
2026-04-21 22:50:12,454 - httpx - INFO - HTTP Request: GET http://localhost:33333/active_pages "HTTP/1.1 200 OK"
2026-04-21 22:50:12,455 - httpx - INFO - HTTP Request: GET http://localhost:33333/active_pages "HTTP/1.1 200 OK"
2026-04-21 22:50:12,456 - httpx - INFO - HTTP Request: GET http://localhost:33333/active_pages "HTTP/1.1 200 OK"
2026-04-21 22:50:12,480 - httpx - INFO - HTTP Request: GET http://localhost:33333/active_pages "HTTP/1.1 200 OK"
2026-04-21 22:50:12,486 - httpx - INFO - HTTP Request: GET http://localhost:33333/active_pages "HTTP/1.1 200 OK"
2026-04-21 22:50:12,488 - httpx - INFO - HTTP Request: GET http://localhost:33333/active_pages "HTTP/1.1 200 OK"
2026-04-21 22:50:12,488 - httpx - INFO - HTTP Request: GET http://localhost:33333/active_pages "HTTP/1.1 200 OK"
2026-04-21 22:50:12,925 - httpx - INFO - HTTP Request: POST http://localhost:33333/heap-written "HTTP/1.1 200 OK"
2026-04-21 22:50:12,977 - httpx - INFO - HTTP Request: GET http://localhost:33333/task?agent_id=1cc9830b "HTTP/1.1 200 OK"
2026-04-21 22:50:12,980 - httpx - INFO - HTTP Request: POST http://localhost:33333/heap-written "HTTP/1.1 200 OK"
2026-04-21 22:50:12,980 - httpx - INFO - HTTP Request: POST http://localhost:33333/heap-written "HTTP/1.1 200 OK"
2026-04-21 22:50:12,981 - httpx - INFO - HTTP Request: POST http://localhost:33333/heap-written "HTTP/1.1 200 OK"
2026-04-21 22:50:13,298 - httpx - INFO - HTTP Request: GET http://localhost:11578/heap/unmerged "HTTP/1.1 200 OK"
2026-04-21 22:50:13,299 - httpx - INFO - HTTP Request: GET http://localhost:33333/task?agent_id=41c03b14 "HTTP/1.1 200 OK"
2026-04-21 22:50:13,300 - httpx - INFO - HTTP Request: GET http://localhost:33333/task?agent_id=e91fae39 "HTTP/1.1 200 OK"
2026-04-21 22:50:13,301 - httpx - INFO - HTTP Request: GET http://localhost:33333/task?agent_id=3c736ee1 "HTTP/1.1 200 OK"
2026-04-21 22:50:13,404 - httpx - INFO - HTTP Request: POST http://localhost:33333/heap-written "HTTP/1.1 200 OK"
2026-04-21 22:50:13,405 - httpx - INFO - HTTP Request: POST http://localhost:11578/heap/append "HTTP/1.1 200 OK"
2026-04-21 22:50:13,595 - httpx - INFO - HTTP Request: POST http://localhost:33333/allocate_page "HTTP/1.1 200 OK"
2026-04-21 22:50:13,596 - httpx - INFO - HTTP Request: POST http://localhost:33333/allocate_page "HTTP/1.1 200 OK"
2026-04-21 22:50:13,604 - httpx - INFO - HTTP Request: POST http://localhost:33333/heap-written "HTTP/1.1 200 OK"
2026-04-21 22:50:13,618 - httpx - INFO - HTTP Request: GET http://localhost:11581/heap/unmerged "HTTP/1.1 200 OK"
2026-04-21 22:50:13,907 - httpx - INFO - HTTP Request: POST http://localhost:33333/allocate_page "HTTP/1.1 200 OK"
2026-04-21 22:50:13,932 - httpx - INFO - HTTP Request: GET http://localhost:11596/heap/unmerged "HTTP/1.1 200 OK"
2026-04-21 22:50:14,452 - httpx - INFO - HTTP Request: POST http://localhost:11644/heap/append "HTTP/1.1 200 OK"
2026-04-21 22:50:14,455 - httpx - INFO - HTTP Request: POST http://localhost:55202/heap/append "HTTP/1.1 200 OK"
2026-04-21 22:50:14,457 - httpx - INFO - HTTP Request: POST http://localhost:11578/heap/append "HTTP/1.1 200 OK"
2026-04-21 22:50:14,462 - httpx - INFO - HTTP Request: GET http://localhost:11601/heap/unmerged "HTTP/1.1 200 OK"
2026-04-21 22:50:15,395 - httpx - INFO - HTTP Request: POST http://localhost:33333/heap-written "HTTP/1.1 200 OK"
2026-04-21 22:50:15,395 - httpx - INFO - HTTP Request: POST http://localhost:33333/heap-written "HTTP/1.1 200 OK"
2026-04-21 22:50:15,396 - httpx - INFO - HTTP Request: GET http://localhost:11629/heap/unmerged "HTTP/1.1 200 OK"
2026-04-21 22:50:15,511 - httpx - INFO - HTTP Request: POST http://localhost:33333/heap-written "HTTP/1.1 200 OK"
2026-04-21 22:50:15,515 - httpx - INFO - HTTP Request: GET http://localhost:33333/task?agent_id=09bf2fda "HTTP/1.1 200 OK"
2026-04-21 22:50:15,516 - httpx - INFO - HTTP Request: GET http://localhost:33333/task?agent_id=6f2ab702 "HTTP/1.1 200 OK"
2026-04-21 22:50:15,516 - httpx - INFO - HTTP Request: POST http://localhost:33333/allocate_page "HTTP/1.1 200 OK"
2026-04-21 22:50:15,726 - httpx - INFO - HTTP Request: POST http://localhost:33333/allocate_page "HTTP/1.1 200 OK"
2026-04-21 22:50:16,430 - httpx - INFO - HTTP Request: POST http://localhost:33333/allocate_page "HTTP/1.1 200 OK"
2026-04-21 22:50:17,012 - httpx - INFO - HTTP Request: GET http://localhost:11618/heap/unmerged "HTTP/1.1 200 OK"
2026-04-21 22:50:17,330 - httpx - INFO - HTTP Request: POST http://localhost:33333/mark_pages_merged "HTTP/1.1 200 OK"
2026-04-21 22:50:17,336 - httpx - INFO - HTTP Request: POST http://localhost:33333/mark_pages_merged "HTTP/1.1 200 OK"
2026-04-21 22:50:17,339 - httpx - INFO - HTTP Request: POST http://localhost:33333/mark_pages_merged "HTTP/1.1 200 OK"
2026-04-21 22:50:17,351 - httpx - INFO - HTTP Request: POST http://localhost:33333/mark_pages_merged "HTTP/1.1 200 OK"
2026-04-21 22:50:17,354 - httpx - INFO - HTTP Request: POST http://localhost:33333/mark_pages_merged "HTTP/1.1 200 OK"
2026-04-21 22:50:17,358 - httpx - INFO - HTTP Request: POST http://localhost:33333/mark_pages_merged "HTTP/1.1 200 OK"
2026-04-21 22:50:17,486 - httpx - INFO - HTTP Request: POST http://localhost:33333/mark_pages_merged "HTTP/1.1 200 OK"
2026-04-21 22:50:17,491 - httpx - INFO - HTTP Request: POST http://localhost:11714/heap/append "HTTP/1.1 200 OK"
2026-04-21 22:50:17,494 - httpx - INFO - HTTP Request: POST http://localhost:11644/heap/append "HTTP/1.1 200 OK"
2026-04-21 22:50:17,718 - httpx - INFO - HTTP Request: GET http://localhost:11644/heap/unmerged "HTTP/1.1 200 OK"
2026-04-21 22:50:23,264 - httpx - INFO - HTTP Request: POST http://localhost:33333/allocate_page "HTTP/1.1 200 OK"
2026-04-21 22:50:30,190 - httpx - INFO - HTTP Request: POST http://localhost:13382/execute_merge "HTTP/1.1 200 OK"
2026-04-21 22:50:30,191 - httpx - INFO - HTTP Request: POST http://localhost:13382/execute_merge "HTTP/1.1 200 OK"
2026-04-21 22:50:30,191 - httpx - INFO - HTTP Request: POST http://localhost:13382/execute_merge "HTTP/1.1 200 OK"
2026-04-21 22:50:30,192 - httpx - INFO - HTTP Request: POST http://localhost:13382/execute_merge "HTTP/1.1 200 OK"
2026-04-21 22:50:30,192 - httpx - INFO - HTTP Request: POST http://localhost:13382/execute_merge "HTTP/1.1 200 OK"
2026-04-21 22:50:30,193 - httpx - INFO - HTTP Request: POST http://localhost:13382/execute_merge "HTTP/1.1 200 OK"
2026-04-21 22:50:30,572 - httpx - INFO - HTTP Request: POST http://localhost:11645/heap/append "HTTP/1.1 200 OK"
2026-04-21 22:50:30,597 - httpx - INFO - HTTP Request: POST http://localhost:13382/execute_merge "HTTP/1.1 200 OK"
2026-04-21 22:50:31,733 - httpx - INFO - HTTP Request: POST http://localhost:11680/heap/mark-merged "HTTP/1.1 200 OK"
2026-04-21 22:50:31,870 - httpx - INFO - HTTP Request: POST http://localhost:11680/heap/mark-merged "HTTP/1.1 200 OK"
2026-04-21 22:50:31,876 - httpx - INFO - HTTP Request: POST http://localhost:11680/heap/mark-merged "HTTP/1.1 200 OK"
2026-04-21 22:50:31,895 - httpx - INFO - HTTP Request: POST http://localhost:33333/heap-written "HTTP/1.1 200 OK"
2026-04-21 22:50:31,896 - httpx - INFO - HTTP Request: POST http://localhost:33333/heap-written "HTTP/1.1 200 OK"
2026-04-21 22:50:31,897 - httpx - INFO - HTTP Request: POST http://localhost:11596/heap/mark-merged "HTTP/1.1 200 OK"
2026-04-21 22:50:31,897 - httpx - INFO - HTTP Request: POST http://localhost:55201/heap/mark-merged "HTTP/1.1 200 OK"
2026-04-21 22:50:31,899 - httpx - INFO - HTTP Request: POST http://localhost:11714/heap/mark-merged "HTTP/1.1 200 OK"
2026-04-21 22:50:31,899 - httpx - INFO - HTTP Request: POST http://localhost:55201/heap/mark-merged "HTTP/1.1 200 OK"
2026-04-21 22:50:31,900 - httpx - INFO - HTTP Request: POST http://localhost:11578/heap/mark-merged "HTTP/1.1 200 OK"
2026-04-21 22:50:31,900 - httpx - INFO - HTTP Request: POST http://localhost:30479/heap/mark-merged "HTTP/1.1 200 OK"
2026-04-21 22:50:31,901 - httpx - INFO - HTTP Request: POST http://localhost:55201/heap/mark-merged "HTTP/1.1 200 OK"
2026-04-21 22:50:31,901 - httpx - INFO - HTTP Request: POST http://localhost:11618/heap/mark-merged "HTTP/1.1 200 OK"
2026-04-21 22:50:31,902 - httpx - INFO - HTTP Request: POST http://localhost:30481/heap/mark-merged "HTTP/1.1 200 OK"
2026-04-21 22:50:31,902 - httpx - INFO - HTTP Request: POST http://localhost:11578/heap/mark-merged "HTTP/1.1 200 OK"
2026-04-21 22:50:31,903 - httpx - INFO - HTTP Request: POST http://localhost:11679/heap/mark-merged "HTTP/1.1 200 OK"
2026-04-21 22:50:31,903 - httpx - INFO - HTTP Request: POST http://localhost:11753/heap/mark-merged "HTTP/1.1 200 OK"
2026-04-21 22:50:31,903 - httpx - INFO - HTTP Request: POST http://localhost:11714/heap/mark-merged "HTTP/1.1 200 OK"
2026-04-21 22:50:31,904 - httpx - INFO - HTTP Request: POST http://localhost:11578/heap/mark-merged "HTTP/1.1 200 OK"
2026-04-21 22:50:31,904 - httpx - INFO - HTTP Request: GET http://localhost:11645/heap/unmerged "HTTP/1.1 200 OK"
2026-04-21 22:50:31,905 - httpx - INFO - HTTP Request: POST http://localhost:11581/heap/mark-merged "HTTP/1.1 200 OK"
2026-04-21 22:50:31,905 - httpx - INFO - HTTP Request: POST http://localhost:11680/heap/mark-merged "HTTP/1.1 200 OK"
2026-04-21 22:50:31,906 - httpx - INFO - HTTP Request: POST http://localhost:11629/heap/mark-merged "HTTP/1.1 200 OK"
2026-04-21 22:50:31,906 - httpx - INFO - HTTP Request: POST http://localhost:11679/heap/mark-merged "HTTP/1.1 200 OK"
2026-04-21 22:50:31,906 - httpx - INFO - HTTP Request: POST http://localhost:11596/heap/mark-merged "HTTP/1.1 200 OK"
2026-04-21 22:50:31,907 - httpx - INFO - HTTP Request: POST http://localhost:30481/heap/mark-merged "HTTP/1.1 200 OK"
2026-04-21 22:50:31,907 - httpx - INFO - HTTP Request: POST http://localhost:11618/heap/mark-merged "HTTP/1.1 200 OK"
2026-04-21 22:50:31,908 - httpx - INFO - HTTP Request: POST http://localhost:30493/heap/mark-merged "HTTP/1.1 200 OK"
2026-04-21 22:50:31,908 - httpx - INFO - HTTP Request: POST http://localhost:55202/heap/mark-merged "HTTP/1.1 200 OK"
2026-04-21 22:50:31,908 - httpx - INFO - HTTP Request: POST http://localhost:11711/heap/mark-merged "HTTP/1.1 200 OK"
2026-04-21 22:50:31,909 - httpx - INFO - HTTP Request: POST http://localhost:30479/heap/mark-merged "HTTP/1.1 200 OK"
2026-04-21 22:50:31,909 - httpx - INFO - HTTP Request: POST http://localhost:11679/heap/mark-merged "HTTP/1.1 200 OK"
2026-04-21 22:50:31,910 - httpx - INFO - HTTP Request: POST http://localhost:11601/heap/mark-merged "HTTP/1.1 200 OK"
2026-04-21 22:50:31,910 - httpx - INFO - HTTP Request: POST http://localhost:11680/heap/mark-merged "HTTP/1.1 200 OK"
2026-04-21 22:50:31,910 - httpx - INFO - HTTP Request: POST http://localhost:11714/heap/mark-merged "HTTP/1.1 200 OK"
2026-04-21 22:50:31,911 - httpx - INFO - HTTP Request: POST http://localhost:11581/heap/mark-merged "HTTP/1.1 200 OK"
2026-04-21 22:50:31,925 - httpx - INFO - HTTP Request: POST http://localhost:11629/heap/mark-merged "HTTP/1.1 200 OK"
2026-04-21 22:50:31,926 - httpx - INFO - HTTP Request: POST http://localhost:11618/heap/mark-merged "HTTP/1.1 200 OK"
2026-04-21 22:50:31,928 - httpx - INFO - HTTP Request: POST http://localhost:30493/heap/mark-merged "HTTP/1.1 200 OK"
2026-04-21 22:50:31,930 - httpx - INFO - HTTP Request: POST http://localhost:11753/heap/mark-merged "HTTP/1.1 200 OK"
2026-04-21 22:50:31,930 - httpx - INFO - HTTP Request: POST http://localhost:11596/heap/mark-merged "HTTP/1.1 200 OK"
2026-04-21 22:50:31,931 - httpx - INFO - HTTP Request: POST http://localhost:55202/heap/mark-merged "HTTP/1.1 200 OK"
2026-04-21 22:50:31,931 - httpx - INFO - HTTP Request: POST http://localhost:11711/heap/mark-merged "HTTP/1.1 200 OK"
2026-04-21 22:50:31,932 - httpx - INFO - HTTP Request: POST http://localhost:30481/heap/mark-merged "HTTP/1.1 200 OK"
2026-04-21 22:50:31,933 - httpx - INFO - HTTP Request: POST http://localhost:11680/heap/mark-merged "HTTP/1.1 200 OK"
2026-04-21 22:50:31,934 - httpx - INFO - HTTP Request: POST http://localhost:11581/heap/mark-merged "HTTP/1.1 200 OK"
2026-04-21 22:50:31,934 - httpx - INFO - HTTP Request: POST http://localhost:30479/heap/mark-merged "HTTP/1.1 200 OK"
2026-04-21 22:50:31,935 - httpx - INFO - HTTP Request: POST http://localhost:11711/heap/mark-merged "HTTP/1.1 200 OK"
2026-04-21 22:50:31,936 - httpx - INFO - HTTP Request: POST http://localhost:30493/heap/mark-merged "HTTP/1.1 200 OK"
2026-04-21 22:50:32,091 - httpx - INFO - HTTP Request: POST http://localhost:11601/heap/mark-merged "HTTP/1.1 200 OK"
2026-04-21 22:50:32,092 - httpx - INFO - HTTP Request: POST http://localhost:11629/heap/mark-merged "HTTP/1.1 200 OK"
2026-04-21 22:50:32,093 - httpx - INFO - HTTP Request: POST http://localhost:11753/heap/mark-merged "HTTP/1.1 200 OK"
2026-04-21 22:50:32,094 - httpx - INFO - HTTP Request: POST http://localhost:55202/heap/mark-merged "HTTP/1.1 200 OK"
2026-04-21 22:50:32,094 - httpx - INFO - HTTP Request: POST http://localhost:11601/heap/mark-merged "HTTP/1.1 200 OK"
2026-04-21 22:50:32,095 - httpx - INFO - HTTP Request: POST http://localhost:11680/heap/mark-merged "HTTP/1.1 200 OK"
2026-04-21 22:50:32,125 - httpx - INFO - HTTP Request: POST http://localhost:11714/heap/mark-merged "HTTP/1.1 200 OK"
2026-04-21 22:50:32,126 - httpx - INFO - HTTP Request: POST http://localhost:11578/heap/mark-merged "HTTP/1.1 200 OK"
2026-04-21 22:50:32,127 - httpx - INFO - HTTP Request: POST http://localhost:30481/heap/mark-merged "HTTP/1.1 200 OK"
2026-04-21 22:50:32,127 - httpx - INFO - HTTP Request: POST http://localhost:30493/heap/mark-merged "HTTP/1.1 200 OK"
2026-04-21 22:50:32,128 - httpx - INFO - HTTP Request: POST http://localhost:11618/heap/mark-merged "HTTP/1.1 200 OK"
2026-04-21 22:50:32,128 - httpx - INFO - HTTP Request: POST http://localhost:55201/heap/mark-merged "HTTP/1.1 200 OK"
2026-04-21 22:50:32,129 - httpx - INFO - HTTP Request: POST http://localhost:11679/heap/mark-merged "HTTP/1.1 200 OK"
2026-04-21 22:50:32,129 - httpx - INFO - HTTP Request: POST http://localhost:11601/heap/mark-merged "HTTP/1.1 200 OK"
2026-04-21 22:50:32,130 - httpx - INFO - HTTP Request: POST http://localhost:55202/heap/mark-merged "HTTP/1.1 200 OK"
2026-04-21 22:50:32,130 - httpx - INFO - HTTP Request: POST http://localhost:11711/heap/mark-merged "HTTP/1.1 200 OK"
2026-04-21 22:50:32,131 - httpx - INFO - HTTP Request: POST http://localhost:11581/heap/mark-merged "HTTP/1.1 200 OK"
2026-04-21 22:50:32,131 - httpx - INFO - HTTP Request: POST http://localhost:11618/heap/mark-merged "HTTP/1.1 200 OK"
2026-04-21 22:50:32,132 - httpx - INFO - HTTP Request: POST http://localhost:30479/heap/mark-merged "HTTP/1.1 200 OK"
2026-04-21 22:50:32,132 - httpx - INFO - HTTP Request: POST http://localhost:11596/heap/mark-merged "HTTP/1.1 200 OK"
2026-04-21 22:50:32,133 - httpx - INFO - HTTP Request: POST http://localhost:55201/heap/mark-merged "HTTP/1.1 200 OK"
2026-04-21 22:50:32,133 - httpx - INFO - HTTP Request: POST http://localhost:11753/heap/mark-merged "HTTP/1.1 200 OK"
2026-04-21 22:50:32,134 - httpx - INFO - HTTP Request: POST http://localhost:11629/heap/mark-merged "HTTP/1.1 200 OK"
2026-04-21 22:50:32,134 - httpx - INFO - HTTP Request: POST http://localhost:30493/heap/mark-merged "HTTP/1.1 200 OK"
2026-04-21 22:50:32,135 - httpx - INFO - HTTP Request: POST http://localhost:11714/heap/mark-merged "HTTP/1.1 200 OK"
2026-04-21 22:50:32,135 - httpx - INFO - HTTP Request: POST http://localhost:11679/heap/mark-merged "HTTP/1.1 200 OK"
2026-04-21 22:50:32,135 - httpx - INFO - HTTP Request: POST http://localhost:11618/heap/mark-merged "HTTP/1.1 200 OK"
2026-04-21 22:50:32,136 - httpx - INFO - HTTP Request: POST http://localhost:11601/heap/mark-merged "HTTP/1.1 200 OK"
2026-04-21 22:50:32,136 - httpx - INFO - HTTP Request: POST http://localhost:11596/heap/mark-merged "HTTP/1.1 200 OK"
2026-04-21 22:50:32,137 - httpx - INFO - HTTP Request: POST http://localhost:11711/heap/mark-merged "HTTP/1.1 200 OK"
2026-04-21 22:50:32,137 - httpx - INFO - HTTP Request: POST http://localhost:55202/heap/mark-merged "HTTP/1.1 200 OK"
2026-04-21 22:50:32,137 - httpx - INFO - HTTP Request: POST http://localhost:30479/heap/mark-merged "HTTP/1.1 200 OK"
2026-04-21 22:50:32,138 - httpx - INFO - HTTP Request: POST http://localhost:11679/heap/mark-merged "HTTP/1.1 200 OK"
2026-04-21 22:50:32,138 - httpx - INFO - HTTP Request: POST http://localhost:11578/heap/mark-merged "HTTP/1.1 200 OK"
2026-04-21 22:50:32,138 - httpx - INFO - HTTP Request: POST http://localhost:11629/heap/mark-merged "HTTP/1.1 200 OK"
2026-04-21 22:50:32,139 - httpx - INFO - HTTP Request: POST http://localhost:30481/heap/mark-merged "HTTP/1.1 200 OK"
2026-04-21 22:50:32,139 - httpx - INFO - HTTP Request: POST http://localhost:11753/heap/mark-merged "HTTP/1.1 200 OK"
2026-04-21 22:50:32,140 - httpx - INFO - HTTP Request: POST http://localhost:11711/heap/mark-merged "HTTP/1.1 200 OK"
2026-04-21 22:50:32,140 - httpx - INFO - HTTP Request: POST http://localhost:55201/heap/mark-merged "HTTP/1.1 200 OK"
2026-04-21 22:50:32,141 - httpx - INFO - HTTP Request: POST http://localhost:11581/heap/mark-merged "HTTP/1.1 200 OK"
2026-04-21 22:50:32,141 - httpx - INFO - HTTP Request: POST http://localhost:11601/heap/mark-merged "HTTP/1.1 200 OK"
2026-04-21 22:50:32,141 - httpx - INFO - HTTP Request: POST http://localhost:11714/heap/mark-merged "HTTP/1.1 200 OK"
2026-04-21 22:50:32,142 - httpx - INFO - HTTP Request: POST http://localhost:30493/heap/mark-merged "HTTP/1.1 200 OK"
2026-04-21 22:50:32,142 - httpx - INFO - HTTP Request: POST http://localhost:11578/heap/mark-merged "HTTP/1.1 200 OK"
2026-04-21 22:50:32,142 - httpx - INFO - HTTP Request: POST http://localhost:55202/heap/mark-merged "HTTP/1.1 200 OK"
2026-04-21 22:50:32,143 - httpx - INFO - HTTP Request: POST http://localhost:11596/heap/mark-merged "HTTP/1.1 200 OK"
2026-04-21 22:50:32,143 - httpx - INFO - HTTP Request: POST http://localhost:30479/heap/mark-merged "HTTP/1.1 200 OK"
2026-04-21 22:50:32,143 - httpx - INFO - HTTP Request: POST http://localhost:11629/heap/mark-merged "HTTP/1.1 200 OK"
2026-04-21 22:50:32,144 - httpx - INFO - HTTP Request: POST http://localhost:30481/heap/mark-merged "HTTP/1.1 200 OK"
2026-04-21 22:50:32,144 - httpx - INFO - HTTP Request: POST http://localhost:11753/heap/mark-merged "HTTP/1.1 200 OK"
2026-04-21 22:50:32,145 - httpx - INFO - HTTP Request: POST http://localhost:11581/heap/mark-merged "HTTP/1.1 200 OK"
2026-04-21 22:50:32,159 - httpx - INFO - HTTP Request: GET http://localhost:33333/task?agent_id=bf61af0f "HTTP/1.1 200 OK"
2026-04-21 22:50:32,231 - httpx - INFO - HTTP Request: POST http://localhost:11578/heap/mark-merged "HTTP/1.1 200 OK"
2026-04-21 22:50:32,232 - httpx - INFO - HTTP Request: POST http://localhost:11711/heap/mark-merged "HTTP/1.1 200 OK"
2026-04-21 22:50:32,232 - httpx - INFO - HTTP Request: POST http://localhost:33333/allocate_page "HTTP/1.1 200 OK"
2026-04-21 22:50:32,233 - httpx - INFO - HTTP Request: POST http://localhost:33333/allocate_page "HTTP/1.1 200 OK"
2026-04-21 22:50:32,233 - httpx - INFO - HTTP Request: POST http://localhost:33333/allocate_page "HTTP/1.1 200 OK"
2026-04-21 22:50:32,234 - httpx - INFO - HTTP Request: POST http://localhost:30481/heap/mark-merged "HTTP/1.1 200 OK"
2026-04-21 22:50:32,234 - httpx - INFO - HTTP Request: POST http://localhost:55202/heap/mark-merged "HTTP/1.1 200 OK"
2026-04-21 22:50:32,235 - httpx - INFO - HTTP Request: POST http://localhost:11679/heap/mark-merged "HTTP/1.1 200 OK"
2026-04-21 22:50:32,235 - httpx - INFO - HTTP Request: POST http://localhost:30479/heap/mark-merged "HTTP/1.1 200 OK"
2026-04-21 22:50:32,235 - httpx - INFO - HTTP Request: POST http://localhost:30493/heap/mark-merged "HTTP/1.1 200 OK"
2026-04-21 22:50:32,236 - httpx - INFO - HTTP Request: POST http://localhost:55201/heap/mark-merged "HTTP/1.1 200 OK"
2026-04-21 22:50:32,236 - httpx - INFO - HTTP Request: POST http://localhost:11753/heap/mark-merged "HTTP/1.1 200 OK"
2026-04-21 22:50:32,236 - httpx - INFO - HTTP Request: POST http://localhost:11618/heap/mark-merged "HTTP/1.1 200 OK"
2026-04-21 22:50:32,237 - httpx - INFO - HTTP Request: POST http://localhost:11596/heap/mark-merged "HTTP/1.1 200 OK"
2026-04-21 22:50:32,237 - httpx - INFO - HTTP Request: POST http://localhost:11601/heap/mark-merged "HTTP/1.1 200 OK"
2026-04-21 22:50:32,238 - httpx - INFO - HTTP Request: POST http://localhost:11714/heap/mark-merged "HTTP/1.1 200 OK"
2026-04-21 22:50:32,238 - httpx - INFO - HTTP Request: POST http://localhost:11581/heap/mark-merged "HTTP/1.1 200 OK"
2026-04-21 22:50:32,239 - httpx - INFO - HTTP Request: POST http://localhost:11629/heap/mark-merged "HTTP/1.1 200 OK"
2026-04-21 22:50:32,271 - httpx - INFO - HTTP Request: POST http://localhost:33333/allocate_page "HTTP/1.1 200 OK"
2026-04-21 22:50:32,272 - httpx - INFO - HTTP Request: POST http://localhost:33333/allocate_page "HTTP/1.1 200 OK"
2026-04-21 22:50:32,273 - httpx - INFO - HTTP Request: POST http://localhost:33333/heap-written "HTTP/1.1 200 OK"
2026-04-21 22:50:32,274 - httpx - INFO - HTTP Request: POST http://localhost:33333/allocate_page "HTTP/1.1 200 OK"
2026-04-21 22:50:32,274 - httpx - INFO - HTTP Request: POST http://localhost:33333/allocate_page "HTTP/1.1 200 OK"
2026-04-21 22:50:32,287 - httpx - INFO - HTTP Request: POST http://localhost:33333/allocate_page "HTTP/1.1 200 OK"
2026-04-21 22:50:32,288 - httpx - INFO - HTTP Request: POST http://localhost:33333/allocate_page "HTTP/1.1 200 OK"
2026-04-21 22:50:32,288 - httpx - INFO - HTTP Request: POST http://localhost:11680/heap/append "HTTP/1.1 200 OK"
2026-04-21 22:50:32,294 - httpx - INFO - HTTP Request: POST http://localhost:33333/allocate_page "HTTP/1.1 200 OK"
2026-04-21 22:50:32,401 - httpx - INFO - HTTP Request: GET http://localhost:11679/heap/unmerged "HTTP/1.1 200 OK"
2026-04-21 22:50:32,520 - httpx - INFO - HTTP Request: POST http://localhost:33333/heap-written "HTTP/1.1 200 OK"
2026-04-21 22:50:32,526 - httpx - INFO - HTTP Request: GET http://localhost:11680/heap/unmerged "HTTP/1.1 200 OK"
2026-04-21 22:50:32,632 - httpx - INFO - HTTP Request: GET http://localhost:11711/heap/unmerged "HTTP/1.1 200 OK"
2026-04-21 22:50:32,726 - httpx - INFO - HTTP Request: GET http://localhost:11714/heap/unmerged "HTTP/1.1 200 OK"
2026-04-21 22:50:32,829 - httpx - INFO - HTTP Request: GET http://localhost:11748/heap/unmerged "HTTP/1.1 200 OK"
[BFF] 读取PublicMemory (物理路径): /mnt/d/collections2026/phd_application/nanobot1/milestone2/data/public_memory/public_memory.jsonl, top_k=2
[BFF] 读取PublicMemory完成: 118 条记录
[BFF] 读取PublicMemory (物理路径): /mnt/d/collections2026/phd_application/nanobot1/milestone2/data/public_memory/public_memory.jsonl, top_k=2
[BFF] 读取PublicMemory完成: 118 条记录
[BFF] 获取Agent d8f7bfa6 堆段: 0 条
[BFF] 读取PublicMemory (物理路径): /mnt/d/collections2026/phd_application/nanobot1/milestone2/data/public_memory/public_memory.jsonl, top_k=2
[BFF] 读取PublicMemory完成: 118 条记录
[BFF] 读取PublicMemory (物理路径): /mnt/d/collections2026/phd_application/nanobot1/milestone2/data/public_memory/public_memory.jsonl, top_k=2
[BFF] 读取PublicMemory完成: 118 条记录
[BFF] 获取Agent 41c03b14 堆段: 2 条
[BFF] 读取PublicMemory (物理路径): /mnt/d/collections2026/phd_application/nanobot1/milestone2/data/public_memory/public_memory.jsonl, top_k=2
[BFF] 读取PublicMemory完成: 118 条记录
[BFF] 读取PublicMemory (物理路径): /mnt/d/collections2026/phd_application/nanobot1/milestone2/data/public_memory/public_memory.jsonl, top_k=2
[BFF] 读取PublicMemory完成: 118 条记录
[BFF] 读取PublicMemory (物理路径): /mnt/d/collections2026/phd_application/nanobot1/milestone2/data/public_memory/public_memory.jsonl, top_k=2
[BFF] 读取PublicMemory完成: 118 条记录
[BFF] 读取PublicMemory (物理路径): /mnt/d/collections2026/phd_application/nanobot1/milestone2/data/public_memory/public_memory.jsonl, top_k=10000
[BFF] 读取PublicMemory完成: 118 条记录
[BFF] 读取PublicMemory (物理路径): /mnt/d/collections2026/phd_application/nanobot1/milestone2/data/public_memory/public_memory.jsonl, top_k=10000
[BFF] 读取PublicMemory完成: 118 条记录
[BFF] 读取PublicMemory (物理路径): /mnt/d/collections2026/phd_application/nanobot1/milestone2/data/public_memory/public_memory.jsonl, top_k=10000
[BFF] 读取PublicMemory完成: 118 条记录
[BFF] 读取PublicMemory (物理路径): /mnt/d/collections2026/phd_application/nanobot1/milestone2/data/public_memory/public_memory.jsonl, top_k=10000
[BFF] 读取PublicMemory完成: 118 条记录
[BFF] 获取Agent 09bf2fda 堆段: 0 条
[BFF] 读取PublicMemory (物理路径): /mnt/d/collections2026/phd_application/nanobot1/milestone2/data/public_memory/public_memory.jsonl, top_k=10000
[BFF] 读取PublicMemory完成: 118 条记录
[BFF] 读取PublicMemory (物理路径): /mnt/d/collections2026/phd_application/nanobot1/milestone2/data/public_memory/public_memory.jsonl, top_k=10000
[BFF] 读取PublicMemory完成: 118 条记录
[BFF] 读取PublicMemory (物理路径): /mnt/d/collections2026/phd_application/nanobot1/milestone2/data/public_memory/public_memory.jsonl, top_k=10000
[BFF] 读取PublicMemory完成: 118 条记录
[BFF] 写入PublicMemory (物理路径): /mnt/d/collections2026/phd_application/nanobot1/milestone2/data/public_memory/public_memory.jsonl
[BFF] 原子替换PublicMemory: 138 条记录 -> /mnt/d/collections2026/phd_application/nanobot1/milestone2/data/public_memory/public_memory.jsonl
[BFF] 读取PublicMemory (物理路径): /mnt/d/collections2026/phd_application/nanobot1/milestone2/data/public_memory/public_memory.jsonl, top_k=2
[BFF] 读取PublicMemory完成: 138 条记录
[BFF] 获取Agent d32a0045 堆段: 2 条
[BFF] 读取PublicMemory (物理路径): /mnt/d/collections2026/phd_application/nanobot1/milestone2/data/public_memory/public_memory.jsonl, top_k=2
[BFF] 读取PublicMemory完成: 138 条记录
[BFF] 获取Agent e91fae39 堆段: 2 条
[BFF] 读取PublicMemory (物理路径): /mnt/d/collections2026/phd_application/nanobot1/milestone2/data/public_memory/public_memory.jsonl, top_k=2
[BFF] 读取PublicMemory完成: 138 条记录
[BFF] 读取PublicMemory (物理路径): /mnt/d/collections2026/phd_application/nanobot1/milestone2/data/public_memory/public_memory.jsonl, top_k=2
[BFF] 读取PublicMemory完成: 138 条记录
[BFF] 获取Agent 3c736ee1 堆段: 2 条
[BFF] 获取Agent 60cb891a 堆段: 2 条
[BFF] 写入PublicMemory (物理路径): /mnt/d/collections2026/phd_application/nanobot1/milestone2/data/public_memory/public_memory.jsonl
[BFF] 原子替换PublicMemory: 138 条记录 -> /mnt/d/collections2026/phd_application/nanobot1/milestone2/data/public_memory/public_memory.jsonl
[BFF] 写入PublicMemory (物理路径): /mnt/d/collections2026/phd_application/nanobot1/milestone2/data/public_memory/public_memory.jsonl
[BFF] 原子替换PublicMemory: 138 条记录 -> /mnt/d/collections2026/phd_application/nanobot1/milestone2/data/public_memory/public_memory.jsonl
[BFF] 写入PublicMemory (物理路径): /mnt/d/collections2026/phd_application/nanobot1/milestone2/data/public_memory/public_memory.jsonl
[BFF] 原子替换PublicMemory: 138 条记录 -> /mnt/d/collections2026/phd_application/nanobot1/milestone2/data/public_memory/public_memory.jsonl
[BFF] 写入PublicMemory (物理路径): /mnt/d/collections2026/phd_application/nanobot1/milestone2/data/public_memory/public_memory.jsonl
[BFF] 原子替换PublicMemory: 138 条记录 -> /mnt/d/collections2026/phd_application/nanobot1/milestone2/data/public_memory/public_memory.jsonl
[BFF] 写入PublicMemory (物理路径): /mnt/d/collections2026/phd_application/nanobot1/milestone2/data/public_memory/public_memory.jsonl
[BFF] 原子替换PublicMemory: 138 条记录 -> /mnt/d/collections2026/phd_application/nanobot1/milestone2/data/public_memory/public_memory.jsonl
[BFF] 写入PublicMemory (物理路径): /mnt/d/collections2026/phd_application/nanobot1/milestone2/data/public_memory/public_memory.jsonl
[BFF] 原子替换PublicMemory: 138 条记录 -> /mnt/d/collections2026/phd_application/nanobot1/milestone2/data/public_memory/public_memory.jsonl
[BFF] 读取PublicMemory (物理路径): /mnt/d/collections2026/phd_application/nanobot1/milestone2/data/public_memory/public_memory.jsonl, top_k=2
[BFF] 读取PublicMemory完成: 138 条记录
[BFF] 读取PublicMemory (物理路径): /mnt/d/collections2026/phd_application/nanobot1/milestone2/data/public_memory/public_memory.jsonl, top_k=2
[BFF] 读取PublicMemory完成: 138 条记录
[BFF] 获取Agent 5ca5541e 堆段: 2 条
[BFF] 获取Agent bf61af0f 堆段: 2 条
[BFF] 邻居发现: 所有父子关系已建立
[BFF] 容器不存在 a3031bb8，清理中...
[BFF] 健康检查: 已清理 1 个无效容器
[BFF] Consolidator合并完成: {'status': 'ok', 'original_count': 146, 'deduped_count': 138, 'removed_count': 8, 'pages_marked': 28, 'source': 'km_page_table'}
[BFF] Consolidator合并完成: {'status': 'ok', 'original_count': 146, 'deduped_count': 138, 'removed_count': 8, 'pages_marked': 28, 'source': 'km_page_table'}
[BFF] Consolidator合并完成: {'status': 'ok', 'original_count': 146, 'deduped_count': 138, 'removed_count': 8, 'pages_marked': 28, 'source': 'km_page_table'}
[BFF] Consolidator合并完成: {'status': 'ok', 'original_count': 146, 'deduped_count': 138, 'removed_count': 8, 'pages_marked': 28, 'source': 'km_page_table'}
[BFF] Consolidator合并完成: {'status': 'ok', 'original_count': 146, 'deduped_count': 138, 'removed_count': 8, 'pages_marked': 28, 'source': 'km_page_table'}
[BFF] Consolidator合并完成: {'status': 'ok', 'original_count': 146, 'deduped_count': 138, 'removed_count': 8, 'pages_marked': 28, 'source': 'km_page_table'}
[BFF] Consolidator合并完成: {'status': 'ok', 'original_count': 146, 'deduped_count': 138, 'removed_count': 8, 'pages_marked': 28, 'source': 'km_page_table'}
[BFF] all-unmerged 请求正在进行，等待完成...
[BFF] all-unmerged 请求正在进行，等待完成...
[BFF] all-unmerged 请求正在进行，等待完成...
[BFF] all-unmerged 请求正在进行，等待完成...
[BFF] all-unmerged 请求正在进行，等待完成...
[BFF] all-unmerged 请求正在进行，等待完成...
[BFF] all-unmerged 请求正在进行，等待完成...
[BFF] 获取Agent eb2af86c 堆段: 1 条
[BFF] 获取Agent 63afa39e 堆段: 0 条
[BFF] 获取Agent ac658b91 堆段: 1 条
[BFF] 获取Agent 6f06d397 堆段: 0 条
[BFF] 获取Agent 6e45c105 堆段: 1 条
[BFF] 获取Agent d903e394 堆段: 0 条
2026-04-21 22:50:34,957 - httpx - INFO - HTTP Request: GET http://localhost:11753/heap/unmerged "HTTP/1.1 200 OK"
2026-04-21 22:50:34,964 - httpx - INFO - HTTP Request: POST http://localhost:33333/allocate_page "HTTP/1.1 200 OK"
2026-04-21 22:50:34,965 - httpx - INFO - HTTP Request: POST http://localhost:30481/heap/append "HTTP/1.1 200 OK"
2026-04-21 22:50:34,968 - httpx - INFO - HTTP Request: POST http://localhost:30489/heap/append "HTTP/1.1 200 OK"
2026-04-21 22:50:34,981 - httpx - INFO - HTTP Request: POST http://localhost:11714/heap/append "HTTP/1.1 200 OK"
2026-04-21 22:50:34,981 - httpx - INFO - HTTP Request: POST http://localhost:33333/allocate_page "HTTP/1.1 200 OK"
2026-04-21 22:50:34,982 - httpx - INFO - HTTP Request: POST http://localhost:30493/heap/append "HTTP/1.1 200 OK"
2026-04-21 22:50:34,982 - httpx - INFO - HTTP Request: POST http://localhost:11645/heap/append "HTTP/1.1 200 OK"
2026-04-21 22:50:34,983 - httpx - INFO - HTTP Request: POST http://localhost:30479/heap/append "HTTP/1.1 200 OK"
2026-04-21 22:50:34,983 - httpx - INFO - HTTP Request: POST http://localhost:11629/heap/append "HTTP/1.1 200 OK"
2026-04-21 22:50:34,984 - httpx - INFO - HTTP Request: POST http://localhost:11753/heap/append "HTTP/1.1 200 OK"
2026-04-21 22:50:34,984 - httpx - INFO - HTTP Request: POST http://localhost:11748/heap/append "HTTP/1.1 200 OK"
2026-04-21 22:50:34,985 - httpx - INFO - HTTP Request: POST http://localhost:11711/heap/append "HTTP/1.1 200 OK"
2026-04-21 22:50:35,004 - httpx - INFO - HTTP Request: GET http://localhost:33333/task?agent_id=09bf2fda "HTTP/1.1 200 OK"
2026-04-21 22:50:35,009 - httpx - INFO - HTTP Request: POST http://localhost:33333/allocate_page "HTTP/1.1 200 OK"
2026-04-21 22:50:35,890 - httpx - INFO - HTTP Request: POST http://localhost:33333/allocate_page "HTTP/1.1 200 OK"
2026-04-21 22:50:35,892 - httpx - INFO - HTTP Request: POST http://localhost:33333/allocate_page "HTTP/1.1 200 OK"
2026-04-21 22:50:35,893 - httpx - INFO - HTTP Request: POST http://localhost:33333/allocate_page "HTTP/1.1 200 OK"
2026-04-21 22:50:37,765 - httpx - INFO - HTTP Request: POST http://localhost:33333/heap-written "HTTP/1.1 200 OK"
2026-04-21 22:50:37,820 - httpx - INFO - HTTP Request: POST http://localhost:33333/heap-written "HTTP/1.1 200 OK"
2026-04-21 22:50:37,935 - httpx - INFO - HTTP Request: POST http://localhost:33333/heap-written "HTTP/1.1 200 OK"
2026-04-21 22:50:37,936 - httpx - INFO - HTTP Request: POST http://localhost:33333/heap-written "HTTP/1.1 200 OK"
2026-04-21 22:50:37,937 - httpx - INFO - HTTP Request: POST http://localhost:33333/heap-written "HTTP/1.1 200 OK"
2026-04-21 22:50:37,937 - httpx - INFO - HTTP Request: POST http://localhost:33333/heap-written "HTTP/1.1 200 OK"
2026-04-21 22:50:37,951 - httpx - INFO - HTTP Request: POST http://localhost:33333/heap-written "HTTP/1.1 200 OK"
2026-04-21 22:50:37,952 - httpx - INFO - HTTP Request: POST http://localhost:33333/heap-written "HTTP/1.1 200 OK"
2026-04-21 22:50:37,952 - httpx - INFO - HTTP Request: POST http://localhost:33333/heap-written "HTTP/1.1 200 OK"
2026-04-21 22:50:37,953 - httpx - INFO - HTTP Request: POST http://localhost:33333/heap-written "HTTP/1.1 200 OK"
2026-04-21 22:50:37,974 - httpx - INFO - HTTP Request: GET http://localhost:33333/task?agent_id=6e45c105 "HTTP/1.1 200 OK"
2026-04-21 22:50:37,974 - httpx - INFO - HTTP Request: GET http://localhost:33333/task?agent_id=eb2af86c "HTTP/1.1 200 OK"
2026-04-21 22:50:37,976 - httpx - INFO - HTTP Request: POST http://localhost:33333/allocate_page "HTTP/1.1 200 OK"
2026-04-21 22:50:37,977 - httpx - INFO - HTTP Request: POST http://localhost:33333/allocate_page "HTTP/1.1 200 OK"
2026-04-21 22:50:37,977 - httpx - INFO - HTTP Request: POST http://localhost:33333/allocate_page "HTTP/1.1 200 OK"
2026-04-21 22:50:37,978 - httpx - INFO - HTTP Request: POST http://localhost:11596/heap/append "HTTP/1.1 200 OK"
2026-04-21 22:50:37,978 - httpx - INFO - HTTP Request: POST http://localhost:33333/allocate_page "HTTP/1.1 200 OK"
2026-04-21 22:50:37,979 - httpx - INFO - HTTP Request: POST http://localhost:11680/heap/append "HTTP/1.1 200 OK"
2026-04-21 22:50:37,980 - httpx - INFO - HTTP Request: POST http://localhost:33333/allocate_page "HTTP/1.1 200 OK"
2026-04-21 22:50:37,980 - httpx - INFO - HTTP Request: POST http://localhost:33333/allocate_page "HTTP/1.1 200 OK"
2026-04-21 22:50:37,981 - httpx - INFO - HTTP Request: POST http://localhost:33333/allocate_page "HTTP/1.1 200 OK"
2026-04-21 22:50:37,981 - httpx - INFO - HTTP Request: POST http://localhost:33333/allocate_page "HTTP/1.1 200 OK"
2026-04-21 22:50:38,769 - httpx - INFO - HTTP Request: POST http://localhost:11581/heap/append "HTTP/1.1 200 OK"
2026-04-21 22:50:38,770 - httpx - INFO - HTTP Request: POST http://localhost:11601/heap/append "HTTP/1.1 200 OK"
2026-04-21 22:50:38,770 - httpx - INFO - HTTP Request: POST http://localhost:11618/heap/append "HTTP/1.1 200 OK"
2026-04-21 22:50:38,771 - httpx - INFO - HTTP Request: POST http://localhost:55202/heap/append "HTTP/1.1 200 OK"
2026-04-21 22:50:41,371 - httpx - INFO - HTTP Request: POST http://localhost:33333/heap-written "HTTP/1.1 200 OK"
2026-04-21 22:50:41,374 - httpx - INFO - HTTP Request: POST http://localhost:33333/heap-written "HTTP/1.1 200 OK"
2026-04-21 22:50:41,388 - httpx - INFO - HTTP Request: POST http://localhost:33333/heap-written "HTTP/1.1 200 OK"
2026-04-21 22:50:41,389 - httpx - INFO - HTTP Request: POST http://localhost:33333/heap-written "HTTP/1.1 200 OK"
2026-04-21 22:50:41,390 - httpx - INFO - HTTP Request: POST http://localhost:33333/heap-written "HTTP/1.1 200 OK"
2026-04-21 22:50:41,391 - httpx - INFO - HTTP Request: POST http://localhost:33333/heap-written "HTTP/1.1 200 OK"
2026-04-21 22:50:41,412 - httpx - INFO - HTTP Request: POST http://localhost:30493/heap/append "HTTP/1.1 200 OK"
2026-04-21 22:50:41,413 - httpx - INFO - HTTP Request: POST http://localhost:11629/heap/append "HTTP/1.1 200 OK"
2026-04-21 22:50:41,414 - httpx - INFO - HTTP Request: GET http://localhost:33333/task?agent_id=ac658b91 "HTTP/1.1 200 OK"
2026-04-21 22:50:41,415 - httpx - INFO - HTTP Request: POST http://localhost:30479/heap/append "HTTP/1.1 200 OK"
2026-04-21 22:50:41,416 - httpx - INFO - HTTP Request: POST http://localhost:11748/heap/append "HTTP/1.1 200 OK"
2026-04-21 22:50:41,417 - httpx - INFO - HTTP Request: POST http://localhost:11711/heap/append "HTTP/1.1 200 OK"
2026-04-21 22:50:41,418 - httpx - INFO - HTTP Request: POST http://localhost:33333/allocate_page "HTTP/1.1 200 OK"
2026-04-21 22:50:41,434 - httpx - INFO - HTTP Request: POST http://localhost:30481/heap/append "HTTP/1.1 200 OK"
2026-04-21 22:50:41,435 - httpx - INFO - HTTP Request: POST http://localhost:33333/allocate_page "HTTP/1.1 200 OK"
2026-04-21 22:50:41,437 - httpx - INFO - HTTP Request: POST http://localhost:30489/heap/append "HTTP/1.1 200 OK"
2026-04-21 22:50:41,437 - httpx - INFO - HTTP Request: POST http://localhost:33333/allocate_page "HTTP/1.1 200 OK"
2026-04-21 22:50:41,438 - httpx - INFO - HTTP Request: POST http://localhost:33333/allocate_page "HTTP/1.1 200 OK"
2026-04-21 22:50:41,439 - httpx - INFO - HTTP Request: POST http://localhost:11753/heap/append "HTTP/1.1 200 OK"
2026-04-21 22:50:41,439 - httpx - INFO - HTTP Request: POST http://localhost:33333/allocate_page "HTTP/1.1 200 OK"
2026-04-21 22:50:42,548 - httpx - INFO - HTTP Request: POST http://localhost:33333/allocate_page "HTTP/1.1 200 OK"
2026-04-21 22:50:44,899 - httpx - INFO - HTTP Request: POST http://localhost:33333/heap-written "HTTP/1.1 200 OK"
2026-04-21 22:50:45,092 - httpx - INFO - HTTP Request: POST http://localhost:33333/heap-written "HTTP/1.1 200 OK"
2026-04-21 22:50:45,159 - httpx - INFO - HTTP Request: POST http://localhost:33333/heap-written "HTTP/1.1 200 OK"
2026-04-21 22:50:45,160 - httpx - INFO - HTTP Request: POST http://localhost:33333/heap-written "HTTP/1.1 200 OK"
2026-04-21 22:50:45,161 - httpx - INFO - HTTP Request: POST http://localhost:33333/heap-written "HTTP/1.1 200 OK"
2026-04-21 22:50:45,171 - httpx - INFO - HTTP Request: POST http://localhost:33333/heap-written "HTTP/1.1 200 OK"
2026-04-21 22:50:45,172 - httpx - INFO - HTTP Request: POST http://localhost:33333/heap-written "HTTP/1.1 200 OK"
2026-04-21 22:50:45,172 - httpx - INFO - HTTP Request: POST http://localhost:33333/heap-written "HTTP/1.1 200 OK"
2026-04-21 22:50:45,191 - httpx - INFO - HTTP Request: GET http://localhost:33333/task?agent_id=41c03b14 "HTTP/1.1 200 OK"
2026-04-21 22:50:45,191 - httpx - INFO - HTTP Request: GET http://localhost:33333/task?agent_id=d903e394 "HTTP/1.1 200 OK"
2026-04-21 22:50:45,192 - httpx - INFO - HTTP Request: GET http://localhost:33333/task?agent_id=6f06d397 "HTTP/1.1 200 OK"
2026-04-21 22:50:45,193 - httpx - INFO - HTTP Request: GET http://localhost:33333/task?agent_id=1cc9830b "HTTP/1.1 200 OK"
2026-04-21 22:50:45,194 - httpx - INFO - HTTP Request: GET http://localhost:33333/task?agent_id=60cb891a "HTTP/1.1 200 OK"
2026-04-21 22:50:45,197 - httpx - INFO - HTTP Request: POST http://localhost:11596/heap/append "HTTP/1.1 200 OK"
2026-04-21 22:50:45,240 - httpx - INFO - HTTP Request: GET http://localhost:4630/health "HTTP/1.1 200 OK"
2026-04-21 22:50:45,244 - httpx - INFO - HTTP Request: POST http://localhost:55202/heap/append "HTTP/1.1 200 OK"
2026-04-21 22:50:45,245 - httpx - INFO - HTTP Request: POST http://localhost:11601/heap/append "HTTP/1.1 200 OK"
2026-04-21 22:50:45,245 - httpx - INFO - HTTP Request: POST http://localhost:11581/heap/append "HTTP/1.1 200 OK"
2026-04-21 22:50:45,520 - httpx - INFO - HTTP Request: GET http://localhost:33333/task?agent_id=9a4d93a2 "HTTP/1.1 200 OK"
2026-04-21 22:50:45,522 - httpx - INFO - HTTP Request: GET http://localhost:33333/task?agent_id=d8f7bfa6 "HTTP/1.1 200 OK"
2026-04-21 22:50:45,525 - httpx - INFO - HTTP Request: GET http://localhost:33333/task?agent_id=d5ec85cc "HTTP/1.1 200 OK"
2026-04-21 22:50:46,185 - httpx - INFO - HTTP Request: POST http://localhost:11679/heap/append "HTTP/1.1 200 OK"
2026-04-21 22:50:46,186 - httpx - INFO - HTTP Request: POST http://localhost:11618/heap/append "HTTP/1.1 200 OK"
2026-04-21 22:50:47,076 - httpx - INFO - HTTP Request: POST http://localhost:33333/allocate_page "HTTP/1.1 200 OK"
2026-04-21 22:50:48,175 - httpx - INFO - HTTP Request: POST http://localhost:33333/heap-written "HTTP/1.1 200 OK"
2026-04-21 22:50:48,177 - httpx - INFO - HTTP Request: POST http://localhost:33333/heap-written "HTTP/1.1 200 OK"
2026-04-21 22:50:48,179 - httpx - INFO - HTTP Request: POST http://localhost:33333/heap-written "HTTP/1.1 200 OK"
2026-04-21 22:50:48,180 - httpx - INFO - HTTP Request: POST http://localhost:33333/heap-written "HTTP/1.1 200 OK"
2026-04-21 22:50:48,200 - httpx - INFO - HTTP Request: POST http://localhost:33333/heap-written "HTTP/1.1 200 OK"
2026-04-21 22:50:48,203 - httpx - INFO - HTTP Request: POST http://localhost:33333/heap-written "HTTP/1.1 200 OK"
2026-04-21 22:50:48,352 - httpx - INFO - HTTP Request: GET http://localhost:33333/task?agent_id=e91fae39 "HTTP/1.1 200 OK"
2026-04-21 22:50:48,697 - httpx - INFO - HTTP Request: GET http://localhost:33333/task?agent_id=6f2ab702 "HTTP/1.1 200 OK"
2026-04-21 22:50:48,698 - httpx - INFO - HTTP Request: GET http://localhost:33333/task?agent_id=3c736ee1 "HTTP/1.1 200 OK"
2026-04-21 22:50:48,699 - httpx - INFO - HTTP Request: GET http://localhost:33333/task?agent_id=d32a0045 "HTTP/1.1 200 OK"
2026-04-21 22:50:49,122 - httpx - INFO - HTTP Request: GET http://localhost:33333/task?agent_id=5ca5541e "HTTP/1.1 200 OK"
2026-04-21 22:50:49,246 - httpx - INFO - HTTP Request: POST http://localhost:33333/allocate_page "HTTP/1.1 200 OK"
2026-04-21 22:50:49,409 - httpx - INFO - HTTP Request: POST http://localhost:55201/heap/append "HTTP/1.1 200 OK"
2026-04-21 22:50:49,409 - httpx - INFO - HTTP Request: GET http://localhost:33333/active_pages "HTTP/1.1 200 OK"
2026-04-21 22:50:49,410 - httpx - INFO - HTTP Request: GET http://localhost:33333/active_pages "HTTP/1.1 200 OK"
2026-04-21 22:50:49,410 - httpx - INFO - HTTP Request: GET http://localhost:33333/active_pages "HTTP/1.1 200 OK"
2026-04-21 22:50:49,411 - httpx - INFO - HTTP Request: GET http://localhost:33333/active_pages "HTTP/1.1 200 OK"
2026-04-21 22:50:49,430 - httpx - INFO - HTTP Request: GET http://localhost:33333/active_pages "HTTP/1.1 200 OK"
2026-04-21 22:50:49,533 - httpx - INFO - HTTP Request: GET http://localhost:33333/active_pages "HTTP/1.1 200 OK"
2026-04-21 22:50:49,534 - httpx - INFO - HTTP Request: GET http://localhost:33333/active_pages "HTTP/1.1 200 OK"
2026-04-21 22:50:49,535 - httpx - INFO - HTTP Request: GET http://localhost:33333/active_pages "HTTP/1.1 200 OK"
2026-04-21 22:50:49,603 - httpx - INFO - HTTP Request: GET http://localhost:33333/active_pages "HTTP/1.1 200 OK"
2026-04-21 22:50:49,630 - httpx - INFO - HTTP Request: GET http://localhost:33333/active_pages "HTTP/1.1 200 OK"
2026-04-21 22:50:49,871 - httpx - INFO - HTTP Request: POST http://localhost:33333/heap-written "HTTP/1.1 200 OK"
2026-04-21 22:50:49,877 - httpx - INFO - HTTP Request: POST http://localhost:11679/heap/append "HTTP/1.1 200 OK"
2026-04-21 22:50:49,995 - httpx - INFO - HTTP Request: POST http://localhost:33333/allocate_page "HTTP/1.1 200 OK"
2026-04-21 22:50:50,125 - httpx - INFO - HTTP Request: POST http://localhost:33333/heap-written "HTTP/1.1 200 OK"
2026-04-21 22:50:50,668 - httpx - INFO - HTTP Request: GET http://localhost:33333/task?agent_id=63afa39e "HTTP/1.1 200 OK"
2026-04-21 22:50:50,671 - httpx - INFO - HTTP Request: POST http://localhost:55201/heap/append "HTTP/1.1 200 OK"
2026-04-21 22:50:50,779 - httpx - INFO - HTTP Request: POST http://localhost:33333/heap-written "HTTP/1.1 200 OK"
2026-04-21 22:50:50,891 - httpx - INFO - HTTP Request: GET http://localhost:33333/task?agent_id=37bb187c "HTTP/1.1 200 OK"
[BFF] 读取PublicMemory (物理路径): /mnt/d/collections2026/phd_application/nanobot1/milestone2/data/public_memory/public_memory.jsonl, top_k=2
[BFF] 读取PublicMemory完成: 138 条记录
[BFF] 获取Agent d5ec85cc 堆段: 0 条
[BFF] all-unmerged 获取完成: 21 条
[BFF] 读取PublicMemory (物理路径): /mnt/d/collections2026/phd_application/nanobot1/milestone2/data/public_memory/public_memory.jsonl, top_k=2
[BFF] 读取PublicMemory完成: 138 条记录
[BFF] all-unmerged 命中缓存: 21 条 (缓存剩余 2.0s)
[BFF] all-unmerged 命中缓存: 21 条 (缓存剩余 2.0s)
[BFF] all-unmerged 命中缓存: 21 条 (缓存剩余 2.0s)
[BFF] all-unmerged 命中缓存: 21 条 (缓存剩余 2.0s)
[BFF] all-unmerged 命中缓存: 21 条 (缓存剩余 2.0s)
[BFF] all-unmerged 命中缓存: 21 条 (缓存剩余 2.0s)
[BFF] all-unmerged 命中缓存: 21 条 (缓存剩余 2.0s)
[BFF] all-unmerged 命中缓存: 21 条 (缓存剩余 2.0s)
[BFF] all-unmerged 命中缓存: 21 条 (缓存剩余 2.0s)
[BFF] all-unmerged 命中缓存: 21 条 (缓存剩余 2.0s)
[BFF] 创建Consolidator容器...
[BFF] 读取PublicMemory (物理路径): /mnt/d/collections2026/phd_application/nanobot1/milestone2/data/public_memory/public_memory.jsonl, top_k=2
[BFF] 读取PublicMemory完成: 138 条记录
[BFF] 读取PublicMemory (物理路径): /mnt/d/collections2026/phd_application/nanobot1/milestone2/data/public_memory/public_memory.jsonl, top_k=2
[BFF] 读取PublicMemory完成: 138 条记录
[BFF] 读取PublicMemory (物理路径): /mnt/d/collections2026/phd_application/nanobot1/milestone2/data/public_memory/public_memory.jsonl, top_k=2
[BFF] 读取PublicMemory完成: 138 条记录
[Orchestrator] Container consolidator_c2ac73df is ready
[Orchestrator] Created container consolidator_c2ac73df
[BFF] Consolidator容器已创建: c2ac73df
[BFF] Consolidator容器已创建: c2ac73df
[BFF] Consolidator容器已创建: c2ac73df
[BFF] 转发合并请求到Consolidator: http://localhost:4630/execute_merge
[BFF] Consolidator容器已存在（双重检查）: c2ac73df
[BFF] 转发合并请求到Consolidator: http://localhost:4630/execute_merge
[BFF] Consolidator容器已存在（双重检查）: c2ac73df
[BFF] 转发合并请求到Consolidator: http://localhost:4630/execute_merge
[BFF] Consolidator容器已存在（双重检查）: c2ac73df
[BFF] 转发合并请求到Consolidator: http://localhost:4630/execute_merge
[BFF] Consolidator容器已存在（双重检查）: c2ac73df
[BFF] 转发合并请求到Consolidator: http://localhost:4630/execute_merge
[BFF] Consolidator容器已存在（双重检查）: c2ac73df
[BFF] 转发合并请求到Consolidator: http://localhost:4630/execute_merge
[BFF] 读取PublicMemory (物理路径): /mnt/d/collections2026/phd_application/nanobot1/milestone2/data/public_memory/public_memory.jsonl, top_k=2
[BFF] 读取PublicMemory完成: 138 条记录
[BFF] Consolidator容器已存在（双重检查）: c2ac73df
[BFF] 转发合并请求到Consolidator: http://localhost:4630/execute_merge
[BFF] Consolidator容器已存在（双重检查）: c2ac73df
[BFF] 转发合并请求到Consolidator: http://localhost:4630/execute_merge
[BFF] Consolidator容器已存在（双重检查）: c2ac73df
[BFF] 转发合并请求到Consolidator: http://localhost:4630/execute_merge
[BFF] 读取PublicMemory (物理路径): /mnt/d/collections2026/phd_application/nanobot1/milestone2/data/public_memory/public_memory.jsonl, top_k=2
[BFF] 读取PublicMemory完成: 138 条记录
[BFF] 读取PublicMemory (物理路径): /mnt/d/collections2026/phd_application/nanobot1/milestone2/data/public_memory/public_memory.jsonl, top_k=2
[BFF] 读取PublicMemory完成: 138 条记录
[BFF] 读取PublicMemory (物理路径): /mnt/d/collections2026/phd_application/nanobot1/milestone2/data/public_memory/public_memory.jsonl, top_k=2
[BFF] 读取PublicMemory完成: 138 条记录
[BFF] 读取PublicMemory (物理路径): /mnt/d/collections2026/phd_application/nanobot1/milestone2/data/public_memory/public_memory.jsonl, top_k=2
[BFF] 读取PublicMemory完成: 138 条记录
[BFF] Consolidator容器已存在（双重检查）: c2ac73df
[BFF] 转发合并请求到Consolidator: http://localhost:4630/execute_merge
[BFF] 读取PublicMemory (物理路径): /mnt/d/collections2026/phd_application/nanobot1/milestone2/data/public_memory/public_memory.jsonl, top_k=2
[BFF] 读取PublicMemory完成: 138 条记录
[BFF] 读取PublicMemory (物理路径): /mnt/d/collections2026/phd_application/nanobot1/milestone2/data/public_memory/public_memory.jsonl, top_k=2
[BFF] 读取PublicMemory完成: 138 条记录
[BFF] 读取PublicMemory (物理路径): /mnt/d/collections2026/phd_application/nanobot1/milestone2/data/public_memory/public_memory.jsonl, top_k=2
[BFF] 读取PublicMemory完成: 138 条记录
[BFF] 读取PublicMemory (物理路径): /mnt/d/collections2026/phd_application/nanobot1/milestone2/data/public_memory/public_memory.jsonl, top_k=2
[BFF] 读取PublicMemory完成: 138 条记录
[BFF] 读取PublicMemory (物理路径): /mnt/d/collections2026/phd_application/nanobot1/milestone2/data/public_memory/public_memory.jsonl, top_k=2
[BFF] 读取PublicMemory完成: 138 条记录
[BFF] 读取PublicMemory (物理路径): /mnt/d/collections2026/phd_application/nanobot1/milestone2/data/public_memory/public_memory.jsonl, top_k=10000
[BFF] 读取PublicMemory完成: 138 条记录
[BFF] 读取PublicMemory (物理路径): /mnt/d/collections2026/phd_application/nanobot1/milestone2/data/public_memory/public_memory.jsonl, top_k=10000
[BFF] 读取PublicMemory完成: 138 条记录
[BFF] 读取PublicMemory (物理路径): /mnt/d/collections2026/phd_application/nanobot1/milestone2/data/public_memory/public_memory.jsonl, top_k=10000
[BFF] 读取PublicMemory完成: 138 条记录
[BFF] 读取PublicMemory (物理路径): /mnt/d/collections2026/phd_application/nanobot1/milestone2/data/public_memory/public_memory.jsonl, top_k=10000
[BFF] 读取PublicMemory完成: 138 条记录
[BFF] 读取PublicMemory (物理路径): /mnt/d/collections2026/phd_application/nanobot1/milestone2/data/public_memory/public_memory.jsonl, top_k=2
[BFF] 读取PublicMemory完成: 138 条记录
[BFF] 读取PublicMemory (物理路径): /mnt/d/collections2026/phd_application/nanobot1/milestone2/data/public_memory/public_memory.jsonl, top_k=2
[BFF] 读取PublicMemory完成: 138 条记录
[BFF] 读取PublicMemory (物理路径): /mnt/d/collections2026/phd_application/nanobot1/milestone2/data/public_memory/public_memory.jsonl, top_k=2
[BFF] 读取PublicMemory完成: 138 条记录
[BFF] 读取PublicMemory (物理路径): /mnt/d/collections2026/phd_application/nanobot1/milestone2/data/public_memory/public_memory.jsonl, top_k=2
[BFF] 读取PublicMemory完成: 138 条记录
[BFF] 读取PublicMemory (物理路径): /mnt/d/collections2026/phd_application/nanobot1/milestone2/data/public_memory/public_memory.jsonl, top_k=2
[BFF] 读取PublicMemory完成: 138 条记录
[BFF] 读取PublicMemory (物理路径): /mnt/d/collections2026/phd_application/nanobot1/milestone2/data/public_memory/public_memory.jsonl, top_k=10000
[BFF] 读取PublicMemory完成: 138 条记录
[BFF] 读取PublicMemory (物理路径): /mnt/d/collections2026/phd_application/nanobot1/milestone2/data/public_memory/public_memory.jsonl, top_k=10000
[BFF] 读取PublicMemory完成: 138 条记录
[BFF] 读取PublicMemory (物理路径): /mnt/d/collections2026/phd_application/nanobot1/milestone2/data/public_memory/public_memory.jsonl, top_k=10000
[BFF] 读取PublicMemory完成: 138 条记录
[BFF] 读取PublicMemory (物理路径): /mnt/d/collections2026/phd_application/nanobot1/milestone2/data/public_memory/public_memory.jsonl, top_k=10000
[BFF] 读取PublicMemory完成: 138 条记录
[BFF] 读取PublicMemory (物理路径): /mnt/d/collections2026/phd_application/nanobot1/milestone2/data/public_memory/public_memory.jsonl, top_k=10000
[BFF] 读取PublicMemory完成: 138 条记录
[BFF] 读取PublicMemory (物理路径): /mnt/d/collections2026/phd_application/nanobot1/milestone2/data/public_memory/public_memory.jsonl, top_k=10000
[BFF] 读取PublicMemory完成: 138 条记录
2026-04-21 22:50:52,083 - httpx - INFO - HTTP Request: POST http://localhost:33333/allocate_page "HTTP/1.1 200 OK"
2026-04-21 22:50:52,364 - httpx - INFO - HTTP Request: POST http://localhost:11644/heap/append "HTTP/1.1 200 OK"
2026-04-21 22:50:52,628 - httpx - INFO - HTTP Request: POST http://localhost:33333/heap-written "HTTP/1.1 200 OK"
2026-04-21 22:50:52,631 - httpx - INFO - HTTP Request: POST http://localhost:33333/allocate_page "HTTP/1.1 200 OK"
2026-04-21 22:50:52,870 - httpx - INFO - HTTP Request: POST http://localhost:11644/heap/append "HTTP/1.1 200 OK"
2026-04-21 22:50:53,085 - httpx - INFO - HTTP Request: POST http://localhost:33333/heap-written "HTTP/1.1 200 OK"
2026-04-21 22:50:53,088 - httpx - INFO - HTTP Request: GET http://localhost:33333/task?agent_id=bf61af0f "HTTP/1.1 200 OK"
2026-04-21 22:50:57,347 - httpx - INFO - HTTP Request: POST http://localhost:33333/mark_pages_merged "HTTP/1.1 200 OK"
2026-04-21 22:50:57,351 - httpx - INFO - HTTP Request: POST http://localhost:33333/mark_pages_merged "HTTP/1.1 200 OK"
2026-04-21 22:50:57,354 - httpx - INFO - HTTP Request: POST http://localhost:33333/mark_pages_merged "HTTP/1.1 200 OK"
2026-04-21 22:50:57,367 - httpx - INFO - HTTP Request: POST http://localhost:33333/mark_pages_merged "HTTP/1.1 200 OK"
2026-04-21 22:50:57,371 - httpx - INFO - HTTP Request: POST http://localhost:33333/mark_pages_merged "HTTP/1.1 200 OK"
2026-04-21 22:50:57,372 - httpx - INFO - HTTP Request: POST http://localhost:33333/mark_pages_merged "HTTP/1.1 200 OK"
2026-04-21 22:50:57,373 - httpx - INFO - HTTP Request: POST http://localhost:33333/mark_pages_merged "HTTP/1.1 200 OK"
2026-04-21 22:50:57,373 - httpx - INFO - HTTP Request: POST http://localhost:33333/mark_pages_merged "HTTP/1.1 200 OK"
2026-04-21 22:50:57,374 - httpx - INFO - HTTP Request: POST http://localhost:33333/mark_pages_merged "HTTP/1.1 200 OK"
2026-04-21 22:50:57,766 - httpx - INFO - HTTP Request: POST http://localhost:33333/mark_pages_merged "HTTP/1.1 200 OK"
2026-04-21 22:50:57,766 - httpx - INFO - HTTP Request: POST http://localhost:33333/allocate_page "HTTP/1.1 200 OK"
2026-04-21 22:51:15,845 - httpx - INFO - HTTP Request: POST http://localhost:33333/allocate_page "HTTP/1.1 200 OK"
2026-04-21 22:51:15,846 - httpx - INFO - HTTP Request: POST http://localhost:33333/allocate_page "HTTP/1.1 200 OK"
2026-04-21 22:51:16,830 - httpx - INFO - HTTP Request: POST http://localhost:4630/execute_merge "HTTP/1.1 200 OK"
2026-04-21 22:51:16,830 - httpx - INFO - HTTP Request: POST http://localhost:4630/execute_merge "HTTP/1.1 200 OK"
2026-04-21 22:51:16,831 - httpx - INFO - HTTP Request: POST http://localhost:4630/execute_merge "HTTP/1.1 200 OK"
2026-04-21 22:51:16,833 - httpx - INFO - HTTP Request: POST http://localhost:4630/execute_merge "HTTP/1.1 200 OK"
2026-04-21 22:51:16,833 - httpx - INFO - HTTP Request: POST http://localhost:4630/execute_merge "HTTP/1.1 200 OK"
2026-04-21 22:51:16,834 - httpx - INFO - HTTP Request: POST http://localhost:4630/execute_merge "HTTP/1.1 200 OK"
2026-04-21 22:51:16,835 - httpx - INFO - HTTP Request: POST http://localhost:4630/execute_merge "HTTP/1.1 200 OK"
2026-04-21 22:51:16,835 - httpx - INFO - HTTP Request: POST http://localhost:4630/execute_merge "HTTP/1.1 200 OK"
2026-04-21 22:51:16,836 - httpx - INFO - HTTP Request: POST http://localhost:4630/execute_merge "HTTP/1.1 200 OK"
2026-04-21 22:51:16,837 - httpx - INFO - HTTP Request: POST http://localhost:4630/execute_merge "HTTP/1.1 200 OK"
2026-04-21 22:51:19,533 - httpx - INFO - HTTP Request: POST http://localhost:55202/heap/mark-merged "HTTP/1.1 200 OK"
2026-04-21 22:51:19,545 - httpx - INFO - HTTP Request: POST http://localhost:55202/heap/mark-merged "HTTP/1.1 200 OK"
2026-04-21 22:51:20,081 - httpx - INFO - HTTP Request: POST http://localhost:55202/heap/mark-merged "HTTP/1.1 200 OK"
2026-04-21 22:51:20,112 - httpx - INFO - HTTP Request: POST http://localhost:55202/heap/mark-merged "HTTP/1.1 200 OK"
2026-04-21 22:51:20,113 - httpx - INFO - HTTP Request: POST http://localhost:30489/heap/mark-merged "HTTP/1.1 200 OK"
2026-04-21 22:51:20,113 - httpx - INFO - HTTP Request: POST http://localhost:55202/heap/mark-merged "HTTP/1.1 200 OK"
2026-04-21 22:51:20,114 - httpx - INFO - HTTP Request: POST http://localhost:30489/heap/mark-merged "HTTP/1.1 200 OK"
2026-04-21 22:51:20,115 - httpx - INFO - HTTP Request: POST http://localhost:11618/heap/mark-merged "HTTP/1.1 200 OK"
2026-04-21 22:51:20,116 - httpx - INFO - HTTP Request: POST http://localhost:55201/heap/mark-merged "HTTP/1.1 200 OK"
2026-04-21 22:51:20,116 - httpx - INFO - HTTP Request: POST http://localhost:11618/heap/mark-merged "HTTP/1.1 200 OK"
2026-04-21 22:51:20,117 - httpx - INFO - HTTP Request: POST http://localhost:55201/heap/mark-merged "HTTP/1.1 200 OK"
2026-04-21 22:51:20,118 - httpx - INFO - HTTP Request: POST http://localhost:11618/heap/mark-merged "HTTP/1.1 200 OK"
2026-04-21 22:51:20,118 - httpx - INFO - HTTP Request: POST http://localhost:11679/heap/mark-merged "HTTP/1.1 200 OK"
2026-04-21 22:51:20,119 - httpx - INFO - HTTP Request: POST http://localhost:55201/heap/mark-merged "HTTP/1.1 200 OK"
2026-04-21 22:51:20,120 - httpx - INFO - HTTP Request: POST http://localhost:11679/heap/mark-merged "HTTP/1.1 200 OK"
2026-04-21 22:51:20,120 - httpx - INFO - HTTP Request: POST http://localhost:30489/heap/mark-merged "HTTP/1.1 200 OK"
2026-04-21 22:51:20,121 - httpx - INFO - HTTP Request: POST http://localhost:30493/heap/mark-merged "HTTP/1.1 200 OK"
2026-04-21 22:51:20,122 - httpx - INFO - HTTP Request: POST http://localhost:11645/heap/mark-merged "HTTP/1.1 200 OK"
2026-04-21 22:51:20,123 - httpx - INFO - HTTP Request: POST http://localhost:11644/heap/mark-merged "HTTP/1.1 200 OK"
2026-04-21 22:51:20,124 - httpx - INFO - HTTP Request: POST http://localhost:55202/heap/mark-merged "HTTP/1.1 200 OK"
2026-04-21 22:51:20,125 - httpx - INFO - HTTP Request: POST http://localhost:11644/heap/mark-merged "HTTP/1.1 200 OK"
2026-04-21 22:51:20,125 - httpx - INFO - HTTP Request: POST http://localhost:11629/heap/mark-merged "HTTP/1.1 200 OK"
2026-04-21 22:51:20,126 - httpx - INFO - HTTP Request: POST http://localhost:11578/heap/mark-merged "HTTP/1.1 200 OK"
2026-04-21 22:51:20,126 - httpx - INFO - HTTP Request: POST http://localhost:11578/heap/mark-merged "HTTP/1.1 200 OK"
2026-04-21 22:51:20,127 - httpx - INFO - HTTP Request: POST http://localhost:11645/heap/mark-merged "HTTP/1.1 200 OK"
2026-04-21 22:51:20,128 - httpx - INFO - HTTP Request: POST http://localhost:30493/heap/mark-merged "HTTP/1.1 200 OK"
2026-04-21 22:51:20,128 - httpx - INFO - HTTP Request: POST http://localhost:11629/heap/mark-merged "HTTP/1.1 200 OK"
2026-04-21 22:51:20,129 - httpx - INFO - HTTP Request: POST http://localhost:11581/heap/mark-merged "HTTP/1.1 200 OK"
2026-04-21 22:51:20,130 - httpx - INFO - HTTP Request: POST http://localhost:55202/heap/mark-merged "HTTP/1.1 200 OK"
2026-04-21 22:51:20,130 - httpx - INFO - HTTP Request: POST http://localhost:11578/heap/mark-merged "HTTP/1.1 200 OK"
2026-04-21 22:51:20,131 - httpx - INFO - HTTP Request: POST http://localhost:11711/heap/mark-merged "HTTP/1.1 200 OK"
2026-04-21 22:51:20,132 - httpx - INFO - HTTP Request: POST http://localhost:11680/heap/mark-merged "HTTP/1.1 200 OK"
2026-04-21 22:51:20,132 - httpx - INFO - HTTP Request: POST http://localhost:11753/heap/mark-merged "HTTP/1.1 200 OK"
2026-04-21 22:51:20,133 - httpx - INFO - HTTP Request: POST http://localhost:11748/heap/mark-merged "HTTP/1.1 200 OK"
2026-04-21 22:51:20,134 - httpx - INFO - HTTP Request: POST http://localhost:11596/heap/mark-merged "HTTP/1.1 200 OK"
2026-04-21 22:51:20,134 - httpx - INFO - HTTP Request: POST http://localhost:11679/heap/mark-merged "HTTP/1.1 200 OK"
2026-04-21 22:51:20,135 - httpx - INFO - HTTP Request: POST http://localhost:11645/heap/mark-merged "HTTP/1.1 200 OK"
2026-04-21 22:51:20,136 - httpx - INFO - HTTP Request: POST http://localhost:11629/heap/mark-merged "HTTP/1.1 200 OK"
2026-04-21 22:51:20,136 - httpx - INFO - HTTP Request: POST http://localhost:11714/heap/mark-merged "HTTP/1.1 200 OK"
2026-04-21 22:51:20,137 - httpx - INFO - HTTP Request: POST http://localhost:11601/heap/mark-merged "HTTP/1.1 200 OK"
2026-04-21 22:51:20,138 - httpx - INFO - HTTP Request: POST http://localhost:11644/heap/mark-merged "HTTP/1.1 200 OK"
2026-04-21 22:51:20,139 - httpx - INFO - HTTP Request: POST http://localhost:11581/heap/mark-merged "HTTP/1.1 200 OK"
2026-04-21 22:51:20,139 - httpx - INFO - HTTP Request: POST http://localhost:30493/heap/mark-merged "HTTP/1.1 200 OK"
2026-04-21 22:51:20,156 - httpx - INFO - HTTP Request: POST http://localhost:30479/heap/mark-merged "HTTP/1.1 200 OK"
2026-04-21 22:51:20,159 - httpx - INFO - HTTP Request: POST http://localhost:11753/heap/mark-merged "HTTP/1.1 200 OK"
2026-04-21 22:51:20,160 - httpx - INFO - HTTP Request: POST http://localhost:11680/heap/mark-merged "HTTP/1.1 200 OK"
2026-04-21 22:51:20,163 - httpx - INFO - HTTP Request: POST http://localhost:11596/heap/mark-merged "HTTP/1.1 200 OK"
2026-04-21 22:51:20,168 - httpx - INFO - HTTP Request: POST http://localhost:11714/heap/mark-merged "HTTP/1.1 200 OK"
2026-04-21 22:51:20,169 - httpx - INFO - HTTP Request: POST http://localhost:11748/heap/mark-merged "HTTP/1.1 200 OK"
2026-04-21 22:51:20,171 - httpx - INFO - HTTP Request: POST http://localhost:55202/heap/mark-merged "HTTP/1.1 200 OK"
2026-04-21 22:51:20,172 - httpx - INFO - HTTP Request: POST http://localhost:11581/heap/mark-merged "HTTP/1.1 200 OK"
2026-04-21 22:51:20,173 - httpx - INFO - HTTP Request: POST http://localhost:11601/heap/mark-merged "HTTP/1.1 200 OK"
2026-04-21 22:51:20,174 - httpx - INFO - HTTP Request: POST http://localhost:30481/heap/mark-merged "HTTP/1.1 200 OK"
2026-04-21 22:51:20,176 - httpx - INFO - HTTP Request: POST http://localhost:30479/heap/mark-merged "HTTP/1.1 200 OK"
2026-04-21 22:51:20,177 - httpx - INFO - HTTP Request: POST http://localhost:11711/heap/mark-merged "HTTP/1.1 200 OK"
2026-04-21 22:51:20,177 - httpx - INFO - HTTP Request: POST http://localhost:11680/heap/mark-merged "HTTP/1.1 200 OK"
2026-04-21 22:51:20,179 - httpx - INFO - HTTP Request: POST http://localhost:11748/heap/mark-merged "HTTP/1.1 200 OK"
2026-04-21 22:51:20,180 - httpx - INFO - HTTP Request: POST http://localhost:11753/heap/mark-merged "HTTP/1.1 200 OK"
2026-04-21 22:51:20,181 - httpx - INFO - HTTP Request: POST http://localhost:11596/heap/mark-merged "HTTP/1.1 200 OK"
2026-04-21 22:51:20,183 - httpx - INFO - HTTP Request: POST http://localhost:11714/heap/mark-merged "HTTP/1.1 200 OK"
2026-04-21 22:51:20,184 - httpx - INFO - HTTP Request: POST http://localhost:55202/heap/mark-merged "HTTP/1.1 200 OK"
2026-04-21 22:51:20,185 - httpx - INFO - HTTP Request: POST http://localhost:11601/heap/mark-merged "HTTP/1.1 200 OK"
2026-04-21 22:51:20,186 - httpx - INFO - HTTP Request: POST http://localhost:11711/heap/mark-merged "HTTP/1.1 200 OK"
2026-04-21 22:51:20,187 - httpx - INFO - HTTP Request: POST http://localhost:30481/heap/mark-merged "HTTP/1.1 200 OK"
2026-04-21 22:51:20,188 - httpx - INFO - HTTP Request: POST http://localhost:30479/heap/mark-merged "HTTP/1.1 200 OK"
2026-04-21 22:51:20,189 - httpx - INFO - HTTP Request: POST http://localhost:30481/heap/mark-merged "HTTP/1.1 200 OK"
2026-04-21 22:51:20,316 - httpx - INFO - HTTP Request: POST http://localhost:11578/heap/mark-merged "HTTP/1.1 200 OK"
2026-04-21 22:51:20,318 - httpx - INFO - HTTP Request: POST http://localhost:11748/heap/mark-merged "HTTP/1.1 200 OK"
2026-04-21 22:51:20,319 - httpx - INFO - HTTP Request: POST http://localhost:55202/heap/mark-merged "HTTP/1.1 200 OK"
2026-04-21 22:51:20,320 - httpx - INFO - HTTP Request: POST http://localhost:11644/heap/mark-merged "HTTP/1.1 200 OK"
2026-04-21 22:51:20,321 - httpx - INFO - HTTP Request: POST http://localhost:11645/heap/mark-merged "HTTP/1.1 200 OK"
2026-04-21 22:51:20,322 - httpx - INFO - HTTP Request: POST http://localhost:11601/heap/mark-merged "HTTP/1.1 200 OK"
2026-04-21 22:51:20,323 - httpx - INFO - HTTP Request: POST http://localhost:55201/heap/mark-merged "HTTP/1.1 200 OK"
2026-04-21 22:51:20,324 - httpx - INFO - HTTP Request: POST http://localhost:11618/heap/mark-merged "HTTP/1.1 200 OK"
2026-04-21 22:51:20,325 - httpx - INFO - HTTP Request: POST http://localhost:11753/heap/mark-merged "HTTP/1.1 200 OK"
2026-04-21 22:51:20,328 - httpx - INFO - HTTP Request: POST http://localhost:11578/heap/mark-merged "HTTP/1.1 200 OK"
2026-04-21 22:51:20,329 - httpx - INFO - HTTP Request: POST http://localhost:11714/heap/mark-merged "HTTP/1.1 200 OK"
2026-04-21 22:51:20,331 - httpx - INFO - HTTP Request: POST http://localhost:11711/heap/mark-merged "HTTP/1.1 200 OK"
2026-04-21 22:51:20,333 - httpx - INFO - HTTP Request: POST http://localhost:11578/heap/mark-merged "HTTP/1.1 200 OK"
2026-04-21 22:51:20,334 - httpx - INFO - HTTP Request: POST http://localhost:11618/heap/mark-merged "HTTP/1.1 200 OK"
2026-04-21 22:51:20,335 - httpx - INFO - HTTP Request: POST http://localhost:30479/heap/mark-merged "HTTP/1.1 200 OK"
2026-04-21 22:51:20,337 - httpx - INFO - HTTP Request: POST http://localhost:11644/heap/mark-merged "HTTP/1.1 200 OK"
2026-04-21 22:51:20,338 - httpx - INFO - HTTP Request: POST http://localhost:11578/heap/mark-merged "HTTP/1.1 200 OK"
2026-04-21 22:51:20,339 - httpx - INFO - HTTP Request: POST http://localhost:11645/heap/mark-merged "HTTP/1.1 200 OK"
2026-04-21 22:51:20,339 - httpx - INFO - HTTP Request: POST http://localhost:11644/heap/mark-merged "HTTP/1.1 200 OK"
2026-04-21 22:51:20,340 - httpx - INFO - HTTP Request: POST http://localhost:11679/heap/mark-merged "HTTP/1.1 200 OK"
2026-04-21 22:51:20,341 - httpx - INFO - HTTP Request: POST http://localhost:11680/heap/mark-merged "HTTP/1.1 200 OK"
2026-04-21 22:51:20,342 - httpx - INFO - HTTP Request: POST http://localhost:11618/heap/mark-merged "HTTP/1.1 200 OK"
2026-04-21 22:51:20,344 - httpx - INFO - HTTP Request: POST http://localhost:11601/heap/mark-merged "HTTP/1.1 200 OK"
2026-04-21 22:51:20,345 - httpx - INFO - HTTP Request: POST http://localhost:11644/heap/mark-merged "HTTP/1.1 200 OK"
2026-04-21 22:51:20,346 - httpx - INFO - HTTP Request: POST http://localhost:11748/heap/mark-merged "HTTP/1.1 200 OK"
2026-04-21 22:51:20,346 - httpx - INFO - HTTP Request: POST http://localhost:30489/heap/mark-merged "HTTP/1.1 200 OK"
2026-04-21 22:51:20,348 - httpx - INFO - HTTP Request: POST http://localhost:30493/heap/mark-merged "HTTP/1.1 200 OK"
2026-04-21 22:51:20,349 - httpx - INFO - HTTP Request: POST http://localhost:11578/heap/mark-merged "HTTP/1.1 200 OK"
2026-04-21 22:51:20,351 - httpx - INFO - HTTP Request: POST http://localhost:55201/heap/mark-merged "HTTP/1.1 200 OK"
2026-04-21 22:51:20,352 - httpx - INFO - HTTP Request: POST http://localhost:11753/heap/mark-merged "HTTP/1.1 200 OK"
2026-04-21 22:51:20,353 - httpx - INFO - HTTP Request: POST http://localhost:11711/heap/mark-merged "HTTP/1.1 200 OK"
2026-04-21 22:51:20,354 - httpx - INFO - HTTP Request: POST http://localhost:11618/heap/mark-merged "HTTP/1.1 200 OK"
2026-04-21 22:51:20,357 - httpx - INFO - HTTP Request: POST http://localhost:11581/heap/mark-merged "HTTP/1.1 200 OK"
2026-04-21 22:51:20,358 - httpx - INFO - HTTP Request: POST http://localhost:11596/heap/mark-merged "HTTP/1.1 200 OK"
2026-04-21 22:51:20,359 - httpx - INFO - HTTP Request: POST http://localhost:11644/heap/mark-merged "HTTP/1.1 200 OK"
2026-04-21 22:51:20,360 - httpx - INFO - HTTP Request: POST http://localhost:30489/heap/mark-merged "HTTP/1.1 200 OK"
2026-04-21 22:51:20,361 - httpx - INFO - HTTP Request: POST http://localhost:11748/heap/mark-merged "HTTP/1.1 200 OK"
2026-04-21 22:51:20,362 - httpx - INFO - HTTP Request: POST http://localhost:30493/heap/mark-merged "HTTP/1.1 200 OK"
2026-04-21 22:51:20,362 - httpx - INFO - HTTP Request: POST http://localhost:11578/heap/mark-merged "HTTP/1.1 200 OK"
2026-04-21 22:51:20,363 - httpx - INFO - HTTP Request: POST http://localhost:11629/heap/mark-merged "HTTP/1.1 200 OK"
2026-04-21 22:51:20,364 - httpx - INFO - HTTP Request: POST http://localhost:11618/heap/mark-merged "HTTP/1.1 200 OK"
2026-04-21 22:51:20,365 - httpx - INFO - HTTP Request: POST http://localhost:11601/heap/mark-merged "HTTP/1.1 200 OK"
2026-04-21 22:51:20,367 - httpx - INFO - HTTP Request: POST http://localhost:30479/heap/mark-merged "HTTP/1.1 200 OK"
2026-04-21 22:51:20,367 - httpx - INFO - HTTP Request: POST http://localhost:11679/heap/mark-merged "HTTP/1.1 200 OK"
2026-04-21 22:51:20,368 - httpx - INFO - HTTP Request: POST http://localhost:55201/heap/mark-merged "HTTP/1.1 200 OK"
2026-04-21 22:51:20,368 - httpx - INFO - HTTP Request: POST http://localhost:11753/heap/mark-merged "HTTP/1.1 200 OK"
2026-04-21 22:51:20,369 - httpx - INFO - HTTP Request: POST http://localhost:11645/heap/mark-merged "HTTP/1.1 200 OK"
2026-04-21 22:51:20,370 - httpx - INFO - HTTP Request: POST http://localhost:11680/heap/mark-merged "HTTP/1.1 200 OK"
2026-04-21 22:51:20,371 - httpx - INFO - HTTP Request: POST http://localhost:11596/heap/mark-merged "HTTP/1.1 200 OK"
2026-04-21 22:51:20,373 - httpx - INFO - HTTP Request: POST http://localhost:30493/heap/mark-merged "HTTP/1.1 200 OK"
2026-04-21 22:51:20,376 - httpx - INFO - HTTP Request: POST http://localhost:30481/heap/mark-merged "HTTP/1.1 200 OK"
2026-04-21 22:51:20,377 - httpx - INFO - HTTP Request: POST http://localhost:30489/heap/mark-merged "HTTP/1.1 200 OK"
2026-04-21 22:51:20,378 - httpx - INFO - HTTP Request: POST http://localhost:11618/heap/mark-merged "HTTP/1.1 200 OK"
2026-04-21 22:51:20,379 - httpx - INFO - HTTP Request: POST http://localhost:11748/heap/mark-merged "HTTP/1.1 200 OK"
2026-04-21 22:51:20,380 - httpx - INFO - HTTP Request: POST http://localhost:11679/heap/mark-merged "HTTP/1.1 200 OK"
2026-04-21 22:51:20,380 - httpx - INFO - HTTP Request: POST http://localhost:11644/heap/mark-merged "HTTP/1.1 200 OK"
2026-04-21 22:51:20,382 - httpx - INFO - HTTP Request: POST http://localhost:11711/heap/mark-merged "HTTP/1.1 200 OK"
2026-04-21 22:51:20,384 - httpx - INFO - HTTP Request: POST http://localhost:11629/heap/mark-merged "HTTP/1.1 200 OK"
2026-04-21 22:51:20,384 - httpx - INFO - HTTP Request: POST http://localhost:11596/heap/mark-merged "HTTP/1.1 200 OK"
2026-04-21 22:51:20,385 - httpx - INFO - HTTP Request: POST http://localhost:11645/heap/mark-merged "HTTP/1.1 200 OK"
2026-04-21 22:51:20,386 - httpx - INFO - HTTP Request: POST http://localhost:11581/heap/mark-merged "HTTP/1.1 200 OK"
2026-04-21 22:51:20,387 - httpx - INFO - HTTP Request: POST http://localhost:11714/heap/mark-merged "HTTP/1.1 200 OK"
2026-04-21 22:51:20,388 - httpx - INFO - HTTP Request: POST http://localhost:30479/heap/mark-merged "HTTP/1.1 200 OK"
2026-04-21 22:51:20,388 - httpx - INFO - HTTP Request: POST http://localhost:11601/heap/mark-merged "HTTP/1.1 200 OK"
2026-04-21 22:51:20,389 - httpx - INFO - HTTP Request: POST http://localhost:30489/heap/mark-merged "HTTP/1.1 200 OK"
2026-04-21 22:51:20,390 - httpx - INFO - HTTP Request: POST http://localhost:11680/heap/mark-merged "HTTP/1.1 200 OK"
2026-04-21 22:51:20,390 - httpx - INFO - HTTP Request: POST http://localhost:11753/heap/mark-merged "HTTP/1.1 200 OK"
2026-04-21 22:51:20,391 - httpx - INFO - HTTP Request: POST http://localhost:30493/heap/mark-merged "HTTP/1.1 200 OK"
2026-04-21 22:51:20,391 - httpx - INFO - HTTP Request: POST http://localhost:30481/heap/mark-merged "HTTP/1.1 200 OK"
2026-04-21 22:51:20,392 - httpx - INFO - HTTP Request: POST http://localhost:11711/heap/mark-merged "HTTP/1.1 200 OK"
2026-04-21 22:51:20,392 - httpx - INFO - HTTP Request: POST http://localhost:11679/heap/mark-merged "HTTP/1.1 200 OK"
2026-04-21 22:51:20,393 - httpx - INFO - HTTP Request: POST http://localhost:11748/heap/mark-merged "HTTP/1.1 200 OK"
2026-04-21 22:51:20,393 - httpx - INFO - HTTP Request: POST http://localhost:30489/heap/mark-merged "HTTP/1.1 200 OK"
2026-04-21 22:51:20,394 - httpx - INFO - HTTP Request: POST http://localhost:11714/heap/mark-merged "HTTP/1.1 200 OK"
2026-04-21 22:51:20,394 - httpx - INFO - HTTP Request: POST http://localhost:11680/heap/mark-merged "HTTP/1.1 200 OK"
2026-04-21 22:51:20,395 - httpx - INFO - HTTP Request: POST http://localhost:11645/heap/mark-merged "HTTP/1.1 200 OK"
2026-04-21 22:51:20,395 - httpx - INFO - HTTP Request: POST http://localhost:55201/heap/mark-merged "HTTP/1.1 200 OK"
2026-04-21 22:51:20,396 - httpx - INFO - HTTP Request: POST http://localhost:11629/heap/mark-merged "HTTP/1.1 200 OK"
2026-04-21 22:51:20,396 - httpx - INFO - HTTP Request: POST http://localhost:30479/heap/mark-merged "HTTP/1.1 200 OK"
2026-04-21 22:51:20,397 - httpx - INFO - HTTP Request: POST http://localhost:11581/heap/mark-merged "HTTP/1.1 200 OK"
2026-04-21 22:51:20,397 - httpx - INFO - HTTP Request: POST http://localhost:11596/heap/mark-merged "HTTP/1.1 200 OK"
2026-04-21 22:51:20,398 - httpx - INFO - HTTP Request: POST http://localhost:11601/heap/mark-merged "HTTP/1.1 200 OK"
2026-04-21 22:51:20,399 - httpx - INFO - HTTP Request: POST http://localhost:11753/heap/mark-merged "HTTP/1.1 200 OK"
2026-04-21 22:51:20,399 - httpx - INFO - HTTP Request: POST http://localhost:11714/heap/mark-merged "HTTP/1.1 200 OK"
2026-04-21 22:51:20,400 - httpx - INFO - HTTP Request: POST http://localhost:11680/heap/mark-merged "HTTP/1.1 200 OK"
2026-04-21 22:51:20,400 - httpx - INFO - HTTP Request: POST http://localhost:30481/heap/mark-merged "HTTP/1.1 200 OK"
2026-04-21 22:51:20,401 - httpx - INFO - HTTP Request: POST http://localhost:30493/heap/mark-merged "HTTP/1.1 200 OK"
2026-04-21 22:51:20,401 - httpx - INFO - HTTP Request: POST http://localhost:11645/heap/mark-merged "HTTP/1.1 200 OK"
2026-04-21 22:51:20,402 - httpx - INFO - HTTP Request: POST http://localhost:30489/heap/mark-merged "HTTP/1.1 200 OK"
2026-04-21 22:51:20,402 - httpx - INFO - HTTP Request: POST http://localhost:11711/heap/mark-merged "HTTP/1.1 200 OK"
2026-04-21 22:51:20,403 - httpx - INFO - HTTP Request: POST http://localhost:11748/heap/mark-merged "HTTP/1.1 200 OK"
2026-04-21 22:51:20,404 - httpx - INFO - HTTP Request: POST http://localhost:11679/heap/mark-merged "HTTP/1.1 200 OK"
2026-04-21 22:51:20,404 - httpx - INFO - HTTP Request: POST http://localhost:30479/heap/mark-merged "HTTP/1.1 200 OK"
2026-04-21 22:51:20,405 - httpx - INFO - HTTP Request: POST http://localhost:55201/heap/mark-merged "HTTP/1.1 200 OK"
2026-04-21 22:51:20,405 - httpx - INFO - HTTP Request: POST http://localhost:11714/heap/mark-merged "HTTP/1.1 200 OK"
2026-04-21 22:51:20,406 - httpx - INFO - HTTP Request: POST http://localhost:11680/heap/mark-merged "HTTP/1.1 200 OK"
2026-04-21 22:51:20,406 - httpx - INFO - HTTP Request: POST http://localhost:30493/heap/mark-merged "HTTP/1.1 200 OK"
2026-04-21 22:51:20,407 - httpx - INFO - HTTP Request: POST http://localhost:30481/heap/mark-merged "HTTP/1.1 200 OK"
2026-04-21 22:51:20,407 - httpx - INFO - HTTP Request: POST http://localhost:11629/heap/mark-merged "HTTP/1.1 200 OK"
2026-04-21 22:51:20,408 - httpx - INFO - HTTP Request: POST http://localhost:30479/heap/mark-merged "HTTP/1.1 200 OK"
2026-04-21 22:51:20,408 - httpx - INFO - HTTP Request: POST http://localhost:11596/heap/mark-merged "HTTP/1.1 200 OK"
2026-04-21 22:51:20,409 - httpx - INFO - HTTP Request: POST http://localhost:11679/heap/mark-merged "HTTP/1.1 200 OK"
2026-04-21 22:51:20,409 - httpx - INFO - HTTP Request: POST http://localhost:11601/heap/mark-merged "HTTP/1.1 200 OK"
2026-04-21 22:51:20,410 - httpx - INFO - HTTP Request: POST http://localhost:11711/heap/mark-merged "HTTP/1.1 200 OK"
2026-04-21 22:51:20,453 - httpx - INFO - HTTP Request: POST http://localhost:11581/heap/mark-merged "HTTP/1.1 200 OK"
2026-04-21 22:51:20,454 - httpx - INFO - HTTP Request: POST http://localhost:11753/heap/mark-merged "HTTP/1.1 200 OK"
2026-04-21 22:51:20,454 - httpx - INFO - HTTP Request: POST http://localhost:11714/heap/mark-merged "HTTP/1.1 200 OK"
2026-04-21 22:51:20,455 - httpx - INFO - HTTP Request: POST http://localhost:55201/heap/mark-merged "HTTP/1.1 200 OK"
2026-04-21 22:51:20,455 - httpx - INFO - HTTP Request: POST http://localhost:30481/heap/mark-merged "HTTP/1.1 200 OK"
2026-04-21 22:51:20,456 - httpx - INFO - HTTP Request: POST http://localhost:11596/heap/mark-merged "HTTP/1.1 200 OK"
2026-04-21 22:51:20,457 - httpx - INFO - HTTP Request: POST http://localhost:11629/heap/mark-merged "HTTP/1.1 200 OK"
2026-04-21 22:51:20,469 - httpx - INFO - HTTP Request: POST http://localhost:11581/heap/mark-merged "HTTP/1.1 200 OK"
2026-04-21 22:51:20,470 - httpx - INFO - HTTP Request: POST http://localhost:11581/heap/mark-merged "HTTP/1.1 200 OK"
2026-04-21 22:51:20,470 - httpx - INFO - HTTP Request: POST http://localhost:30481/heap/mark-merged "HTTP/1.1 200 OK"
2026-04-21 22:51:20,471 - httpx - INFO - HTTP Request: POST http://localhost:11629/heap/mark-merged "HTTP/1.1 200 OK"
2026-04-21 22:51:20,699 - httpx - INFO - HTTP Request: POST http://localhost:33333/allocate_page "HTTP/1.1 200 OK"
2026-04-21 22:51:20,700 - httpx - INFO - HTTP Request: POST http://localhost:33333/allocate_page "HTTP/1.1 200 OK"
2026-04-21 22:51:20,701 - httpx - INFO - HTTP Request: POST http://localhost:33333/allocate_page "HTTP/1.1 200 OK"
2026-04-21 22:51:20,701 - httpx - INFO - HTTP Request: POST http://localhost:11644/heap/mark-merged "HTTP/1.1 200 OK"
2026-04-21 22:51:20,702 - httpx - INFO - HTTP Request: POST http://localhost:11578/heap/mark-merged "HTTP/1.1 200 OK"
2026-04-21 22:51:20,702 - httpx - INFO - HTTP Request: POST http://localhost:30489/heap/mark-merged "HTTP/1.1 200 OK"
2026-04-21 22:51:20,703 - httpx - INFO - HTTP Request: POST http://localhost:11714/heap/mark-merged "HTTP/1.1 200 OK"
2026-04-21 22:51:20,704 - httpx - INFO - HTTP Request: POST http://localhost:30479/heap/mark-merged "HTTP/1.1 200 OK"
2026-04-21 22:51:20,705 - httpx - INFO - HTTP Request: POST http://localhost:11596/heap/mark-merged "HTTP/1.1 200 OK"
2026-04-21 22:51:20,728 - httpx - INFO - HTTP Request: POST http://localhost:33333/allocate_page "HTTP/1.1 200 OK"
2026-04-21 22:51:20,729 - httpx - INFO - HTTP Request: POST http://localhost:33333/allocate_page "HTTP/1.1 200 OK"
2026-04-21 22:51:20,729 - httpx - INFO - HTTP Request: POST http://localhost:11618/heap/mark-merged "HTTP/1.1 200 OK"
2026-04-21 22:51:20,730 - httpx - INFO - HTTP Request: POST http://localhost:33333/allocate_page "HTTP/1.1 200 OK"
2026-04-21 22:51:20,731 - httpx - INFO - HTTP Request: POST http://localhost:11645/heap/mark-merged "HTTP/1.1 200 OK"
2026-04-21 22:51:20,732 - httpx - INFO - HTTP Request: POST http://localhost:11645/heap/append "HTTP/1.1 200 OK"
2026-04-21 22:51:20,732 - httpx - INFO - HTTP Request: POST http://localhost:33333/allocate_page "HTTP/1.1 200 OK"
2026-04-21 22:51:20,733 - httpx - INFO - HTTP Request: POST http://localhost:55201/heap/mark-merged "HTTP/1.1 200 OK"
2026-04-21 22:51:20,733 - httpx - INFO - HTTP Request: POST http://localhost:33333/allocate_page "HTTP/1.1 200 OK"
2026-04-21 22:51:20,734 - httpx - INFO - HTTP Request: POST http://localhost:11679/heap/mark-merged "HTTP/1.1 200 OK"
2026-04-21 22:51:20,734 - httpx - INFO - HTTP Request: POST http://localhost:33333/allocate_page "HTTP/1.1 200 OK"
2026-04-21 22:51:20,735 - httpx - INFO - HTTP Request: POST http://localhost:30481/heap/mark-merged "HTTP/1.1 200 OK"
2026-04-21 22:51:20,736 - httpx - INFO - HTTP Request: POST http://localhost:11680/heap/mark-merged "HTTP/1.1 200 OK"
2026-04-21 22:51:20,736 - httpx - INFO - HTTP Request: POST http://localhost:11748/heap/mark-merged "HTTP/1.1 200 OK"
2026-04-21 22:51:20,737 - httpx - INFO - HTTP Request: POST http://localhost:11711/heap/mark-merged "HTTP/1.1 200 OK"
2026-04-21 22:51:20,737 - httpx - INFO - HTTP Request: POST http://localhost:11601/heap/mark-merged "HTTP/1.1 200 OK"
2026-04-21 22:51:20,738 - httpx - INFO - HTTP Request: POST http://localhost:11753/heap/mark-merged "HTTP/1.1 200 OK"
2026-04-21 22:51:20,738 - httpx - INFO - HTTP Request: POST http://localhost:33333/allocate_page "HTTP/1.1 200 OK"
2026-04-21 22:51:20,739 - httpx - INFO - HTTP Request: POST http://localhost:33333/allocate_page "HTTP/1.1 200 OK"
2026-04-21 22:51:20,739 - httpx - INFO - HTTP Request: POST http://localhost:11629/heap/mark-merged "HTTP/1.1 200 OK"
2026-04-21 22:51:20,740 - httpx - INFO - HTTP Request: POST http://localhost:33333/allocate_page "HTTP/1.1 200 OK"
2026-04-21 22:51:20,740 - httpx - INFO - HTTP Request: POST http://localhost:33333/allocate_page "HTTP/1.1 200 OK"
2026-04-21 22:51:20,741 - httpx - INFO - HTTP Request: POST http://localhost:33333/allocate_page "HTTP/1.1 200 OK"
2026-04-21 22:51:20,741 - httpx - INFO - HTTP Request: POST http://localhost:11581/heap/mark-merged "HTTP/1.1 200 OK"
2026-04-21 22:51:20,741 - httpx - INFO - HTTP Request: POST http://localhost:30493/heap/mark-merged "HTTP/1.1 200 OK"
2026-04-21 22:51:20,897 - httpx - INFO - HTTP Request: GET http://localhost:55202/heap/unmerged "HTTP/1.1 200 OK"
2026-04-21 22:51:20,898 - httpx - INFO - HTTP Request: POST http://localhost:33333/allocate_page "HTTP/1.1 200 OK"
2026-04-21 22:51:20,899 - httpx - INFO - HTTP Request: POST http://localhost:11714/heap/append "HTTP/1.1 200 OK"
2026-04-21 22:51:20,899 - httpx - INFO - HTTP Request: POST http://localhost:11680/heap/append "HTTP/1.1 200 OK"
2026-04-21 22:51:20,900 - httpx - INFO - HTTP Request: POST http://localhost:33333/allocate_page "HTTP/1.1 200 OK"
2026-04-21 22:51:21,191 - httpx - INFO - HTTP Request: POST http://localhost:33333/heap-written "HTTP/1.1 200 OK"
2026-04-21 22:51:21,199 - httpx - INFO - HTTP Request: POST http://localhost:33333/heap-written "HTTP/1.1 200 OK"
2026-04-21 22:51:21,200 - httpx - INFO - HTTP Request: GET http://localhost:55201/heap/unmerged "HTTP/1.1 200 OK"
2026-04-21 22:51:21,201 - httpx - INFO - HTTP Request: POST http://localhost:33333/heap-written "HTTP/1.1 200 OK"
2026-04-21 22:51:21,316 - httpx - INFO - HTTP Request: GET http://localhost:30481/heap/unmerged "HTTP/1.1 200 OK"
2026-04-21 22:51:21,426 - httpx - INFO - HTTP Request: GET http://localhost:30479/heap/unmerged "HTTP/1.1 200 OK"
2026-04-21 22:51:21,529 - httpx - INFO - HTTP Request: GET http://localhost:30489/heap/unmerged "HTTP/1.1 200 OK"
2026-04-21 22:51:23,718 - httpx - INFO - HTTP Request: POST http://localhost:33333/allocate_page "HTTP/1.1 200 OK"
2026-04-21 22:51:23,722 - httpx - INFO - HTTP Request: POST http://localhost:30481/heap/append "HTTP/1.1 200 OK"
2026-04-21 22:51:23,724 - httpx - INFO - HTTP Request: POST http://localhost:33333/allocate_page "HTTP/1.1 200 OK"
2026-04-21 22:51:23,724 - httpx - INFO - HTTP Request: POST http://localhost:33333/allocate_page "HTTP/1.1 200 OK"
2026-04-21 22:51:23,725 - httpx - INFO - HTTP Request: POST http://localhost:55202/heap/append "HTTP/1.1 200 OK"
2026-04-21 22:51:23,726 - httpx - INFO - HTTP Request: POST http://localhost:30479/heap/append "HTTP/1.1 200 OK"
2026-04-21 22:51:23,727 - httpx - INFO - HTTP Request: POST http://localhost:11581/heap/append "HTTP/1.1 200 OK"
2026-04-21 22:51:23,728 - httpx - INFO - HTTP Request: POST http://localhost:11629/heap/append "HTTP/1.1 200 OK"
2026-04-21 22:51:23,728 - httpx - INFO - HTTP Request: POST http://localhost:11679/heap/append "HTTP/1.1 200 OK"
2026-04-21 22:51:23,729 - httpx - INFO - HTTP Request: GET http://localhost:30493/heap/unmerged "HTTP/1.1 200 OK"
2026-04-21 22:51:23,730 - httpx - INFO - HTTP Request: POST http://localhost:11748/heap/append "HTTP/1.1 200 OK"
2026-04-21 22:51:23,730 - httpx - INFO - HTTP Request: POST http://localhost:11644/heap/append "HTTP/1.1 200 OK"
2026-04-21 22:51:23,731 - httpx - INFO - HTTP Request: POST http://localhost:30493/heap/append "HTTP/1.1 200 OK"
2026-04-21 22:51:23,732 - httpx - INFO - HTTP Request: POST http://localhost:11618/heap/append "HTTP/1.1 200 OK"
2026-04-21 22:51:23,733 - httpx - INFO - HTTP Request: POST http://localhost:11753/heap/append "HTTP/1.1 200 OK"
2026-04-21 22:51:23,734 - httpx - INFO - HTTP Request: POST http://localhost:11601/heap/append "HTTP/1.1 200 OK"
2026-04-21 22:51:23,735 - httpx - INFO - HTTP Request: POST http://localhost:11711/heap/append "HTTP/1.1 200 OK"
2026-04-21 22:51:23,735 - httpx - INFO - HTTP Request: POST http://localhost:30489/heap/append "HTTP/1.1 200 OK"
2026-04-21 22:51:23,736 - httpx - INFO - HTTP Request: POST http://localhost:11596/heap/append "HTTP/1.1 200 OK"
2026-04-21 22:51:23,736 - httpx - INFO - HTTP Request: POST http://localhost:11578/heap/append "HTTP/1.1 200 OK"
2026-04-21 22:51:27,799 - httpx - INFO - HTTP Request: GET http://localhost:11578/heap/unmerged "HTTP/1.1 200 OK"
2026-04-21 22:51:27,889 - httpx - INFO - HTTP Request: POST http://localhost:33333/heap-written "HTTP/1.1 200 OK"
2026-04-21 22:51:27,889 - httpx - INFO - HTTP Request: POST http://localhost:33333/heap-written "HTTP/1.1 200 OK"
2026-04-21 22:51:27,890 - httpx - INFO - HTTP Request: POST http://localhost:33333/heap-written "HTTP/1.1 200 OK"
2026-04-21 22:51:27,890 - httpx - INFO - HTTP Request: POST http://localhost:33333/heap-written "HTTP/1.1 200 OK"
2026-04-21 22:51:27,891 - httpx - INFO - HTTP Request: POST http://localhost:33333/heap-written "HTTP/1.1 200 OK"
2026-04-21 22:51:27,891 - httpx - INFO - HTTP Request: POST http://localhost:33333/heap-written "HTTP/1.1 200 OK"
2026-04-21 22:51:27,891 - httpx - INFO - HTTP Request: POST http://localhost:33333/heap-written "HTTP/1.1 200 OK"
2026-04-21 22:51:27,892 - httpx - INFO - HTTP Request: POST http://localhost:33333/heap-written "HTTP/1.1 200 OK"
2026-04-21 22:51:27,893 - httpx - INFO - HTTP Request: POST http://localhost:33333/heap-written "HTTP/1.1 200 OK"
2026-04-21 22:51:27,893 - httpx - INFO - HTTP Request: POST http://localhost:33333/heap-written "HTTP/1.1 200 OK"
2026-04-21 22:51:27,893 - httpx - INFO - HTTP Request: POST http://localhost:33333/heap-written "HTTP/1.1 200 OK"
2026-04-21 22:51:27,895 - httpx - INFO - HTTP Request: POST http://localhost:33333/heap-written "HTTP/1.1 200 OK"
2026-04-21 22:51:27,896 - httpx - INFO - HTTP Request: POST http://localhost:33333/heap-written "HTTP/1.1 200 OK"
2026-04-21 22:51:27,896 - httpx - INFO - HTTP Request: POST http://localhost:33333/heap-written "HTTP/1.1 200 OK"
2026-04-21 22:51:27,897 - httpx - INFO - HTTP Request: POST http://localhost:33333/heap-written "HTTP/1.1 200 OK"
2026-04-21 22:51:27,897 - httpx - INFO - HTTP Request: POST http://localhost:33333/heap-written "HTTP/1.1 200 OK"
2026-04-21 22:51:27,967 - httpx - INFO - HTTP Request: POST http://localhost:33333/allocate_page "HTTP/1.1 200 OK"
2026-04-21 22:51:27,968 - httpx - INFO - HTTP Request: POST http://localhost:33333/allocate_page "HTTP/1.1 200 OK"
2026-04-21 22:51:27,968 - httpx - INFO - HTTP Request: POST http://localhost:33333/allocate_page "HTTP/1.1 200 OK"
2026-04-21 22:51:27,969 - httpx - INFO - HTTP Request: POST http://localhost:33333/allocate_page "HTTP/1.1 200 OK"
2026-04-21 22:51:27,971 - httpx - INFO - HTTP Request: POST http://localhost:33333/allocate_page "HTTP/1.1 200 OK"
2026-04-21 22:51:27,972 - httpx - INFO - HTTP Request: POST http://localhost:11680/heap/append "HTTP/1.1 200 OK"
2026-04-21 22:51:27,972 - httpx - INFO - HTTP Request: POST http://localhost:33333/allocate_page "HTTP/1.1 200 OK"
2026-04-21 22:51:27,975 - httpx - INFO - HTTP Request: POST http://localhost:33333/allocate_page "HTTP/1.1 200 OK"
2026-04-21 22:51:27,979 - httpx - INFO - HTTP Request: POST http://localhost:11714/heap/append "HTTP/1.1 200 OK"
2026-04-21 22:51:27,980 - httpx - INFO - HTTP Request: POST http://localhost:33333/allocate_page "HTTP/1.1 200 OK"
2026-04-21 22:51:27,980 - httpx - INFO - HTTP Request: POST http://localhost:11645/heap/append "HTTP/1.1 200 OK"
2026-04-21 22:51:27,981 - httpx - INFO - HTTP Request: POST http://localhost:33333/allocate_page "HTTP/1.1 200 OK"
2026-04-21 22:51:27,982 - httpx - INFO - HTTP Request: POST http://localhost:33333/allocate_page "HTTP/1.1 200 OK"
2026-04-21 22:51:27,982 - httpx - INFO - HTTP Request: POST http://localhost:33333/allocate_page "HTTP/1.1 200 OK"
2026-04-21 22:51:27,983 - httpx - INFO - HTTP Request: POST http://localhost:33333/allocate_page "HTTP/1.1 200 OK"
2026-04-21 22:51:27,983 - httpx - INFO - HTTP Request: POST http://localhost:33333/allocate_page "HTTP/1.1 200 OK"
2026-04-21 22:51:27,984 - httpx - INFO - HTTP Request: POST http://localhost:33333/allocate_page "HTTP/1.1 200 OK"
2026-04-21 22:51:27,985 - httpx - INFO - HTTP Request: POST http://localhost:33333/allocate_page "HTTP/1.1 200 OK"
2026-04-21 22:51:27,985 - httpx - INFO - HTTP Request: POST http://localhost:33333/allocate_page "HTTP/1.1 200 OK"
2026-04-21 22:51:27,986 - httpx - INFO - HTTP Request: POST http://localhost:33333/allocate_page "HTTP/1.1 200 OK"
2026-04-21 22:51:28,410 - httpx - INFO - HTTP Request: POST http://localhost:33333/heap-written "HTTP/1.1 200 OK"
2026-04-21 22:51:28,415 - httpx - INFO - HTTP Request: POST http://localhost:33333/heap-written "HTTP/1.1 200 OK"
2026-04-21 22:51:28,415 - httpx - INFO - HTTP Request: POST http://localhost:33333/heap-written "HTTP/1.1 200 OK"
2026-04-21 22:51:28,423 - httpx - INFO - HTTP Request: GET http://localhost:11581/heap/unmerged "HTTP/1.1 200 OK"
2026-04-21 22:51:28,526 - httpx - INFO - HTTP Request: GET http://localhost:11596/heap/unmerged "HTTP/1.1 200 OK"
2026-04-21 22:51:28,624 - httpx - INFO - HTTP Request: GET http://localhost:11601/heap/unmerged "HTTP/1.1 200 OK"
2026-04-21 22:51:28,740 - httpx - INFO - HTTP Request: GET http://localhost:11629/heap/unmerged "HTTP/1.1 200 OK"
2026-04-21 22:51:30,471 - httpx - INFO - HTTP Request: GET http://localhost:11618/heap/unmerged "HTTP/1.1 200 OK"
2026-04-21 22:51:30,578 - httpx - INFO - HTTP Request: POST http://localhost:11618/heap/append "HTTP/1.1 200 OK"
2026-04-21 22:51:30,579 - httpx - INFO - HTTP Request: POST http://localhost:30481/heap/append "HTTP/1.1 200 OK"
2026-04-21 22:51:30,580 - httpx - INFO - HTTP Request: POST http://localhost:11596/heap/append "HTTP/1.1 200 OK"
2026-04-21 22:51:30,580 - httpx - INFO - HTTP Request: POST http://localhost:30489/heap/append "HTTP/1.1 200 OK"
2026-04-21 22:51:30,581 - httpx - INFO - HTTP Request: POST http://localhost:11578/heap/append "HTTP/1.1 200 OK"
2026-04-21 22:51:30,581 - httpx - INFO - HTTP Request: POST http://localhost:11753/heap/append "HTTP/1.1 200 OK"
2026-04-21 22:51:30,581 - httpx - INFO - HTTP Request: POST http://localhost:55201/heap/append "HTTP/1.1 200 OK"
2026-04-21 22:51:30,605 - httpx - INFO - HTTP Request: POST http://localhost:55202/heap/append "HTTP/1.1 200 OK"
2026-04-21 22:51:31,788 - httpx - INFO - HTTP Request: POST http://localhost:11629/heap/append "HTTP/1.1 200 OK"
2026-04-21 22:51:31,788 - httpx - INFO - HTTP Request: POST http://localhost:11679/heap/append "HTTP/1.1 200 OK"
2026-04-21 22:51:31,789 - httpx - INFO - HTTP Request: POST http://localhost:30493/heap/append "HTTP/1.1 200 OK"
2026-04-21 22:51:31,789 - httpx - INFO - HTTP Request: POST http://localhost:11711/heap/append "HTTP/1.1 200 OK"
2026-04-21 22:51:31,790 - httpx - INFO - HTTP Request: POST http://localhost:11581/heap/append "HTTP/1.1 200 OK"
2026-04-21 22:51:31,790 - httpx - INFO - HTTP Request: POST http://localhost:30479/heap/append "HTTP/1.1 200 OK"
2026-04-21 22:51:31,791 - httpx - INFO - HTTP Request: POST http://localhost:11644/heap/append "HTTP/1.1 200 OK"
2026-04-21 22:51:31,791 - httpx - INFO - HTTP Request: POST http://localhost:11748/heap/append "HTTP/1.1 200 OK"
2026-04-21 22:51:31,792 - httpx - INFO - HTTP Request: POST http://localhost:11601/heap/append "HTTP/1.1 200 OK"
2026-04-21 22:51:33,195 - httpx - INFO - HTTP Request: GET http://localhost:11644/heap/unmerged "HTTP/1.1 200 OK"
2026-04-21 22:51:33,335 - httpx - INFO - HTTP Request: POST http://localhost:33333/heap-written "HTTP/1.1 200 OK"
2026-04-21 22:51:33,335 - httpx - INFO - HTTP Request: POST http://localhost:33333/heap-written "HTTP/1.1 200 OK"
2026-04-21 22:51:33,336 - httpx - INFO - HTTP Request: POST http://localhost:33333/heap-written "HTTP/1.1 200 OK"
2026-04-21 22:51:33,336 - httpx - INFO - HTTP Request: POST http://localhost:33333/heap-written "HTTP/1.1 200 OK"
2026-04-21 22:51:33,337 - httpx - INFO - HTTP Request: POST http://localhost:33333/heap-written "HTTP/1.1 200 OK"
2026-04-21 22:51:33,337 - httpx - INFO - HTTP Request: POST http://localhost:33333/heap-written "HTTP/1.1 200 OK"
2026-04-21 22:51:33,338 - httpx - INFO - HTTP Request: POST http://localhost:33333/heap-written "HTTP/1.1 200 OK"
2026-04-21 22:51:33,339 - httpx - INFO - HTTP Request: POST http://localhost:33333/heap-written "HTTP/1.1 200 OK"
2026-04-21 22:51:33,577 - httpx - INFO - HTTP Request: POST http://localhost:33333/allocate_page "HTTP/1.1 200 OK"
2026-04-21 22:51:33,602 - httpx - INFO - HTTP Request: POST http://localhost:33333/heap-written "HTTP/1.1 200 OK"
2026-04-21 22:51:33,603 - httpx - INFO - HTTP Request: POST http://localhost:33333/heap-written "HTTP/1.1 200 OK"
2026-04-21 22:51:33,604 - httpx - INFO - HTTP Request: POST http://localhost:33333/heap-written "HTTP/1.1 200 OK"
2026-04-21 22:51:33,605 - httpx - INFO - HTTP Request: POST http://localhost:33333/heap-written "HTTP/1.1 200 OK"
2026-04-21 22:51:33,606 - httpx - INFO - HTTP Request: POST http://localhost:33333/heap-written "HTTP/1.1 200 OK"
2026-04-21 22:51:33,606 - httpx - INFO - HTTP Request: POST http://localhost:33333/heap-written "HTTP/1.1 200 OK"
2026-04-21 22:51:33,607 - httpx - INFO - HTTP Request: POST http://localhost:33333/heap-written "HTTP/1.1 200 OK"
2026-04-21 22:51:33,607 - httpx - INFO - HTTP Request: POST http://localhost:33333/heap-written "HTTP/1.1 200 OK"
2026-04-21 22:51:33,608 - httpx - INFO - HTTP Request: POST http://localhost:33333/heap-written "HTTP/1.1 200 OK"
2026-04-21 22:51:34,321 - httpx - INFO - HTTP Request: GET http://localhost:11645/heap/unmerged "HTTP/1.1 200 OK"
2026-04-21 22:51:34,436 - httpx - INFO - HTTP Request: POST http://localhost:55201/heap/append "HTTP/1.1 200 OK"
2026-04-21 22:51:34,440 - httpx - INFO - HTTP Request: GET http://localhost:11679/heap/unmerged "HTTP/1.1 200 OK"
2026-04-21 22:51:34,670 - httpx - INFO - HTTP Request: POST http://localhost:33333/heap-written "HTTP/1.1 200 OK"
2026-04-21 22:51:34,673 - httpx - INFO - HTTP Request: GET http://localhost:11680/heap/unmerged "HTTP/1.1 200 OK"
2026-04-21 22:51:34,784 - httpx - INFO - HTTP Request: GET http://localhost:11711/heap/unmerged "HTTP/1.1 200 OK"
2026-04-21 22:51:34,894 - httpx - INFO - HTTP Request: GET http://localhost:11714/heap/unmerged "HTTP/1.1 200 OK"
2026-04-21 22:51:35,003 - httpx - INFO - HTTP Request: GET http://localhost:11748/heap/unmerged "HTTP/1.1 200 OK"
2026-04-21 22:51:35,130 - httpx - INFO - HTTP Request: GET http://localhost:11753/heap/unmerged "HTTP/1.1 200 OK"
2026-04-21 22:51:38,931 - httpx - INFO - HTTP Request: GET http://localhost:9503/health "HTTP/1.1 200 OK"
[BFF] 写入PublicMemory (物理路径): /mnt/d/collections2026/phd_application/nanobot1/milestone2/data/public_memory/public_memory.jsonl
[BFF] 原子替换PublicMemory: 163 条记录 -> /mnt/d/collections2026/phd_application/nanobot1/milestone2/data/public_memory/public_memory.jsonl
[BFF] 写入PublicMemory (物理路径): /mnt/d/collections2026/phd_application/nanobot1/milestone2/data/public_memory/public_memory.jsonl
[BFF] 原子替换PublicMemory: 163 条记录 -> /mnt/d/collections2026/phd_application/nanobot1/milestone2/data/public_memory/public_memory.jsonl
[BFF] 读取PublicMemory (物理路径): /mnt/d/collections2026/phd_application/nanobot1/milestone2/data/public_memory/public_memory.jsonl, top_k=2
[BFF] 读取PublicMemory完成: 163 条记录
[BFF] 写入PublicMemory (物理路径): /mnt/d/collections2026/phd_application/nanobot1/milestone2/data/public_memory/public_memory.jsonl
[BFF] 原子替换PublicMemory: 163 条记录 -> /mnt/d/collections2026/phd_application/nanobot1/milestone2/data/public_memory/public_memory.jsonl
[BFF] 写入PublicMemory (物理路径): /mnt/d/collections2026/phd_application/nanobot1/milestone2/data/public_memory/public_memory.jsonl
[BFF] 原子替换PublicMemory: 163 条记录 -> /mnt/d/collections2026/phd_application/nanobot1/milestone2/data/public_memory/public_memory.jsonl
[BFF] 写入PublicMemory (物理路径): /mnt/d/collections2026/phd_application/nanobot1/milestone2/data/public_memory/public_memory.jsonl
[BFF] 原子替换PublicMemory: 163 条记录 -> /mnt/d/collections2026/phd_application/nanobot1/milestone2/data/public_memory/public_memory.jsonl
[BFF] 写入PublicMemory (物理路径): /mnt/d/collections2026/phd_application/nanobot1/milestone2/data/public_memory/public_memory.jsonl
[BFF] 原子替换PublicMemory: 163 条记录 -> /mnt/d/collections2026/phd_application/nanobot1/milestone2/data/public_memory/public_memory.jsonl
[BFF] 写入PublicMemory (物理路径): /mnt/d/collections2026/phd_application/nanobot1/milestone2/data/public_memory/public_memory.jsonl
[BFF] 原子替换PublicMemory: 163 条记录 -> /mnt/d/collections2026/phd_application/nanobot1/milestone2/data/public_memory/public_memory.jsonl
[BFF] 写入PublicMemory (物理路径): /mnt/d/collections2026/phd_application/nanobot1/milestone2/data/public_memory/public_memory.jsonl
[BFF] 原子替换PublicMemory: 163 条记录 -> /mnt/d/collections2026/phd_application/nanobot1/milestone2/data/public_memory/public_memory.jsonl
[BFF] 写入PublicMemory (物理路径): /mnt/d/collections2026/phd_application/nanobot1/milestone2/data/public_memory/public_memory.jsonl
[BFF] 原子替换PublicMemory: 163 条记录 -> /mnt/d/collections2026/phd_application/nanobot1/milestone2/data/public_memory/public_memory.jsonl
[BFF] 写入PublicMemory (物理路径): /mnt/d/collections2026/phd_application/nanobot1/milestone2/data/public_memory/public_memory.jsonl
[BFF] 原子替换PublicMemory: 163 条记录 -> /mnt/d/collections2026/phd_application/nanobot1/milestone2/data/public_memory/public_memory.jsonl
[BFF] Consolidator合并完成: {'status': 'ok', 'original_count': 177, 'deduped_count': 163, 'removed_count': 14, 'pages_marked': 39, 'source': 'km_page_table'}
[BFF] Consolidator合并完成: {'status': 'ok', 'original_count': 177, 'deduped_count': 163, 'removed_count': 14, 'pages_marked': 39, 'source': 'km_page_table'}
[BFF] Consolidator合并完成: {'status': 'ok', 'original_count': 177, 'deduped_count': 163, 'removed_count': 14, 'pages_marked': 39, 'source': 'km_page_table'}
[BFF] Consolidator合并完成: {'status': 'ok', 'original_count': 177, 'deduped_count': 163, 'removed_count': 14, 'pages_marked': 39, 'source': 'km_page_table'}
[BFF] Consolidator合并完成: {'status': 'ok', 'original_count': 177, 'deduped_count': 163, 'removed_count': 14, 'pages_marked': 39, 'source': 'km_page_table'}
[BFF] Consolidator合并完成: {'status': 'ok', 'original_count': 177, 'deduped_count': 163, 'removed_count': 14, 'pages_marked': 39, 'source': 'km_page_table'}
[BFF] Consolidator合并完成: {'status': 'ok', 'original_count': 177, 'deduped_count': 163, 'removed_count': 14, 'pages_marked': 39, 'source': 'km_page_table'}
[BFF] Consolidator合并完成: {'status': 'ok', 'original_count': 177, 'deduped_count': 163, 'removed_count': 14, 'pages_marked': 39, 'source': 'km_page_table'}
[BFF] Consolidator合并完成: {'status': 'ok', 'original_count': 177, 'deduped_count': 163, 'removed_count': 14, 'pages_marked': 39, 'source': 'km_page_table'}
[BFF] Consolidator合并完成: {'status': 'ok', 'original_count': 177, 'deduped_count': 163, 'removed_count': 14, 'pages_marked': 39, 'source': 'km_page_table'}
[BFF] all-unmerged 请求正在进行，等待完成...
[BFF] all-unmerged 请求正在进行，等待完成...
[BFF] all-unmerged 请求正在进行，等待完成...
[BFF] all-unmerged 请求正在进行，等待完成...
[BFF] all-unmerged 请求正在进行，等待完成...
[BFF] all-unmerged 请求正在进行，等待完成...
[BFF] all-unmerged 请求正在进行，等待完成...
[BFF] all-unmerged 请求正在进行，等待完成...
[BFF] all-unmerged 请求正在进行，等待完成...
[BFF] 获取Agent 6f2ab702 堆段: 0 条
[BFF] 获取Agent 37bb187c 堆段: 1 条
[BFF] 获取Agent 9a4d93a2 堆段: 0 条
[BFF] 获取Agent 1cc9830b 堆段: 0 条
[BFF] 获取Agent d8f7bfa6 堆段: 0 条
[BFF] 获取Agent 41c03b14 堆段: 0 条
[BFF] 获取Agent 09bf2fda 堆段: 1 条
[BFF] 获取Agent d32a0045 堆段: 1 条
[BFF] 获取Agent e91fae39 堆段: 1 条
[BFF] 获取Agent 3c736ee1 堆段: 1 条
[BFF] 获取Agent 60cb891a 堆段: 1 条
[BFF] 邻居发现: 所有父子关系已建立
[BFF] 获取Agent 5ca5541e 堆段: 1 条
[BFF] 容器不存在 c2ac73df，清理中...
[BFF] 健康检查: 已清理 1 个无效容器
[BFF] all-unmerged 请求正在进行，等待完成...
[BFF] 获取Agent bf61af0f 堆段: 4 条
[BFF] all-unmerged 请求正在进行，等待完成...
[BFF] all-unmerged 请求正在进行，等待完成...
[BFF] all-unmerged 请求正在进行，等待完成...
[BFF] all-unmerged 请求正在进行，等待完成...
[BFF] all-unmerged 请求正在进行，等待完成...
[BFF] all-unmerged 请求正在进行，等待完成...
[BFF] all-unmerged 请求正在进行，等待完成...
[BFF] all-unmerged 请求正在进行，等待完成...
[BFF] all-unmerged 请求正在进行，等待完成...
[BFF] all-unmerged 请求正在进行，等待完成...
[BFF] all-unmerged 请求正在进行，等待完成...
[BFF] all-unmerged 请求正在进行，等待完成...
[BFF] all-unmerged 请求正在进行，等待完成...
[BFF] all-unmerged 请求正在进行，等待完成...
[BFF] all-unmerged 请求正在进行，等待完成...
[BFF] all-unmerged 请求正在进行，等待完成...
[BFF] all-unmerged 请求正在进行，等待完成...
[BFF] 创建Consolidator容器...
[BFF] all-unmerged 请求正在进行，等待完成...
[BFF] 获取Agent eb2af86c 堆段: 2 条
[BFF] 获取Agent 63afa39e 堆段: 2 条
[BFF] all-unmerged 请求正在进行，等待完成...
[BFF] 获取Agent ac658b91 堆段: 2 条
[BFF] 获取Agent 6f06d397 堆段: 2 条
[BFF] 获取Agent 6e45c105 堆段: 2 条
[BFF] 获取Agent d903e394 堆段: 2 条
[BFF] all-unmerged 请求正在进行，等待完成...
[BFF] 获取Agent d5ec85cc 堆段: 2 条
[BFF] all-unmerged 获取完成: 25 条
[BFF] all-unmerged 命中缓存: 25 条 (缓存剩余 3.3s)
[BFF] all-unmerged 命中缓存: 25 条 (缓存剩余 2.9s)
[Orchestrator] Container consolidator_7727bb66 is ready
[Orchestrator] Created container consolidator_7727bb66
[BFF] Consolidator容器已创建: 7727bb66
[BFF] Consolidator容器已创建: 7727bb66
[BFF] Consolidator容器已创建: 7727bb66
[BFF] 转发合并请求到Consolidator: http://localhost:9503/execute_merge
[BFF] Consolidator容器已存在（双重检查）: 7727bb66
[BFF] 转发合并请求到Consolidator: http://localhost:9503/execute_merge
[BFF] Consolidator容器已存在（双重检查）: 7727bb66
[BFF] 转发合并请求到Consolidator: http://localhost:9503/execute_merge
[BFF] Consolidator容器已存在（双重检查）: 7727bb66
2026-04-21 22:51:42,376 - httpx - INFO - HTTP Request: GET http://localhost:33333/active_pages "HTTP/1.1 200 OK"
2026-04-21 22:51:42,377 - httpx - INFO - HTTP Request: GET http://localhost:33333/active_pages "HTTP/1.1 200 OK"
2026-04-21 22:51:42,655 - httpx - INFO - HTTP Request: GET http://localhost:33333/active_pages "HTTP/1.1 200 OK"
2026-04-21 22:51:42,657 - httpx - INFO - HTTP Request: GET http://localhost:33333/active_pages "HTTP/1.1 200 OK"
2026-04-21 22:51:42,659 - httpx - INFO - HTTP Request: GET http://localhost:33333/active_pages "HTTP/1.1 200 OK"
2026-04-21 22:51:42,702 - httpx - INFO - HTTP Request: GET http://localhost:33333/active_pages "HTTP/1.1 200 OK"
2026-04-21 22:51:42,705 - httpx - INFO - HTTP Request: GET http://localhost:33333/active_pages "HTTP/1.1 200 OK"
2026-04-21 22:51:42,731 - httpx - INFO - HTTP Request: GET http://localhost:33333/active_pages "HTTP/1.1 200 OK"
2026-04-21 22:51:42,752 - httpx - INFO - HTTP Request: GET http://localhost:33333/active_pages "HTTP/1.1 200 OK"
2026-04-21 22:51:42,752 - httpx - INFO - HTTP Request: GET http://localhost:33333/active_pages "HTTP/1.1 200 OK"
2026-04-21 22:51:42,799 - httpx - INFO - HTTP Request: GET http://localhost:33333/active_pages "HTTP/1.1 200 OK"
2026-04-21 22:51:42,802 - httpx - INFO - HTTP Request: GET http://localhost:33333/active_pages "HTTP/1.1 200 OK"
2026-04-21 22:51:42,803 - httpx - INFO - HTTP Request: GET http://localhost:33333/active_pages "HTTP/1.1 200 OK"
2026-04-21 22:51:42,805 - httpx - INFO - HTTP Request: GET http://localhost:33333/active_pages "HTTP/1.1 200 OK"
2026-04-21 22:51:42,814 - httpx - INFO - HTTP Request: GET http://localhost:33333/active_pages "HTTP/1.1 200 OK"
2026-04-21 22:51:42,815 - httpx - INFO - HTTP Request: GET http://localhost:55202/heap/unmerged "HTTP/1.1 200 OK"
2026-04-21 22:51:42,919 - httpx - INFO - HTTP Request: GET http://localhost:33333/active_pages "HTTP/1.1 200 OK"
2026-04-21 22:51:42,920 - httpx - INFO - HTTP Request: GET http://localhost:33333/active_pages "HTTP/1.1 200 OK"
2026-04-21 22:51:42,922 - httpx - INFO - HTTP Request: GET http://localhost:33333/active_pages "HTTP/1.1 200 OK"
2026-04-21 22:51:42,935 - httpx - INFO - HTTP Request: GET http://localhost:55201/heap/unmerged "HTTP/1.1 200 OK"
2026-04-21 22:51:43,046 - httpx - INFO - HTTP Request: GET http://localhost:30481/heap/unmerged "HTTP/1.1 200 OK"
2026-04-21 22:51:43,139 - httpx - INFO - HTTP Request: GET http://localhost:30479/heap/unmerged "HTTP/1.1 200 OK"
2026-04-21 22:51:43,633 - httpx - INFO - HTTP Request: GET http://localhost:30489/heap/unmerged "HTTP/1.1 200 OK"
2026-04-21 22:51:43,929 - httpx - INFO - HTTP Request: GET http://localhost:30493/heap/unmerged "HTTP/1.1 200 OK"
2026-04-21 22:51:44,213 - httpx - INFO - HTTP Request: GET http://localhost:11578/heap/unmerged "HTTP/1.1 200 OK"
2026-04-21 22:51:44,572 - httpx - INFO - HTTP Request: GET http://localhost:11581/heap/unmerged "HTTP/1.1 200 OK"
2026-04-21 22:51:44,683 - httpx - INFO - HTTP Request: GET http://localhost:11596/heap/unmerged "HTTP/1.1 200 OK"
2026-04-21 22:51:44,788 - httpx - INFO - HTTP Request: GET http://localhost:11601/heap/unmerged "HTTP/1.1 200 OK"
2026-04-21 22:51:44,884 - httpx - INFO - HTTP Request: GET http://localhost:11629/heap/unmerged "HTTP/1.1 200 OK"
2026-04-21 22:51:45,025 - httpx - INFO - HTTP Request: GET http://localhost:11618/heap/unmerged "HTTP/1.1 200 OK"
2026-04-21 22:51:45,141 - httpx - INFO - HTTP Request: GET http://localhost:11644/heap/unmerged "HTTP/1.1 200 OK"
2026-04-21 22:51:45,252 - httpx - INFO - HTTP Request: GET http://localhost:11645/heap/unmerged "HTTP/1.1 200 OK"
2026-04-21 22:51:45,357 - httpx - INFO - HTTP Request: GET http://localhost:11679/heap/unmerged "HTTP/1.1 200 OK"
2026-04-21 22:51:45,445 - httpx - INFO - HTTP Request: GET http://localhost:11680/heap/unmerged "HTTP/1.1 200 OK"
2026-04-21 22:51:45,538 - httpx - INFO - HTTP Request: GET http://localhost:11711/heap/unmerged "HTTP/1.1 200 OK"
2026-04-21 22:51:45,654 - httpx - INFO - HTTP Request: GET http://localhost:11714/heap/unmerged "HTTP/1.1 200 OK"
2026-04-21 22:51:45,744 - httpx - INFO - HTTP Request: GET http://localhost:11748/heap/unmerged "HTTP/1.1 200 OK"
2026-04-21 22:51:45,833 - httpx - INFO - HTTP Request: GET http://localhost:11753/heap/unmerged "HTTP/1.1 200 OK"
2026-04-21 22:51:53,801 - httpx - INFO - HTTP Request: GET http://localhost:9503/heap/unmerged "HTTP/1.1 200 OK"
[BFF] 转发合并请求到Consolidator: http://localhost:9503/execute_merge
[BFF] Consolidator容器已存在（双重检查）: 7727bb66
[BFF] 转发合并请求到Consolidator: http://localhost:9503/execute_merge
[BFF] Consolidator容器已存在（双重检查）: 7727bb66
[BFF] 转发合并请求到Consolidator: http://localhost:9503/execute_merge
[BFF] all-unmerged 命中缓存: 25 条 (缓存剩余 0.6s)
[BFF] Consolidator容器已存在（双重检查）: 7727bb66
[BFF] 转发合并请求到Consolidator: http://localhost:9503/execute_merge
[BFF] Consolidator容器已存在（双重检查）: 7727bb66
[BFF] 转发合并请求到Consolidator: http://localhost:9503/execute_merge
[BFF] Consolidator容器已存在（双重检查）: 7727bb66
[BFF] 转发合并请求到Consolidator: http://localhost:9503/execute_merge
[BFF] Consolidator容器已存在（双重检查）: 7727bb66
[BFF] 转发合并请求到Consolidator: http://localhost:9503/execute_merge
[BFF] all-unmerged 命中缓存: 25 条 (缓存剩余 0.2s)
[BFF] Consolidator容器已存在（双重检查）: 7727bb66
[BFF] 转发合并请求到Consolidator: http://localhost:9503/execute_merge
[BFF] Consolidator容器已存在（双重检查）: 7727bb66
[BFF] 转发合并请求到Consolidator: http://localhost:9503/execute_merge
[BFF] Consolidator容器已存在（双重检查）: 7727bb66
[BFF] 转发合并请求到Consolidator: http://localhost:9503/execute_merge
[BFF] Consolidator容器已存在（双重检查）: 7727bb66
[BFF] 转发合并请求到Consolidator: http://localhost:9503/execute_merge
[BFF] Consolidator容器已存在（双重检查）: 7727bb66
[BFF] 转发合并请求到Consolidator: http://localhost:9503/execute_merge
[BFF] Consolidator容器已存在（双重检查）: 7727bb66
[BFF] 转发合并请求到Consolidator: http://localhost:9503/execute_merge
[BFF] Consolidator容器已存在（双重检查）: 7727bb66
[BFF] 转发合并请求到Consolidator: http://localhost:9503/execute_merge
[BFF] Consolidator容器已存在（双重检查）: 7727bb66
[BFF] 转发合并请求到Consolidator: http://localhost:9503/execute_merge
[BFF] all-unmerged 请求正在进行，等待完成...
[BFF] 读取PublicMemory (物理路径): /mnt/d/collections2026/phd_application/nanobot1/milestone2/data/public_memory/public_memory.jsonl, top_k=10000
[BFF] 读取PublicMemory完成: 163 条记录
[BFF] 读取PublicMemory (物理路径): /mnt/d/collections2026/phd_application/nanobot1/milestone2/data/public_memory/public_memory.jsonl, top_k=10000
[BFF] 读取PublicMemory完成: 163 条记录
[BFF] 读取PublicMemory (物理路径): /mnt/d/collections2026/phd_application/nanobot1/milestone2/data/public_memory/public_memory.jsonl, top_k=10000
[BFF] 读取PublicMemory完成: 163 条记录
[BFF] 读取PublicMemory (物理路径): /mnt/d/collections2026/phd_application/nanobot1/milestone2/data/public_memory/public_memory.jsonl, top_k=10000
[BFF] 读取PublicMemory完成: 163 条记录
[BFF] 读取PublicMemory (物理路径): /mnt/d/collections2026/phd_application/nanobot1/milestone2/data/public_memory/public_memory.jsonl, top_k=10000
[BFF] 读取PublicMemory完成: 163 条记录
[BFF] 获取Agent 6f2ab702 堆段: 2 条
[BFF] 获取Agent 37bb187c 堆段: 3 条
[BFF] 获取Agent 9a4d93a2 堆段: 2 条
[BFF] 获取Agent 1cc9830b 堆段: 2 条
[BFF] 获取Agent d8f7bfa6 堆段: 2 条
[BFF] 获取Agent 41c03b14 堆段: 2 条
[BFF] 获取Agent 09bf2fda 堆段: 2 条
[BFF] 读取PublicMemory (物理路径): /mnt/d/collections2026/phd_application/nanobot1/milestone2/data/public_memory/public_memory.jsonl, top_k=10000
[BFF] 读取PublicMemory完成: 163 条记录
[BFF] 读取PublicMemory (物理路径): /mnt/d/collections2026/phd_application/nanobot1/milestone2/data/public_memory/public_memory.jsonl, top_k=10000
[BFF] 读取PublicMemory完成: 163 条记录
[BFF] 读取PublicMemory (物理路径): /mnt/d/collections2026/phd_application/nanobot1/milestone2/data/public_memory/public_memory.jsonl, top_k=10000
[BFF] 读取PublicMemory完成: 163 条记录
[BFF] 读取PublicMemory (物理路径): /mnt/d/collections2026/phd_application/nanobot1/milestone2/data/public_memory/public_memory.jsonl, top_k=10000
[BFF] 读取PublicMemory完成: 163 条记录
[BFF] 读取PublicMemory (物理路径): /mnt/d/collections2026/phd_application/nanobot1/milestone2/data/public_memory/public_memory.jsonl, top_k=10000
[BFF] 读取PublicMemory完成: 163 条记录
[BFF] 读取PublicMemory (物理路径): /mnt/d/collections2026/phd_application/nanobot1/milestone2/data/public_memory/public_memory.jsonl, top_k=10000
[BFF] 读取PublicMemory完成: 163 条记录
[BFF] 读取PublicMemory (物理路径): /mnt/d/collections2026/phd_application/nanobot1/milestone2/data/public_memory/public_memory.jsonl, top_k=10000
[BFF] 读取PublicMemory完成: 163 条记录
[BFF] 读取PublicMemory (物理路径): /mnt/d/collections2026/phd_application/nanobot1/milestone2/data/public_memory/public_memory.jsonl, top_k=10000
[BFF] 读取PublicMemory完成: 163 条记录
[BFF] 读取PublicMemory (物理路径): /mnt/d/collections2026/phd_application/nanobot1/milestone2/data/public_memory/public_memory.jsonl, top_k=10000
[BFF] 读取PublicMemory完成: 163 条记录
[BFF] 读取PublicMemory (物理路径): /mnt/d/collections2026/phd_application/nanobot1/milestone2/data/public_memory/public_memory.jsonl, top_k=10000
[BFF] 读取PublicMemory完成: 163 条记录
[BFF] 读取PublicMemory (物理路径): /mnt/d/collections2026/phd_application/nanobot1/milestone2/data/public_memory/public_memory.jsonl, top_k=10000
[BFF] 读取PublicMemory完成: 163 条记录
[BFF] 读取PublicMemory (物理路径): /mnt/d/collections2026/phd_application/nanobot1/milestone2/data/public_memory/public_memory.jsonl, top_k=10000
[BFF] 读取PublicMemory完成: 163 条记录
[BFF] 读取PublicMemory (物理路径): /mnt/d/collections2026/phd_application/nanobot1/milestone2/data/public_memory/public_memory.jsonl, top_k=10000
[BFF] 读取PublicMemory完成: 163 条记录
[BFF] 获取Agent d32a0045 堆段: 2 条
[BFF] 获取Agent e91fae39 堆段: 2 条
[BFF] all-unmerged 请求正在进行，等待完成...
[BFF] 获取Agent 3c736ee1 堆段: 2 条
[BFF] 获取Agent 60cb891a 堆段: 2 条
[BFF] 获取Agent 5ca5541e 堆段: 2 条
[BFF] 获取Agent bf61af0f 堆段: 4 条
[BFF] 获取Agent eb2af86c 堆段: 2 条
[BFF] 获取Agent 63afa39e 堆段: 2 条
[BFF] 获取Agent ac658b91 堆段: 2 条
[BFF] 获取Agent 6f06d397 堆段: 2 条
[BFF] 获取Agent 6e45c105 堆段: 2 条
[BFF] 获取Agent d903e394 堆段: 2 条
[BFF] 获取Agent d5ec85cc 堆段: 2 条
[BFF] all-unmerged 请求正在进行，等待完成...
[BFF] all-unmerged 请求正在进行，等待完成...
[BFF] all-unmerged 请求正在进行，等待完成...
[BFF] all-unmerged 请求正在进行，等待完成...
[BFF] all-unmerged 请求正在进行，等待完成...
[BFF] 获取Agent 7727bb66 堆段: 0 条
[BFF] all-unmerged 获取完成: 43 条
[BFF] 写入PublicMemory (物理路径): /mnt/d/collections2026/phd_application/nanobot1/milestone2/data/public_memory/public_memory.jsonl
[BFF] 原子替换PublicMemory: 189 条记录 -> /mnt/d/collections2026/phd_application/nanobot1/milestone2/data/public_memory/public_memory.jsonl
[BFF] 写入PublicMemory (物理路径): /mnt/d/collections2026/phd_application/nanobot1/milestone2/data/public_memory/public_memory.jsonl
[BFF] 原子替换PublicMemory: 189 条记录 -> /mnt/d/collections2026/phd_application/nanobot1/milestone2/data/public_memory/public_memory.jsonl
[BFF] 写入PublicMemory (物理路径): /mnt/d/collections2026/phd_application/nanobot1/milestone2/data/public_memory/public_memory.jsonl
[BFF] 原子替换PublicMemory: 189 条记录 -> /mnt/d/collections2026/phd_application/nanobot1/milestone2/data/public_memory/public_memory.jsonl
[BFF] 写入PublicMemory (物理路径): /mnt/d/collections2026/phd_application/nanobot1/milestone2/data/public_memory/public_memory.jsonl
[BFF] 原子替换PublicMemory: 189 条记录 -> /mnt/d/collections2026/phd_application/nanobot1/milestone2/data/public_memory/public_memory.jsonl
2026-04-21 22:51:56,562 - httpx - INFO - HTTP Request: POST http://localhost:33333/mark_pages_merged "HTTP/1.1 200 OK"
2026-04-21 22:51:56,563 - httpx - INFO - HTTP Request: POST http://localhost:33333/mark_pages_merged "HTTP/1.1 200 OK"
2026-04-21 22:51:56,564 - httpx - INFO - HTTP Request: POST http://localhost:33333/mark_pages_merged "HTTP/1.1 200 OK"
2026-04-21 22:51:56,567 - httpx - INFO - HTTP Request: POST http://localhost:33333/mark_pages_merged "HTTP/1.1 200 OK"
2026-04-21 22:51:56,567 - httpx - INFO - HTTP Request: POST http://localhost:33333/mark_pages_merged "HTTP/1.1 200 OK"
2026-04-21 22:51:56,568 - httpx - INFO - HTTP Request: POST http://localhost:33333/mark_pages_merged "HTTP/1.1 200 OK"
2026-04-21 22:51:56,574 - httpx - INFO - HTTP Request: POST http://localhost:33333/mark_pages_merged "HTTP/1.1 200 OK"
2026-04-21 22:51:56,577 - httpx - INFO - HTTP Request: POST http://localhost:33333/mark_pages_merged "HTTP/1.1 200 OK"
2026-04-21 22:51:56,579 - httpx - INFO - HTTP Request: POST http://localhost:33333/mark_pages_merged "HTTP/1.1 200 OK"
2026-04-21 22:51:56,581 - httpx - INFO - HTTP Request: POST http://localhost:33333/mark_pages_merged "HTTP/1.1 200 OK"
2026-04-21 22:51:56,582 - httpx - INFO - HTTP Request: POST http://localhost:33333/mark_pages_merged "HTTP/1.1 200 OK"
2026-04-21 22:51:56,589 - httpx - INFO - HTTP Request: POST http://localhost:33333/mark_pages_merged "HTTP/1.1 200 OK"
2026-04-21 22:51:56,590 - httpx - INFO - HTTP Request: POST http://localhost:33333/mark_pages_merged "HTTP/1.1 200 OK"
2026-04-21 22:51:56,590 - httpx - INFO - HTTP Request: POST http://localhost:33333/mark_pages_merged "HTTP/1.1 200 OK"
2026-04-21 22:51:56,591 - httpx - INFO - HTTP Request: POST http://localhost:33333/mark_pages_merged "HTTP/1.1 200 OK"
2026-04-21 22:51:56,591 - httpx - INFO - HTTP Request: POST http://localhost:33333/mark_pages_merged "HTTP/1.1 200 OK"
2026-04-21 22:51:56,592 - httpx - INFO - HTTP Request: POST http://localhost:33333/mark_pages_merged "HTTP/1.1 200 OK"
2026-04-21 22:51:56,592 - httpx - INFO - HTTP Request: POST http://localhost:33333/mark_pages_merged "HTTP/1.1 200 OK"
2026-04-21 22:52:33,984 - httpx - INFO - HTTP Request: POST http://localhost:9503/execute_merge "HTTP/1.1 200 OK"
2026-04-21 22:52:33,984 - httpx - INFO - HTTP Request: POST http://localhost:9503/execute_merge "HTTP/1.1 200 OK"
2026-04-21 22:52:33,985 - httpx - INFO - HTTP Request: POST http://localhost:9503/execute_merge "HTTP/1.1 200 OK"
2026-04-21 22:52:33,985 - httpx - INFO - HTTP Request: POST http://localhost:9503/execute_merge "HTTP/1.1 200 OK"
2026-04-21 22:52:33,986 - httpx - INFO - HTTP Request: POST http://localhost:9503/execute_merge "HTTP/1.1 200 OK"
2026-04-21 22:52:33,987 - httpx - INFO - HTTP Request: POST http://localhost:9503/execute_merge "HTTP/1.1 200 OK"
2026-04-21 22:52:33,988 - httpx - INFO - HTTP Request: POST http://localhost:9503/execute_merge "HTTP/1.1 200 OK"
2026-04-21 22:52:33,988 - httpx - INFO - HTTP Request: POST http://localhost:9503/execute_merge "HTTP/1.1 200 OK"
2026-04-21 22:52:33,988 - httpx - INFO - HTTP Request: POST http://localhost:9503/execute_merge "HTTP/1.1 200 OK"
2026-04-21 22:52:33,989 - httpx - INFO - HTTP Request: POST http://localhost:9503/execute_merge "HTTP/1.1 200 OK"
2026-04-21 22:52:33,989 - httpx - INFO - HTTP Request: POST http://localhost:9503/execute_merge "HTTP/1.1 200 OK"
2026-04-21 22:52:33,990 - httpx - INFO - HTTP Request: POST http://localhost:9503/execute_merge "HTTP/1.1 200 OK"
2026-04-21 22:52:33,990 - httpx - INFO - HTTP Request: POST http://localhost:9503/execute_merge "HTTP/1.1 200 OK"
2026-04-21 22:52:33,991 - httpx - INFO - HTTP Request: POST http://localhost:9503/execute_merge "HTTP/1.1 200 OK"
2026-04-21 22:52:33,991 - httpx - INFO - HTTP Request: POST http://localhost:9503/execute_merge "HTTP/1.1 200 OK"
2026-04-21 22:52:33,992 - httpx - INFO - HTTP Request: POST http://localhost:9503/execute_merge "HTTP/1.1 200 OK"
2026-04-21 22:52:33,992 - httpx - INFO - HTTP Request: POST http://localhost:9503/execute_merge "HTTP/1.1 200 OK"
2026-04-21 22:52:33,993 - httpx - INFO - HTTP Request: POST http://localhost:9503/execute_merge "HTTP/1.1 200 OK"
[BFF] 写入PublicMemory (物理路径): /mnt/d/collections2026/phd_application/nanobot1/milestone2/data/public_memory/public_memory.jsonl
[BFF] 原子替换PublicMemory: 189 条记录 -> /mnt/d/collections2026/phd_application/nanobot1/milestone2/data/public_memory/public_memory.jsonl
[BFF] 写入PublicMemory (物理路径): /mnt/d/collections2026/phd_application/nanobot1/milestone2/data/public_memory/public_memory.jsonl
[BFF] 原子替换PublicMemory: 189 条记录 -> /mnt/d/collections2026/phd_application/nanobot1/milestone2/data/public_memory/public_memory.jsonl
[BFF] 写入PublicMemory (物理路径): /mnt/d/collections2026/phd_application/nanobot1/milestone2/data/public_memory/public_memory.jsonl
[BFF] 原子替换PublicMemory: 189 条记录 -> /mnt/d/collections2026/phd_application/nanobot1/milestone2/data/public_memory/public_memory.jsonl
[BFF] 写入PublicMemory (物理路径): /mnt/d/collections2026/phd_application/nanobot1/milestone2/data/public_memory/public_memory.jsonl
[BFF] 原子替换PublicMemory: 189 条记录 -> /mnt/d/collections2026/phd_application/nanobot1/milestone2/data/public_memory/public_memory.jsonl
[BFF] 写入PublicMemory (物理路径): /mnt/d/collections2026/phd_application/nanobot1/milestone2/data/public_memory/public_memory.jsonl
[BFF] 原子替换PublicMemory: 189 条记录 -> /mnt/d/collections2026/phd_application/nanobot1/milestone2/data/public_memory/public_memory.jsonl
[BFF] 写入PublicMemory (物理路径): /mnt/d/collections2026/phd_application/nanobot1/milestone2/data/public_memory/public_memory.jsonl
[BFF] 原子替换PublicMemory: 189 条记录 -> /mnt/d/collections2026/phd_application/nanobot1/milestone2/data/public_memory/public_memory.jsonl
[BFF] 写入PublicMemory (物理路径): /mnt/d/collections2026/phd_application/nanobot1/milestone2/data/public_memory/public_memory.jsonl
[BFF] 原子替换PublicMemory: 189 条记录 -> /mnt/d/collections2026/phd_application/nanobot1/milestone2/data/public_memory/public_memory.jsonl
[BFF] 写入PublicMemory (物理路径): /mnt/d/collections2026/phd_application/nanobot1/milestone2/data/public_memory/public_memory.jsonl
[BFF] 原子替换PublicMemory: 189 条记录 -> /mnt/d/collections2026/phd_application/nanobot1/milestone2/data/public_memory/public_memory.jsonl
[BFF] 写入PublicMemory (物理路径): /mnt/d/collections2026/phd_application/nanobot1/milestone2/data/public_memory/public_memory.jsonl
[BFF] 原子替换PublicMemory: 189 条记录 -> /mnt/d/collections2026/phd_application/nanobot1/milestone2/data/public_memory/public_memory.jsonl
[BFF] 写入PublicMemory (物理路径): /mnt/d/collections2026/phd_application/nanobot1/milestone2/data/public_memory/public_memory.jsonl
[BFF] 原子替换PublicMemory: 189 条记录 -> /mnt/d/collections2026/phd_application/nanobot1/milestone2/data/public_memory/public_memory.jsonl
[BFF] 写入PublicMemory (物理路径): /mnt/d/collections2026/phd_application/nanobot1/milestone2/data/public_memory/public_memory.jsonl
[BFF] 原子替换PublicMemory: 189 条记录 -> /mnt/d/collections2026/phd_application/nanobot1/milestone2/data/public_memory/public_memory.jsonl
[BFF] 写入PublicMemory (物理路径): /mnt/d/collections2026/phd_application/nanobot1/milestone2/data/public_memory/public_memory.jsonl
[BFF] 原子替换PublicMemory: 189 条记录 -> /mnt/d/collections2026/phd_application/nanobot1/milestone2/data/public_memory/public_memory.jsonl
[BFF] 写入PublicMemory (物理路径): /mnt/d/collections2026/phd_application/nanobot1/milestone2/data/public_memory/public_memory.jsonl
[BFF] 原子替换PublicMemory: 189 条记录 -> /mnt/d/collections2026/phd_application/nanobot1/milestone2/data/public_memory/public_memory.jsonl
[BFF] 写入PublicMemory (物理路径): /mnt/d/collections2026/phd_application/nanobot1/milestone2/data/public_memory/public_memory.jsonl
[BFF] 原子替换PublicMemory: 189 条记录 -> /mnt/d/collections2026/phd_application/nanobot1/milestone2/data/public_memory/public_memory.jsonl
[BFF] all-unmerged 命中缓存: 43 条 (缓存剩余 2.3s)
[BFF] all-unmerged 命中缓存: 43 条 (缓存剩余 2.3s)
[BFF] Consolidator合并完成: {'status': 'ok', 'original_count': 206, 'deduped_count': 189, 'removed_count': 17, 'pages_marked': 43, 'source': 'km_page_table'}
[BFF] Consolidator合并完成: {'status': 'ok', 'original_count': 206, 'deduped_count': 189, 'removed_count': 17, 'pages_marked': 43, 'source': 'km_page_table'}
[BFF] Consolidator合并完成: {'status': 'ok', 'original_count': 206, 'deduped_count': 189, 'removed_count': 17, 'pages_marked': 43, 'source': 'km_page_table'}
[BFF] Consolidator合并完成: {'status': 'ok', 'original_count': 206, 'deduped_count': 189, 'removed_count': 17, 'pages_marked': 43, 'source': 'km_page_table'}
[BFF] Consolidator合并完成: {'status': 'ok', 'original_count': 206, 'deduped_count': 189, 'removed_count': 17, 'pages_marked': 43, 'source': 'km_page_table'}
[BFF] Consolidator合并完成: {'status': 'ok', 'original_count': 206, 'deduped_count': 189, 'removed_count': 17, 'pages_marked': 43, 'source': 'km_page_table'}
[BFF] Consolidator合并完成: {'status': 'ok', 'original_count': 206, 'deduped_count': 189, 'removed_count': 17, 'pages_marked': 43, 'source': 'km_page_table'}
[BFF] Consolidator合并完成: {'status': 'ok', 'original_count': 206, 'deduped_count': 189, 'removed_count': 17, 'pages_marked': 43, 'source': 'km_page_table'}
[BFF] Consolidator合并完成: {'status': 'ok', 'original_count': 206, 'deduped_count': 189, 'removed_count': 17, 'pages_marked': 43, 'source': 'km_page_table'}
[BFF] Consolidator合并完成: {'status': 'ok', 'original_count': 206, 'deduped_count': 189, 'removed_count': 17, 'pages_marked': 43, 'source': 'km_page_table'}
[BFF] Consolidator合并完成: {'status': 'ok', 'original_count': 206, 'deduped_count': 189, 'removed_count': 17, 'pages_marked': 43, 'source': 'km_page_table'}
[BFF] Consolidator合并完成: {'status': 'ok', 'original_count': 206, 'deduped_count': 189, 'removed_count': 17, 'pages_marked': 43, 'source': 'km_page_table'}
[BFF] Consolidator合并完成: {'status': 'ok', 'original_count': 206, 'deduped_count': 189, 'removed_count': 17, 'pages_marked': 43, 'source': 'km_page_table'}
[BFF] Consolidator合并完成: {'status': 'ok', 'original_count': 206, 'deduped_count': 189, 'removed_count': 17, 'pages_marked': 43, 'source': 'km_page_table'}
[BFF] Consolidator合并完成: {'status': 'ok', 'original_count': 206, 'deduped_count': 189, 'removed_count': 17, 'pages_marked': 43, 'source': 'km_page_table'}
[BFF] Consolidator合并完成: {'status': 'ok', 'original_count': 206, 'deduped_count': 189, 'removed_count': 17, 'pages_marked': 43, 'source': 'km_page_table'}
[BFF] Consolidator合并完成: {'status': 'ok', 'original_count': 206, 'deduped_count': 189, 'removed_count': 17, 'pages_marked': 43, 'source': 'km_page_table'}
[BFF] Consolidator合并完成: {'status': 'ok', 'original_count': 206, 'deduped_count': 189, 'removed_count': 17, 'pages_marked': 43, 'source': 'km_page_table'}
[BFF] all-unmerged 请求正在进行，等待完成...
[BFF] all-unmerged 请求正在进行，等待完成...
[BFF] all-unmerged 请求正在进行，等待完成...
[BFF] 邻居发现: 所有父子关系已建立
[BFF] 容器不存在 7727bb66，清理中...
[BFF] 健康检查: 已清理 1 个无效容器
[BFF] 转发标记失败: 
[BFF] 转发标记失败: 
[BFF] 转发标记失败: 
[BFF] 转发标记失败: 
[BFF] 转发标记失败: 
[BFF] 转发标记失败: 
[BFF] 转发标记失败: 
[BFF] 转发标记失败: 
[BFF] 转发标记失败: 
[BFF] 转发标记失败: 
[BFF] 转发标记失败: 
[BFF] all-unmerged 请求正在进行，等待完成...
[BFF] all-unmerged 请求正在进行，等待完成...
[BFF] all-unmerged 请求正在进行，等待完成...
[BFF] all-unmerged 请求正在进行，等待完成...
[BFF] all-unmerged 请求正在进行，等待完成...
[BFF] all-unmerged 请求正在进行，等待完成...
[BFF] all-unmerged 请求正在进行，等待完成...
[BFF] all-unmerged 请求正在进行，等待完成...
[BFF] all-unmerged 请求正在进行，等待完成...
2026-04-21 22:52:35,445 - httpx - INFO - HTTP Request: POST http://localhost:55201/heap/mark-merged "HTTP/1.1 200 OK"
2026-04-21 22:52:35,446 - httpx - INFO - HTTP Request: POST http://localhost:11748/heap/mark-merged "HTTP/1.1 200 OK"
2026-04-21 22:52:35,446 - httpx - INFO - HTTP Request: POST http://localhost:11645/heap/mark-merged "HTTP/1.1 200 OK"
2026-04-21 22:52:35,447 - httpx - INFO - HTTP Request: POST http://localhost:11679/heap/mark-merged "HTTP/1.1 200 OK"
2026-04-21 22:52:35,448 - httpx - INFO - HTTP Request: POST http://localhost:11753/heap/mark-merged "HTTP/1.1 200 OK"
2026-04-21 22:52:35,448 - httpx - INFO - HTTP Request: POST http://localhost:30479/heap/mark-merged "HTTP/1.1 200 OK"
2026-04-21 22:52:35,449 - httpx - INFO - HTTP Request: POST http://localhost:11644/heap/mark-merged "HTTP/1.1 200 OK"
2026-04-21 22:52:35,449 - httpx - INFO - HTTP Request: POST http://localhost:11748/heap/mark-merged "HTTP/1.1 200 OK"
2026-04-21 22:52:35,450 - httpx - INFO - HTTP Request: POST http://localhost:11680/heap/mark-merged "HTTP/1.1 200 OK"
2026-04-21 22:52:35,450 - httpx - INFO - HTTP Request: POST http://localhost:11578/heap/mark-merged "HTTP/1.1 200 OK"
2026-04-21 22:52:35,451 - httpx - INFO - HTTP Request: POST http://localhost:11618/heap/mark-merged "HTTP/1.1 200 OK"
2026-04-21 22:52:35,451 - httpx - INFO - HTTP Request: POST http://localhost:11680/heap/mark-merged "HTTP/1.1 200 OK"
2026-04-21 22:52:35,452 - httpx - INFO - HTTP Request: POST http://localhost:11748/heap/mark-merged "HTTP/1.1 200 OK"
2026-04-21 22:52:35,452 - httpx - INFO - HTTP Request: POST http://localhost:11711/heap/mark-merged "HTTP/1.1 200 OK"
2026-04-21 22:52:35,452 - httpx - INFO - HTTP Request: POST http://localhost:11645/heap/mark-merged "HTTP/1.1 200 OK"
2026-04-21 22:52:35,453 - httpx - INFO - HTTP Request: POST http://localhost:11601/heap/mark-merged "HTTP/1.1 200 OK"
2026-04-21 22:52:35,453 - httpx - INFO - HTTP Request: POST http://localhost:30489/heap/mark-merged "HTTP/1.1 200 OK"
2026-04-21 22:52:35,454 - httpx - INFO - HTTP Request: POST http://localhost:11679/heap/mark-merged "HTTP/1.1 200 OK"
2026-04-21 22:52:35,454 - httpx - INFO - HTTP Request: POST http://localhost:30493/heap/mark-merged "HTTP/1.1 200 OK"
2026-04-21 22:52:35,454 - httpx - INFO - HTTP Request: POST http://localhost:11618/heap/mark-merged "HTTP/1.1 200 OK"
2026-04-21 22:52:35,456 - httpx - INFO - HTTP Request: POST http://localhost:11680/heap/mark-merged "HTTP/1.1 200 OK"
2026-04-21 22:52:35,456 - httpx - INFO - HTTP Request: POST http://localhost:55201/heap/mark-merged "HTTP/1.1 200 OK"
2026-04-21 22:52:35,456 - httpx - INFO - HTTP Request: POST http://localhost:11596/heap/mark-merged "HTTP/1.1 200 OK"
2026-04-21 22:52:35,457 - httpx - INFO - HTTP Request: POST http://localhost:30479/heap/mark-merged "HTTP/1.1 200 OK"
2026-04-21 22:52:35,457 - httpx - INFO - HTTP Request: POST http://localhost:30481/heap/mark-merged "HTTP/1.1 200 OK"
2026-04-21 22:52:35,458 - httpx - INFO - HTTP Request: POST http://localhost:11629/heap/mark-merged "HTTP/1.1 200 OK"
2026-04-21 22:52:35,458 - httpx - INFO - HTTP Request: POST http://localhost:11578/heap/mark-merged "HTTP/1.1 200 OK"
2026-04-21 22:52:35,459 - httpx - INFO - HTTP Request: POST http://localhost:11753/heap/mark-merged "HTTP/1.1 200 OK"
2026-04-21 22:52:35,459 - httpx - INFO - HTTP Request: POST http://localhost:55202/heap/mark-merged "HTTP/1.1 200 OK"
2026-04-21 22:52:35,459 - httpx - INFO - HTTP Request: POST http://localhost:11645/heap/mark-merged "HTTP/1.1 200 OK"
2026-04-21 22:52:35,460 - httpx - INFO - HTTP Request: POST http://localhost:30479/heap/mark-merged "HTTP/1.1 200 OK"
2026-04-21 22:52:35,460 - httpx - INFO - HTTP Request: POST http://localhost:11596/heap/mark-merged "HTTP/1.1 200 OK"
2026-04-21 22:52:35,461 - httpx - INFO - HTTP Request: POST http://localhost:11618/heap/mark-merged "HTTP/1.1 200 OK"
2026-04-21 22:52:35,461 - httpx - INFO - HTTP Request: POST http://localhost:11680/heap/mark-merged "HTTP/1.1 200 OK"
2026-04-21 22:52:35,461 - httpx - INFO - HTTP Request: POST http://localhost:11679/heap/mark-merged "HTTP/1.1 200 OK"
2026-04-21 22:52:35,462 - httpx - INFO - HTTP Request: POST http://localhost:30481/heap/mark-merged "HTTP/1.1 200 OK"
2026-04-21 22:52:35,462 - httpx - INFO - HTTP Request: POST http://localhost:11601/heap/mark-merged "HTTP/1.1 200 OK"
2026-04-21 22:52:35,463 - httpx - INFO - HTTP Request: POST http://localhost:11644/heap/mark-merged "HTTP/1.1 200 OK"
2026-04-21 22:52:35,463 - httpx - INFO - HTTP Request: POST http://localhost:11714/heap/mark-merged "HTTP/1.1 200 OK"
2026-04-21 22:52:35,464 - httpx - INFO - HTTP Request: POST http://localhost:55201/heap/mark-merged "HTTP/1.1 200 OK"
2026-04-21 22:52:35,464 - httpx - INFO - HTTP Request: POST http://localhost:30489/heap/mark-merged "HTTP/1.1 200 OK"
2026-04-21 22:52:35,464 - httpx - INFO - HTTP Request: POST http://localhost:11581/heap/mark-merged "HTTP/1.1 200 OK"
2026-04-21 22:52:35,465 - httpx - INFO - HTTP Request: POST http://localhost:11711/heap/mark-merged "HTTP/1.1 200 OK"
2026-04-21 22:52:35,465 - httpx - INFO - HTTP Request: POST http://localhost:30479/heap/mark-merged "HTTP/1.1 200 OK"
2026-04-21 22:52:35,466 - httpx - INFO - HTTP Request: POST http://localhost:11753/heap/mark-merged "HTTP/1.1 200 OK"
2026-04-21 22:52:35,466 - httpx - INFO - HTTP Request: POST http://localhost:11578/heap/mark-merged "HTTP/1.1 200 OK"
2026-04-21 22:52:35,466 - httpx - INFO - HTTP Request: POST http://localhost:55202/heap/mark-merged "HTTP/1.1 200 OK"
2026-04-21 22:52:35,467 - httpx - INFO - HTTP Request: POST http://localhost:30489/heap/mark-merged "HTTP/1.1 200 OK"
2026-04-21 22:52:35,467 - httpx - INFO - HTTP Request: POST http://localhost:55201/heap/mark-merged "HTTP/1.1 200 OK"
2026-04-21 22:52:35,468 - httpx - INFO - HTTP Request: POST http://localhost:30481/heap/mark-merged "HTTP/1.1 200 OK"
2026-04-21 22:52:35,468 - httpx - INFO - HTTP Request: POST http://localhost:11644/heap/mark-merged "HTTP/1.1 200 OK"
2026-04-21 22:52:35,469 - httpx - INFO - HTTP Request: POST http://localhost:11714/heap/mark-merged "HTTP/1.1 200 OK"
2026-04-21 22:52:35,469 - httpx - INFO - HTTP Request: POST http://localhost:30493/heap/mark-merged "HTTP/1.1 200 OK"
2026-04-21 22:52:35,470 - httpx - INFO - HTTP Request: POST http://localhost:11601/heap/mark-merged "HTTP/1.1 200 OK"
2026-04-21 22:52:35,470 - httpx - INFO - HTTP Request: POST http://localhost:11578/heap/mark-merged "HTTP/1.1 200 OK"
2026-04-21 22:52:35,470 - httpx - INFO - HTTP Request: POST http://localhost:11596/heap/mark-merged "HTTP/1.1 200 OK"
2026-04-21 22:52:35,471 - httpx - INFO - HTTP Request: POST http://localhost:11629/heap/mark-merged "HTTP/1.1 200 OK"
2026-04-21 22:52:35,471 - httpx - INFO - HTTP Request: POST http://localhost:11711/heap/mark-merged "HTTP/1.1 200 OK"
2026-04-21 22:52:35,472 - httpx - INFO - HTTP Request: POST http://localhost:11581/heap/mark-merged "HTTP/1.1 200 OK"
2026-04-21 22:52:35,473 - httpx - INFO - HTTP Request: POST http://localhost:55202/heap/mark-merged "HTTP/1.1 200 OK"
2026-04-21 22:52:35,473 - httpx - INFO - HTTP Request: POST http://localhost:11714/heap/mark-merged "HTTP/1.1 200 OK"
2026-04-21 22:52:35,474 - httpx - INFO - HTTP Request: POST http://localhost:55201/heap/mark-merged "HTTP/1.1 200 OK"
2026-04-21 22:52:35,474 - httpx - INFO - HTTP Request: POST http://localhost:11644/heap/mark-merged "HTTP/1.1 200 OK"
2026-04-21 22:52:35,475 - httpx - INFO - HTTP Request: POST http://localhost:11581/heap/mark-merged "HTTP/1.1 200 OK"
2026-04-21 22:52:35,475 - httpx - INFO - HTTP Request: POST http://localhost:11601/heap/mark-merged "HTTP/1.1 200 OK"
2026-04-21 22:52:35,475 - httpx - INFO - HTTP Request: POST http://localhost:30493/heap/mark-merged "HTTP/1.1 200 OK"
2026-04-21 22:52:35,476 - httpx - INFO - HTTP Request: POST http://localhost:30481/heap/mark-merged "HTTP/1.1 200 OK"
2026-04-21 22:52:35,476 - httpx - INFO - HTTP Request: POST http://localhost:11629/heap/mark-merged "HTTP/1.1 200 OK"
2026-04-21 22:52:35,477 - httpx - INFO - HTTP Request: POST http://localhost:11714/heap/mark-merged "HTTP/1.1 200 OK"
2026-04-21 22:52:35,477 - httpx - INFO - HTTP Request: POST http://localhost:55201/heap/mark-merged "HTTP/1.1 200 OK"
2026-04-21 22:52:35,478 - httpx - INFO - HTTP Request: POST http://localhost:55202/heap/mark-merged "HTTP/1.1 200 OK"
2026-04-21 22:52:35,478 - httpx - INFO - HTTP Request: POST http://localhost:11644/heap/mark-merged "HTTP/1.1 200 OK"
2026-04-21 22:52:35,479 - httpx - INFO - HTTP Request: POST http://localhost:30493/heap/mark-merged "HTTP/1.1 200 OK"
2026-04-21 22:52:35,479 - httpx - INFO - HTTP Request: POST http://localhost:55201/heap/mark-merged "HTTP/1.1 200 OK"
2026-04-21 22:52:35,497 - httpx - INFO - HTTP Request: POST http://localhost:11714/heap/mark-merged "HTTP/1.1 200 OK"
2026-04-21 22:52:35,498 - httpx - INFO - HTTP Request: POST http://localhost:11581/heap/mark-merged "HTTP/1.1 200 OK"
2026-04-21 22:52:35,499 - httpx - INFO - HTTP Request: POST http://localhost:11578/heap/mark-merged "HTTP/1.1 200 OK"
2026-04-21 22:52:35,500 - httpx - INFO - HTTP Request: POST http://localhost:11618/heap/mark-merged "HTTP/1.1 200 OK"
2026-04-21 22:52:35,502 - httpx - INFO - HTTP Request: POST http://localhost:11618/heap/mark-merged "HTTP/1.1 200 OK"
2026-04-21 22:52:35,504 - httpx - INFO - HTTP Request: POST http://localhost:11748/heap/mark-merged "HTTP/1.1 200 OK"
2026-04-21 22:52:35,505 - httpx - INFO - HTTP Request: POST http://localhost:11581/heap/mark-merged "HTTP/1.1 200 OK"
2026-04-21 22:52:35,506 - httpx - INFO - HTTP Request: POST http://localhost:11680/heap/mark-merged "HTTP/1.1 200 OK"
2026-04-21 22:52:35,507 - httpx - INFO - HTTP Request: POST http://localhost:11601/heap/mark-merged "HTTP/1.1 200 OK"
2026-04-21 22:52:35,508 - httpx - INFO - HTTP Request: POST http://localhost:30489/heap/mark-merged "HTTP/1.1 200 OK"
2026-04-21 22:52:35,510 - httpx - INFO - HTTP Request: POST http://localhost:30479/heap/mark-merged "HTTP/1.1 200 OK"
2026-04-21 22:52:35,511 - httpx - INFO - HTTP Request: POST http://localhost:30481/heap/mark-merged "HTTP/1.1 200 OK"
2026-04-21 22:52:35,513 - httpx - INFO - HTTP Request: POST http://localhost:30493/heap/mark-merged "HTTP/1.1 200 OK"
2026-04-21 22:52:35,514 - httpx - INFO - HTTP Request: POST http://localhost:11753/heap/mark-merged "HTTP/1.1 200 OK"
2026-04-21 22:52:35,515 - httpx - INFO - HTTP Request: POST http://localhost:11581/heap/mark-merged "HTTP/1.1 200 OK"
2026-04-21 22:52:35,516 - httpx - INFO - HTTP Request: POST http://localhost:11644/heap/mark-merged "HTTP/1.1 200 OK"
2026-04-21 22:52:35,518 - httpx - INFO - HTTP Request: POST http://localhost:11578/heap/mark-merged "HTTP/1.1 200 OK"
2026-04-21 22:52:35,520 - httpx - INFO - HTTP Request: POST http://localhost:11645/heap/mark-merged "HTTP/1.1 200 OK"
2026-04-21 22:52:35,521 - httpx - INFO - HTTP Request: POST http://localhost:11679/heap/mark-merged "HTTP/1.1 200 OK"
2026-04-21 22:52:35,523 - httpx - INFO - HTTP Request: POST http://localhost:30489/heap/mark-merged "HTTP/1.1 200 OK"
2026-04-21 22:52:35,524 - httpx - INFO - HTTP Request: POST http://localhost:11711/heap/mark-merged "HTTP/1.1 200 OK"
2026-04-21 22:52:35,525 - httpx - INFO - HTTP Request: POST http://localhost:11581/heap/mark-merged "HTTP/1.1 200 OK"
2026-04-21 22:52:35,526 - httpx - INFO - HTTP Request: POST http://localhost:11645/heap/mark-merged "HTTP/1.1 200 OK"
2026-04-21 22:52:35,527 - httpx - INFO - HTTP Request: POST http://localhost:11618/heap/mark-merged "HTTP/1.1 200 OK"
2026-04-21 22:52:35,529 - httpx - INFO - HTTP Request: POST http://localhost:30481/heap/mark-merged "HTTP/1.1 200 OK"
2026-04-21 22:52:35,530 - httpx - INFO - HTTP Request: POST http://localhost:11596/heap/mark-merged "HTTP/1.1 200 OK"
2026-04-21 22:52:35,531 - httpx - INFO - HTTP Request: POST http://localhost:11629/heap/mark-merged "HTTP/1.1 200 OK"
2026-04-21 22:52:35,532 - httpx - INFO - HTTP Request: POST http://localhost:11748/heap/mark-merged "HTTP/1.1 200 OK"
2026-04-21 22:52:35,533 - httpx - INFO - HTTP Request: POST http://localhost:55202/heap/mark-merged "HTTP/1.1 200 OK"
2026-04-21 22:52:35,535 - httpx - INFO - HTTP Request: POST http://localhost:11581/heap/mark-merged "HTTP/1.1 200 OK"
2026-04-21 22:52:35,536 - httpx - INFO - HTTP Request: POST http://localhost:11578/heap/mark-merged "HTTP/1.1 200 OK"
2026-04-21 22:52:35,537 - httpx - INFO - HTTP Request: POST http://localhost:11748/heap/mark-merged "HTTP/1.1 200 OK"
2026-04-21 22:52:35,538 - httpx - INFO - HTTP Request: POST http://localhost:11753/heap/mark-merged "HTTP/1.1 200 OK"
2026-04-21 22:52:35,539 - httpx - INFO - HTTP Request: POST http://localhost:11645/heap/mark-merged "HTTP/1.1 200 OK"
2026-04-21 22:52:35,540 - httpx - INFO - HTTP Request: POST http://localhost:30479/heap/mark-merged "HTTP/1.1 200 OK"
2026-04-21 22:52:35,541 - httpx - INFO - HTTP Request: POST http://localhost:11679/heap/mark-merged "HTTP/1.1 200 OK"
2026-04-21 22:52:35,542 - httpx - INFO - HTTP Request: POST http://localhost:11680/heap/mark-merged "HTTP/1.1 200 OK"
2026-04-21 22:52:35,543 - httpx - INFO - HTTP Request: POST http://localhost:11618/heap/mark-merged "HTTP/1.1 200 OK"
2026-04-21 22:52:35,543 - httpx - INFO - HTTP Request: POST http://localhost:11644/heap/mark-merged "HTTP/1.1 200 OK"
2026-04-21 22:52:35,544 - httpx - INFO - HTTP Request: POST http://localhost:11711/heap/mark-merged "HTTP/1.1 200 OK"
2026-04-21 22:52:35,544 - httpx - INFO - HTTP Request: POST http://localhost:30493/heap/mark-merged "HTTP/1.1 200 OK"
2026-04-21 22:52:35,545 - httpx - INFO - HTTP Request: POST http://localhost:11748/heap/mark-merged "HTTP/1.1 200 OK"
2026-04-21 22:52:35,546 - httpx - INFO - HTTP Request: POST http://localhost:11601/heap/mark-merged "HTTP/1.1 200 OK"
2026-04-21 22:52:35,546 - httpx - INFO - HTTP Request: POST http://localhost:30489/heap/mark-merged "HTTP/1.1 200 OK"
2026-04-21 22:52:35,546 - httpx - INFO - HTTP Request: POST http://localhost:11581/heap/mark-merged "HTTP/1.1 200 OK"
2026-04-21 22:52:35,547 - httpx - INFO - HTTP Request: POST http://localhost:11679/heap/mark-merged "HTTP/1.1 200 OK"
2026-04-21 22:52:35,548 - httpx - INFO - HTTP Request: POST http://localhost:11629/heap/mark-merged "HTTP/1.1 200 OK"
2026-04-21 22:52:35,549 - httpx - INFO - HTTP Request: POST http://localhost:11644/heap/mark-merged "HTTP/1.1 200 OK"
2026-04-21 22:52:35,549 - httpx - INFO - HTTP Request: POST http://localhost:11618/heap/mark-merged "HTTP/1.1 200 OK"
2026-04-21 22:52:35,550 - httpx - INFO - HTTP Request: POST http://localhost:11645/heap/mark-merged "HTTP/1.1 200 OK"
2026-04-21 22:52:35,550 - httpx - INFO - HTTP Request: POST http://localhost:11596/heap/mark-merged "HTTP/1.1 200 OK"
2026-04-21 22:52:35,551 - httpx - INFO - HTTP Request: POST http://localhost:11714/heap/mark-merged "HTTP/1.1 200 OK"
2026-04-21 22:52:35,551 - httpx - INFO - HTTP Request: POST http://localhost:11618/heap/mark-merged "HTTP/1.1 200 OK"
2026-04-21 22:52:35,552 - httpx - INFO - HTTP Request: POST http://localhost:11578/heap/mark-merged "HTTP/1.1 200 OK"
2026-04-21 22:52:35,552 - httpx - INFO - HTTP Request: POST http://localhost:11748/heap/mark-merged "HTTP/1.1 200 OK"
2026-04-21 22:52:35,553 - httpx - INFO - HTTP Request: POST http://localhost:11645/heap/mark-merged "HTTP/1.1 200 OK"
2026-04-21 22:52:35,553 - httpx - INFO - HTTP Request: POST http://localhost:11679/heap/mark-merged "HTTP/1.1 200 OK"
2026-04-21 22:52:35,553 - httpx - INFO - HTTP Request: POST http://localhost:30489/heap/mark-merged "HTTP/1.1 200 OK"
2026-04-21 22:52:35,554 - httpx - INFO - HTTP Request: POST http://localhost:30493/heap/mark-merged "HTTP/1.1 200 OK"
2026-04-21 22:52:35,554 - httpx - INFO - HTTP Request: POST http://localhost:55202/heap/mark-merged "HTTP/1.1 200 OK"
2026-04-21 22:52:35,555 - httpx - INFO - HTTP Request: POST http://localhost:11581/heap/mark-merged "HTTP/1.1 200 OK"
2026-04-21 22:52:35,555 - httpx - INFO - HTTP Request: POST http://localhost:11618/heap/mark-merged "HTTP/1.1 200 OK"
2026-04-21 22:52:35,556 - httpx - INFO - HTTP Request: POST http://localhost:11748/heap/mark-merged "HTTP/1.1 200 OK"
2026-04-21 22:52:35,556 - httpx - INFO - HTTP Request: POST http://localhost:11645/heap/mark-merged "HTTP/1.1 200 OK"
2026-04-21 22:52:35,557 - httpx - INFO - HTTP Request: POST http://localhost:11578/heap/mark-merged "HTTP/1.1 200 OK"
2026-04-21 22:52:35,557 - httpx - INFO - HTTP Request: POST http://localhost:11711/heap/mark-merged "HTTP/1.1 200 OK"
2026-04-21 22:52:35,558 - httpx - INFO - HTTP Request: POST http://localhost:11644/heap/mark-merged "HTTP/1.1 200 OK"
2026-04-21 22:52:35,558 - httpx - INFO - HTTP Request: POST http://localhost:11679/heap/mark-merged "HTTP/1.1 200 OK"
2026-04-21 22:52:35,559 - httpx - INFO - HTTP Request: POST http://localhost:11680/heap/mark-merged "HTTP/1.1 200 OK"
2026-04-21 22:52:35,559 - httpx - INFO - HTTP Request: POST http://localhost:30489/heap/mark-merged "HTTP/1.1 200 OK"
2026-04-21 22:52:35,560 - httpx - INFO - HTTP Request: POST http://localhost:11596/heap/mark-merged "HTTP/1.1 200 OK"
2026-04-21 22:52:35,560 - httpx - INFO - HTTP Request: POST http://localhost:11645/heap/mark-merged "HTTP/1.1 200 OK"
2026-04-21 22:52:35,561 - httpx - INFO - HTTP Request: POST http://localhost:11714/heap/mark-merged "HTTP/1.1 200 OK"
2026-04-21 22:52:35,561 - httpx - INFO - HTTP Request: POST http://localhost:11581/heap/mark-merged "HTTP/1.1 200 OK"
2026-04-21 22:52:35,562 - httpx - INFO - HTTP Request: POST http://localhost:11618/heap/mark-merged "HTTP/1.1 200 OK"
2026-04-21 22:52:35,562 - httpx - INFO - HTTP Request: POST http://localhost:11629/heap/mark-merged "HTTP/1.1 200 OK"
2026-04-21 22:52:35,562 - httpx - INFO - HTTP Request: POST http://localhost:11601/heap/mark-merged "HTTP/1.1 200 OK"
2026-04-21 22:52:35,563 - httpx - INFO - HTTP Request: POST http://localhost:11748/heap/mark-merged "HTTP/1.1 200 OK"
2026-04-21 22:52:35,563 - httpx - INFO - HTTP Request: POST http://localhost:55202/heap/mark-merged "HTTP/1.1 200 OK"
2026-04-21 22:52:35,564 - httpx - INFO - HTTP Request: POST http://localhost:30479/heap/mark-merged "HTTP/1.1 200 OK"
2026-04-21 22:52:35,564 - httpx - INFO - HTTP Request: POST http://localhost:11578/heap/mark-merged "HTTP/1.1 200 OK"
2026-04-21 22:52:35,565 - httpx - INFO - HTTP Request: POST http://localhost:30481/heap/mark-merged "HTTP/1.1 200 OK"
2026-04-21 22:52:35,565 - httpx - INFO - HTTP Request: POST http://localhost:30493/heap/mark-merged "HTTP/1.1 200 OK"
2026-04-21 22:52:35,568 - httpx - INFO - HTTP Request: POST http://localhost:30489/heap/mark-merged "HTTP/1.1 200 OK"
2026-04-21 22:52:35,569 - httpx - INFO - HTTP Request: POST http://localhost:11753/heap/mark-merged "HTTP/1.1 200 OK"
2026-04-21 22:52:35,569 - httpx - INFO - HTTP Request: POST http://localhost:11645/heap/mark-merged "HTTP/1.1 200 OK"
2026-04-21 22:52:35,570 - httpx - INFO - HTTP Request: POST http://localhost:11679/heap/mark-merged "HTTP/1.1 200 OK"
2026-04-21 22:52:35,570 - httpx - INFO - HTTP Request: POST http://localhost:11748/heap/mark-merged "HTTP/1.1 200 OK"
2026-04-21 22:52:35,571 - httpx - INFO - HTTP Request: POST http://localhost:11644/heap/mark-merged "HTTP/1.1 200 OK"
2026-04-21 22:52:35,571 - httpx - INFO - HTTP Request: POST http://localhost:11711/heap/mark-merged "HTTP/1.1 200 OK"
2026-04-21 22:52:35,571 - httpx - INFO - HTTP Request: POST http://localhost:30479/heap/mark-merged "HTTP/1.1 200 OK"
2026-04-21 22:52:35,572 - httpx - INFO - HTTP Request: POST http://localhost:11596/heap/mark-merged "HTTP/1.1 200 OK"
2026-04-21 22:52:35,572 - httpx - INFO - HTTP Request: POST http://localhost:11714/heap/mark-merged "HTTP/1.1 200 OK"
2026-04-21 22:52:35,573 - httpx - INFO - HTTP Request: POST http://localhost:11629/heap/mark-merged "HTTP/1.1 200 OK"
2026-04-21 22:52:35,573 - httpx - INFO - HTTP Request: POST http://localhost:11601/heap/mark-merged "HTTP/1.1 200 OK"
2026-04-21 22:52:35,574 - httpx - INFO - HTTP Request: POST http://localhost:55202/heap/mark-merged "HTTP/1.1 200 OK"
2026-04-21 22:52:35,574 - httpx - INFO - HTTP Request: POST http://localhost:11578/heap/mark-merged "HTTP/1.1 200 OK"
2026-04-21 22:52:35,575 - httpx - INFO - HTTP Request: POST http://localhost:11679/heap/mark-merged "HTTP/1.1 200 OK"
2026-04-21 22:52:35,575 - httpx - INFO - HTTP Request: POST http://localhost:11680/heap/mark-merged "HTTP/1.1 200 OK"
2026-04-21 22:52:35,575 - httpx - INFO - HTTP Request: POST http://localhost:11644/heap/mark-merged "HTTP/1.1 200 OK"
2026-04-21 22:52:35,576 - httpx - INFO - HTTP Request: POST http://localhost:11711/heap/mark-merged "HTTP/1.1 200 OK"
2026-04-21 22:52:35,576 - httpx - INFO - HTTP Request: POST http://localhost:11714/heap/mark-merged "HTTP/1.1 200 OK"
2026-04-21 22:52:35,577 - httpx - INFO - HTTP Request: POST http://localhost:30493/heap/mark-merged "HTTP/1.1 200 OK"
2026-04-21 22:52:35,577 - httpx - INFO - HTTP Request: POST http://localhost:11596/heap/mark-merged "HTTP/1.1 200 OK"
2026-04-21 22:52:35,578 - httpx - INFO - HTTP Request: POST http://localhost:30481/heap/mark-merged "HTTP/1.1 200 OK"
2026-04-21 22:52:35,578 - httpx - INFO - HTTP Request: POST http://localhost:30489/heap/mark-merged "HTTP/1.1 200 OK"
2026-04-21 22:52:35,579 - httpx - INFO - HTTP Request: POST http://localhost:11679/heap/mark-merged "HTTP/1.1 200 OK"
2026-04-21 22:52:35,579 - httpx - INFO - HTTP Request: POST http://localhost:11753/heap/mark-merged "HTTP/1.1 200 OK"
2026-04-21 22:52:35,579 - httpx - INFO - HTTP Request: POST http://localhost:11601/heap/mark-merged "HTTP/1.1 200 OK"
2026-04-21 22:52:35,580 - httpx - INFO - HTTP Request: POST http://localhost:30479/heap/mark-merged "HTTP/1.1 200 OK"
2026-04-21 22:52:35,580 - httpx - INFO - HTTP Request: POST http://localhost:11680/heap/mark-merged "HTTP/1.1 200 OK"
2026-04-21 22:52:35,581 - httpx - INFO - HTTP Request: POST http://localhost:11629/heap/mark-merged "HTTP/1.1 200 OK"
2026-04-21 22:52:35,581 - httpx - INFO - HTTP Request: POST http://localhost:11711/heap/mark-merged "HTTP/1.1 200 OK"
2026-04-21 22:52:35,582 - httpx - INFO - HTTP Request: POST http://localhost:55202/heap/mark-merged "HTTP/1.1 200 OK"
2026-04-21 22:52:35,582 - httpx - INFO - HTTP Request: POST http://localhost:11596/heap/mark-merged "HTTP/1.1 200 OK"
2026-04-21 22:52:35,582 - httpx - INFO - HTTP Request: POST http://localhost:30489/heap/mark-merged "HTTP/1.1 200 OK"
2026-04-21 22:52:35,583 - httpx - INFO - HTTP Request: POST http://localhost:30493/heap/mark-merged "HTTP/1.1 200 OK"
2026-04-21 22:52:35,583 - httpx - INFO - HTTP Request: POST http://localhost:11714/heap/mark-merged "HTTP/1.1 200 OK"
2026-04-21 22:52:35,583 - httpx - INFO - HTTP Request: POST http://localhost:11753/heap/mark-merged "HTTP/1.1 200 OK"
2026-04-21 22:52:35,584 - httpx - INFO - HTTP Request: POST http://localhost:30479/heap/mark-merged "HTTP/1.1 200 OK"
2026-04-21 22:52:35,584 - httpx - INFO - HTTP Request: POST http://localhost:11711/heap/mark-merged "HTTP/1.1 200 OK"
2026-04-21 22:52:35,584 - httpx - INFO - HTTP Request: POST http://localhost:11680/heap/mark-merged "HTTP/1.1 200 OK"
2026-04-21 22:52:35,585 - httpx - INFO - HTTP Request: POST http://localhost:30481/heap/mark-merged "HTTP/1.1 200 OK"
2026-04-21 22:52:35,585 - httpx - INFO - HTTP Request: POST http://localhost:11601/heap/mark-merged "HTTP/1.1 200 OK"
2026-04-21 22:52:35,585 - httpx - INFO - HTTP Request: POST http://localhost:11596/heap/mark-merged "HTTP/1.1 200 OK"
2026-04-21 22:52:35,586 - httpx - INFO - HTTP Request: POST http://localhost:11629/heap/mark-merged "HTTP/1.1 200 OK"
2026-04-21 22:52:35,586 - httpx - INFO - HTTP Request: POST http://localhost:55202/heap/mark-merged "HTTP/1.1 200 OK"
2026-04-21 22:52:35,586 - httpx - INFO - HTTP Request: POST http://localhost:11714/heap/mark-merged "HTTP/1.1 200 OK"
2026-04-21 22:52:35,587 - httpx - INFO - HTTP Request: POST http://localhost:30493/heap/mark-merged "HTTP/1.1 200 OK"
2026-04-21 22:52:35,587 - httpx - INFO - HTTP Request: POST http://localhost:30479/heap/mark-merged "HTTP/1.1 200 OK"
2026-04-21 22:52:35,587 - httpx - INFO - HTTP Request: POST http://localhost:11711/heap/mark-merged "HTTP/1.1 200 OK"
2026-04-21 22:52:35,588 - httpx - INFO - HTTP Request: POST http://localhost:11680/heap/mark-merged "HTTP/1.1 200 OK"
2026-04-21 22:52:35,588 - httpx - INFO - HTTP Request: POST http://localhost:11753/heap/mark-merged "HTTP/1.1 200 OK"
2026-04-21 22:52:35,589 - httpx - INFO - HTTP Request: POST http://localhost:11596/heap/mark-merged "HTTP/1.1 200 OK"
2026-04-21 22:52:35,589 - httpx - INFO - HTTP Request: POST http://localhost:11601/heap/mark-merged "HTTP/1.1 200 OK"
2026-04-21 22:52:35,589 - httpx - INFO - HTTP Request: POST http://localhost:30481/heap/mark-merged "HTTP/1.1 200 OK"
2026-04-21 22:52:35,590 - httpx - INFO - HTTP Request: POST http://localhost:11629/heap/mark-merged "HTTP/1.1 200 OK"
2026-04-21 22:52:35,737 - httpx - INFO - HTTP Request: POST http://localhost:55202/heap/mark-merged "HTTP/1.1 200 OK"
2026-04-21 22:52:35,738 - httpx - INFO - HTTP Request: POST http://localhost:11753/heap/mark-merged "HTTP/1.1 200 OK"
2026-04-21 22:52:35,738 - httpx - INFO - HTTP Request: POST http://localhost:30481/heap/mark-merged "HTTP/1.1 200 OK"
2026-04-21 22:52:35,739 - httpx - INFO - HTTP Request: POST http://localhost:11629/heap/mark-merged "HTTP/1.1 200 OK"
2026-04-21 22:52:35,740 - httpx - INFO - HTTP Request: POST http://localhost:11753/heap/mark-merged "HTTP/1.1 200 OK"
2026-04-21 22:52:35,981 - httpx - INFO - HTTP Request: POST http://localhost:11748/heap/mark-merged "HTTP/1.1 200 OK"
2026-04-21 22:52:35,982 - httpx - INFO - HTTP Request: POST http://localhost:11581/heap/mark-merged "HTTP/1.1 200 OK"
2026-04-21 22:52:35,982 - httpx - INFO - HTTP Request: POST http://localhost:30489/heap/mark-merged "HTTP/1.1 200 OK"
2026-04-21 22:52:35,983 - httpx - INFO - HTTP Request: POST http://localhost:11711/heap/mark-merged "HTTP/1.1 200 OK"
2026-04-21 22:52:35,983 - httpx - INFO - HTTP Request: POST http://localhost:30481/heap/mark-merged "HTTP/1.1 200 OK"
2026-04-21 22:52:35,984 - httpx - INFO - HTTP Request: POST http://localhost:30493/heap/mark-merged "HTTP/1.1 200 OK"
2026-04-21 22:52:35,984 - httpx - INFO - HTTP Request: POST http://localhost:11601/heap/mark-merged "HTTP/1.1 200 OK"
2026-04-21 22:52:35,985 - httpx - INFO - HTTP Request: POST http://localhost:11644/heap/mark-merged "HTTP/1.1 200 OK"
2026-04-21 22:52:35,986 - httpx - INFO - HTTP Request: POST http://localhost:11679/heap/mark-merged "HTTP/1.1 200 OK"
2026-04-21 22:52:35,986 - httpx - INFO - HTTP Request: POST http://localhost:11680/heap/mark-merged "HTTP/1.1 200 OK"
2026-04-21 22:52:35,987 - httpx - INFO - HTTP Request: POST http://localhost:11578/heap/mark-merged "HTTP/1.1 200 OK"
2026-04-21 22:52:35,987 - httpx - INFO - HTTP Request: POST http://localhost:11618/heap/mark-merged "HTTP/1.1 200 OK"
2026-04-21 22:52:35,988 - httpx - INFO - HTTP Request: POST http://localhost:11601/heap/mark-merged "HTTP/1.1 200 OK"
2026-04-21 22:52:35,988 - httpx - INFO - HTTP Request: POST http://localhost:11629/heap/mark-merged "HTTP/1.1 200 OK"
2026-04-21 22:52:35,988 - httpx - INFO - HTTP Request: POST http://localhost:11581/heap/mark-merged "HTTP/1.1 200 OK"
2026-04-21 22:52:35,989 - httpx - INFO - HTTP Request: POST http://localhost:30479/heap/mark-merged "HTTP/1.1 200 OK"
2026-04-21 22:52:35,989 - httpx - INFO - HTTP Request: POST http://localhost:30493/heap/mark-merged "HTTP/1.1 200 OK"
2026-04-21 22:52:35,990 - httpx - INFO - HTTP Request: POST http://localhost:11601/heap/mark-merged "HTTP/1.1 200 OK"
2026-04-21 22:52:35,990 - httpx - INFO - HTTP Request: POST http://localhost:55202/heap/mark-merged "HTTP/1.1 200 OK"
2026-04-21 22:52:35,991 - httpx - INFO - HTTP Request: POST http://localhost:11679/heap/mark-merged "HTTP/1.1 200 OK"
2026-04-21 22:52:35,991 - httpx - INFO - HTTP Request: POST http://localhost:11618/heap/mark-merged "HTTP/1.1 200 OK"
2026-04-21 22:52:35,992 - httpx - INFO - HTTP Request: POST http://localhost:11714/heap/mark-merged "HTTP/1.1 200 OK"
2026-04-21 22:52:35,992 - httpx - INFO - HTTP Request: POST http://localhost:11748/heap/mark-merged "HTTP/1.1 200 OK"
2026-04-21 22:52:35,992 - httpx - INFO - HTTP Request: POST http://localhost:11711/heap/mark-merged "HTTP/1.1 200 OK"
2026-04-21 22:52:35,993 - httpx - INFO - HTTP Request: POST http://localhost:11645/heap/mark-merged "HTTP/1.1 200 OK"
2026-04-21 22:52:35,993 - httpx - INFO - HTTP Request: POST http://localhost:11601/heap/mark-merged "HTTP/1.1 200 OK"
2026-04-21 22:52:35,994 - httpx - INFO - HTTP Request: POST http://localhost:11618/heap/mark-merged "HTTP/1.1 200 OK"
2026-04-21 22:52:35,994 - httpx - INFO - HTTP Request: POST http://localhost:11596/heap/mark-merged "HTTP/1.1 200 OK"
2026-04-21 22:52:35,994 - httpx - INFO - HTTP Request: POST http://localhost:11680/heap/mark-merged "HTTP/1.1 200 OK"
2026-04-21 22:52:35,995 - httpx - INFO - HTTP Request: POST http://localhost:11601/heap/mark-merged "HTTP/1.1 200 OK"
2026-04-21 22:52:35,995 - httpx - INFO - HTTP Request: POST http://localhost:55202/heap/mark-merged "HTTP/1.1 200 OK"
2026-04-21 22:52:35,996 - httpx - INFO - HTTP Request: POST http://localhost:11714/heap/mark-merged "HTTP/1.1 200 OK"
2026-04-21 22:52:35,996 - httpx - INFO - HTTP Request: POST http://localhost:11581/heap/mark-merged "HTTP/1.1 200 OK"
2026-04-21 22:52:35,997 - httpx - INFO - HTTP Request: POST http://localhost:11618/heap/mark-merged "HTTP/1.1 200 OK"
2026-04-21 22:52:35,997 - httpx - INFO - HTTP Request: POST http://localhost:11578/heap/mark-merged "HTTP/1.1 200 OK"
2026-04-21 22:52:35,998 - httpx - INFO - HTTP Request: POST http://localhost:30493/heap/mark-merged "HTTP/1.1 200 OK"
2026-04-21 22:52:35,998 - httpx - INFO - HTTP Request: POST http://localhost:30489/heap/mark-merged "HTTP/1.1 200 OK"
2026-04-21 22:52:35,998 - httpx - INFO - HTTP Request: POST http://localhost:30479/heap/mark-merged "HTTP/1.1 200 OK"
2026-04-21 22:52:35,999 - httpx - INFO - HTTP Request: POST http://localhost:11748/heap/mark-merged "HTTP/1.1 200 OK"
2026-04-21 22:52:35,999 - httpx - INFO - HTTP Request: POST http://localhost:11601/heap/mark-merged "HTTP/1.1 200 OK"
2026-04-21 22:52:36,000 - httpx - INFO - HTTP Request: POST http://localhost:11618/heap/mark-merged "HTTP/1.1 200 OK"
2026-04-21 22:52:36,000 - httpx - INFO - HTTP Request: POST http://localhost:11679/heap/mark-merged "HTTP/1.1 200 OK"
2026-04-21 22:52:36,001 - httpx - INFO - HTTP Request: POST http://localhost:11645/heap/mark-merged "HTTP/1.1 200 OK"
2026-04-21 22:52:36,002 - httpx - INFO - HTTP Request: POST http://localhost:11629/heap/mark-merged "HTTP/1.1 200 OK"
2026-04-21 22:52:36,002 - httpx - INFO - HTTP Request: POST http://localhost:11680/heap/mark-merged "HTTP/1.1 200 OK"
2026-04-21 22:52:36,002 - httpx - INFO - HTTP Request: POST http://localhost:30481/heap/mark-merged "HTTP/1.1 200 OK"
2026-04-21 22:52:36,003 - httpx - INFO - HTTP Request: POST http://localhost:55202/heap/mark-merged "HTTP/1.1 200 OK"
2026-04-21 22:52:36,003 - httpx - INFO - HTTP Request: POST http://localhost:11644/heap/mark-merged "HTTP/1.1 200 OK"
2026-04-21 22:52:36,004 - httpx - INFO - HTTP Request: POST http://localhost:11618/heap/mark-merged "HTTP/1.1 200 OK"
2026-04-21 22:52:36,004 - httpx - INFO - HTTP Request: POST http://localhost:11711/heap/mark-merged "HTTP/1.1 200 OK"
2026-04-21 22:52:36,005 - httpx - INFO - HTTP Request: POST http://localhost:30493/heap/mark-merged "HTTP/1.1 200 OK"
2026-04-21 22:52:36,005 - httpx - INFO - HTTP Request: POST http://localhost:11578/heap/mark-merged "HTTP/1.1 200 OK"
2026-04-21 22:52:36,006 - httpx - INFO - HTTP Request: POST http://localhost:11748/heap/mark-merged "HTTP/1.1 200 OK"
2026-04-21 22:52:36,006 - httpx - INFO - HTTP Request: POST http://localhost:11753/heap/mark-merged "HTTP/1.1 200 OK"
2026-04-21 22:52:36,006 - httpx - INFO - HTTP Request: POST http://localhost:11596/heap/mark-merged "HTTP/1.1 200 OK"
2026-04-21 22:52:36,007 - httpx - INFO - HTTP Request: POST http://localhost:11618/heap/mark-merged "HTTP/1.1 200 OK"
2026-04-21 22:52:36,007 - httpx - INFO - HTTP Request: POST http://localhost:30479/heap/mark-merged "HTTP/1.1 200 OK"
2026-04-21 22:52:36,008 - httpx - INFO - HTTP Request: POST http://localhost:11680/heap/mark-merged "HTTP/1.1 200 OK"
2026-04-21 22:52:36,008 - httpx - INFO - HTTP Request: POST http://localhost:30489/heap/mark-merged "HTTP/1.1 200 OK"
2026-04-21 22:52:36,008 - httpx - INFO - HTTP Request: POST http://localhost:55202/heap/mark-merged "HTTP/1.1 200 OK"
2026-04-21 22:52:36,009 - httpx - INFO - HTTP Request: POST http://localhost:11645/heap/mark-merged "HTTP/1.1 200 OK"
2026-04-21 22:52:36,009 - httpx - INFO - HTTP Request: POST http://localhost:11601/heap/mark-merged "HTTP/1.1 200 OK"
2026-04-21 22:52:36,010 - httpx - INFO - HTTP Request: POST http://localhost:11714/heap/mark-merged "HTTP/1.1 200 OK"
2026-04-21 22:52:36,010 - httpx - INFO - HTTP Request: POST http://localhost:11581/heap/mark-merged "HTTP/1.1 200 OK"
2026-04-21 22:52:36,011 - httpx - INFO - HTTP Request: POST http://localhost:11679/heap/mark-merged "HTTP/1.1 200 OK"
2026-04-21 22:52:36,011 - httpx - INFO - HTTP Request: POST http://localhost:11711/heap/mark-merged "HTTP/1.1 200 OK"
2026-04-21 22:52:36,011 - httpx - INFO - HTTP Request: POST http://localhost:11748/heap/mark-merged "HTTP/1.1 200 OK"
2026-04-21 22:52:36,012 - httpx - INFO - HTTP Request: POST http://localhost:55202/heap/mark-merged "HTTP/1.1 200 OK"
2026-04-21 22:52:36,012 - httpx - INFO - HTTP Request: POST http://localhost:11578/heap/mark-merged "HTTP/1.1 200 OK"
2026-04-21 22:52:36,013 - httpx - INFO - HTTP Request: POST http://localhost:11629/heap/mark-merged "HTTP/1.1 200 OK"
2026-04-21 22:52:36,013 - httpx - INFO - HTTP Request: POST http://localhost:30479/heap/mark-merged "HTTP/1.1 200 OK"
2026-04-21 22:52:36,014 - httpx - INFO - HTTP Request: POST http://localhost:30489/heap/mark-merged "HTTP/1.1 200 OK"
2026-04-21 22:52:36,014 - httpx - INFO - HTTP Request: POST http://localhost:11680/heap/mark-merged "HTTP/1.1 200 OK"
2026-04-21 22:52:36,015 - httpx - INFO - HTTP Request: POST http://localhost:30493/heap/mark-merged "HTTP/1.1 200 OK"
2026-04-21 22:52:36,015 - httpx - INFO - HTTP Request: POST http://localhost:11645/heap/mark-merged "HTTP/1.1 200 OK"
2026-04-21 22:52:36,015 - httpx - INFO - HTTP Request: POST http://localhost:11644/heap/mark-merged "HTTP/1.1 200 OK"
2026-04-21 22:52:36,016 - httpx - INFO - HTTP Request: POST http://localhost:11581/heap/mark-merged "HTTP/1.1 200 OK"
2026-04-21 22:52:36,016 - httpx - INFO - HTTP Request: POST http://localhost:30481/heap/mark-merged "HTTP/1.1 200 OK"
2026-04-21 22:52:36,017 - httpx - INFO - HTTP Request: POST http://localhost:11714/heap/mark-merged "HTTP/1.1 200 OK"
2026-04-21 22:52:36,017 - httpx - INFO - HTTP Request: POST http://localhost:11596/heap/mark-merged "HTTP/1.1 200 OK"
2026-04-21 22:52:36,018 - httpx - INFO - HTTP Request: POST http://localhost:11711/heap/mark-merged "HTTP/1.1 200 OK"
2026-04-21 22:52:36,018 - httpx - INFO - HTTP Request: POST http://localhost:11629/heap/mark-merged "HTTP/1.1 200 OK"
2026-04-21 22:52:36,019 - httpx - INFO - HTTP Request: POST http://localhost:11753/heap/mark-merged "HTTP/1.1 200 OK"
2026-04-21 22:52:36,019 - httpx - INFO - HTTP Request: POST http://localhost:11578/heap/mark-merged "HTTP/1.1 200 OK"
2026-04-21 22:52:36,019 - httpx - INFO - HTTP Request: POST http://localhost:11644/heap/mark-merged "HTTP/1.1 200 OK"
2026-04-21 22:52:36,020 - httpx - INFO - HTTP Request: POST http://localhost:30489/heap/mark-merged "HTTP/1.1 200 OK"
2026-04-21 22:52:36,020 - httpx - INFO - HTTP Request: POST http://localhost:11679/heap/mark-merged "HTTP/1.1 200 OK"
2026-04-21 22:52:36,021 - httpx - INFO - HTTP Request: POST http://localhost:30479/heap/mark-merged "HTTP/1.1 200 OK"
2026-04-21 22:52:36,021 - httpx - INFO - HTTP Request: POST http://localhost:11581/heap/mark-merged "HTTP/1.1 200 OK"
2026-04-21 22:52:36,022 - httpx - INFO - HTTP Request: POST http://localhost:55202/heap/mark-merged "HTTP/1.1 200 OK"
2026-04-21 22:52:36,022 - httpx - INFO - HTTP Request: POST http://localhost:11629/heap/mark-merged "HTTP/1.1 200 OK"
2026-04-21 22:52:36,023 - httpx - INFO - HTTP Request: POST http://localhost:30479/heap/mark-merged "HTTP/1.1 200 OK"
2026-04-21 22:52:36,023 - httpx - INFO - HTTP Request: POST http://localhost:11714/heap/mark-merged "HTTP/1.1 200 OK"
2026-04-21 22:52:36,024 - httpx - INFO - HTTP Request: POST http://localhost:11596/heap/mark-merged "HTTP/1.1 200 OK"
2026-04-21 22:52:36,024 - httpx - INFO - HTTP Request: POST http://localhost:11748/heap/mark-merged "HTTP/1.1 200 OK"
2026-04-21 22:52:36,025 - httpx - INFO - HTTP Request: POST http://localhost:11680/heap/mark-merged "HTTP/1.1 200 OK"
2026-04-21 22:52:36,025 - httpx - INFO - HTTP Request: POST http://localhost:11645/heap/mark-merged "HTTP/1.1 200 OK"
2026-04-21 22:52:36,026 - httpx - INFO - HTTP Request: POST http://localhost:11644/heap/mark-merged "HTTP/1.1 200 OK"
2026-04-21 22:52:36,026 - httpx - INFO - HTTP Request: POST http://localhost:30481/heap/mark-merged "HTTP/1.1 200 OK"
2026-04-21 22:52:36,026 - httpx - INFO - HTTP Request: POST http://localhost:30479/heap/mark-merged "HTTP/1.1 200 OK"
2026-04-21 22:52:36,027 - httpx - INFO - HTTP Request: POST http://localhost:55202/heap/mark-merged "HTTP/1.1 200 OK"
2026-04-21 22:52:36,027 - httpx - INFO - HTTP Request: POST http://localhost:30493/heap/mark-merged "HTTP/1.1 200 OK"
2026-04-21 22:52:36,028 - httpx - INFO - HTTP Request: POST http://localhost:11578/heap/mark-merged "HTTP/1.1 200 OK"
2026-04-21 22:52:36,028 - httpx - INFO - HTTP Request: POST http://localhost:30489/heap/mark-merged "HTTP/1.1 200 OK"
2026-04-21 22:52:36,029 - httpx - INFO - HTTP Request: POST http://localhost:11581/heap/mark-merged "HTTP/1.1 200 OK"
2026-04-21 22:52:36,029 - httpx - INFO - HTTP Request: POST http://localhost:11714/heap/mark-merged "HTTP/1.1 200 OK"
2026-04-21 22:52:36,030 - httpx - INFO - HTTP Request: POST http://localhost:11644/heap/mark-merged "HTTP/1.1 200 OK"
2026-04-21 22:52:36,030 - httpx - INFO - HTTP Request: POST http://localhost:11748/heap/mark-merged "HTTP/1.1 200 OK"
2026-04-21 22:52:36,030 - httpx - INFO - HTTP Request: POST http://localhost:11753/heap/mark-merged "HTTP/1.1 200 OK"
2026-04-21 22:52:36,031 - httpx - INFO - HTTP Request: POST http://localhost:11629/heap/mark-merged "HTTP/1.1 200 OK"
2026-04-21 22:52:36,031 - httpx - INFO - HTTP Request: POST http://localhost:11711/heap/mark-merged "HTTP/1.1 200 OK"
2026-04-21 22:52:36,032 - httpx - INFO - HTTP Request: POST http://localhost:11645/heap/mark-merged "HTTP/1.1 200 OK"
2026-04-21 22:52:36,033 - httpx - INFO - HTTP Request: POST http://localhost:11578/heap/mark-merged "HTTP/1.1 200 OK"
2026-04-21 22:52:36,033 - httpx - INFO - HTTP Request: POST http://localhost:11596/heap/mark-merged "HTTP/1.1 200 OK"
2026-04-21 22:52:36,034 - httpx - INFO - HTTP Request: POST http://localhost:11679/heap/mark-merged "HTTP/1.1 200 OK"
2026-04-21 22:52:36,034 - httpx - INFO - HTTP Request: POST http://localhost:11680/heap/mark-merged "HTTP/1.1 200 OK"
2026-04-21 22:52:36,035 - httpx - INFO - HTTP Request: POST http://localhost:30481/heap/mark-merged "HTTP/1.1 200 OK"
2026-04-21 22:52:36,035 - httpx - INFO - HTTP Request: POST http://localhost:11714/heap/mark-merged "HTTP/1.1 200 OK"
2026-04-21 22:52:36,036 - httpx - INFO - HTTP Request: POST http://localhost:30489/heap/mark-merged "HTTP/1.1 200 OK"
2026-04-21 22:52:36,036 - httpx - INFO - HTTP Request: POST http://localhost:11629/heap/mark-merged "HTTP/1.1 200 OK"
2026-04-21 22:52:36,037 - httpx - INFO - HTTP Request: POST http://localhost:30493/heap/mark-merged "HTTP/1.1 200 OK"
2026-04-21 22:52:36,037 - httpx - INFO - HTTP Request: POST http://localhost:11645/heap/mark-merged "HTTP/1.1 200 OK"
2026-04-21 22:52:36,037 - httpx - INFO - HTTP Request: POST http://localhost:11753/heap/mark-merged "HTTP/1.1 200 OK"
2026-04-21 22:52:36,038 - httpx - INFO - HTTP Request: POST http://localhost:11711/heap/mark-merged "HTTP/1.1 200 OK"
2026-04-21 22:52:36,038 - httpx - INFO - HTTP Request: POST http://localhost:11644/heap/mark-merged "HTTP/1.1 200 OK"
2026-04-21 22:52:36,039 - httpx - INFO - HTTP Request: POST http://localhost:11596/heap/mark-merged "HTTP/1.1 200 OK"
2026-04-21 22:52:36,039 - httpx - INFO - HTTP Request: POST http://localhost:11679/heap/mark-merged "HTTP/1.1 200 OK"
2026-04-21 22:52:36,040 - httpx - INFO - HTTP Request: POST http://localhost:30481/heap/mark-merged "HTTP/1.1 200 OK"
2026-04-21 22:52:36,040 - httpx - INFO - HTTP Request: POST http://localhost:11753/heap/mark-merged "HTTP/1.1 200 OK"
2026-04-21 22:52:36,041 - httpx - INFO - HTTP Request: POST http://localhost:30481/heap/mark-merged "HTTP/1.1 200 OK"
2026-04-21 22:52:36,041 - httpx - INFO - HTTP Request: POST http://localhost:11596/heap/mark-merged "HTTP/1.1 200 OK"
2026-04-21 22:52:36,042 - httpx - INFO - HTTP Request: POST http://localhost:11753/heap/mark-merged "HTTP/1.1 200 OK"
2026-04-21 22:52:36,042 - httpx - INFO - HTTP Request: POST http://localhost:11753/heap/mark-merged "HTTP/1.1 200 OK"
2026-04-21 22:52:36,066 - httpx - INFO - HTTP Request: GET http://localhost:55202/heap/unmerged "HTTP/1.1 200 OK"
2026-04-21 22:52:36,387 - httpx - INFO - HTTP Request: GET http://localhost:55201/heap/unmerged "HTTP/1.1 200 OK"
2026-04-21 22:52:36,496 - httpx - INFO - HTTP Request: GET http://localhost:30481/heap/unmerged "HTTP/1.1 200 OK"
2026-04-21 22:52:36,604 - httpx - INFO - HTTP Request: GET http://localhost:30479/heap/unmerged "HTTP/1.1 200 OK"
2026-04-21 22:52:36,715 - httpx - INFO - HTTP Request: GET http://localhost:30489/heap/unmerged "HTTP/1.1 200 OK"
2026-04-21 22:52:36,831 - httpx - INFO - HTTP Request: GET http://localhost:30493/heap/unmerged "HTTP/1.1 200 OK"
2026-04-21 22:52:36,941 - httpx - INFO - HTTP Request: GET http://localhost:11578/heap/unmerged "HTTP/1.1 200 OK"
2026-04-21 22:52:37,053 - httpx - INFO - HTTP Request: GET http://localhost:11581/heap/unmerged "HTTP/1.1 200 OK"
2026-04-21 22:52:37,159 - httpx - INFO - HTTP Request: GET http://localhost:11596/heap/unmerged "HTTP/1.1 200 OK"
2026-04-21 22:52:37,265 - httpx - INFO - HTTP Request: GET http://localhost:11601/heap/unmerged "HTTP/1.1 200 OK"
2026-04-21 22:52:37,522 - httpx - INFO - HTTP Request: GET http://localhost:11629/heap/unmerged "HTTP/1.1 200 OK"
2026-04-21 22:52:37,630 - httpx - INFO - HTTP Request: GET http://localhost:11618/heap/unmerged "HTTP/1.1 200 OK"
2026-04-21 22:52:37,748 - httpx - INFO - HTTP Request: GET http://localhost:11644/heap/unmerged "HTTP/1.1 200 OK"
2026-04-21 22:52:37,862 - httpx - INFO - HTTP Request: GET http://localhost:11645/heap/unmerged "HTTP/1.1 200 OK"
2026-04-21 22:52:37,966 - httpx - INFO - HTTP Request: GET http://localhost:11679/heap/unmerged "HTTP/1.1 200 OK"
2026-04-21 22:52:38,073 - httpx - INFO - HTTP Request: GET http://localhost:11680/heap/unmerged "HTTP/1.1 200 OK"
2026-04-21 22:52:38,172 - httpx - INFO - HTTP Request: GET http://localhost:11711/heap/unmerged "HTTP/1.1 200 OK"
2026-04-21 22:52:38,343 - httpx - INFO - HTTP Request: GET http://localhost:11714/heap/unmerged "HTTP/1.1 200 OK"
2026-04-21 22:52:38,472 - httpx - INFO - HTTP Request: GET http://localhost:11748/heap/unmerged "HTTP/1.1 200 OK"
2026-04-21 22:52:38,586 - httpx - INFO - HTTP Request: GET http://localhost:11753/heap/unmerged "HTTP/1.1 200 OK"
INFO:     Shutting down
INFO:     Waiting for application shutdown.
INFO:     Application shutdown complete.
INFO:     Finished server process [28589]
