/mnt/d/collections2026/phd_application/nanobot1/milestone2/bff/bff_service.py:712: DeprecationWarning: 
        on_event is deprecated, use lifespan event handlers instead.

        Read more about it in the
        [FastAPI docs for Lifespan Events](https://fastapi.tiangolo.com/advanced/events/).
        
  @app.on_event("startup")
INFO:     Started server process [31613]
INFO:     Waiting for application startup.
INFO:     Application startup complete.
INFO:     Uvicorn running on http://0.0.0.0:8000 (Press CTRL+C to quit)
2026-04-21 23:08:29,459 - httpx - INFO - HTTP Request: GET http://localhost:30386/health "HTTP/1.1 200 OK"
2026-04-21 23:08:29,915 - httpx - INFO - HTTP Request: GET http://localhost:30386/stats "HTTP/1.1 200 OK"
2026-04-21 23:08:29,920 - httpx - INFO - HTTP Request: GET http://localhost:30386/stats "HTTP/1.1 200 OK"
2026-04-21 23:08:29,923 - httpx - INFO - HTTP Request: GET http://localhost:30386/stats "HTTP/1.1 200 OK"
2026-04-21 23:08:29,926 - httpx - INFO - HTTP Request: GET http://localhost:30386/stats "HTTP/1.1 200 OK"
2026-04-21 23:08:30,268 - httpx - INFO - HTTP Request: POST http://localhost:30386/preset-skill-0 "HTTP/1.1 200 OK"
2026-04-21 23:08:30,286 - httpx - INFO - HTTP Request: POST http://localhost:30386/preset-skill-0 "HTTP/1.1 200 OK"
2026-04-21 23:08:33,517 - httpx - INFO - HTTP Request: GET http://localhost:44650/health "HTTP/1.1 200 OK"
2026-04-21 23:08:35,671 - httpx - INFO - HTTP Request: GET http://localhost:44651/health "HTTP/1.1 200 OK"
2026-04-21 23:08:38,647 - httpx - INFO - HTTP Request: GET http://localhost:44654/health "HTTP/1.1 200 OK"
2026-04-21 23:08:40,761 - httpx - INFO - HTTP Request: GET http://localhost:44655/health "HTTP/1.1 200 OK"
2026-04-21 23:08:43,754 - httpx - INFO - HTTP Request: GET http://localhost:44663/health "HTTP/1.1 200 OK"
2026-04-21 23:08:45,869 - httpx - INFO - HTTP Request: GET http://localhost:44666/health "HTTP/1.1 200 OK"
2026-04-21 23:08:48,892 - httpx - INFO - HTTP Request: GET http://localhost:6660/health "HTTP/1.1 200 OK"
2026-04-21 23:08:51,005 - httpx - INFO - HTTP Request: GET http://localhost:6670/health "HTTP/1.1 200 OK"
2026-04-21 23:08:54,053 - httpx - INFO - HTTP Request: GET http://localhost:6684/health "HTTP/1.1 200 OK"
2026-04-21 23:08:56,196 - httpx - INFO - HTTP Request: GET http://localhost:6693/health "HTTP/1.1 200 OK"
2026-04-21 23:09:00,040 - httpx - INFO - HTTP Request: GET http://localhost:6706/health "HTTP/1.1 200 OK"
2026-04-21 23:09:02,201 - httpx - INFO - HTTP Request: GET http://localhost:6771/health "HTTP/1.1 200 OK"
2026-04-21 23:09:05,665 - httpx - INFO - HTTP Request: GET http://localhost:6984/health "HTTP/1.1 200 OK"
2026-04-21 23:09:07,851 - httpx - INFO - HTTP Request: GET http://localhost:7039/health "HTTP/1.1 200 OK"
2026-04-21 23:09:11,665 - httpx - INFO - HTTP Request: GET http://localhost:7120/health "HTTP/1.1 200 OK"
2026-04-21 23:09:13,837 - httpx - INFO - HTTP Request: GET http://localhost:7139/health "HTTP/1.1 200 OK"
2026-04-21 23:09:17,248 - httpx - INFO - HTTP Request: GET http://localhost:7166/health "HTTP/1.1 200 OK"
2026-04-21 23:09:19,402 - httpx - INFO - HTTP Request: GET http://localhost:7190/health "HTTP/1.1 200 OK"
2026-04-21 23:09:22,829 - httpx - INFO - HTTP Request: GET http://localhost:49672/health "HTTP/1.1 200 OK"
2026-04-21 23:09:25,820 - httpx - INFO - HTTP Request: GET http://localhost:30386/task?agent_id=d8b1d4a4 "HTTP/1.1 200 OK"
2026-04-21 23:09:25,823 - httpx - INFO - HTTP Request: GET http://localhost:30386/task?agent_id=58c62304 "HTTP/1.1 200 OK"
2026-04-21 23:09:25,824 - httpx - INFO - HTTP Request: GET http://localhost:30386/task?agent_id=e9a46445 "HTTP/1.1 200 OK"
2026-04-21 23:09:25,825 - httpx - INFO - HTTP Request: GET http://localhost:30386/task?agent_id=49e48c67 "HTTP/1.1 200 OK"
2026-04-21 23:09:25,825 - httpx - INFO - HTTP Request: GET http://localhost:30386/task?agent_id=a9adac56 "HTTP/1.1 200 OK"
2026-04-21 23:09:25,826 - httpx - INFO - HTTP Request: GET http://localhost:30386/task?agent_id=a285a9f0 "HTTP/1.1 200 OK"
2026-04-21 23:09:25,826 - httpx - INFO - HTTP Request: GET http://localhost:30386/task?agent_id=3d311254 "HTTP/1.1 200 OK"
2026-04-21 23:09:25,827 - httpx - INFO - HTTP Request: GET http://localhost:30386/task?agent_id=8c7d02bb "HTTP/1.1 200 OK"
2026-04-21 23:09:25,827 - httpx - INFO - HTTP Request: GET http://localhost:30386/task?agent_id=584a0a4c "HTTP/1.1 200 OK"
2026-04-21 23:09:25,828 - httpx - INFO - HTTP Request: GET http://localhost:30386/task?agent_id=75894596 "HTTP/1.1 200 OK"
2026-04-21 23:09:25,850 - httpx - INFO - HTTP Request: GET http://localhost:7966/health "HTTP/1.1 200 OK"
2026-04-21 23:09:28,582 - httpx - INFO - HTTP Request: GET http://localhost:30386/task?agent_id=acd7917f "HTTP/1.1 200 OK"
2026-04-21 23:09:28,589 - httpx - INFO - HTTP Request: GET http://localhost:30386/task?agent_id=56c47bbf "HTTP/1.1 200 OK"
2026-04-21 23:09:28,592 - httpx - INFO - HTTP Request: GET http://localhost:30386/task?agent_id=a41df205 "HTTP/1.1 200 OK"
2026-04-21 23:09:28,601 - httpx - INFO - HTTP Request: GET http://localhost:30386/task?agent_id=6841a5b2 "HTTP/1.1 200 OK"
2026-04-21 23:09:28,603 - httpx - INFO - HTTP Request: GET http://localhost:30386/task?agent_id=56d0576b "HTTP/1.1 200 OK"
2026-04-21 23:09:28,604 - httpx - INFO - HTTP Request: GET http://localhost:30386/task?agent_id=805f706a "HTTP/1.1 200 OK"
2026-04-21 23:09:28,605 - httpx - INFO - HTTP Request: GET http://localhost:30386/task?agent_id=b999e4e9 "HTTP/1.1 200 OK"
2026-04-21 23:09:28,606 - httpx - INFO - HTTP Request: GET http://localhost:30386/task?agent_id=edfd71cd "HTTP/1.1 200 OK"
2026-04-21 23:09:28,609 - httpx - INFO - HTTP Request: GET http://localhost:30386/task?agent_id=ec055a0a "HTTP/1.1 200 OK"
2026-04-21 23:09:28,610 - httpx - INFO - HTTP Request: GET http://localhost:30386/task?agent_id=8572dff1 "HTTP/1.1 200 OK"
2026-04-21 23:10:20,755 - httpx - INFO - HTTP Request: GET http://localhost:30386/task?agent_id=3d311254 "HTTP/1.1 200 OK"
2026-04-21 23:10:22,581 - httpx - INFO - HTTP Request: GET http://localhost:30386/task?agent_id=a9adac56 "HTTP/1.1 200 OK"
2026-04-21 23:10:22,585 - httpx - INFO - HTTP Request: GET http://localhost:30386/task?agent_id=75894596 "HTTP/1.1 200 OK"
2026-04-21 23:10:22,589 - httpx - INFO - HTTP Request: GET http://localhost:30386/task?agent_id=a285a9f0 "HTTP/1.1 200 OK"
2026-04-21 23:10:22,594 - httpx - INFO - HTTP Request: GET http://localhost:30386/task?agent_id=49e48c67 "HTTP/1.1 200 OK"
[BFF] 初始化数据库...
[DB] usage 字段已存在，跳过迁移
[DB] 数据库初始化完成
[BFF] 启动时清理无效对话...
[BFF] 清理完成，剩余对话: 0
[BFF] 开始迁移对话数据，补充 Power 机制字段...
[BFF] 迁移完成，共处理 0 个对话
[BFF] 启动定时邻居发现任务
[BFF] 启动容器健康监控任务
[BFF] 邻居发现: 节点数量不足 (0)，跳过
[BFF] KM容器不存在，创建中...
[Orchestrator] PUBLIC_MEMORY_HOST_PATH from env: None
[Orchestrator] Using fallback path: /mnt/d/collections2026/phd_application/nanobot1/data/public_memory
[Orchestrator] KM容器挂载PublicMemory: /mnt/d/collections2026/phd_application/nanobot1/data/public_memory -> /app/public_memory
[Orchestrator] KM合并阈值: 20, 间隔: 120秒
[Orchestrator] KM的BFF_BASE_URL: http://host.docker.internal:8000
[Orchestrator] Container nanobot_conv_4ebd2967 is ready
[Orchestrator] Created container nanobot_conv_4ebd2967
[BFF] KM容器已创建: 4ebd2967, 端口: 30386
[KM] 预置0号Skill，转发到KM容器
[KM] 预置0号Skill，转发到KM容器
[Orchestrator] Container nanobot_conv_58c62304 is ready
[Orchestrator] Created container nanobot_conv_58c62304
[Orchestrator] Container nanobot_conv_acd7917f is ready
[Orchestrator] Created container nanobot_conv_acd7917f
[Orchestrator] Container nanobot_conv_d8b1d4a4 is ready
[Orchestrator] Created container nanobot_conv_d8b1d4a4
[Orchestrator] Container nanobot_conv_a41df205 is ready
[Orchestrator] Created container nanobot_conv_a41df205
[Orchestrator] Container nanobot_conv_a9adac56 is ready
[Orchestrator] Created container nanobot_conv_a9adac56
[Orchestrator] Container nanobot_conv_56c47bbf is ready
[Orchestrator] Created container nanobot_conv_56c47bbf
[Orchestrator] Container nanobot_conv_e9a46445 is ready
[Orchestrator] Created container nanobot_conv_e9a46445
[Orchestrator] Container nanobot_conv_805f706a is ready
[Orchestrator] Created container nanobot_conv_805f706a
[Orchestrator] Container nanobot_conv_8c7d02bb is ready
[Orchestrator] Created container nanobot_conv_8c7d02bb
[Orchestrator] Container nanobot_conv_56d0576b is ready
[Orchestrator] Created container nanobot_conv_56d0576b
[Orchestrator] Container nanobot_conv_3d311254 is ready
[Orchestrator] Created container nanobot_conv_3d311254
[Orchestrator] Container nanobot_conv_b999e4e9 is ready
[Orchestrator] Created container nanobot_conv_b999e4e9
[Orchestrator] Container nanobot_conv_a285a9f0 is ready
[Orchestrator] Created container nanobot_conv_a285a9f0
[Orchestrator] Container nanobot_conv_6841a5b2 is ready
[Orchestrator] Created container nanobot_conv_6841a5b2
[Orchestrator] Container nanobot_conv_49e48c67 is ready
[Orchestrator] Created container nanobot_conv_49e48c67
[Orchestrator] Container nanobot_conv_edfd71cd is ready
[Orchestrator] Created container nanobot_conv_edfd71cd
[Orchestrator] Container nanobot_conv_584a0a4c is ready
[Orchestrator] Created container nanobot_conv_584a0a4c
[Orchestrator] Container nanobot_conv_ec055a0a is ready
[Orchestrator] Created container nanobot_conv_ec055a0a
[BFF] 邻居发现: 所有父子关系已建立
[Orchestrator] Container nanobot_conv_75894596 is ready
[Orchestrator] Created container nanobot_conv_75894596
[Orchestrator] Container nanobot_conv_8572dff1 is ready
[Orchestrator] Created container nanobot_conv_8572dff1
[BFF] 读取PublicMemory (物理路径): /mnt/d/collections2026/phd_application/nanobot1/milestone2/data/public_memory/public_memory.jsonl, top_k=2
[BFF] 读取PublicMemory完成: 0 条记录
[BFF] 读取PublicMemory (物理路径): /mnt/d/collections2026/phd_application/nanobot1/milestone2/data/public_memory/public_memory.jsonl, top_k=2
[BFF] 读取PublicMemory完成: 0 条记录
[BFF] 读取PublicMemory (物理路径): /mnt/d/collections2026/phd_application/nanobot1/milestone2/data/public_memory/public_memory.jsonl, top_k=2
[BFF] 读取PublicMemory完成: 0 条记录
[BFF] 读取PublicMemory (物理路径): /mnt/d/collections2026/phd_application/nanobot1/milestone2/data/public_memory/public_memory.jsonl, top_k=2
[BFF] 读取PublicMemory完成: 0 条记录
[BFF] 读取PublicMemory (物理路径): /mnt/d/collections2026/phd_application/nanobot1/milestone2/data/public_memory/public_memory.jsonl, top_k=2
[BFF] 读取PublicMemory完成: 0 条记录
[BFF] 读取PublicMemory (物理路径): /mnt/d/collections2026/phd_application/nanobot1/milestone2/data/public_memory/public_memory.jsonl, top_k=2
[BFF] 读取PublicMemory完成: 0 条记录
[BFF] 读取PublicMemory (物理路径): /mnt/d/collections2026/phd_application/nanobot1/milestone2/data/public_memory/public_memory.jsonl, top_k=2
[BFF] 读取PublicMemory完成: 0 条记录
[BFF] 读取PublicMemory (物理路径): /mnt/d/collections2026/phd_application/nanobot1/milestone2/data/public_memory/public_memory.jsonl, top_k=2
[BFF] 读取PublicMemory完成: 0 条记录
[BFF] 读取PublicMemory (物理路径): /mnt/d/collections2026/phd_application/nanobot1/milestone2/data/public_memory/public_memory.jsonl, top_k=2
[BFF] 读取PublicMemory完成: 0 条记录
[BFF] 读取PublicMemory (物理路径): /mnt/d/collections2026/phd_application/nanobot1/milestone2/data/public_memory/public_memory.jsonl, top_k=2
[BFF] 读取PublicMemory完成: 0 条记录
[BFF] 读取PublicMemory (物理路径): /mnt/d/collections2026/phd_application/nanobot1/milestone2/data/public_memory/public_memory.jsonl, top_k=2
[BFF] 读取PublicMemory完成: 0 条记录
[BFF] 读取PublicMemory (物理路径): /mnt/d/collections2026/phd_application/nanobot1/milestone2/data/public_memory/public_memory.jsonl, top_k=2
[BFF] 读取PublicMemory完成: 0 条记录
[BFF] 读取PublicMemory (物理路径): /mnt/d/collections2026/phd_application/nanobot1/milestone2/data/public_memory/public_memory.jsonl, top_k=2
[BFF] 读取PublicMemory完成: 0 条记录
[BFF] 读取PublicMemory (物理路径): /mnt/d/collections2026/phd_application/nanobot1/milestone2/data/public_memory/public_memory.jsonl, top_k=2
[BFF] 读取PublicMemory完成: 0 条记录
[BFF] 读取PublicMemory (物理路径): /mnt/d/collections2026/phd_application/nanobot1/milestone2/data/public_memory/public_memory.jsonl, top_k=2
[BFF] 读取PublicMemory完成: 0 条记录
[BFF] 读取PublicMemory (物理路径): /mnt/d/collections2026/phd_application/nanobot1/milestone2/data/public_memory/public_memory.jsonl, top_k=2
[BFF] 读取PublicMemory完成: 0 条记录
[BFF] 读取PublicMemory (物理路径): /mnt/d/collections2026/phd_application/nanobot1/milestone2/data/public_memory/public_memory.jsonl, top_k=2
[BFF] 读取PublicMemory完成: 0 条记录
[BFF] 读取PublicMemory (物理路径): /mnt/d/collections2026/phd_application/nanobot1/milestone2/data/public_memory/public_memory.jsonl, top_k=2
[BFF] 读取PublicMemory完成: 0 条记录
[BFF] 读取PublicMemory (物理路径): /mnt/d/collections2026/phd_application/nanobot1/milestone2/data/public_memory/public_memory.jsonl, top_k=2
[BFF] 读取PublicMemory完成: 0 条记录
[BFF] 读取PublicMemory (物理路径): /mnt/d/collections2026/phd_application/nanobot1/milestone2/data/public_memory/public_memory.jsonl, top_k=2
[BFF] 读取PublicMemory完成: 0 条记录
[BFF] 邻居发现: 所有父子关系已建立
[BFF] 读取PublicMemory (物理路径): /mnt/d/collections2026/phd_application/nanobot1/milestone2/data/public_memory/public_memory.jsonl, top_k=2
[BFF] 读取PublicMemory完成: 0 条记录
[BFF] 读取PublicMemory (物理路径): /mnt/d/collections2026/phd_application/nanobot1/milestone2/data/public_memory/public_memory.jsonl, top_k=2
[BFF] 读取PublicMemory完成: 0 条记录
[BFF] 读取PublicMemory (物理路径): /mnt/d/collections2026/phd_application/nanobot1/milestone2/data/public_memory/public_memory.jsonl, top_k=2
[BFF] 读取PublicMemory完成: 0 条记录
[BFF] 读取PublicMemory (物理路径): /mnt/d/collections2026/phd_application/nanobot1/milestone2/data/public_memory/public_memory.jsonl, top_k=2
[BFF] 读取PublicMemory完成: 0 条记录
[BFF] 读取PublicMemory (物理路径): /mnt/d/collections2026/phd_application/nanobot1/milestone2/data/public_memory/public_memory.jsonl, top_k=2
2026-04-21 23:10:24,025 - httpx - INFO - HTTP Request: GET http://localhost:30386/task?agent_id=584a0a4c "HTTP/1.1 200 OK"
2026-04-21 23:10:24,030 - httpx - INFO - HTTP Request: GET http://localhost:30386/task?agent_id=8c7d02bb "HTTP/1.1 200 OK"
2026-04-21 23:10:24,035 - httpx - INFO - HTTP Request: GET http://localhost:30386/task?agent_id=d8b1d4a4 "HTTP/1.1 200 OK"
2026-04-21 23:10:24,043 - httpx - INFO - HTTP Request: GET http://localhost:30386/task?agent_id=e9a46445 "HTTP/1.1 200 OK"
2026-04-21 23:10:24,048 - httpx - INFO - HTTP Request: GET http://localhost:30386/task?agent_id=58c62304 "HTTP/1.1 200 OK"
2026-04-21 23:10:25,286 - httpx - INFO - HTTP Request: GET http://localhost:30386/task?agent_id=3d311254 "HTTP/1.1 200 OK"
2026-04-21 23:10:26,014 - httpx - INFO - HTTP Request: GET http://localhost:30386/task?agent_id=edfd71cd "HTTP/1.1 200 OK"
2026-04-21 23:10:26,861 - httpx - INFO - HTTP Request: GET http://localhost:30386/task?agent_id=75894596 "HTTP/1.1 200 OK"
2026-04-21 23:10:26,862 - httpx - INFO - HTTP Request: GET http://localhost:30386/task?agent_id=a9adac56 "HTTP/1.1 200 OK"
2026-04-21 23:10:26,863 - httpx - INFO - HTTP Request: GET http://localhost:30386/task?agent_id=49e48c67 "HTTP/1.1 200 OK"
2026-04-21 23:10:26,869 - httpx - INFO - HTTP Request: GET http://localhost:30386/task?agent_id=a285a9f0 "HTTP/1.1 200 OK"
2026-04-21 23:10:29,573 - httpx - INFO - HTTP Request: GET http://localhost:30386/task?agent_id=ec055a0a "HTTP/1.1 200 OK"
2026-04-21 23:10:29,574 - httpx - INFO - HTTP Request: GET http://localhost:30386/task?agent_id=56d0576b "HTTP/1.1 200 OK"
2026-04-21 23:10:29,589 - httpx - INFO - HTTP Request: GET http://localhost:30386/task?agent_id=8572dff1 "HTTP/1.1 200 OK"
2026-04-21 23:10:29,589 - httpx - INFO - HTTP Request: GET http://localhost:30386/task?agent_id=6841a5b2 "HTTP/1.1 200 OK"
2026-04-21 23:10:29,590 - httpx - INFO - HTTP Request: GET http://localhost:30386/task?agent_id=acd7917f "HTTP/1.1 200 OK"
2026-04-21 23:10:29,591 - httpx - INFO - HTTP Request: GET http://localhost:30386/task?agent_id=56c47bbf "HTTP/1.1 200 OK"
2026-04-21 23:10:29,592 - httpx - INFO - HTTP Request: GET http://localhost:30386/task?agent_id=a41df205 "HTTP/1.1 200 OK"
2026-04-21 23:10:29,593 - httpx - INFO - HTTP Request: GET http://localhost:30386/task?agent_id=805f706a "HTTP/1.1 200 OK"
2026-04-21 23:10:29,594 - httpx - INFO - HTTP Request: GET http://localhost:30386/task?agent_id=b999e4e9 "HTTP/1.1 200 OK"
2026-04-21 23:10:29,607 - httpx - INFO - HTTP Request: GET http://localhost:30386/task?agent_id=e9a46445 "HTTP/1.1 200 OK"
2026-04-21 23:10:29,608 - httpx - INFO - HTTP Request: GET http://localhost:30386/task?agent_id=d8b1d4a4 "HTTP/1.1 200 OK"
2026-04-21 23:10:29,608 - httpx - INFO - HTTP Request: GET http://localhost:30386/task?agent_id=584a0a4c "HTTP/1.1 200 OK"
2026-04-21 23:10:29,610 - httpx - INFO - HTTP Request: GET http://localhost:30386/task?agent_id=3d311254 "HTTP/1.1 200 OK"
2026-04-21 23:10:29,612 - httpx - INFO - HTTP Request: GET http://localhost:30386/task?agent_id=edfd71cd "HTTP/1.1 200 OK"
2026-04-21 23:10:29,612 - httpx - INFO - HTTP Request: GET http://localhost:30386/task?agent_id=8c7d02bb "HTTP/1.1 200 OK"
2026-04-21 23:10:29,627 - httpx - INFO - HTTP Request: GET http://localhost:30386/task?agent_id=58c62304 "HTTP/1.1 200 OK"
2026-04-21 23:10:30,037 - httpx - INFO - HTTP Request: GET http://localhost:44650/heap/unmerged "HTTP/1.1 200 OK"
2026-04-21 23:10:30,193 - httpx - INFO - HTTP Request: GET http://localhost:44651/heap/unmerged "HTTP/1.1 200 OK"
2026-04-21 23:10:30,295 - httpx - INFO - HTTP Request: GET http://localhost:44654/heap/unmerged "HTTP/1.1 200 OK"
2026-04-21 23:10:30,485 - httpx - INFO - HTTP Request: GET http://localhost:44655/heap/unmerged "HTTP/1.1 200 OK"
2026-04-21 23:10:30,597 - httpx - INFO - HTTP Request: GET http://localhost:44663/heap/unmerged "HTTP/1.1 200 OK"
2026-04-21 23:10:31,333 - httpx - INFO - HTTP Request: GET http://localhost:44666/heap/unmerged "HTTP/1.1 200 OK"
2026-04-21 23:10:31,435 - httpx - INFO - HTTP Request: GET http://localhost:30386/task?agent_id=a9adac56 "HTTP/1.1 200 OK"
2026-04-21 23:10:31,436 - httpx - INFO - HTTP Request: GET http://localhost:30386/task?agent_id=75894596 "HTTP/1.1 200 OK"
2026-04-21 23:10:31,437 - httpx - INFO - HTTP Request: GET http://localhost:30386/task?agent_id=a285a9f0 "HTTP/1.1 200 OK"
2026-04-21 23:10:31,438 - httpx - INFO - HTTP Request: GET http://localhost:30386/task?agent_id=49e48c67 "HTTP/1.1 200 OK"
2026-04-21 23:10:31,447 - httpx - INFO - HTTP Request: GET http://localhost:6660/heap/unmerged "HTTP/1.1 200 OK"
2026-04-21 23:10:31,544 - httpx - INFO - HTTP Request: GET http://localhost:6670/heap/unmerged "HTTP/1.1 200 OK"
2026-04-21 23:10:31,639 - httpx - INFO - HTTP Request: GET http://localhost:6684/heap/unmerged "HTTP/1.1 200 OK"
2026-04-21 23:10:31,733 - httpx - INFO - HTTP Request: GET http://localhost:6693/heap/unmerged "HTTP/1.1 200 OK"
2026-04-21 23:10:31,984 - httpx - INFO - HTTP Request: GET http://localhost:6706/heap/unmerged "HTTP/1.1 200 OK"
2026-04-21 23:10:32,146 - httpx - INFO - HTTP Request: GET http://localhost:6771/heap/unmerged "HTTP/1.1 200 OK"
2026-04-21 23:10:32,248 - httpx - INFO - HTTP Request: GET http://localhost:6984/heap/unmerged "HTTP/1.1 200 OK"
2026-04-21 23:10:32,346 - httpx - INFO - HTTP Request: GET http://localhost:7039/heap/unmerged "HTTP/1.1 200 OK"
2026-04-21 23:10:32,440 - httpx - INFO - HTTP Request: GET http://localhost:7120/heap/unmerged "HTTP/1.1 200 OK"
2026-04-21 23:10:32,543 - httpx - INFO - HTTP Request: GET http://localhost:7139/heap/unmerged "HTTP/1.1 200 OK"
2026-04-21 23:10:32,771 - httpx - INFO - HTTP Request: GET http://localhost:7166/heap/unmerged "HTTP/1.1 200 OK"
2026-04-21 23:10:32,863 - httpx - INFO - HTTP Request: GET http://localhost:30386/task?agent_id=edfd71cd "HTTP/1.1 200 OK"
2026-04-21 23:10:32,873 - httpx - INFO - HTTP Request: GET http://localhost:7190/heap/unmerged "HTTP/1.1 200 OK"
2026-04-21 23:10:32,987 - httpx - INFO - HTTP Request: GET http://localhost:49672/heap/unmerged "HTTP/1.1 200 OK"
2026-04-21 23:10:33,085 - httpx - INFO - HTTP Request: GET http://localhost:7966/heap/unmerged "HTTP/1.1 200 OK"
2026-04-21 23:10:34,011 - httpx - INFO - HTTP Request: GET http://localhost:30386/task?agent_id=ec055a0a "HTTP/1.1 200 OK"
2026-04-21 23:10:34,014 - httpx - INFO - HTTP Request: GET http://localhost:30386/task?agent_id=6841a5b2 "HTTP/1.1 200 OK"
2026-04-21 23:10:34,015 - httpx - INFO - HTTP Request: GET http://localhost:30386/task?agent_id=8c7d02bb "HTTP/1.1 200 OK"
2026-04-21 23:10:34,016 - httpx - INFO - HTTP Request: GET http://localhost:30386/task?agent_id=8572dff1 "HTTP/1.1 200 OK"
2026-04-21 23:10:34,909 - httpx - INFO - HTTP Request: GET http://localhost:30386/task?agent_id=a41df205 "HTTP/1.1 200 OK"
2026-04-21 23:10:35,682 - httpx - INFO - HTTP Request: GET http://localhost:30386/task?agent_id=acd7917f "HTTP/1.1 200 OK"
2026-04-21 23:10:36,082 - httpx - INFO - HTTP Request: GET http://localhost:30386/task?agent_id=d8b1d4a4 "HTTP/1.1 200 OK"
2026-04-21 23:10:36,089 - httpx - INFO - HTTP Request: GET http://localhost:30386/task?agent_id=58c62304 "HTTP/1.1 200 OK"
2026-04-21 23:10:36,090 - httpx - INFO - HTTP Request: GET http://localhost:30386/task?agent_id=3d311254 "HTTP/1.1 200 OK"
2026-04-21 23:10:36,091 - httpx - INFO - HTTP Request: GET http://localhost:30386/task?agent_id=e9a46445 "HTTP/1.1 200 OK"
2026-04-21 23:10:36,102 - httpx - INFO - HTTP Request: GET http://localhost:30386/task?agent_id=49e48c67 "HTTP/1.1 200 OK"
2026-04-21 23:10:36,103 - httpx - INFO - HTTP Request: GET http://localhost:30386/task?agent_id=75894596 "HTTP/1.1 200 OK"
2026-04-21 23:10:36,104 - httpx - INFO - HTTP Request: GET http://localhost:30386/task?agent_id=584a0a4c "HTTP/1.1 200 OK"
2026-04-21 23:10:36,104 - httpx - INFO - HTTP Request: GET http://localhost:30386/task?agent_id=a9adac56 "HTTP/1.1 200 OK"
2026-04-21 23:10:36,105 - httpx - INFO - HTTP Request: GET http://localhost:30386/task?agent_id=a285a9f0 "HTTP/1.1 200 OK"
2026-04-21 23:10:36,185 - httpx - INFO - HTTP Request: GET http://localhost:30386/task?agent_id=b999e4e9 "HTTP/1.1 200 OK"
2026-04-21 23:10:36,191 - httpx - INFO - HTTP Request: GET http://localhost:30386/task?agent_id=805f706a "HTTP/1.1 200 OK"
2026-04-21 23:10:36,192 - httpx - INFO - HTTP Request: GET http://localhost:30386/task?agent_id=56c47bbf "HTTP/1.1 200 OK"
2026-04-21 23:10:36,192 - httpx - INFO - HTTP Request: GET http://localhost:30386/task?agent_id=56d0576b "HTTP/1.1 200 OK"
2026-04-21 23:10:36,193 - httpx - INFO - HTTP Request: GET http://localhost:30386/task?agent_id=edfd71cd "HTTP/1.1 200 OK"
2026-04-21 23:10:36,200 - httpx - INFO - HTTP Request: GET http://localhost:30386/task?agent_id=8c7d02bb "HTTP/1.1 200 OK"
[BFF] 读取PublicMemory完成: 0 条记录
[BFF] 读取PublicMemory (物理路径): /mnt/d/collections2026/phd_application/nanobot1/milestone2/data/public_memory/public_memory.jsonl, top_k=2
[BFF] 读取PublicMemory完成: 0 条记录
[BFF] 读取PublicMemory (物理路径): /mnt/d/collections2026/phd_application/nanobot1/milestone2/data/public_memory/public_memory.jsonl, top_k=2
[BFF] 读取PublicMemory完成: 0 条记录
[BFF] 读取PublicMemory (物理路径): /mnt/d/collections2026/phd_application/nanobot1/milestone2/data/public_memory/public_memory.jsonl, top_k=2
[BFF] 读取PublicMemory完成: 0 条记录
[BFF] 读取PublicMemory (物理路径): /mnt/d/collections2026/phd_application/nanobot1/milestone2/data/public_memory/public_memory.jsonl, top_k=2
[BFF] 读取PublicMemory完成: 0 条记录
[BFF] 读取PublicMemory (物理路径): /mnt/d/collections2026/phd_application/nanobot1/milestone2/data/public_memory/public_memory.jsonl, top_k=2
[BFF] 读取PublicMemory完成: 0 条记录
[BFF] 读取PublicMemory (物理路径): /mnt/d/collections2026/phd_application/nanobot1/milestone2/data/public_memory/public_memory.jsonl, top_k=2
[BFF] 读取PublicMemory完成: 0 条记录
[BFF] 读取PublicMemory (物理路径): /mnt/d/collections2026/phd_application/nanobot1/milestone2/data/public_memory/public_memory.jsonl, top_k=2
[BFF] 读取PublicMemory完成: 0 条记录
[BFF] 读取PublicMemory (物理路径): /mnt/d/collections2026/phd_application/nanobot1/milestone2/data/public_memory/public_memory.jsonl, top_k=2
[BFF] 读取PublicMemory完成: 0 条记录
[BFF] 读取PublicMemory (物理路径): /mnt/d/collections2026/phd_application/nanobot1/milestone2/data/public_memory/public_memory.jsonl, top_k=2
[BFF] 读取PublicMemory完成: 0 条记录
[BFF] 读取PublicMemory (物理路径): /mnt/d/collections2026/phd_application/nanobot1/milestone2/data/public_memory/public_memory.jsonl, top_k=2
[BFF] 读取PublicMemory完成: 0 条记录
[BFF] 读取PublicMemory (物理路径): /mnt/d/collections2026/phd_application/nanobot1/milestone2/data/public_memory/public_memory.jsonl, top_k=2
[BFF] 读取PublicMemory完成: 0 条记录
[BFF] 获取Agent 58c62304 堆段: 0 条
[BFF] 获取Agent acd7917f 堆段: 0 条
[BFF] 获取Agent d8b1d4a4 堆段: 0 条
[BFF] 获取Agent a41df205 堆段: 0 条
[BFF] 获取Agent a9adac56 堆段: 0 条
[BFF] 读取PublicMemory (物理路径): /mnt/d/collections2026/phd_application/nanobot1/milestone2/data/public_memory/public_memory.jsonl, top_k=2
[BFF] 读取PublicMemory完成: 0 条记录
[BFF] 读取PublicMemory (物理路径): /mnt/d/collections2026/phd_application/nanobot1/milestone2/data/public_memory/public_memory.jsonl, top_k=2
[BFF] 读取PublicMemory完成: 0 条记录
[BFF] 读取PublicMemory (物理路径): /mnt/d/collections2026/phd_application/nanobot1/milestone2/data/public_memory/public_memory.jsonl, top_k=2
[BFF] 读取PublicMemory完成: 0 条记录
[BFF] 读取PublicMemory (物理路径): /mnt/d/collections2026/phd_application/nanobot1/milestone2/data/public_memory/public_memory.jsonl, top_k=2
[BFF] 读取PublicMemory完成: 0 条记录
[BFF] 读取PublicMemory (物理路径): /mnt/d/collections2026/phd_application/nanobot1/milestone2/data/public_memory/public_memory.jsonl, top_k=2
[BFF] 读取PublicMemory完成: 0 条记录
[BFF] 读取PublicMemory (物理路径): /mnt/d/collections2026/phd_application/nanobot1/milestone2/data/public_memory/public_memory.jsonl, top_k=2
[BFF] 读取PublicMemory完成: 0 条记录
[BFF] 读取PublicMemory (物理路径): /mnt/d/collections2026/phd_application/nanobot1/milestone2/data/public_memory/public_memory.jsonl, top_k=2
[BFF] 读取PublicMemory完成: 0 条记录
[BFF] 读取PublicMemory (物理路径): /mnt/d/collections2026/phd_application/nanobot1/milestone2/data/public_memory/public_memory.jsonl, top_k=2
[BFF] 读取PublicMemory完成: 0 条记录
[BFF] 读取PublicMemory (物理路径): /mnt/d/collections2026/phd_application/nanobot1/milestone2/data/public_memory/public_memory.jsonl, top_k=2
[BFF] 读取PublicMemory完成: 0 条记录
[BFF] 读取PublicMemory (物理路径): /mnt/d/collections2026/phd_application/nanobot1/milestone2/data/public_memory/public_memory.jsonl, top_k=2
[BFF] 读取PublicMemory完成: 0 条记录
[BFF] 读取PublicMemory (物理路径): /mnt/d/collections2026/phd_application/nanobot1/milestone2/data/public_memory/public_memory.jsonl, top_k=2
[BFF] 读取PublicMemory完成: 0 条记录
[BFF] 读取PublicMemory (物理路径): /mnt/d/collections2026/phd_application/nanobot1/milestone2/data/public_memory/public_memory.jsonl, top_k=2
[BFF] 读取PublicMemory完成: 0 条记录
[BFF] 读取PublicMemory (物理路径): /mnt/d/collections2026/phd_application/nanobot1/milestone2/data/public_memory/public_memory.jsonl, top_k=2
[BFF] 读取PublicMemory完成: 0 条记录
[BFF] 读取PublicMemory (物理路径): /mnt/d/collections2026/phd_application/nanobot1/milestone2/data/public_memory/public_memory.jsonl, top_k=2
[BFF] 读取PublicMemory完成: 0 条记录
[BFF] 读取PublicMemory (物理路径): /mnt/d/collections2026/phd_application/nanobot1/milestone2/data/public_memory/public_memory.jsonl, top_k=2
[BFF] 读取PublicMemory完成: 0 条记录
[BFF] 读取PublicMemory (物理路径): /mnt/d/collections2026/phd_application/nanobot1/milestone2/data/public_memory/public_memory.jsonl, top_k=2
[BFF] 读取PublicMemory完成: 0 条记录
[BFF] 获取Agent 56c47bbf 堆段: 0 条
[BFF] 获取Agent e9a46445 堆段: 0 条
[BFF] 获取Agent 805f706a 堆段: 0 条
[BFF] 获取Agent 8c7d02bb 堆段: 0 条
[BFF] 获取Agent 56d0576b 堆段: 0 条
[BFF] 获取Agent 3d311254 堆段: 0 条
[BFF] 读取PublicMemory (物理路径): /mnt/d/collections2026/phd_application/nanobot1/milestone2/data/public_memory/public_memory.jsonl, top_k=2
[BFF] 读取PublicMemory完成: 0 条记录
[BFF] 读取PublicMemory (物理路径): /mnt/d/collections2026/phd_application/nanobot1/milestone2/data/public_memory/public_memory.jsonl, top_k=2
[BFF] 读取PublicMemory完成: 0 条记录
[BFF] 读取PublicMemory (物理路径): /mnt/d/collections2026/phd_application/nanobot1/milestone2/data/public_memory/public_memory.jsonl, top_k=2
[BFF] 读取PublicMemory完成: 0 条记录
[BFF] 读取PublicMemory (物理路径): /mnt/d/collections2026/phd_application/nanobot1/milestone2/data/public_memory/public_memory.jsonl, top_k=2
[BFF] 读取PublicMemory完成: 0 条记录
[BFF] 获取Agent b999e4e9 堆段: 0 条
[BFF] 获取Agent a285a9f0 堆段: 0 条
[BFF] 获取Agent 6841a5b2 堆段: 0 条
[BFF] 获取Agent 49e48c67 堆段: 0 条
[BFF] 获取Agent edfd71cd 堆段: 0 条
[BFF] 获取Agent 584a0a4c 堆段: 0 条
[BFF] 获取Agent ec055a0a 堆段: 0 条
[BFF] 获取Agent 75894596 堆段: 0 条
[BFF] 获取Agent 8572dff1 堆段: 0 条
[BFF] all-unmerged 获取完成: 0 条
[BFF] 读取PublicMemory (物理路径): /mnt/d/collections2026/phd_application/nanobot1/milestone2/data/public_memory/public_memory.jsonl, top_k=2
[BFF] 读取PublicMemory完成: 0 条记录
[BFF] 读取PublicMemory (物理路径): /mnt/d/collections2026/phd_application/nanobot1/milestone2/data/public_memory/public_memory.jsonl, top_k=2
[BFF] 读取PublicMemory完成: 0 条记录
[BFF] 读取PublicMemory (物理路径): /mnt/d/collections2026/phd_application/nanobot1/milestone2/data/public_memory/public_memory.jsonl, top_k=2
[BFF] 读取PublicMemory完成: 0 条记录
[BFF] 读取PublicMemory (物理路径): /mnt/d/collections2026/phd_application/nanobot1/milestone2/data/public_memory/public_memory.jsonl, top_k=2
[BFF] 读取PublicMemory完成: 0 条记录
[BFF] 读取PublicMemory (物理路径): /mnt/d/collections2026/phd_application/nanobot1/milestone2/data/public_memory/public_memory.jsonl, top_k=2
[BFF] 读取PublicMemory完成: 0 条记录
[BFF] 读取PublicMemory (物理路径): /mnt/d/collections2026/phd_application/nanobot1/milestone2/data/public_memory/public_memory.jsonl, top_k=2
[BFF] 读取PublicMemory完成: 0 条记录
[BFF] 读取PublicMemory (物理路径): /mnt/d/collections2026/phd_application/nanobot1/milestone2/data/public_memory/public_memory.jsonl, top_k=2
2026-04-21 23:10:38,661 - httpx - INFO - HTTP Request: GET http://localhost:30386/task?agent_id=8572dff1 "HTTP/1.1 200 OK"
2026-04-21 23:10:38,664 - httpx - INFO - HTTP Request: GET http://localhost:30386/task?agent_id=6841a5b2 "HTTP/1.1 200 OK"
2026-04-21 23:10:38,668 - httpx - INFO - HTTP Request: GET http://localhost:30386/task?agent_id=ec055a0a "HTTP/1.1 200 OK"
2026-04-21 23:10:39,399 - httpx - INFO - HTTP Request: GET http://localhost:30386/task?agent_id=8c7d02bb "HTTP/1.1 200 OK"
2026-04-21 23:10:42,558 - httpx - INFO - HTTP Request: GET http://localhost:30386/task?agent_id=56d0576b "HTTP/1.1 200 OK"
2026-04-21 23:10:42,675 - httpx - INFO - HTTP Request: GET http://localhost:30386/task?agent_id=a41df205 "HTTP/1.1 200 OK"
2026-04-21 23:10:42,678 - httpx - INFO - HTTP Request: GET http://localhost:30386/task?agent_id=edfd71cd "HTTP/1.1 200 OK"
2026-04-21 23:10:42,679 - httpx - INFO - HTTP Request: GET http://localhost:30386/task?agent_id=acd7917f "HTTP/1.1 200 OK"
2026-04-21 23:10:42,679 - httpx - INFO - HTTP Request: GET http://localhost:30386/task?agent_id=805f706a "HTTP/1.1 200 OK"
2026-04-21 23:10:42,680 - httpx - INFO - HTTP Request: GET http://localhost:30386/task?agent_id=56c47bbf "HTTP/1.1 200 OK"
2026-04-21 23:10:42,772 - httpx - INFO - HTTP Request: GET http://localhost:30386/task?agent_id=b999e4e9 "HTTP/1.1 200 OK"
2026-04-21 23:10:42,789 - httpx - INFO - HTTP Request: GET http://localhost:30386/task?agent_id=75894596 "HTTP/1.1 200 OK"
2026-04-21 23:10:42,790 - httpx - INFO - HTTP Request: GET http://localhost:30386/task?agent_id=49e48c67 "HTTP/1.1 200 OK"
2026-04-21 23:10:42,791 - httpx - INFO - HTTP Request: GET http://localhost:30386/task?agent_id=e9a46445 "HTTP/1.1 200 OK"
2026-04-21 23:10:42,803 - httpx - INFO - HTTP Request: GET http://localhost:30386/task?agent_id=d8b1d4a4 "HTTP/1.1 200 OK"
2026-04-21 23:10:42,803 - httpx - INFO - HTTP Request: GET http://localhost:30386/task?agent_id=584a0a4c "HTTP/1.1 200 OK"
2026-04-21 23:10:42,804 - httpx - INFO - HTTP Request: GET http://localhost:30386/task?agent_id=a285a9f0 "HTTP/1.1 200 OK"
2026-04-21 23:10:42,804 - httpx - INFO - HTTP Request: GET http://localhost:30386/task?agent_id=58c62304 "HTTP/1.1 200 OK"
2026-04-21 23:10:42,805 - httpx - INFO - HTTP Request: GET http://localhost:30386/task?agent_id=a9adac56 "HTTP/1.1 200 OK"
2026-04-21 23:10:42,805 - httpx - INFO - HTTP Request: GET http://localhost:30386/task?agent_id=3d311254 "HTTP/1.1 200 OK"
2026-04-21 23:10:42,815 - httpx - INFO - HTTP Request: GET http://localhost:30386/task?agent_id=8572dff1 "HTTP/1.1 200 OK"
2026-04-21 23:10:42,816 - httpx - INFO - HTTP Request: GET http://localhost:30386/task?agent_id=ec055a0a "HTTP/1.1 200 OK"
2026-04-21 23:10:42,817 - httpx - INFO - HTTP Request: GET http://localhost:30386/task?agent_id=6841a5b2 "HTTP/1.1 200 OK"
2026-04-21 23:10:42,819 - httpx - INFO - HTTP Request: GET http://localhost:30386/task?agent_id=8c7d02bb "HTTP/1.1 200 OK"
2026-04-21 23:10:46,291 - httpx - INFO - HTTP Request: GET http://localhost:30386/task?agent_id=3d311254 "HTTP/1.1 200 OK"
2026-04-21 23:10:47,975 - httpx - INFO - HTTP Request: GET http://localhost:30386/task?agent_id=a9adac56 "HTTP/1.1 200 OK"
2026-04-21 23:10:48,583 - httpx - INFO - HTTP Request: GET http://localhost:30386/task?agent_id=8c7d02bb "HTTP/1.1 200 OK"
2026-04-21 23:10:48,811 - httpx - INFO - HTTP Request: GET http://localhost:30386/task?agent_id=75894596 "HTTP/1.1 200 OK"
2026-04-21 23:10:48,925 - httpx - INFO - HTTP Request: GET http://localhost:30386/task?agent_id=8572dff1 "HTTP/1.1 200 OK"
2026-04-21 23:10:48,926 - httpx - INFO - HTTP Request: GET http://localhost:30386/task?agent_id=58c62304 "HTTP/1.1 200 OK"
2026-04-21 23:10:48,927 - httpx - INFO - HTTP Request: GET http://localhost:30386/task?agent_id=805f706a "HTTP/1.1 200 OK"
2026-04-21 23:10:48,927 - httpx - INFO - HTTP Request: GET http://localhost:30386/task?agent_id=6841a5b2 "HTTP/1.1 200 OK"
2026-04-21 23:10:48,928 - httpx - INFO - HTTP Request: GET http://localhost:30386/task?agent_id=ec055a0a "HTTP/1.1 200 OK"
2026-04-21 23:10:49,195 - httpx - INFO - HTTP Request: GET http://localhost:30386/task?agent_id=a41df205 "HTTP/1.1 200 OK"
2026-04-21 23:10:49,196 - httpx - INFO - HTTP Request: GET http://localhost:30386/task?agent_id=56d0576b "HTTP/1.1 200 OK"
2026-04-21 23:10:49,196 - httpx - INFO - HTTP Request: GET http://localhost:30386/task?agent_id=acd7917f "HTTP/1.1 200 OK"
2026-04-21 23:10:49,204 - httpx - INFO - HTTP Request: GET http://localhost:30386/task?agent_id=edfd71cd "HTTP/1.1 200 OK"
2026-04-21 23:10:49,205 - httpx - INFO - HTTP Request: GET http://localhost:30386/task?agent_id=56c47bbf "HTTP/1.1 200 OK"
2026-04-21 23:10:49,205 - httpx - INFO - HTTP Request: GET http://localhost:30386/task?agent_id=b999e4e9 "HTTP/1.1 200 OK"
[BFF] 读取PublicMemory完成: 0 条记录
[BFF] 读取PublicMemory (物理路径): /mnt/d/collections2026/phd_application/nanobot1/milestone2/data/public_memory/public_memory.jsonl, top_k=2
[BFF] 读取PublicMemory完成: 0 条记录
[BFF] 读取PublicMemory (物理路径): /mnt/d/collections2026/phd_application/nanobot1/milestone2/data/public_memory/public_memory.jsonl, top_k=2
[BFF] 读取PublicMemory完成: 0 条记录
[BFF] 读取PublicMemory (物理路径): /mnt/d/collections2026/phd_application/nanobot1/milestone2/data/public_memory/public_memory.jsonl, top_k=2
[BFF] 读取PublicMemory完成: 0 条记录
[BFF] 读取PublicMemory (物理路径): /mnt/d/collections2026/phd_application/nanobot1/milestone2/data/public_memory/public_memory.jsonl, top_k=2
[BFF] 读取PublicMemory完成: 0 条记录
[BFF] 读取PublicMemory (物理路径): /mnt/d/collections2026/phd_application/nanobot1/milestone2/data/public_memory/public_memory.jsonl, top_k=2
[BFF] 读取PublicMemory完成: 0 条记录
[BFF] 读取PublicMemory (物理路径): /mnt/d/collections2026/phd_application/nanobot1/milestone2/data/public_memory/public_memory.jsonl, top_k=2
[BFF] 读取PublicMemory完成: 0 条记录
[BFF] 读取PublicMemory (物理路径): /mnt/d/collections2026/phd_application/nanobot1/milestone2/data/public_memory/public_memory.jsonl, top_k=2
[BFF] 读取PublicMemory完成: 0 条记录
[BFF] 读取PublicMemory (物理路径): /mnt/d/collections2026/phd_application/nanobot1/milestone2/data/public_memory/public_memory.jsonl, top_k=2
[BFF] 读取PublicMemory完成: 0 条记录
[BFF] 读取PublicMemory (物理路径): /mnt/d/collections2026/phd_application/nanobot1/milestone2/data/public_memory/public_memory.jsonl, top_k=2
[BFF] 读取PublicMemory完成: 0 条记录
[BFF] 读取PublicMemory (物理路径): /mnt/d/collections2026/phd_application/nanobot1/milestone2/data/public_memory/public_memory.jsonl, top_k=2
[BFF] 读取PublicMemory完成: 0 条记录
[BFF] 读取PublicMemory (物理路径): /mnt/d/collections2026/phd_application/nanobot1/milestone2/data/public_memory/public_memory.jsonl, top_k=2
[BFF] 读取PublicMemory完成: 0 条记录
[BFF] 读取PublicMemory (物理路径): /mnt/d/collections2026/phd_application/nanobot1/milestone2/data/public_memory/public_memory.jsonl, top_k=2
[BFF] 读取PublicMemory完成: 0 条记录
[BFF] 读取PublicMemory (物理路径): /mnt/d/collections2026/phd_application/nanobot1/milestone2/data/public_memory/public_memory.jsonl, top_k=2
[BFF] 读取PublicMemory完成: 0 条记录
[BFF] 读取PublicMemory (物理路径): /mnt/d/collections2026/phd_application/nanobot1/milestone2/data/public_memory/public_memory.jsonl, top_k=2
[BFF] 读取PublicMemory完成: 0 条记录
[BFF] 读取PublicMemory (物理路径): /mnt/d/collections2026/phd_application/nanobot1/milestone2/data/public_memory/public_memory.jsonl, top_k=2
[BFF] 读取PublicMemory完成: 0 条记录
[BFF] 读取PublicMemory (物理路径): /mnt/d/collections2026/phd_application/nanobot1/milestone2/data/public_memory/public_memory.jsonl, top_k=2
[BFF] 读取PublicMemory完成: 0 条记录
[BFF] 读取PublicMemory (物理路径): /mnt/d/collections2026/phd_application/nanobot1/milestone2/data/public_memory/public_memory.jsonl, top_k=2
[BFF] 读取PublicMemory完成: 0 条记录
[BFF] 读取PublicMemory (物理路径): /mnt/d/collections2026/phd_application/nanobot1/milestone2/data/public_memory/public_memory.jsonl, top_k=2
[BFF] 读取PublicMemory完成: 0 条记录
[BFF] 读取PublicMemory (物理路径): /mnt/d/collections2026/phd_application/nanobot1/milestone2/data/public_memory/public_memory.jsonl, top_k=2
[BFF] 读取PublicMemory完成: 0 条记录
[BFF] 读取PublicMemory (物理路径): /mnt/d/collections2026/phd_application/nanobot1/milestone2/data/public_memory/public_memory.jsonl, top_k=2
[BFF] 读取PublicMemory完成: 0 条记录
[BFF] 读取PublicMemory (物理路径): /mnt/d/collections2026/phd_application/nanobot1/milestone2/data/public_memory/public_memory.jsonl, top_k=2
[BFF] 读取PublicMemory完成: 0 条记录
[BFF] 读取PublicMemory (物理路径): /mnt/d/collections2026/phd_application/nanobot1/milestone2/data/public_memory/public_memory.jsonl, top_k=2
[BFF] 读取PublicMemory完成: 0 条记录
[BFF] 读取PublicMemory (物理路径): /mnt/d/collections2026/phd_application/nanobot1/milestone2/data/public_memory/public_memory.jsonl, top_k=2
[BFF] 读取PublicMemory完成: 0 条记录
[BFF] 读取PublicMemory (物理路径): /mnt/d/collections2026/phd_application/nanobot1/milestone2/data/public_memory/public_memory.jsonl, top_k=2
[BFF] 读取PublicMemory完成: 0 条记录
[BFF] 读取PublicMemory (物理路径): /mnt/d/collections2026/phd_application/nanobot1/milestone2/data/public_memory/public_memory.jsonl, top_k=2
[BFF] 读取PublicMemory完成: 0 条记录
[BFF] 读取PublicMemory (物理路径): /mnt/d/collections2026/phd_application/nanobot1/milestone2/data/public_memory/public_memory.jsonl, top_k=2
[BFF] 读取PublicMemory完成: 0 条记录
[BFF] 读取PublicMemory (物理路径): /mnt/d/collections2026/phd_application/nanobot1/milestone2/data/public_memory/public_memory.jsonl, top_k=2
[BFF] 读取PublicMemory完成: 0 条记录
[BFF] 读取PublicMemory (物理路径): /mnt/d/collections2026/phd_application/nanobot1/milestone2/data/public_memory/public_memory.jsonl, top_k=2
[BFF] 读取PublicMemory完成: 0 条记录
[BFF] 读取PublicMemory (物理路径): /mnt/d/collections2026/phd_application/nanobot1/milestone2/data/public_memory/public_memory.jsonl, top_k=2
[BFF] 读取PublicMemory完成: 0 条记录
[BFF] 读取PublicMemory (物理路径): /mnt/d/collections2026/phd_application/nanobot1/milestone2/data/public_memory/public_memory.jsonl, top_k=2
[BFF] 读取PublicMemory完成: 0 条记录
[BFF] 读取PublicMemory (物理路径): /mnt/d/collections2026/phd_application/nanobot1/milestone2/data/public_memory/public_memory.jsonl, top_k=2
[BFF] 读取PublicMemory完成: 0 条记录
[BFF] 读取PublicMemory (物理路径): /mnt/d/collections2026/phd_application/nanobot1/milestone2/data/public_memory/public_memory.jsonl, top_k=2
[BFF] 读取PublicMemory完成: 0 条记录
[BFF] 读取PublicMemory (物理路径): /mnt/d/collections2026/phd_application/nanobot1/milestone2/data/public_memory/public_memory.jsonl, top_k=2
[BFF] 读取PublicMemory完成: 0 条记录
[BFF] 读取PublicMemory (物理路径): /mnt/d/collections2026/phd_application/nanobot1/milestone2/data/public_memory/public_memory.jsonl, top_k=2
[BFF] 读取PublicMemory完成: 0 条记录
[BFF] 读取PublicMemory (物理路径): /mnt/d/collections2026/phd_application/nanobot1/milestone2/data/public_memory/public_memory.jsonl, top_k=2
[BFF] 读取PublicMemory完成: 0 条记录
[BFF] 读取PublicMemory (物理路径): /mnt/d/collections2026/phd_application/nanobot1/milestone2/data/public_memory/public_memory.jsonl, top_k=2
[BFF] 读取PublicMemory完成: 0 条记录
[BFF] 读取PublicMemory (物理路径): /mnt/d/collections2026/phd_application/nanobot1/milestone2/data/public_memory/public_memory.jsonl, top_k=2
[BFF] 读取PublicMemory完成: 0 条记录
[BFF] 读取PublicMemory (物理路径): /mnt/d/collections2026/phd_application/nanobot1/milestone2/data/public_memory/public_memory.jsonl, top_k=2
[BFF] 读取PublicMemory完成: 0 条记录
[BFF] 读取PublicMemory (物理路径): /mnt/d/collections2026/phd_application/nanobot1/milestone2/data/public_memory/public_memory.jsonl, top_k=2
[BFF] 读取PublicMemory完成: 0 条记录
[BFF] 读取PublicMemory (物理路径): /mnt/d/collections2026/phd_application/nanobot1/milestone2/data/public_memory/public_memory.jsonl, top_k=2
[BFF] 读取PublicMemory完成: 0 条记录
[BFF] 读取PublicMemory (物理路径): /mnt/d/collections2026/phd_application/nanobot1/milestone2/data/public_memory/public_memory.jsonl, top_k=2
[BFF] 读取PublicMemory完成: 0 条记录
[BFF] 读取PublicMemory (物理路径): /mnt/d/collections2026/phd_application/nanobot1/milestone2/data/public_memory/public_memory.jsonl, top_k=2
[BFF] 读取PublicMemory完成: 0 条记录
2026-04-21 23:10:49,219 - httpx - INFO - HTTP Request: GET http://localhost:30386/task?agent_id=d8b1d4a4 "HTTP/1.1 200 OK"
2026-04-21 23:10:49,220 - httpx - INFO - HTTP Request: GET http://localhost:30386/task?agent_id=49e48c67 "HTTP/1.1 200 OK"
2026-04-21 23:10:49,221 - httpx - INFO - HTTP Request: GET http://localhost:30386/task?agent_id=584a0a4c "HTTP/1.1 200 OK"
2026-04-21 23:10:49,222 - httpx - INFO - HTTP Request: GET http://localhost:30386/task?agent_id=a285a9f0 "HTTP/1.1 200 OK"
2026-04-21 23:10:49,222 - httpx - INFO - HTTP Request: GET http://localhost:30386/task?agent_id=e9a46445 "HTTP/1.1 200 OK"
2026-04-21 23:10:49,233 - httpx - INFO - HTTP Request: GET http://localhost:30386/task?agent_id=3d311254 "HTTP/1.1 200 OK"
2026-04-21 23:10:51,839 - httpx - INFO - HTTP Request: GET http://localhost:30386/task?agent_id=8c7d02bb "HTTP/1.1 200 OK"
2026-04-21 23:10:51,843 - httpx - INFO - HTTP Request: GET http://localhost:30386/task?agent_id=75894596 "HTTP/1.1 200 OK"
2026-04-21 23:10:51,845 - httpx - INFO - HTTP Request: GET http://localhost:30386/task?agent_id=a9adac56 "HTTP/1.1 200 OK"
2026-04-21 23:10:52,944 - httpx - INFO - HTTP Request: GET http://localhost:30386/task?agent_id=b999e4e9 "HTTP/1.1 200 OK"
2026-04-21 23:10:52,946 - httpx - INFO - HTTP Request: GET http://localhost:30386/task?agent_id=56c47bbf "HTTP/1.1 200 OK"
2026-04-21 23:10:52,947 - httpx - INFO - HTTP Request: GET http://localhost:30386/task?agent_id=edfd71cd "HTTP/1.1 200 OK"
2026-04-21 23:10:54,618 - httpx - INFO - HTTP Request: GET http://localhost:30386/task?agent_id=e9a46445 "HTTP/1.1 200 OK"
2026-04-21 23:10:54,622 - httpx - INFO - HTTP Request: GET http://localhost:30386/task?agent_id=d8b1d4a4 "HTTP/1.1 200 OK"
2026-04-21 23:10:54,624 - httpx - INFO - HTTP Request: GET http://localhost:30386/task?agent_id=584a0a4c "HTTP/1.1 200 OK"
2026-04-21 23:10:54,624 - httpx - INFO - HTTP Request: GET http://localhost:30386/task?agent_id=49e48c67 "HTTP/1.1 200 OK"
2026-04-21 23:10:54,625 - httpx - INFO - HTTP Request: GET http://localhost:30386/task?agent_id=3d311254 "HTTP/1.1 200 OK"
2026-04-21 23:10:54,625 - httpx - INFO - HTTP Request: GET http://localhost:30386/task?agent_id=a285a9f0 "HTTP/1.1 200 OK"
2026-04-21 23:10:54,626 - httpx - INFO - HTTP Request: GET http://localhost:30386/task?agent_id=58c62304 "HTTP/1.1 200 OK"
2026-04-21 23:10:55,824 - httpx - INFO - HTTP Request: GET http://localhost:30386/task?agent_id=acd7917f "HTTP/1.1 200 OK"
2026-04-21 23:10:55,825 - httpx - INFO - HTTP Request: GET http://localhost:30386/task?agent_id=805f706a "HTTP/1.1 200 OK"
2026-04-21 23:10:55,825 - httpx - INFO - HTTP Request: GET http://localhost:30386/task?agent_id=a41df205 "HTTP/1.1 200 OK"
2026-04-21 23:10:55,835 - httpx - INFO - HTTP Request: GET http://localhost:30386/task?agent_id=8572dff1 "HTTP/1.1 200 OK"
2026-04-21 23:10:55,835 - httpx - INFO - HTTP Request: GET http://localhost:30386/task?agent_id=ec055a0a "HTTP/1.1 200 OK"
2026-04-21 23:10:55,836 - httpx - INFO - HTTP Request: GET http://localhost:30386/task?agent_id=56d0576b "HTTP/1.1 200 OK"
2026-04-21 23:10:55,836 - httpx - INFO - HTTP Request: GET http://localhost:30386/task?agent_id=6841a5b2 "HTTP/1.1 200 OK"
2026-04-21 23:10:55,842 - httpx - INFO - HTTP Request: GET http://localhost:30386/task?agent_id=8c7d02bb "HTTP/1.1 200 OK"
2026-04-21 23:10:55,843 - httpx - INFO - HTTP Request: GET http://localhost:30386/task?agent_id=75894596 "HTTP/1.1 200 OK"
2026-04-21 23:10:55,844 - httpx - INFO - HTTP Request: GET http://localhost:30386/task?agent_id=a9adac56 "HTTP/1.1 200 OK"
2026-04-21 23:10:55,850 - httpx - INFO - HTTP Request: GET http://localhost:30386/task?agent_id=b999e4e9 "HTTP/1.1 200 OK"
2026-04-21 23:10:55,853 - httpx - INFO - HTTP Request: GET http://localhost:30386/task?agent_id=56c47bbf "HTTP/1.1 200 OK"
2026-04-21 23:10:55,855 - httpx - INFO - HTTP Request: GET http://localhost:30386/task?agent_id=edfd71cd "HTTP/1.1 200 OK"
[BFF] 读取PublicMemory (物理路径): /mnt/d/collections2026/phd_application/nanobot1/milestone2/data/public_memory/public_memory.jsonl, top_k=2
[BFF] 读取PublicMemory完成: 0 条记录
[BFF] 读取PublicMemory (物理路径): /mnt/d/collections2026/phd_application/nanobot1/milestone2/data/public_memory/public_memory.jsonl, top_k=2
[BFF] 读取PublicMemory完成: 0 条记录
[BFF] 读取PublicMemory (物理路径): /mnt/d/collections2026/phd_application/nanobot1/milestone2/data/public_memory/public_memory.jsonl, top_k=2
[BFF] 读取PublicMemory完成: 0 条记录
[BFF] 读取PublicMemory (物理路径): /mnt/d/collections2026/phd_application/nanobot1/milestone2/data/public_memory/public_memory.jsonl, top_k=2
[BFF] 读取PublicMemory完成: 0 条记录
[BFF] 读取PublicMemory (物理路径): /mnt/d/collections2026/phd_application/nanobot1/milestone2/data/public_memory/public_memory.jsonl, top_k=2
[BFF] 读取PublicMemory完成: 0 条记录
[BFF] 读取PublicMemory (物理路径): /mnt/d/collections2026/phd_application/nanobot1/milestone2/data/public_memory/public_memory.jsonl, top_k=2
[BFF] 读取PublicMemory完成: 0 条记录
[BFF] 读取PublicMemory (物理路径): /mnt/d/collections2026/phd_application/nanobot1/milestone2/data/public_memory/public_memory.jsonl, top_k=2
[BFF] 读取PublicMemory完成: 0 条记录
[BFF] 读取PublicMemory (物理路径): /mnt/d/collections2026/phd_application/nanobot1/milestone2/data/public_memory/public_memory.jsonl, top_k=2
[BFF] 读取PublicMemory完成: 0 条记录
[BFF] 读取PublicMemory (物理路径): /mnt/d/collections2026/phd_application/nanobot1/milestone2/data/public_memory/public_memory.jsonl, top_k=2
[BFF] 读取PublicMemory完成: 0 条记录
[BFF] 读取PublicMemory (物理路径): /mnt/d/collections2026/phd_application/nanobot1/milestone2/data/public_memory/public_memory.jsonl, top_k=2
[BFF] 读取PublicMemory完成: 0 条记录
[BFF] 读取PublicMemory (物理路径): /mnt/d/collections2026/phd_application/nanobot1/milestone2/data/public_memory/public_memory.jsonl, top_k=2
[BFF] 读取PublicMemory完成: 0 条记录
[BFF] 读取PublicMemory (物理路径): /mnt/d/collections2026/phd_application/nanobot1/milestone2/data/public_memory/public_memory.jsonl, top_k=2
[BFF] 读取PublicMemory完成: 0 条记录
[BFF] 读取PublicMemory (物理路径): /mnt/d/collections2026/phd_application/nanobot1/milestone2/data/public_memory/public_memory.jsonl, top_k=2
[BFF] 读取PublicMemory完成: 0 条记录
[BFF] 读取PublicMemory (物理路径): /mnt/d/collections2026/phd_application/nanobot1/milestone2/data/public_memory/public_memory.jsonl, top_k=2
[BFF] 读取PublicMemory完成: 0 条记录
[BFF] 读取PublicMemory (物理路径): /mnt/d/collections2026/phd_application/nanobot1/milestone2/data/public_memory/public_memory.jsonl, top_k=2
[BFF] 读取PublicMemory完成: 0 条记录
[BFF] 读取PublicMemory (物理路径): /mnt/d/collections2026/phd_application/nanobot1/milestone2/data/public_memory/public_memory.jsonl, top_k=2
[BFF] 读取PublicMemory完成: 0 条记录
[BFF] 读取PublicMemory (物理路径): /mnt/d/collections2026/phd_application/nanobot1/milestone2/data/public_memory/public_memory.jsonl, top_k=2
[BFF] 读取PublicMemory完成: 0 条记录
[BFF] 读取PublicMemory (物理路径): /mnt/d/collections2026/phd_application/nanobot1/milestone2/data/public_memory/public_memory.jsonl, top_k=2
[BFF] 读取PublicMemory完成: 0 条记录
[BFF] 读取PublicMemory (物理路径): /mnt/d/collections2026/phd_application/nanobot1/milestone2/data/public_memory/public_memory.jsonl, top_k=2
[BFF] 读取PublicMemory完成: 0 条记录
[BFF] 读取PublicMemory (物理路径): /mnt/d/collections2026/phd_application/nanobot1/milestone2/data/public_memory/public_memory.jsonl, top_k=2
[BFF] 读取PublicMemory完成: 0 条记录
[BFF] 读取PublicMemory (物理路径): /mnt/d/collections2026/phd_application/nanobot1/milestone2/data/public_memory/public_memory.jsonl, top_k=2
[BFF] 读取PublicMemory完成: 0 条记录
[BFF] 读取PublicMemory (物理路径): /mnt/d/collections2026/phd_application/nanobot1/milestone2/data/public_memory/public_memory.jsonl, top_k=2
[BFF] 读取PublicMemory完成: 0 条记录
[BFF] 读取PublicMemory (物理路径): /mnt/d/collections2026/phd_application/nanobot1/milestone2/data/public_memory/public_memory.jsonl, top_k=2
[BFF] 读取PublicMemory完成: 0 条记录
[BFF] 读取PublicMemory (物理路径): /mnt/d/collections2026/phd_application/nanobot1/milestone2/data/public_memory/public_memory.jsonl, top_k=2
[BFF] 读取PublicMemory完成: 0 条记录
[BFF] 读取PublicMemory (物理路径): /mnt/d/collections2026/phd_application/nanobot1/milestone2/data/public_memory/public_memory.jsonl, top_k=2
[BFF] 读取PublicMemory完成: 0 条记录
[BFF] 读取PublicMemory (物理路径): /mnt/d/collections2026/phd_application/nanobot1/milestone2/data/public_memory/public_memory.jsonl, top_k=2
[BFF] 读取PublicMemory完成: 0 条记录
[BFF] 读取PublicMemory (物理路径): /mnt/d/collections2026/phd_application/nanobot1/milestone2/data/public_memory/public_memory.jsonl, top_k=2
[BFF] 读取PublicMemory完成: 0 条记录
[BFF] 读取PublicMemory (物理路径): /mnt/d/collections2026/phd_application/nanobot1/milestone2/data/public_memory/public_memory.jsonl, top_k=2
[BFF] 读取PublicMemory完成: 0 条记录
[BFF] 读取PublicMemory (物理路径): /mnt/d/collections2026/phd_application/nanobot1/milestone2/data/public_memory/public_memory.jsonl, top_k=2
[BFF] 读取PublicMemory完成: 0 条记录
[BFF] 读取PublicMemory (物理路径): /mnt/d/collections2026/phd_application/nanobot1/milestone2/data/public_memory/public_memory.jsonl, top_k=2
[BFF] 读取PublicMemory完成: 0 条记录
[BFF] 读取PublicMemory (物理路径): /mnt/d/collections2026/phd_application/nanobot1/milestone2/data/public_memory/public_memory.jsonl, top_k=2
[BFF] 读取PublicMemory完成: 0 条记录
[BFF] 读取PublicMemory (物理路径): /mnt/d/collections2026/phd_application/nanobot1/milestone2/data/public_memory/public_memory.jsonl, top_k=2
[BFF] 读取PublicMemory完成: 0 条记录
[BFF] 读取PublicMemory (物理路径): /mnt/d/collections2026/phd_application/nanobot1/milestone2/data/public_memory/public_memory.jsonl, top_k=2
[BFF] 读取PublicMemory完成: 0 条记录
[BFF] 读取PublicMemory (物理路径): /mnt/d/collections2026/phd_application/nanobot1/milestone2/data/public_memory/public_memory.jsonl, top_k=2
[BFF] 读取PublicMemory完成: 0 条记录
[BFF] 读取PublicMemory (物理路径): /mnt/d/collections2026/phd_application/nanobot1/milestone2/data/public_memory/public_memory.jsonl, top_k=2
[BFF] 读取PublicMemory完成: 0 条记录
[BFF] 读取PublicMemory (物理路径): /mnt/d/collections2026/phd_application/nanobot1/milestone2/data/public_memory/public_memory.jsonl, top_k=2
[BFF] 读取PublicMemory完成: 0 条记录
[BFF] 读取PublicMemory (物理路径): /mnt/d/collections2026/phd_application/nanobot1/milestone2/data/public_memory/public_memory.jsonl, top_k=2
[BFF] 读取PublicMemory完成: 0 条记录
[BFF] 读取PublicMemory (物理路径): /mnt/d/collections2026/phd_application/nanobot1/milestone2/data/public_memory/public_memory.jsonl, top_k=2
[BFF] 读取PublicMemory完成: 0 条记录
[BFF] 读取PublicMemory (物理路径): /mnt/d/collections2026/phd_application/nanobot1/milestone2/data/public_memory/public_memory.jsonl, top_k=2
[BFF] 读取PublicMemory完成: 0 条记录
[BFF] 读取PublicMemory (物理路径): /mnt/d/collections2026/phd_application/nanobot1/milestone2/data/public_memory/public_memory.jsonl, top_k=2
[BFF] 读取PublicMemory完成: 0 条记录
[BFF] 读取PublicMemory (物理路径): /mnt/d/collections2026/phd_application/nanobot1/milestone2/data/public_memory/public_memory.jsonl, top_k=2
[BFF] 读取PublicMemory完成: 0 条记录
[BFF] 读取PublicMemory (物理路径): /mnt/d/collections2026/phd_application/nanobot1/milestone2/data/public_memory/public_memory.jsonl, top_k=2
[BFF] 读取PublicMemory完成: 0 条记录
2026-04-21 23:10:57,701 - httpx - INFO - HTTP Request: GET http://localhost:30386/task?agent_id=e9a46445 "HTTP/1.1 200 OK"
2026-04-21 23:11:02,519 - httpx - INFO - HTTP Request: GET http://localhost:30386/task?agent_id=a9adac56 "HTTP/1.1 200 OK"
2026-04-21 23:11:02,605 - httpx - INFO - HTTP Request: GET http://localhost:30386/task?agent_id=8c7d02bb "HTTP/1.1 200 OK"
2026-04-21 23:11:02,612 - httpx - INFO - HTTP Request: GET http://localhost:30386/task?agent_id=49e48c67 "HTTP/1.1 200 OK"
2026-04-21 23:11:02,614 - httpx - INFO - HTTP Request: GET http://localhost:30386/task?agent_id=75894596 "HTTP/1.1 200 OK"
2026-04-21 23:11:02,626 - httpx - INFO - HTTP Request: GET http://localhost:30386/task?agent_id=584a0a4c "HTTP/1.1 200 OK"
2026-04-21 23:11:02,627 - httpx - INFO - HTTP Request: GET http://localhost:30386/task?agent_id=a285a9f0 "HTTP/1.1 200 OK"
2026-04-21 23:11:02,627 - httpx - INFO - HTTP Request: GET http://localhost:30386/task?agent_id=e9a46445 "HTTP/1.1 200 OK"
2026-04-21 23:11:02,628 - httpx - INFO - HTTP Request: GET http://localhost:30386/task?agent_id=3d311254 "HTTP/1.1 200 OK"
2026-04-21 23:11:02,628 - httpx - INFO - HTTP Request: GET http://localhost:30386/task?agent_id=58c62304 "HTTP/1.1 200 OK"
2026-04-21 23:11:02,647 - httpx - INFO - HTTP Request: GET http://localhost:30386/task?agent_id=6841a5b2 "HTTP/1.1 200 OK"
2026-04-21 23:11:02,652 - httpx - INFO - HTTP Request: GET http://localhost:30386/task?agent_id=edfd71cd "HTTP/1.1 200 OK"
2026-04-21 23:11:02,653 - httpx - INFO - HTTP Request: GET http://localhost:30386/task?agent_id=8572dff1 "HTTP/1.1 200 OK"
2026-04-21 23:11:02,653 - httpx - INFO - HTTP Request: GET http://localhost:30386/task?agent_id=ec055a0a "HTTP/1.1 200 OK"
2026-04-21 23:11:02,653 - httpx - INFO - HTTP Request: GET http://localhost:30386/task?agent_id=b999e4e9 "HTTP/1.1 200 OK"
2026-04-21 23:11:02,654 - httpx - INFO - HTTP Request: GET http://localhost:30386/task?agent_id=56d0576b "HTTP/1.1 200 OK"
2026-04-21 23:11:02,654 - httpx - INFO - HTTP Request: GET http://localhost:30386/task?agent_id=a41df205 "HTTP/1.1 200 OK"
2026-04-21 23:11:02,655 - httpx - INFO - HTTP Request: GET http://localhost:30386/task?agent_id=805f706a "HTTP/1.1 200 OK"
2026-04-21 23:11:02,655 - httpx - INFO - HTTP Request: GET http://localhost:30386/task?agent_id=acd7917f "HTTP/1.1 200 OK"
2026-04-21 23:11:02,657 - httpx - INFO - HTTP Request: GET http://localhost:30386/task?agent_id=56c47bbf "HTTP/1.1 200 OK"
2026-04-21 23:11:02,669 - httpx - INFO - HTTP Request: GET http://localhost:30386/task?agent_id=d8b1d4a4 "HTTP/1.1 200 OK"
2026-04-21 23:11:05,913 - httpx - INFO - HTTP Request: GET http://localhost:30386/task?agent_id=d8b1d4a4 "HTTP/1.1 200 OK"
2026-04-21 23:11:09,854 - httpx - INFO - HTTP Request: GET http://localhost:30386/task?agent_id=75894596 "HTTP/1.1 200 OK"
2026-04-21 23:11:09,855 - httpx - INFO - HTTP Request: GET http://localhost:30386/task?agent_id=a9adac56 "HTTP/1.1 200 OK"
2026-04-21 23:11:09,856 - httpx - INFO - HTTP Request: GET http://localhost:30386/task?agent_id=8c7d02bb "HTTP/1.1 200 OK"
2026-04-21 23:11:09,859 - httpx - INFO - HTTP Request: GET http://localhost:30386/task?agent_id=e9a46445 "HTTP/1.1 200 OK"
2026-04-21 23:11:09,910 - httpx - INFO - HTTP Request: GET http://localhost:30386/task?agent_id=584a0a4c "HTTP/1.1 200 OK"
2026-04-21 23:11:09,911 - httpx - INFO - HTTP Request: GET http://localhost:30386/task?agent_id=a285a9f0 "HTTP/1.1 200 OK"
2026-04-21 23:11:09,911 - httpx - INFO - HTTP Request: GET http://localhost:30386/task?agent_id=49e48c67 "HTTP/1.1 200 OK"
2026-04-21 23:11:09,916 - httpx - INFO - HTTP Request: GET http://localhost:30386/task?agent_id=3d311254 "HTTP/1.1 200 OK"
2026-04-21 23:11:09,917 - httpx - INFO - HTTP Request: GET http://localhost:30386/task?agent_id=58c62304 "HTTP/1.1 200 OK"
2026-04-21 23:11:09,918 - httpx - INFO - HTTP Request: GET http://localhost:30386/task?agent_id=56c47bbf "HTTP/1.1 200 OK"
2026-04-21 23:11:09,931 - httpx - INFO - HTTP Request: GET http://localhost:30386/task?agent_id=ec055a0a "HTTP/1.1 200 OK"
2026-04-21 23:11:09,932 - httpx - INFO - HTTP Request: GET http://localhost:30386/task?agent_id=805f706a "HTTP/1.1 200 OK"
2026-04-21 23:11:09,933 - httpx - INFO - HTTP Request: GET http://localhost:30386/task?agent_id=acd7917f "HTTP/1.1 200 OK"
2026-04-21 23:11:09,934 - httpx - INFO - HTTP Request: GET http://localhost:30386/task?agent_id=56d0576b "HTTP/1.1 200 OK"
2026-04-21 23:11:09,935 - httpx - INFO - HTTP Request: GET http://localhost:30386/task?agent_id=b999e4e9 "HTTP/1.1 200 OK"
2026-04-21 23:11:09,935 - httpx - INFO - HTTP Request: GET http://localhost:30386/task?agent_id=edfd71cd "HTTP/1.1 200 OK"
2026-04-21 23:11:09,936 - httpx - INFO - HTTP Request: GET http://localhost:30386/task?agent_id=a41df205 "HTTP/1.1 200 OK"
2026-04-21 23:11:09,937 - httpx - INFO - HTTP Request: GET http://localhost:30386/task?agent_id=8572dff1 "HTTP/1.1 200 OK"
2026-04-21 23:11:09,937 - httpx - INFO - HTTP Request: GET http://localhost:30386/task?agent_id=6841a5b2 "HTTP/1.1 200 OK"
2026-04-21 23:11:09,938 - httpx - INFO - HTTP Request: GET http://localhost:30386/task?agent_id=d8b1d4a4 "HTTP/1.1 200 OK"
[BFF] 读取PublicMemory (物理路径): /mnt/d/collections2026/phd_application/nanobot1/milestone2/data/public_memory/public_memory.jsonl, top_k=2
[BFF] 读取PublicMemory完成: 0 条记录
[BFF] 读取PublicMemory (物理路径): /mnt/d/collections2026/phd_application/nanobot1/milestone2/data/public_memory/public_memory.jsonl, top_k=2
[BFF] 读取PublicMemory完成: 0 条记录
[BFF] 读取PublicMemory (物理路径): /mnt/d/collections2026/phd_application/nanobot1/milestone2/data/public_memory/public_memory.jsonl, top_k=2
[BFF] 读取PublicMemory完成: 0 条记录
[BFF] 读取PublicMemory (物理路径): /mnt/d/collections2026/phd_application/nanobot1/milestone2/data/public_memory/public_memory.jsonl, top_k=2
[BFF] 读取PublicMemory完成: 0 条记录
[BFF] 读取PublicMemory (物理路径): /mnt/d/collections2026/phd_application/nanobot1/milestone2/data/public_memory/public_memory.jsonl, top_k=2
[BFF] 读取PublicMemory完成: 0 条记录
[BFF] 读取PublicMemory (物理路径): /mnt/d/collections2026/phd_application/nanobot1/milestone2/data/public_memory/public_memory.jsonl, top_k=2
[BFF] 读取PublicMemory完成: 0 条记录
[BFF] 读取PublicMemory (物理路径): /mnt/d/collections2026/phd_application/nanobot1/milestone2/data/public_memory/public_memory.jsonl, top_k=2
[BFF] 读取PublicMemory完成: 0 条记录
[BFF] 读取PublicMemory (物理路径): /mnt/d/collections2026/phd_application/nanobot1/milestone2/data/public_memory/public_memory.jsonl, top_k=2
[BFF] 读取PublicMemory完成: 0 条记录
[BFF] 读取PublicMemory (物理路径): /mnt/d/collections2026/phd_application/nanobot1/milestone2/data/public_memory/public_memory.jsonl, top_k=2
[BFF] 读取PublicMemory完成: 0 条记录
[BFF] 读取PublicMemory (物理路径): /mnt/d/collections2026/phd_application/nanobot1/milestone2/data/public_memory/public_memory.jsonl, top_k=2
[BFF] 读取PublicMemory完成: 0 条记录
[BFF] 读取PublicMemory (物理路径): /mnt/d/collections2026/phd_application/nanobot1/milestone2/data/public_memory/public_memory.jsonl, top_k=2
[BFF] 读取PublicMemory完成: 0 条记录
[BFF] 读取PublicMemory (物理路径): /mnt/d/collections2026/phd_application/nanobot1/milestone2/data/public_memory/public_memory.jsonl, top_k=2
[BFF] 读取PublicMemory完成: 0 条记录
[BFF] 读取PublicMemory (物理路径): /mnt/d/collections2026/phd_application/nanobot1/milestone2/data/public_memory/public_memory.jsonl, top_k=2
[BFF] 读取PublicMemory完成: 0 条记录
[BFF] 读取PublicMemory (物理路径): /mnt/d/collections2026/phd_application/nanobot1/milestone2/data/public_memory/public_memory.jsonl, top_k=2
[BFF] 读取PublicMemory完成: 0 条记录
[BFF] 读取PublicMemory (物理路径): /mnt/d/collections2026/phd_application/nanobot1/milestone2/data/public_memory/public_memory.jsonl, top_k=2
[BFF] 读取PublicMemory完成: 0 条记录
[BFF] 读取PublicMemory (物理路径): /mnt/d/collections2026/phd_application/nanobot1/milestone2/data/public_memory/public_memory.jsonl, top_k=2
[BFF] 读取PublicMemory完成: 0 条记录
[BFF] 读取PublicMemory (物理路径): /mnt/d/collections2026/phd_application/nanobot1/milestone2/data/public_memory/public_memory.jsonl, top_k=2
[BFF] 读取PublicMemory完成: 0 条记录
[BFF] 读取PublicMemory (物理路径): /mnt/d/collections2026/phd_application/nanobot1/milestone2/data/public_memory/public_memory.jsonl, top_k=2
[BFF] 读取PublicMemory完成: 0 条记录
[BFF] 读取PublicMemory (物理路径): /mnt/d/collections2026/phd_application/nanobot1/milestone2/data/public_memory/public_memory.jsonl, top_k=2
[BFF] 读取PublicMemory完成: 0 条记录
[BFF] 读取PublicMemory (物理路径): /mnt/d/collections2026/phd_application/nanobot1/milestone2/data/public_memory/public_memory.jsonl, top_k=2
[BFF] 读取PublicMemory完成: 0 条记录
[BFF] 读取PublicMemory (物理路径): /mnt/d/collections2026/phd_application/nanobot1/milestone2/data/public_memory/public_memory.jsonl, top_k=2
[BFF] 读取PublicMemory完成: 0 条记录
[BFF] 读取PublicMemory (物理路径): /mnt/d/collections2026/phd_application/nanobot1/milestone2/data/public_memory/public_memory.jsonl, top_k=2
[BFF] 读取PublicMemory完成: 0 条记录
[BFF] 读取PublicMemory (物理路径): /mnt/d/collections2026/phd_application/nanobot1/milestone2/data/public_memory/public_memory.jsonl, top_k=2
[BFF] 读取PublicMemory完成: 0 条记录
[BFF] 读取PublicMemory (物理路径): /mnt/d/collections2026/phd_application/nanobot1/milestone2/data/public_memory/public_memory.jsonl, top_k=2
[BFF] 读取PublicMemory完成: 0 条记录
[BFF] 读取PublicMemory (物理路径): /mnt/d/collections2026/phd_application/nanobot1/milestone2/data/public_memory/public_memory.jsonl, top_k=2
[BFF] 读取PublicMemory完成: 0 条记录
[BFF] 读取PublicMemory (物理路径): /mnt/d/collections2026/phd_application/nanobot1/milestone2/data/public_memory/public_memory.jsonl, top_k=2
[BFF] 读取PublicMemory完成: 0 条记录
[BFF] 读取PublicMemory (物理路径): /mnt/d/collections2026/phd_application/nanobot1/milestone2/data/public_memory/public_memory.jsonl, top_k=2
[BFF] 读取PublicMemory完成: 0 条记录
[BFF] 读取PublicMemory (物理路径): /mnt/d/collections2026/phd_application/nanobot1/milestone2/data/public_memory/public_memory.jsonl, top_k=2
[BFF] 读取PublicMemory完成: 0 条记录
[BFF] 读取PublicMemory (物理路径): /mnt/d/collections2026/phd_application/nanobot1/milestone2/data/public_memory/public_memory.jsonl, top_k=2
[BFF] 读取PublicMemory完成: 0 条记录
[BFF] 读取PublicMemory (物理路径): /mnt/d/collections2026/phd_application/nanobot1/milestone2/data/public_memory/public_memory.jsonl, top_k=2
[BFF] 读取PublicMemory完成: 0 条记录
[BFF] 读取PublicMemory (物理路径): /mnt/d/collections2026/phd_application/nanobot1/milestone2/data/public_memory/public_memory.jsonl, top_k=2
[BFF] 读取PublicMemory完成: 0 条记录
[BFF] 读取PublicMemory (物理路径): /mnt/d/collections2026/phd_application/nanobot1/milestone2/data/public_memory/public_memory.jsonl, top_k=2
[BFF] 读取PublicMemory完成: 0 条记录
[BFF] 读取PublicMemory (物理路径): /mnt/d/collections2026/phd_application/nanobot1/milestone2/data/public_memory/public_memory.jsonl, top_k=2
[BFF] 读取PublicMemory完成: 0 条记录
[BFF] 读取PublicMemory (物理路径): /mnt/d/collections2026/phd_application/nanobot1/milestone2/data/public_memory/public_memory.jsonl, top_k=2
[BFF] 读取PublicMemory完成: 0 条记录
[BFF] 读取PublicMemory (物理路径): /mnt/d/collections2026/phd_application/nanobot1/milestone2/data/public_memory/public_memory.jsonl, top_k=2
[BFF] 读取PublicMemory完成: 0 条记录
[BFF] 读取PublicMemory (物理路径): /mnt/d/collections2026/phd_application/nanobot1/milestone2/data/public_memory/public_memory.jsonl, top_k=2
[BFF] 读取PublicMemory完成: 0 条记录
[BFF] 读取PublicMemory (物理路径): /mnt/d/collections2026/phd_application/nanobot1/milestone2/data/public_memory/public_memory.jsonl, top_k=2
[BFF] 读取PublicMemory完成: 0 条记录
[BFF] 读取PublicMemory (物理路径): /mnt/d/collections2026/phd_application/nanobot1/milestone2/data/public_memory/public_memory.jsonl, top_k=2
[BFF] 读取PublicMemory完成: 0 条记录
[BFF] 读取PublicMemory (物理路径): /mnt/d/collections2026/phd_application/nanobot1/milestone2/data/public_memory/public_memory.jsonl, top_k=2
[BFF] 读取PublicMemory完成: 0 条记录
[BFF] 读取PublicMemory (物理路径): /mnt/d/collections2026/phd_application/nanobot1/milestone2/data/public_memory/public_memory.jsonl, top_k=2
[BFF] 读取PublicMemory完成: 0 条记录
[BFF] 读取PublicMemory (物理路径): /mnt/d/collections2026/phd_application/nanobot1/milestone2/data/public_memory/public_memory.jsonl, top_k=2
[BFF] 读取PublicMemory完成: 0 条记录
[BFF] 读取PublicMemory (物理路径): /mnt/d/collections2026/phd_application/nanobot1/milestone2/data/public_memory/public_memory.jsonl, top_k=2
[BFF] 读取PublicMemory完成: 0 条记录
2026-04-21 23:11:13,027 - httpx - INFO - HTTP Request: GET http://localhost:30386/task?agent_id=d8b1d4a4 "HTTP/1.1 200 OK"
2026-04-21 23:11:17,268 - httpx - INFO - HTTP Request: GET http://localhost:30386/task?agent_id=e9a46445 "HTTP/1.1 200 OK"
2026-04-21 23:11:17,270 - httpx - INFO - HTTP Request: GET http://localhost:30386/task?agent_id=49e48c67 "HTTP/1.1 200 OK"
2026-04-21 23:11:17,276 - httpx - INFO - HTTP Request: GET http://localhost:30386/task?agent_id=75894596 "HTTP/1.1 200 OK"
2026-04-21 23:11:17,277 - httpx - INFO - HTTP Request: GET http://localhost:30386/task?agent_id=a285a9f0 "HTTP/1.1 200 OK"
2026-04-21 23:11:17,282 - httpx - INFO - HTTP Request: GET http://localhost:30386/task?agent_id=a9adac56 "HTTP/1.1 200 OK"
2026-04-21 23:11:17,284 - httpx - INFO - HTTP Request: GET http://localhost:30386/task?agent_id=58c62304 "HTTP/1.1 200 OK"
2026-04-21 23:11:17,286 - httpx - INFO - HTTP Request: GET http://localhost:30386/task?agent_id=584a0a4c "HTTP/1.1 200 OK"
2026-04-21 23:11:17,292 - httpx - INFO - HTTP Request: GET http://localhost:30386/task?agent_id=8c7d02bb "HTTP/1.1 200 OK"
2026-04-21 23:11:17,293 - httpx - INFO - HTTP Request: GET http://localhost:30386/task?agent_id=3d311254 "HTTP/1.1 200 OK"
2026-04-21 23:11:17,294 - httpx - INFO - HTTP Request: GET http://localhost:30386/task?agent_id=acd7917f "HTTP/1.1 200 OK"
2026-04-21 23:11:17,301 - httpx - INFO - HTTP Request: GET http://localhost:30386/task?agent_id=56c47bbf "HTTP/1.1 200 OK"
2026-04-21 23:11:17,302 - httpx - INFO - HTTP Request: GET http://localhost:30386/task?agent_id=edfd71cd "HTTP/1.1 200 OK"
2026-04-21 23:11:17,303 - httpx - INFO - HTTP Request: GET http://localhost:30386/task?agent_id=6841a5b2 "HTTP/1.1 200 OK"
2026-04-21 23:11:17,304 - httpx - INFO - HTTP Request: GET http://localhost:30386/task?agent_id=d8b1d4a4 "HTTP/1.1 200 OK"
2026-04-21 23:11:17,305 - httpx - INFO - HTTP Request: GET http://localhost:30386/task?agent_id=56d0576b "HTTP/1.1 200 OK"
2026-04-21 23:11:17,306 - httpx - INFO - HTTP Request: GET http://localhost:30386/task?agent_id=805f706a "HTTP/1.1 200 OK"
2026-04-21 23:11:17,307 - httpx - INFO - HTTP Request: GET http://localhost:30386/task?agent_id=b999e4e9 "HTTP/1.1 200 OK"
2026-04-21 23:11:17,308 - httpx - INFO - HTTP Request: GET http://localhost:30386/task?agent_id=8572dff1 "HTTP/1.1 200 OK"
2026-04-21 23:11:17,309 - httpx - INFO - HTTP Request: GET http://localhost:30386/task?agent_id=a41df205 "HTTP/1.1 200 OK"
2026-04-21 23:11:17,310 - httpx - INFO - HTTP Request: GET http://localhost:30386/task?agent_id=ec055a0a "HTTP/1.1 200 OK"
2026-04-21 23:11:20,815 - httpx - INFO - HTTP Request: GET http://localhost:30386/task?agent_id=d8b1d4a4 "HTTP/1.1 200 OK"
2026-04-21 23:11:24,151 - httpx - INFO - HTTP Request: GET http://localhost:30386/task?agent_id=6841a5b2 "HTTP/1.1 200 OK"
2026-04-21 23:11:24,153 - httpx - INFO - HTTP Request: GET http://localhost:30386/task?agent_id=805f706a "HTTP/1.1 200 OK"
2026-04-21 23:11:24,153 - httpx - INFO - HTTP Request: GET http://localhost:30386/task?agent_id=8572dff1 "HTTP/1.1 200 OK"
2026-04-21 23:11:24,156 - httpx - INFO - HTTP Request: GET http://localhost:30386/task?agent_id=acd7917f "HTTP/1.1 200 OK"
2026-04-21 23:11:24,157 - httpx - INFO - HTTP Request: GET http://localhost:30386/task?agent_id=edfd71cd "HTTP/1.1 200 OK"
2026-04-21 23:11:24,157 - httpx - INFO - HTTP Request: GET http://localhost:30386/task?agent_id=56c47bbf "HTTP/1.1 200 OK"
2026-04-21 23:11:24,162 - httpx - INFO - HTTP Request: GET http://localhost:30386/task?agent_id=a41df205 "HTTP/1.1 200 OK"
2026-04-21 23:11:24,163 - httpx - INFO - HTTP Request: GET http://localhost:30386/task?agent_id=56d0576b "HTTP/1.1 200 OK"
2026-04-21 23:11:24,169 - httpx - INFO - HTTP Request: GET http://localhost:30386/task?agent_id=a9adac56 "HTTP/1.1 200 OK"
2026-04-21 23:11:24,174 - httpx - INFO - HTTP Request: GET http://localhost:30386/task?agent_id=ec055a0a "HTTP/1.1 200 OK"
2026-04-21 23:11:24,175 - httpx - INFO - HTTP Request: GET http://localhost:30386/task?agent_id=b999e4e9 "HTTP/1.1 200 OK"
2026-04-21 23:11:24,175 - httpx - INFO - HTTP Request: GET http://localhost:30386/task?agent_id=a285a9f0 "HTTP/1.1 200 OK"
2026-04-21 23:11:24,175 - httpx - INFO - HTTP Request: GET http://localhost:30386/task?agent_id=8c7d02bb "HTTP/1.1 200 OK"
2026-04-21 23:11:24,176 - httpx - INFO - HTTP Request: GET http://localhost:30386/task?agent_id=75894596 "HTTP/1.1 200 OK"
2026-04-21 23:11:24,176 - httpx - INFO - HTTP Request: GET http://localhost:30386/task?agent_id=58c62304 "HTTP/1.1 200 OK"
2026-04-21 23:11:24,177 - httpx - INFO - HTTP Request: GET http://localhost:30386/task?agent_id=3d311254 "HTTP/1.1 200 OK"
2026-04-21 23:11:24,177 - httpx - INFO - HTTP Request: GET http://localhost:30386/task?agent_id=584a0a4c "HTTP/1.1 200 OK"
2026-04-21 23:11:24,177 - httpx - INFO - HTTP Request: GET http://localhost:30386/task?agent_id=e9a46445 "HTTP/1.1 200 OK"
2026-04-21 23:11:24,179 - httpx - INFO - HTTP Request: GET http://localhost:30386/task?agent_id=49e48c67 "HTTP/1.1 200 OK"
[BFF] 读取PublicMemory (物理路径): /mnt/d/collections2026/phd_application/nanobot1/milestone2/data/public_memory/public_memory.jsonl, top_k=2
[BFF] 读取PublicMemory完成: 0 条记录
[BFF] 读取PublicMemory (物理路径): /mnt/d/collections2026/phd_application/nanobot1/milestone2/data/public_memory/public_memory.jsonl, top_k=2
[BFF] 读取PublicMemory完成: 0 条记录
[BFF] 读取PublicMemory (物理路径): /mnt/d/collections2026/phd_application/nanobot1/milestone2/data/public_memory/public_memory.jsonl, top_k=2
[BFF] 读取PublicMemory完成: 0 条记录
[BFF] 读取PublicMemory (物理路径): /mnt/d/collections2026/phd_application/nanobot1/milestone2/data/public_memory/public_memory.jsonl, top_k=2
[BFF] 读取PublicMemory完成: 0 条记录
[BFF] 读取PublicMemory (物理路径): /mnt/d/collections2026/phd_application/nanobot1/milestone2/data/public_memory/public_memory.jsonl, top_k=2
[BFF] 读取PublicMemory完成: 0 条记录
[BFF] 读取PublicMemory (物理路径): /mnt/d/collections2026/phd_application/nanobot1/milestone2/data/public_memory/public_memory.jsonl, top_k=2
[BFF] 读取PublicMemory完成: 0 条记录
[BFF] 读取PublicMemory (物理路径): /mnt/d/collections2026/phd_application/nanobot1/milestone2/data/public_memory/public_memory.jsonl, top_k=2
[BFF] 读取PublicMemory完成: 0 条记录
[BFF] 读取PublicMemory (物理路径): /mnt/d/collections2026/phd_application/nanobot1/milestone2/data/public_memory/public_memory.jsonl, top_k=2
[BFF] 读取PublicMemory完成: 0 条记录
[BFF] 读取PublicMemory (物理路径): /mnt/d/collections2026/phd_application/nanobot1/milestone2/data/public_memory/public_memory.jsonl, top_k=2
[BFF] 读取PublicMemory完成: 0 条记录
[BFF] 读取PublicMemory (物理路径): /mnt/d/collections2026/phd_application/nanobot1/milestone2/data/public_memory/public_memory.jsonl, top_k=2
[BFF] 读取PublicMemory完成: 0 条记录
[BFF] 读取PublicMemory (物理路径): /mnt/d/collections2026/phd_application/nanobot1/milestone2/data/public_memory/public_memory.jsonl, top_k=2
[BFF] 读取PublicMemory完成: 0 条记录
[BFF] 读取PublicMemory (物理路径): /mnt/d/collections2026/phd_application/nanobot1/milestone2/data/public_memory/public_memory.jsonl, top_k=2
[BFF] 读取PublicMemory完成: 0 条记录
[BFF] 读取PublicMemory (物理路径): /mnt/d/collections2026/phd_application/nanobot1/milestone2/data/public_memory/public_memory.jsonl, top_k=2
[BFF] 读取PublicMemory完成: 0 条记录
[BFF] 读取PublicMemory (物理路径): /mnt/d/collections2026/phd_application/nanobot1/milestone2/data/public_memory/public_memory.jsonl, top_k=2
[BFF] 读取PublicMemory完成: 0 条记录
[BFF] 读取PublicMemory (物理路径): /mnt/d/collections2026/phd_application/nanobot1/milestone2/data/public_memory/public_memory.jsonl, top_k=2
[BFF] 读取PublicMemory完成: 0 条记录
[BFF] 读取PublicMemory (物理路径): /mnt/d/collections2026/phd_application/nanobot1/milestone2/data/public_memory/public_memory.jsonl, top_k=2
[BFF] 读取PublicMemory完成: 0 条记录
[BFF] 读取PublicMemory (物理路径): /mnt/d/collections2026/phd_application/nanobot1/milestone2/data/public_memory/public_memory.jsonl, top_k=2
[BFF] 读取PublicMemory完成: 0 条记录
[BFF] 读取PublicMemory (物理路径): /mnt/d/collections2026/phd_application/nanobot1/milestone2/data/public_memory/public_memory.jsonl, top_k=2
[BFF] 读取PublicMemory完成: 0 条记录
[BFF] 读取PublicMemory (物理路径): /mnt/d/collections2026/phd_application/nanobot1/milestone2/data/public_memory/public_memory.jsonl, top_k=2
[BFF] 读取PublicMemory完成: 0 条记录
[BFF] 读取PublicMemory (物理路径): /mnt/d/collections2026/phd_application/nanobot1/milestone2/data/public_memory/public_memory.jsonl, top_k=2
[BFF] 读取PublicMemory完成: 0 条记录
[BFF] 读取PublicMemory (物理路径): /mnt/d/collections2026/phd_application/nanobot1/milestone2/data/public_memory/public_memory.jsonl, top_k=2
[BFF] 读取PublicMemory完成: 0 条记录
[BFF] 读取PublicMemory (物理路径): /mnt/d/collections2026/phd_application/nanobot1/milestone2/data/public_memory/public_memory.jsonl, top_k=2
[BFF] 读取PublicMemory完成: 0 条记录
[BFF] 读取PublicMemory (物理路径): /mnt/d/collections2026/phd_application/nanobot1/milestone2/data/public_memory/public_memory.jsonl, top_k=2
[BFF] 读取PublicMemory完成: 0 条记录
[BFF] 邻居发现: 所有父子关系已建立
[BFF] 读取PublicMemory (物理路径): /mnt/d/collections2026/phd_application/nanobot1/milestone2/data/public_memory/public_memory.jsonl, top_k=2
[BFF] 读取PublicMemory完成: 0 条记录
[BFF] 读取PublicMemory (物理路径): /mnt/d/collections2026/phd_application/nanobot1/milestone2/data/public_memory/public_memory.jsonl, top_k=2
[BFF] 读取PublicMemory完成: 0 条记录
[BFF] 读取PublicMemory (物理路径): /mnt/d/collections2026/phd_application/nanobot1/milestone2/data/public_memory/public_memory.jsonl, top_k=2
[BFF] 读取PublicMemory完成: 0 条记录
[BFF] 读取PublicMemory (物理路径): /mnt/d/collections2026/phd_application/nanobot1/milestone2/data/public_memory/public_memory.jsonl, top_k=2
[BFF] 读取PublicMemory完成: 0 条记录
[BFF] 读取PublicMemory (物理路径): /mnt/d/collections2026/phd_application/nanobot1/milestone2/data/public_memory/public_memory.jsonl, top_k=2
[BFF] 读取PublicMemory完成: 0 条记录
[BFF] 读取PublicMemory (物理路径): /mnt/d/collections2026/phd_application/nanobot1/milestone2/data/public_memory/public_memory.jsonl, top_k=2
[BFF] 读取PublicMemory完成: 0 条记录
[BFF] 读取PublicMemory (物理路径): /mnt/d/collections2026/phd_application/nanobot1/milestone2/data/public_memory/public_memory.jsonl, top_k=2
[BFF] 读取PublicMemory完成: 0 条记录
[BFF] 读取PublicMemory (物理路径): /mnt/d/collections2026/phd_application/nanobot1/milestone2/data/public_memory/public_memory.jsonl, top_k=2
[BFF] 读取PublicMemory完成: 0 条记录
[BFF] 读取PublicMemory (物理路径): /mnt/d/collections2026/phd_application/nanobot1/milestone2/data/public_memory/public_memory.jsonl, top_k=2
[BFF] 读取PublicMemory完成: 0 条记录
[BFF] 读取PublicMemory (物理路径): /mnt/d/collections2026/phd_application/nanobot1/milestone2/data/public_memory/public_memory.jsonl, top_k=2
[BFF] 读取PublicMemory完成: 0 条记录
[BFF] 读取PublicMemory (物理路径): /mnt/d/collections2026/phd_application/nanobot1/milestone2/data/public_memory/public_memory.jsonl, top_k=2
[BFF] 读取PublicMemory完成: 0 条记录
[BFF] 读取PublicMemory (物理路径): /mnt/d/collections2026/phd_application/nanobot1/milestone2/data/public_memory/public_memory.jsonl, top_k=2
[BFF] 读取PublicMemory完成: 0 条记录
[BFF] 读取PublicMemory (物理路径): /mnt/d/collections2026/phd_application/nanobot1/milestone2/data/public_memory/public_memory.jsonl, top_k=2
[BFF] 读取PublicMemory完成: 0 条记录
[BFF] 读取PublicMemory (物理路径): /mnt/d/collections2026/phd_application/nanobot1/milestone2/data/public_memory/public_memory.jsonl, top_k=2
[BFF] 读取PublicMemory完成: 0 条记录
[BFF] 读取PublicMemory (物理路径): /mnt/d/collections2026/phd_application/nanobot1/milestone2/data/public_memory/public_memory.jsonl, top_k=2
[BFF] 读取PublicMemory完成: 0 条记录
[BFF] 读取PublicMemory (物理路径): /mnt/d/collections2026/phd_application/nanobot1/milestone2/data/public_memory/public_memory.jsonl, top_k=2
[BFF] 读取PublicMemory完成: 0 条记录
[BFF] 读取PublicMemory (物理路径): /mnt/d/collections2026/phd_application/nanobot1/milestone2/data/public_memory/public_memory.jsonl, top_k=2
[BFF] 读取PublicMemory完成: 0 条记录
[BFF] 读取PublicMemory (物理路径): /mnt/d/collections2026/phd_application/nanobot1/milestone2/data/public_memory/public_memory.jsonl, top_k=2
[BFF] 读取PublicMemory完成: 0 条记录
[BFF] 读取PublicMemory (物理路径): /mnt/d/collections2026/phd_application/nanobot1/milestone2/data/public_memory/public_memory.jsonl, top_k=2
[BFF] 读取PublicMemory完成: 0 条记录
2026-04-21 23:11:25,792 - httpx - INFO - HTTP Request: GET http://localhost:30386/task?agent_id=d8b1d4a4 "HTTP/1.1 200 OK"
2026-04-21 23:11:27,571 - httpx - INFO - HTTP Request: GET http://localhost:30386/task?agent_id=805f706a "HTTP/1.1 200 OK"
2026-04-21 23:11:31,907 - httpx - INFO - HTTP Request: GET http://localhost:30386/task?agent_id=8c7d02bb "HTTP/1.1 200 OK"
2026-04-21 23:11:31,908 - httpx - INFO - HTTP Request: GET http://localhost:30386/task?agent_id=a9adac56 "HTTP/1.1 200 OK"
2026-04-21 23:11:31,908 - httpx - INFO - HTTP Request: GET http://localhost:30386/task?agent_id=e9a46445 "HTTP/1.1 200 OK"
2026-04-21 23:11:31,911 - httpx - INFO - HTTP Request: GET http://localhost:30386/task?agent_id=a285a9f0 "HTTP/1.1 200 OK"
2026-04-21 23:11:31,911 - httpx - INFO - HTTP Request: GET http://localhost:30386/task?agent_id=58c62304 "HTTP/1.1 200 OK"
2026-04-21 23:11:31,915 - httpx - INFO - HTTP Request: GET http://localhost:30386/task?agent_id=75894596 "HTTP/1.1 200 OK"
2026-04-21 23:11:31,915 - httpx - INFO - HTTP Request: GET http://localhost:30386/task?agent_id=584a0a4c "HTTP/1.1 200 OK"
2026-04-21 23:11:31,916 - httpx - INFO - HTTP Request: GET http://localhost:30386/task?agent_id=3d311254 "HTTP/1.1 200 OK"
2026-04-21 23:11:31,916 - httpx - INFO - HTTP Request: GET http://localhost:30386/task?agent_id=ec055a0a "HTTP/1.1 200 OK"
2026-04-21 23:11:31,917 - httpx - INFO - HTTP Request: GET http://localhost:30386/task?agent_id=56c47bbf "HTTP/1.1 200 OK"
2026-04-21 23:11:31,917 - httpx - INFO - HTTP Request: GET http://localhost:30386/task?agent_id=acd7917f "HTTP/1.1 200 OK"
2026-04-21 23:11:31,922 - httpx - INFO - HTTP Request: GET http://localhost:30386/task?agent_id=edfd71cd "HTTP/1.1 200 OK"
2026-04-21 23:11:31,922 - httpx - INFO - HTTP Request: GET http://localhost:30386/task?agent_id=56d0576b "HTTP/1.1 200 OK"
2026-04-21 23:11:31,923 - httpx - INFO - HTTP Request: GET http://localhost:30386/task?agent_id=a41df205 "HTTP/1.1 200 OK"
2026-04-21 23:11:31,923 - httpx - INFO - HTTP Request: GET http://localhost:30386/task?agent_id=b999e4e9 "HTTP/1.1 200 OK"
2026-04-21 23:11:31,924 - httpx - INFO - HTTP Request: GET http://localhost:30386/task?agent_id=6841a5b2 "HTTP/1.1 200 OK"
2026-04-21 23:11:31,924 - httpx - INFO - HTTP Request: GET http://localhost:30386/task?agent_id=8572dff1 "HTTP/1.1 200 OK"
2026-04-21 23:11:31,925 - httpx - INFO - HTTP Request: GET http://localhost:30386/task?agent_id=d8b1d4a4 "HTTP/1.1 200 OK"
2026-04-21 23:11:31,925 - httpx - INFO - HTTP Request: GET http://localhost:30386/task?agent_id=49e48c67 "HTTP/1.1 200 OK"
2026-04-21 23:11:31,950 - httpx - INFO - HTTP Request: GET http://localhost:30386/task?agent_id=805f706a "HTTP/1.1 200 OK"
2026-04-21 23:11:37,270 - httpx - INFO - HTTP Request: GET http://localhost:30386/task?agent_id=acd7917f "HTTP/1.1 200 OK"
2026-04-21 23:11:37,271 - httpx - INFO - HTTP Request: GET http://localhost:30386/task?agent_id=ec055a0a "HTTP/1.1 200 OK"
2026-04-21 23:11:37,272 - httpx - INFO - HTTP Request: GET http://localhost:30386/task?agent_id=6841a5b2 "HTTP/1.1 200 OK"
2026-04-21 23:11:39,312 - httpx - INFO - HTTP Request: GET http://localhost:30386/task?agent_id=584a0a4c "HTTP/1.1 200 OK"
2026-04-21 23:11:39,314 - httpx - INFO - HTTP Request: GET http://localhost:30386/task?agent_id=e9a46445 "HTTP/1.1 200 OK"
2026-04-21 23:11:39,317 - httpx - INFO - HTTP Request: GET http://localhost:30386/task?agent_id=d8b1d4a4 "HTTP/1.1 200 OK"
2026-04-21 23:11:39,323 - httpx - INFO - HTTP Request: GET http://localhost:30386/task?agent_id=8c7d02bb "HTTP/1.1 200 OK"
2026-04-21 23:11:39,324 - httpx - INFO - HTTP Request: GET http://localhost:30386/task?agent_id=a9adac56 "HTTP/1.1 200 OK"
2026-04-21 23:11:39,325 - httpx - INFO - HTTP Request: GET http://localhost:30386/task?agent_id=58c62304 "HTTP/1.1 200 OK"
2026-04-21 23:11:39,326 - httpx - INFO - HTTP Request: GET http://localhost:30386/task?agent_id=75894596 "HTTP/1.1 200 OK"
2026-04-21 23:11:39,327 - httpx - INFO - HTTP Request: GET http://localhost:30386/task?agent_id=3d311254 "HTTP/1.1 200 OK"
2026-04-21 23:11:39,328 - httpx - INFO - HTTP Request: GET http://localhost:30386/task?agent_id=49e48c67 "HTTP/1.1 200 OK"
2026-04-21 23:11:39,330 - httpx - INFO - HTTP Request: GET http://localhost:30386/task?agent_id=a285a9f0 "HTTP/1.1 200 OK"
2026-04-21 23:11:39,342 - httpx - INFO - HTTP Request: GET http://localhost:30386/task?agent_id=805f706a "HTTP/1.1 200 OK"
2026-04-21 23:11:39,344 - httpx - INFO - HTTP Request: GET http://localhost:30386/task?agent_id=56d0576b "HTTP/1.1 200 OK"
2026-04-21 23:11:39,345 - httpx - INFO - HTTP Request: GET http://localhost:30386/task?agent_id=b999e4e9 "HTTP/1.1 200 OK"
2026-04-21 23:11:39,350 - httpx - INFO - HTTP Request: GET http://localhost:30386/task?agent_id=a41df205 "HTTP/1.1 200 OK"
2026-04-21 23:11:39,350 - httpx - INFO - HTTP Request: GET http://localhost:30386/task?agent_id=edfd71cd "HTTP/1.1 200 OK"
2026-04-21 23:11:39,351 - httpx - INFO - HTTP Request: GET http://localhost:30386/task?agent_id=56c47bbf "HTTP/1.1 200 OK"
2026-04-21 23:11:39,352 - httpx - INFO - HTTP Request: GET http://localhost:30386/task?agent_id=8572dff1 "HTTP/1.1 200 OK"
[BFF] 读取PublicMemory (物理路径): /mnt/d/collections2026/phd_application/nanobot1/milestone2/data/public_memory/public_memory.jsonl, top_k=2
[BFF] 读取PublicMemory完成: 0 条记录
[BFF] 读取PublicMemory (物理路径): /mnt/d/collections2026/phd_application/nanobot1/milestone2/data/public_memory/public_memory.jsonl, top_k=2
[BFF] 读取PublicMemory完成: 0 条记录
[BFF] 读取PublicMemory (物理路径): /mnt/d/collections2026/phd_application/nanobot1/milestone2/data/public_memory/public_memory.jsonl, top_k=2
[BFF] 读取PublicMemory完成: 0 条记录
[BFF] 读取PublicMemory (物理路径): /mnt/d/collections2026/phd_application/nanobot1/milestone2/data/public_memory/public_memory.jsonl, top_k=2
[BFF] 读取PublicMemory完成: 0 条记录
[BFF] 读取PublicMemory (物理路径): /mnt/d/collections2026/phd_application/nanobot1/milestone2/data/public_memory/public_memory.jsonl, top_k=2
[BFF] 读取PublicMemory完成: 0 条记录
[BFF] 读取PublicMemory (物理路径): /mnt/d/collections2026/phd_application/nanobot1/milestone2/data/public_memory/public_memory.jsonl, top_k=2
[BFF] 读取PublicMemory完成: 0 条记录
[BFF] 读取PublicMemory (物理路径): /mnt/d/collections2026/phd_application/nanobot1/milestone2/data/public_memory/public_memory.jsonl, top_k=2
[BFF] 读取PublicMemory完成: 0 条记录
[BFF] 读取PublicMemory (物理路径): /mnt/d/collections2026/phd_application/nanobot1/milestone2/data/public_memory/public_memory.jsonl, top_k=2
[BFF] 读取PublicMemory完成: 0 条记录
[BFF] 读取PublicMemory (物理路径): /mnt/d/collections2026/phd_application/nanobot1/milestone2/data/public_memory/public_memory.jsonl, top_k=2
[BFF] 读取PublicMemory完成: 0 条记录
[BFF] 读取PublicMemory (物理路径): /mnt/d/collections2026/phd_application/nanobot1/milestone2/data/public_memory/public_memory.jsonl, top_k=2
[BFF] 读取PublicMemory完成: 0 条记录
[BFF] 读取PublicMemory (物理路径): /mnt/d/collections2026/phd_application/nanobot1/milestone2/data/public_memory/public_memory.jsonl, top_k=2
[BFF] 读取PublicMemory完成: 0 条记录
[BFF] 读取PublicMemory (物理路径): /mnt/d/collections2026/phd_application/nanobot1/milestone2/data/public_memory/public_memory.jsonl, top_k=2
[BFF] 读取PublicMemory完成: 0 条记录
[BFF] 读取PublicMemory (物理路径): /mnt/d/collections2026/phd_application/nanobot1/milestone2/data/public_memory/public_memory.jsonl, top_k=2
[BFF] 读取PublicMemory完成: 0 条记录
[BFF] 读取PublicMemory (物理路径): /mnt/d/collections2026/phd_application/nanobot1/milestone2/data/public_memory/public_memory.jsonl, top_k=2
[BFF] 读取PublicMemory完成: 0 条记录
[BFF] 读取PublicMemory (物理路径): /mnt/d/collections2026/phd_application/nanobot1/milestone2/data/public_memory/public_memory.jsonl, top_k=2
[BFF] 读取PublicMemory完成: 0 条记录
[BFF] 读取PublicMemory (物理路径): /mnt/d/collections2026/phd_application/nanobot1/milestone2/data/public_memory/public_memory.jsonl, top_k=2
[BFF] 读取PublicMemory完成: 0 条记录
[BFF] 读取PublicMemory (物理路径): /mnt/d/collections2026/phd_application/nanobot1/milestone2/data/public_memory/public_memory.jsonl, top_k=2
[BFF] 读取PublicMemory完成: 0 条记录
[BFF] 读取PublicMemory (物理路径): /mnt/d/collections2026/phd_application/nanobot1/milestone2/data/public_memory/public_memory.jsonl, top_k=2
[BFF] 读取PublicMemory完成: 0 条记录
[BFF] 读取PublicMemory (物理路径): /mnt/d/collections2026/phd_application/nanobot1/milestone2/data/public_memory/public_memory.jsonl, top_k=2
[BFF] 读取PublicMemory完成: 0 条记录
[BFF] 读取PublicMemory (物理路径): /mnt/d/collections2026/phd_application/nanobot1/milestone2/data/public_memory/public_memory.jsonl, top_k=2
[BFF] 读取PublicMemory完成: 0 条记录
[BFF] 读取PublicMemory (物理路径): /mnt/d/collections2026/phd_application/nanobot1/milestone2/data/public_memory/public_memory.jsonl, top_k=2
[BFF] 读取PublicMemory完成: 0 条记录
[BFF] 读取PublicMemory (物理路径): /mnt/d/collections2026/phd_application/nanobot1/milestone2/data/public_memory/public_memory.jsonl, top_k=2
[BFF] 读取PublicMemory完成: 0 条记录
[BFF] 读取PublicMemory (物理路径): /mnt/d/collections2026/phd_application/nanobot1/milestone2/data/public_memory/public_memory.jsonl, top_k=2
[BFF] 读取PublicMemory完成: 0 条记录
[BFF] 读取PublicMemory (物理路径): /mnt/d/collections2026/phd_application/nanobot1/milestone2/data/public_memory/public_memory.jsonl, top_k=2
[BFF] 读取PublicMemory完成: 0 条记录
[BFF] 读取PublicMemory (物理路径): /mnt/d/collections2026/phd_application/nanobot1/milestone2/data/public_memory/public_memory.jsonl, top_k=2
[BFF] 读取PublicMemory完成: 0 条记录
[BFF] 读取PublicMemory (物理路径): /mnt/d/collections2026/phd_application/nanobot1/milestone2/data/public_memory/public_memory.jsonl, top_k=2
[BFF] 读取PublicMemory完成: 0 条记录
[BFF] 读取PublicMemory (物理路径): /mnt/d/collections2026/phd_application/nanobot1/milestone2/data/public_memory/public_memory.jsonl, top_k=2
[BFF] 读取PublicMemory完成: 0 条记录
[BFF] 读取PublicMemory (物理路径): /mnt/d/collections2026/phd_application/nanobot1/milestone2/data/public_memory/public_memory.jsonl, top_k=2
[BFF] 读取PublicMemory完成: 0 条记录
[BFF] 读取PublicMemory (物理路径): /mnt/d/collections2026/phd_application/nanobot1/milestone2/data/public_memory/public_memory.jsonl, top_k=2
[BFF] 读取PublicMemory完成: 0 条记录
[BFF] 读取PublicMemory (物理路径): /mnt/d/collections2026/phd_application/nanobot1/milestone2/data/public_memory/public_memory.jsonl, top_k=2
[BFF] 读取PublicMemory完成: 0 条记录
[BFF] 读取PublicMemory (物理路径): /mnt/d/collections2026/phd_application/nanobot1/milestone2/data/public_memory/public_memory.jsonl, top_k=2
[BFF] 读取PublicMemory完成: 0 条记录
[BFF] 读取PublicMemory (物理路径): /mnt/d/collections2026/phd_application/nanobot1/milestone2/data/public_memory/public_memory.jsonl, top_k=2
[BFF] 读取PublicMemory完成: 0 条记录
[BFF] 读取PublicMemory (物理路径): /mnt/d/collections2026/phd_application/nanobot1/milestone2/data/public_memory/public_memory.jsonl, top_k=2
[BFF] 读取PublicMemory完成: 0 条记录
[BFF] 读取PublicMemory (物理路径): /mnt/d/collections2026/phd_application/nanobot1/milestone2/data/public_memory/public_memory.jsonl, top_k=2
[BFF] 读取PublicMemory完成: 0 条记录
[BFF] 读取PublicMemory (物理路径): /mnt/d/collections2026/phd_application/nanobot1/milestone2/data/public_memory/public_memory.jsonl, top_k=2
[BFF] 读取PublicMemory完成: 0 条记录
[BFF] 读取PublicMemory (物理路径): /mnt/d/collections2026/phd_application/nanobot1/milestone2/data/public_memory/public_memory.jsonl, top_k=2
[BFF] 读取PublicMemory完成: 0 条记录
[BFF] 读取PublicMemory (物理路径): /mnt/d/collections2026/phd_application/nanobot1/milestone2/data/public_memory/public_memory.jsonl, top_k=2
[BFF] 读取PublicMemory完成: 0 条记录
[BFF] 读取PublicMemory (物理路径): /mnt/d/collections2026/phd_application/nanobot1/milestone2/data/public_memory/public_memory.jsonl, top_k=2
[BFF] 读取PublicMemory完成: 0 条记录
[BFF] 读取PublicMemory (物理路径): /mnt/d/collections2026/phd_application/nanobot1/milestone2/data/public_memory/public_memory.jsonl, top_k=2
[BFF] 读取PublicMemory完成: 0 条记录
[BFF] 读取PublicMemory (物理路径): /mnt/d/collections2026/phd_application/nanobot1/milestone2/data/public_memory/public_memory.jsonl, top_k=2
[BFF] 读取PublicMemory完成: 0 条记录
[BFF] 读取PublicMemory (物理路径): /mnt/d/collections2026/phd_application/nanobot1/milestone2/data/public_memory/public_memory.jsonl, top_k=2
[BFF] 读取PublicMemory完成: 0 条记录
[BFF] 读取PublicMemory (物理路径): /mnt/d/collections2026/phd_application/nanobot1/milestone2/data/public_memory/public_memory.jsonl, top_k=2
[BFF] 读取PublicMemory完成: 0 条记录
2026-04-21 23:11:42,325 - httpx - INFO - HTTP Request: GET http://localhost:30386/task?agent_id=ec055a0a "HTTP/1.1 200 OK"
2026-04-21 23:11:42,338 - httpx - INFO - HTTP Request: GET http://localhost:30386/task?agent_id=acd7917f "HTTP/1.1 200 OK"
2026-04-21 23:11:42,339 - httpx - INFO - HTTP Request: GET http://localhost:30386/task?agent_id=6841a5b2 "HTTP/1.1 200 OK"
2026-04-21 23:11:45,849 - httpx - INFO - HTTP Request: GET http://localhost:30386/task?agent_id=56c47bbf "HTTP/1.1 200 OK"
2026-04-21 23:11:46,060 - httpx - INFO - HTTP Request: GET http://localhost:30386/task?agent_id=a41df205 "HTTP/1.1 200 OK"
2026-04-21 23:11:46,064 - httpx - INFO - HTTP Request: GET http://localhost:30386/task?agent_id=b999e4e9 "HTTP/1.1 200 OK"
2026-04-21 23:11:46,065 - httpx - INFO - HTTP Request: GET http://localhost:30386/task?agent_id=edfd71cd "HTTP/1.1 200 OK"
2026-04-21 23:11:46,065 - httpx - INFO - HTTP Request: GET http://localhost:30386/task?agent_id=56d0576b "HTTP/1.1 200 OK"
2026-04-21 23:11:46,065 - httpx - INFO - HTTP Request: GET http://localhost:30386/task?agent_id=805f706a "HTTP/1.1 200 OK"
2026-04-21 23:11:46,066 - httpx - INFO - HTTP Request: GET http://localhost:30386/task?agent_id=8572dff1 "HTTP/1.1 200 OK"
2026-04-21 23:11:46,066 - httpx - INFO - HTTP Request: GET http://localhost:30386/task?agent_id=d8b1d4a4 "HTTP/1.1 200 OK"
2026-04-21 23:11:46,078 - httpx - INFO - HTTP Request: GET http://localhost:30386/task?agent_id=a9adac56 "HTTP/1.1 200 OK"
2026-04-21 23:11:46,078 - httpx - INFO - HTTP Request: GET http://localhost:30386/task?agent_id=e9a46445 "HTTP/1.1 200 OK"
2026-04-21 23:11:46,079 - httpx - INFO - HTTP Request: GET http://localhost:30386/task?agent_id=58c62304 "HTTP/1.1 200 OK"
2026-04-21 23:11:46,079 - httpx - INFO - HTTP Request: GET http://localhost:30386/task?agent_id=49e48c67 "HTTP/1.1 200 OK"
2026-04-21 23:11:46,080 - httpx - INFO - HTTP Request: GET http://localhost:30386/task?agent_id=75894596 "HTTP/1.1 200 OK"
2026-04-21 23:11:46,080 - httpx - INFO - HTTP Request: GET http://localhost:30386/task?agent_id=3d311254 "HTTP/1.1 200 OK"
2026-04-21 23:11:46,081 - httpx - INFO - HTTP Request: GET http://localhost:30386/task?agent_id=a285a9f0 "HTTP/1.1 200 OK"
2026-04-21 23:11:46,081 - httpx - INFO - HTTP Request: GET http://localhost:30386/task?agent_id=8c7d02bb "HTTP/1.1 200 OK"
2026-04-21 23:11:46,082 - httpx - INFO - HTTP Request: GET http://localhost:30386/task?agent_id=584a0a4c "HTTP/1.1 200 OK"
2026-04-21 23:11:46,096 - httpx - INFO - HTTP Request: GET http://localhost:30386/task?agent_id=ec055a0a "HTTP/1.1 200 OK"
2026-04-21 23:11:46,098 - httpx - INFO - HTTP Request: GET http://localhost:30386/task?agent_id=6841a5b2 "HTTP/1.1 200 OK"
2026-04-21 23:11:46,098 - httpx - INFO - HTTP Request: GET http://localhost:30386/task?agent_id=acd7917f "HTTP/1.1 200 OK"
2026-04-21 23:11:50,363 - httpx - INFO - HTTP Request: GET http://localhost:30386/task?agent_id=acd7917f "HTTP/1.1 200 OK"
2026-04-21 23:11:50,364 - httpx - INFO - HTTP Request: GET http://localhost:30386/task?agent_id=6841a5b2 "HTTP/1.1 200 OK"
2026-04-21 23:11:50,365 - httpx - INFO - HTTP Request: GET http://localhost:30386/task?agent_id=a41df205 "HTTP/1.1 200 OK"
2026-04-21 23:11:50,368 - httpx - INFO - HTTP Request: GET http://localhost:30386/task?agent_id=ec055a0a "HTTP/1.1 200 OK"
2026-04-21 23:11:54,107 - httpx - INFO - HTTP Request: GET http://localhost:30386/task?agent_id=56d0576b "HTTP/1.1 200 OK"
2026-04-21 23:11:54,109 - httpx - INFO - HTTP Request: GET http://localhost:30386/task?agent_id=b999e4e9 "HTTP/1.1 200 OK"
2026-04-21 23:11:54,181 - httpx - INFO - HTTP Request: GET http://localhost:30386/task?agent_id=edfd71cd "HTTP/1.1 200 OK"
2026-04-21 23:11:54,235 - httpx - INFO - HTTP Request: GET http://localhost:30386/task?agent_id=56c47bbf "HTTP/1.1 200 OK"
2026-04-21 23:11:54,237 - httpx - INFO - HTTP Request: GET http://localhost:30386/task?agent_id=8572dff1 "HTTP/1.1 200 OK"
2026-04-21 23:11:54,238 - httpx - INFO - HTTP Request: GET http://localhost:30386/task?agent_id=805f706a "HTTP/1.1 200 OK"
2026-04-21 23:11:54,244 - httpx - INFO - HTTP Request: GET http://localhost:30386/task?agent_id=a285a9f0 "HTTP/1.1 200 OK"
2026-04-21 23:11:54,245 - httpx - INFO - HTTP Request: GET http://localhost:30386/task?agent_id=e9a46445 "HTTP/1.1 200 OK"
2026-04-21 23:11:54,246 - httpx - INFO - HTTP Request: GET http://localhost:30386/task?agent_id=d8b1d4a4 "HTTP/1.1 200 OK"
2026-04-21 23:11:54,258 - httpx - INFO - HTTP Request: GET http://localhost:30386/task?agent_id=58c62304 "HTTP/1.1 200 OK"
2026-04-21 23:11:54,259 - httpx - INFO - HTTP Request: GET http://localhost:30386/task?agent_id=a9adac56 "HTTP/1.1 200 OK"
2026-04-21 23:11:54,260 - httpx - INFO - HTTP Request: GET http://localhost:30386/task?agent_id=584a0a4c "HTTP/1.1 200 OK"
2026-04-21 23:11:54,260 - httpx - INFO - HTTP Request: GET http://localhost:30386/task?agent_id=8c7d02bb "HTTP/1.1 200 OK"
2026-04-21 23:11:54,261 - httpx - INFO - HTTP Request: GET http://localhost:30386/task?agent_id=75894596 "HTTP/1.1 200 OK"
2026-04-21 23:11:54,261 - httpx - INFO - HTTP Request: GET http://localhost:30386/task?agent_id=3d311254 "HTTP/1.1 200 OK"
2026-04-21 23:11:54,261 - httpx - INFO - HTTP Request: GET http://localhost:30386/task?agent_id=49e48c67 "HTTP/1.1 200 OK"
2026-04-21 23:11:54,277 - httpx - INFO - HTTP Request: GET http://localhost:30386/task?agent_id=acd7917f "HTTP/1.1 200 OK"
2026-04-21 23:11:54,279 - httpx - INFO - HTTP Request: GET http://localhost:30386/task?agent_id=a41df205 "HTTP/1.1 200 OK"
2026-04-21 23:11:54,280 - httpx - INFO - HTTP Request: GET http://localhost:30386/task?agent_id=6841a5b2 "HTTP/1.1 200 OK"
2026-04-21 23:11:54,283 - httpx - INFO - HTTP Request: GET http://localhost:30386/task?agent_id=ec055a0a "HTTP/1.1 200 OK"
[BFF] 读取PublicMemory (物理路径): /mnt/d/collections2026/phd_application/nanobot1/milestone2/data/public_memory/public_memory.jsonl, top_k=2
[BFF] 读取PublicMemory完成: 0 条记录
[BFF] 读取PublicMemory (物理路径): /mnt/d/collections2026/phd_application/nanobot1/milestone2/data/public_memory/public_memory.jsonl, top_k=2
[BFF] 读取PublicMemory完成: 0 条记录
[BFF] 读取PublicMemory (物理路径): /mnt/d/collections2026/phd_application/nanobot1/milestone2/data/public_memory/public_memory.jsonl, top_k=2
[BFF] 读取PublicMemory完成: 0 条记录
[BFF] 读取PublicMemory (物理路径): /mnt/d/collections2026/phd_application/nanobot1/milestone2/data/public_memory/public_memory.jsonl, top_k=2
[BFF] 读取PublicMemory完成: 0 条记录
[BFF] 读取PublicMemory (物理路径): /mnt/d/collections2026/phd_application/nanobot1/milestone2/data/public_memory/public_memory.jsonl, top_k=2
[BFF] 读取PublicMemory完成: 0 条记录
[BFF] 读取PublicMemory (物理路径): /mnt/d/collections2026/phd_application/nanobot1/milestone2/data/public_memory/public_memory.jsonl, top_k=2
[BFF] 读取PublicMemory完成: 0 条记录
[BFF] 读取PublicMemory (物理路径): /mnt/d/collections2026/phd_application/nanobot1/milestone2/data/public_memory/public_memory.jsonl, top_k=2
[BFF] 读取PublicMemory完成: 0 条记录
[BFF] 读取PublicMemory (物理路径): /mnt/d/collections2026/phd_application/nanobot1/milestone2/data/public_memory/public_memory.jsonl, top_k=2
[BFF] 读取PublicMemory完成: 0 条记录
[BFF] 读取PublicMemory (物理路径): /mnt/d/collections2026/phd_application/nanobot1/milestone2/data/public_memory/public_memory.jsonl, top_k=2
[BFF] 读取PublicMemory完成: 0 条记录
[BFF] 读取PublicMemory (物理路径): /mnt/d/collections2026/phd_application/nanobot1/milestone2/data/public_memory/public_memory.jsonl, top_k=2
[BFF] 读取PublicMemory完成: 0 条记录
[BFF] 读取PublicMemory (物理路径): /mnt/d/collections2026/phd_application/nanobot1/milestone2/data/public_memory/public_memory.jsonl, top_k=2
[BFF] 读取PublicMemory完成: 0 条记录
[BFF] 读取PublicMemory (物理路径): /mnt/d/collections2026/phd_application/nanobot1/milestone2/data/public_memory/public_memory.jsonl, top_k=2
[BFF] 读取PublicMemory完成: 0 条记录
[BFF] 读取PublicMemory (物理路径): /mnt/d/collections2026/phd_application/nanobot1/milestone2/data/public_memory/public_memory.jsonl, top_k=2
[BFF] 读取PublicMemory完成: 0 条记录
[BFF] 读取PublicMemory (物理路径): /mnt/d/collections2026/phd_application/nanobot1/milestone2/data/public_memory/public_memory.jsonl, top_k=2
[BFF] 读取PublicMemory完成: 0 条记录
[BFF] 读取PublicMemory (物理路径): /mnt/d/collections2026/phd_application/nanobot1/milestone2/data/public_memory/public_memory.jsonl, top_k=2
[BFF] 读取PublicMemory完成: 0 条记录
[BFF] 读取PublicMemory (物理路径): /mnt/d/collections2026/phd_application/nanobot1/milestone2/data/public_memory/public_memory.jsonl, top_k=2
[BFF] 读取PublicMemory完成: 0 条记录
[BFF] 读取PublicMemory (物理路径): /mnt/d/collections2026/phd_application/nanobot1/milestone2/data/public_memory/public_memory.jsonl, top_k=2
[BFF] 读取PublicMemory完成: 0 条记录
[BFF] 读取PublicMemory (物理路径): /mnt/d/collections2026/phd_application/nanobot1/milestone2/data/public_memory/public_memory.jsonl, top_k=2
[BFF] 读取PublicMemory完成: 0 条记录
[BFF] 读取PublicMemory (物理路径): /mnt/d/collections2026/phd_application/nanobot1/milestone2/data/public_memory/public_memory.jsonl, top_k=2
[BFF] 读取PublicMemory完成: 0 条记录
[BFF] 读取PublicMemory (物理路径): /mnt/d/collections2026/phd_application/nanobot1/milestone2/data/public_memory/public_memory.jsonl, top_k=2
[BFF] 读取PublicMemory完成: 0 条记录
[BFF] 读取PublicMemory (物理路径): /mnt/d/collections2026/phd_application/nanobot1/milestone2/data/public_memory/public_memory.jsonl, top_k=2
[BFF] 读取PublicMemory完成: 0 条记录
[BFF] 读取PublicMemory (物理路径): /mnt/d/collections2026/phd_application/nanobot1/milestone2/data/public_memory/public_memory.jsonl, top_k=2
[BFF] 读取PublicMemory完成: 0 条记录
[BFF] 读取PublicMemory (物理路径): /mnt/d/collections2026/phd_application/nanobot1/milestone2/data/public_memory/public_memory.jsonl, top_k=2
[BFF] 读取PublicMemory完成: 0 条记录
[BFF] 读取PublicMemory (物理路径): /mnt/d/collections2026/phd_application/nanobot1/milestone2/data/public_memory/public_memory.jsonl, top_k=2
[BFF] 读取PublicMemory完成: 0 条记录
[BFF] 读取PublicMemory (物理路径): /mnt/d/collections2026/phd_application/nanobot1/milestone2/data/public_memory/public_memory.jsonl, top_k=2
[BFF] 读取PublicMemory完成: 0 条记录
[BFF] 读取PublicMemory (物理路径): /mnt/d/collections2026/phd_application/nanobot1/milestone2/data/public_memory/public_memory.jsonl, top_k=2
[BFF] 读取PublicMemory完成: 0 条记录
[BFF] 读取PublicMemory (物理路径): /mnt/d/collections2026/phd_application/nanobot1/milestone2/data/public_memory/public_memory.jsonl, top_k=2
[BFF] 读取PublicMemory完成: 0 条记录
[BFF] 读取PublicMemory (物理路径): /mnt/d/collections2026/phd_application/nanobot1/milestone2/data/public_memory/public_memory.jsonl, top_k=2
[BFF] 读取PublicMemory完成: 0 条记录
[BFF] 读取PublicMemory (物理路径): /mnt/d/collections2026/phd_application/nanobot1/milestone2/data/public_memory/public_memory.jsonl, top_k=2
[BFF] 读取PublicMemory完成: 0 条记录
[BFF] 读取PublicMemory (物理路径): /mnt/d/collections2026/phd_application/nanobot1/milestone2/data/public_memory/public_memory.jsonl, top_k=2
[BFF] 读取PublicMemory完成: 0 条记录
[BFF] 读取PublicMemory (物理路径): /mnt/d/collections2026/phd_application/nanobot1/milestone2/data/public_memory/public_memory.jsonl, top_k=2
[BFF] 读取PublicMemory完成: 0 条记录
[BFF] 读取PublicMemory (物理路径): /mnt/d/collections2026/phd_application/nanobot1/milestone2/data/public_memory/public_memory.jsonl, top_k=2
[BFF] 读取PublicMemory完成: 0 条记录
[BFF] 读取PublicMemory (物理路径): /mnt/d/collections2026/phd_application/nanobot1/milestone2/data/public_memory/public_memory.jsonl, top_k=2
[BFF] 读取PublicMemory完成: 0 条记录
[BFF] 读取PublicMemory (物理路径): /mnt/d/collections2026/phd_application/nanobot1/milestone2/data/public_memory/public_memory.jsonl, top_k=2
[BFF] 读取PublicMemory完成: 0 条记录
[BFF] 读取PublicMemory (物理路径): /mnt/d/collections2026/phd_application/nanobot1/milestone2/data/public_memory/public_memory.jsonl, top_k=2
[BFF] 读取PublicMemory完成: 0 条记录
[BFF] 读取PublicMemory (物理路径): /mnt/d/collections2026/phd_application/nanobot1/milestone2/data/public_memory/public_memory.jsonl, top_k=2
[BFF] 读取PublicMemory完成: 0 条记录
[BFF] 读取PublicMemory (物理路径): /mnt/d/collections2026/phd_application/nanobot1/milestone2/data/public_memory/public_memory.jsonl, top_k=2
[BFF] 读取PublicMemory完成: 0 条记录
[BFF] 读取PublicMemory (物理路径): /mnt/d/collections2026/phd_application/nanobot1/milestone2/data/public_memory/public_memory.jsonl, top_k=2
[BFF] 读取PublicMemory完成: 0 条记录
[BFF] 读取PublicMemory (物理路径): /mnt/d/collections2026/phd_application/nanobot1/milestone2/data/public_memory/public_memory.jsonl, top_k=2
[BFF] 读取PublicMemory完成: 0 条记录
[BFF] 读取PublicMemory (物理路径): /mnt/d/collections2026/phd_application/nanobot1/milestone2/data/public_memory/public_memory.jsonl, top_k=2
[BFF] 读取PublicMemory完成: 0 条记录
[BFF] 读取PublicMemory (物理路径): /mnt/d/collections2026/phd_application/nanobot1/milestone2/data/public_memory/public_memory.jsonl, top_k=2
[BFF] 读取PublicMemory完成: 0 条记录
[BFF] 读取PublicMemory (物理路径): /mnt/d/collections2026/phd_application/nanobot1/milestone2/data/public_memory/public_memory.jsonl, top_k=2
[BFF] 读取PublicMemory完成: 0 条记录
2026-04-21 23:12:02,229 - httpx - INFO - HTTP Request: GET http://localhost:30386/task?agent_id=ec055a0a "HTTP/1.1 200 OK"
2026-04-21 23:12:02,239 - httpx - INFO - HTTP Request: GET http://localhost:30386/task?agent_id=acd7917f "HTTP/1.1 200 OK"
2026-04-21 23:12:02,241 - httpx - INFO - HTTP Request: GET http://localhost:30386/task?agent_id=49e48c67 "HTTP/1.1 200 OK"
2026-04-21 23:12:02,245 - httpx - INFO - HTTP Request: GET http://localhost:30386/task?agent_id=a41df205 "HTTP/1.1 200 OK"
2026-04-21 23:12:02,246 - httpx - INFO - HTTP Request: GET http://localhost:30386/task?agent_id=a9adac56 "HTTP/1.1 200 OK"
2026-04-21 23:12:02,247 - httpx - INFO - HTTP Request: GET http://localhost:30386/task?agent_id=75894596 "HTTP/1.1 200 OK"
2026-04-21 23:12:02,247 - httpx - INFO - HTTP Request: GET http://localhost:30386/task?agent_id=a285a9f0 "HTTP/1.1 200 OK"
2026-04-21 23:12:02,250 - httpx - INFO - HTTP Request: GET http://localhost:30386/task?agent_id=6841a5b2 "HTTP/1.1 200 OK"
2026-04-21 23:12:02,257 - httpx - INFO - HTTP Request: GET http://localhost:30386/task?agent_id=56c47bbf "HTTP/1.1 200 OK"
2026-04-21 23:12:02,257 - httpx - INFO - HTTP Request: GET http://localhost:30386/task?agent_id=58c62304 "HTTP/1.1 200 OK"
2026-04-21 23:12:02,258 - httpx - INFO - HTTP Request: GET http://localhost:30386/task?agent_id=8c7d02bb "HTTP/1.1 200 OK"
2026-04-21 23:12:02,258 - httpx - INFO - HTTP Request: GET http://localhost:30386/task?agent_id=e9a46445 "HTTP/1.1 200 OK"
2026-04-21 23:12:02,259 - httpx - INFO - HTTP Request: GET http://localhost:30386/task?agent_id=3d311254 "HTTP/1.1 200 OK"
2026-04-21 23:12:02,259 - httpx - INFO - HTTP Request: GET http://localhost:30386/task?agent_id=d8b1d4a4 "HTTP/1.1 200 OK"
2026-04-21 23:12:02,259 - httpx - INFO - HTTP Request: GET http://localhost:30386/task?agent_id=584a0a4c "HTTP/1.1 200 OK"
2026-04-21 23:12:02,273 - httpx - INFO - HTTP Request: GET http://localhost:30386/task?agent_id=56d0576b "HTTP/1.1 200 OK"
2026-04-21 23:12:02,273 - httpx - INFO - HTTP Request: GET http://localhost:30386/task?agent_id=805f706a "HTTP/1.1 200 OK"
2026-04-21 23:12:02,274 - httpx - INFO - HTTP Request: GET http://localhost:30386/task?agent_id=b999e4e9 "HTTP/1.1 200 OK"
2026-04-21 23:12:02,274 - httpx - INFO - HTTP Request: GET http://localhost:30386/task?agent_id=8572dff1 "HTTP/1.1 200 OK"
2026-04-21 23:12:02,275 - httpx - INFO - HTTP Request: GET http://localhost:30386/task?agent_id=edfd71cd "HTTP/1.1 200 OK"
2026-04-21 23:12:05,486 - httpx - INFO - HTTP Request: GET http://localhost:30386/task?agent_id=49e48c67 "HTTP/1.1 200 OK"
2026-04-21 23:12:06,495 - httpx - INFO - HTTP Request: GET http://localhost:30386/task?agent_id=49e48c67 "HTTP/1.1 200 OK"
2026-04-21 23:12:07,245 - httpx - INFO - HTTP Request: GET http://localhost:30386/task?agent_id=584a0a4c "HTTP/1.1 200 OK"
2026-04-21 23:12:07,248 - httpx - INFO - HTTP Request: GET http://localhost:30386/task?agent_id=edfd71cd "HTTP/1.1 200 OK"
2026-04-21 23:12:07,248 - httpx - INFO - HTTP Request: GET http://localhost:30386/task?agent_id=56d0576b "HTTP/1.1 200 OK"
2026-04-21 23:12:07,249 - httpx - INFO - HTTP Request: GET http://localhost:30386/task?agent_id=b999e4e9 "HTTP/1.1 200 OK"
2026-04-21 23:12:07,256 - httpx - INFO - HTTP Request: GET http://localhost:30386/task?agent_id=ec055a0a "HTTP/1.1 200 OK"
2026-04-21 23:12:09,509 - httpx - INFO - HTTP Request: GET http://localhost:30386/task?agent_id=3d311254 "HTTP/1.1 200 OK"
2026-04-21 23:12:09,511 - httpx - INFO - HTTP Request: GET http://localhost:30386/task?agent_id=58c62304 "HTTP/1.1 200 OK"
2026-04-21 23:12:09,514 - httpx - INFO - HTTP Request: GET http://localhost:30386/task?agent_id=75894596 "HTTP/1.1 200 OK"
2026-04-21 23:12:09,515 - httpx - INFO - HTTP Request: GET http://localhost:30386/task?agent_id=e9a46445 "HTTP/1.1 200 OK"
2026-04-21 23:12:09,515 - httpx - INFO - HTTP Request: GET http://localhost:30386/task?agent_id=d8b1d4a4 "HTTP/1.1 200 OK"
2026-04-21 23:12:09,516 - httpx - INFO - HTTP Request: GET http://localhost:30386/task?agent_id=a285a9f0 "HTTP/1.1 200 OK"
2026-04-21 23:12:09,516 - httpx - INFO - HTTP Request: GET http://localhost:30386/task?agent_id=6841a5b2 "HTTP/1.1 200 OK"
2026-04-21 23:12:09,517 - httpx - INFO - HTTP Request: GET http://localhost:30386/task?agent_id=a9adac56 "HTTP/1.1 200 OK"
2026-04-21 23:12:09,521 - httpx - INFO - HTTP Request: GET http://localhost:30386/task?agent_id=8c7d02bb "HTTP/1.1 200 OK"
2026-04-21 23:12:09,522 - httpx - INFO - HTTP Request: GET http://localhost:30386/task?agent_id=8572dff1 "HTTP/1.1 200 OK"
2026-04-21 23:12:09,536 - httpx - INFO - HTTP Request: GET http://localhost:30386/task?agent_id=acd7917f "HTTP/1.1 200 OK"
2026-04-21 23:12:09,536 - httpx - INFO - HTTP Request: GET http://localhost:30386/task?agent_id=56c47bbf "HTTP/1.1 200 OK"
2026-04-21 23:12:09,537 - httpx - INFO - HTTP Request: GET http://localhost:30386/task?agent_id=805f706a "HTTP/1.1 200 OK"
2026-04-21 23:12:09,537 - httpx - INFO - HTTP Request: GET http://localhost:30386/task?agent_id=a41df205 "HTTP/1.1 200 OK"
2026-04-21 23:12:09,545 - httpx - INFO - HTTP Request: GET http://localhost:30386/task?agent_id=49e48c67 "HTTP/1.1 200 OK"
[BFF] 读取PublicMemory (物理路径): /mnt/d/collections2026/phd_application/nanobot1/milestone2/data/public_memory/public_memory.jsonl, top_k=2
[BFF] 读取PublicMemory完成: 0 条记录
[BFF] 读取PublicMemory (物理路径): /mnt/d/collections2026/phd_application/nanobot1/milestone2/data/public_memory/public_memory.jsonl, top_k=2
[BFF] 读取PublicMemory完成: 0 条记录
[BFF] 读取PublicMemory (物理路径): /mnt/d/collections2026/phd_application/nanobot1/milestone2/data/public_memory/public_memory.jsonl, top_k=2
[BFF] 读取PublicMemory完成: 0 条记录
[BFF] 读取PublicMemory (物理路径): /mnt/d/collections2026/phd_application/nanobot1/milestone2/data/public_memory/public_memory.jsonl, top_k=2
[BFF] 读取PublicMemory完成: 0 条记录
[BFF] 读取PublicMemory (物理路径): /mnt/d/collections2026/phd_application/nanobot1/milestone2/data/public_memory/public_memory.jsonl, top_k=2
[BFF] 读取PublicMemory完成: 0 条记录
[BFF] 读取PublicMemory (物理路径): /mnt/d/collections2026/phd_application/nanobot1/milestone2/data/public_memory/public_memory.jsonl, top_k=2
[BFF] 读取PublicMemory完成: 0 条记录
[BFF] 读取PublicMemory (物理路径): /mnt/d/collections2026/phd_application/nanobot1/milestone2/data/public_memory/public_memory.jsonl, top_k=2
[BFF] 读取PublicMemory完成: 0 条记录
[BFF] 读取PublicMemory (物理路径): /mnt/d/collections2026/phd_application/nanobot1/milestone2/data/public_memory/public_memory.jsonl, top_k=2
[BFF] 读取PublicMemory完成: 0 条记录
[BFF] 读取PublicMemory (物理路径): /mnt/d/collections2026/phd_application/nanobot1/milestone2/data/public_memory/public_memory.jsonl, top_k=2
[BFF] 读取PublicMemory完成: 0 条记录
[BFF] 读取PublicMemory (物理路径): /mnt/d/collections2026/phd_application/nanobot1/milestone2/data/public_memory/public_memory.jsonl, top_k=2
[BFF] 读取PublicMemory完成: 0 条记录
[BFF] 读取PublicMemory (物理路径): /mnt/d/collections2026/phd_application/nanobot1/milestone2/data/public_memory/public_memory.jsonl, top_k=2
[BFF] 读取PublicMemory完成: 0 条记录
[BFF] 读取PublicMemory (物理路径): /mnt/d/collections2026/phd_application/nanobot1/milestone2/data/public_memory/public_memory.jsonl, top_k=2
[BFF] 读取PublicMemory完成: 0 条记录
[BFF] 读取PublicMemory (物理路径): /mnt/d/collections2026/phd_application/nanobot1/milestone2/data/public_memory/public_memory.jsonl, top_k=2
[BFF] 读取PublicMemory完成: 0 条记录
[BFF] 读取PublicMemory (物理路径): /mnt/d/collections2026/phd_application/nanobot1/milestone2/data/public_memory/public_memory.jsonl, top_k=2
[BFF] 读取PublicMemory完成: 0 条记录
[BFF] 读取PublicMemory (物理路径): /mnt/d/collections2026/phd_application/nanobot1/milestone2/data/public_memory/public_memory.jsonl, top_k=2
[BFF] 读取PublicMemory完成: 0 条记录
[BFF] 读取PublicMemory (物理路径): /mnt/d/collections2026/phd_application/nanobot1/milestone2/data/public_memory/public_memory.jsonl, top_k=2
[BFF] 读取PublicMemory完成: 0 条记录
[BFF] 读取PublicMemory (物理路径): /mnt/d/collections2026/phd_application/nanobot1/milestone2/data/public_memory/public_memory.jsonl, top_k=2
[BFF] 读取PublicMemory完成: 0 条记录
[BFF] 读取PublicMemory (物理路径): /mnt/d/collections2026/phd_application/nanobot1/milestone2/data/public_memory/public_memory.jsonl, top_k=2
[BFF] 读取PublicMemory完成: 0 条记录
[BFF] 读取PublicMemory (物理路径): /mnt/d/collections2026/phd_application/nanobot1/milestone2/data/public_memory/public_memory.jsonl, top_k=2
[BFF] 读取PublicMemory完成: 0 条记录
[BFF] 读取PublicMemory (物理路径): /mnt/d/collections2026/phd_application/nanobot1/milestone2/data/public_memory/public_memory.jsonl, top_k=2
[BFF] 读取PublicMemory完成: 0 条记录
[BFF] 读取PublicMemory (物理路径): /mnt/d/collections2026/phd_application/nanobot1/milestone2/data/public_memory/public_memory.jsonl, top_k=2
[BFF] 读取PublicMemory完成: 0 条记录
[BFF] 读取PublicMemory (物理路径): /mnt/d/collections2026/phd_application/nanobot1/milestone2/data/public_memory/public_memory.jsonl, top_k=2
[BFF] 读取PublicMemory完成: 0 条记录
[BFF] 读取PublicMemory (物理路径): /mnt/d/collections2026/phd_application/nanobot1/milestone2/data/public_memory/public_memory.jsonl, top_k=2
[BFF] 读取PublicMemory完成: 0 条记录
[BFF] 读取PublicMemory (物理路径): /mnt/d/collections2026/phd_application/nanobot1/milestone2/data/public_memory/public_memory.jsonl, top_k=2
[BFF] 读取PublicMemory完成: 0 条记录
[BFF] 读取PublicMemory (物理路径): /mnt/d/collections2026/phd_application/nanobot1/milestone2/data/public_memory/public_memory.jsonl, top_k=2
[BFF] 读取PublicMemory完成: 0 条记录
[BFF] 读取PublicMemory (物理路径): /mnt/d/collections2026/phd_application/nanobot1/milestone2/data/public_memory/public_memory.jsonl, top_k=2
[BFF] 读取PublicMemory完成: 0 条记录
[BFF] 读取PublicMemory (物理路径): /mnt/d/collections2026/phd_application/nanobot1/milestone2/data/public_memory/public_memory.jsonl, top_k=2
[BFF] 读取PublicMemory完成: 0 条记录
[BFF] 读取PublicMemory (物理路径): /mnt/d/collections2026/phd_application/nanobot1/milestone2/data/public_memory/public_memory.jsonl, top_k=2
[BFF] 读取PublicMemory完成: 0 条记录
[BFF] 读取PublicMemory (物理路径): /mnt/d/collections2026/phd_application/nanobot1/milestone2/data/public_memory/public_memory.jsonl, top_k=2
[BFF] 读取PublicMemory完成: 0 条记录
[BFF] 读取PublicMemory (物理路径): /mnt/d/collections2026/phd_application/nanobot1/milestone2/data/public_memory/public_memory.jsonl, top_k=2
[BFF] 读取PublicMemory完成: 0 条记录
[BFF] 读取PublicMemory (物理路径): /mnt/d/collections2026/phd_application/nanobot1/milestone2/data/public_memory/public_memory.jsonl, top_k=2
[BFF] 读取PublicMemory完成: 0 条记录
[BFF] 读取PublicMemory (物理路径): /mnt/d/collections2026/phd_application/nanobot1/milestone2/data/public_memory/public_memory.jsonl, top_k=2
[BFF] 读取PublicMemory完成: 0 条记录
[BFF] 读取PublicMemory (物理路径): /mnt/d/collections2026/phd_application/nanobot1/milestone2/data/public_memory/public_memory.jsonl, top_k=2
[BFF] 读取PublicMemory完成: 0 条记录
[BFF] 读取PublicMemory (物理路径): /mnt/d/collections2026/phd_application/nanobot1/milestone2/data/public_memory/public_memory.jsonl, top_k=2
[BFF] 读取PublicMemory完成: 0 条记录
[BFF] 读取PublicMemory (物理路径): /mnt/d/collections2026/phd_application/nanobot1/milestone2/data/public_memory/public_memory.jsonl, top_k=2
[BFF] 读取PublicMemory完成: 0 条记录
[BFF] 读取PublicMemory (物理路径): /mnt/d/collections2026/phd_application/nanobot1/milestone2/data/public_memory/public_memory.jsonl, top_k=2
[BFF] 读取PublicMemory完成: 0 条记录
[BFF] 读取PublicMemory (物理路径): /mnt/d/collections2026/phd_application/nanobot1/milestone2/data/public_memory/public_memory.jsonl, top_k=2
[BFF] 读取PublicMemory完成: 0 条记录
[BFF] 读取PublicMemory (物理路径): /mnt/d/collections2026/phd_application/nanobot1/milestone2/data/public_memory/public_memory.jsonl, top_k=2
[BFF] 读取PublicMemory完成: 0 条记录
[BFF] 读取PublicMemory (物理路径): /mnt/d/collections2026/phd_application/nanobot1/milestone2/data/public_memory/public_memory.jsonl, top_k=2
[BFF] 读取PublicMemory完成: 0 条记录
[BFF] 读取PublicMemory (物理路径): /mnt/d/collections2026/phd_application/nanobot1/milestone2/data/public_memory/public_memory.jsonl, top_k=2
[BFF] 读取PublicMemory完成: 0 条记录
[BFF] 读取PublicMemory (物理路径): /mnt/d/collections2026/phd_application/nanobot1/milestone2/data/public_memory/public_memory.jsonl, top_k=2
[BFF] 读取PublicMemory完成: 0 条记录
[BFF] 读取PublicMemory (物理路径): /mnt/d/collections2026/phd_application/nanobot1/milestone2/data/public_memory/public_memory.jsonl, top_k=2
[BFF] 读取PublicMemory完成: 0 条记录
2026-04-21 23:12:11,288 - httpx - INFO - HTTP Request: GET http://localhost:30386/task?agent_id=584a0a4c "HTTP/1.1 200 OK"
2026-04-21 23:12:12,189 - httpx - INFO - HTTP Request: GET http://localhost:30386/task?agent_id=ec055a0a "HTTP/1.1 200 OK"
2026-04-21 23:12:12,193 - httpx - INFO - HTTP Request: GET http://localhost:30386/task?agent_id=b999e4e9 "HTTP/1.1 200 OK"
2026-04-21 23:12:12,194 - httpx - INFO - HTTP Request: GET http://localhost:30386/task?agent_id=56d0576b "HTTP/1.1 200 OK"
2026-04-21 23:12:12,196 - httpx - INFO - HTTP Request: GET http://localhost:30386/task?agent_id=edfd71cd "HTTP/1.1 200 OK"
2026-04-21 23:12:12,197 - httpx - INFO - HTTP Request: GET http://localhost:30386/task?agent_id=3d311254 "HTTP/1.1 200 OK"
2026-04-21 23:12:15,532 - httpx - INFO - HTTP Request: GET http://localhost:30386/task?agent_id=6841a5b2 "HTTP/1.1 200 OK"
2026-04-21 23:12:15,533 - httpx - INFO - HTTP Request: GET http://localhost:30386/task?agent_id=a41df205 "HTTP/1.1 200 OK"
2026-04-21 23:12:15,535 - httpx - INFO - HTTP Request: GET http://localhost:30386/task?agent_id=805f706a "HTTP/1.1 200 OK"
2026-04-21 23:12:15,547 - httpx - INFO - HTTP Request: GET http://localhost:30386/task?agent_id=8572dff1 "HTTP/1.1 200 OK"
2026-04-21 23:12:15,548 - httpx - INFO - HTTP Request: GET http://localhost:30386/task?agent_id=56c47bbf "HTTP/1.1 200 OK"
2026-04-21 23:12:15,549 - httpx - INFO - HTTP Request: GET http://localhost:30386/task?agent_id=acd7917f "HTTP/1.1 200 OK"
2026-04-21 23:12:15,552 - httpx - INFO - HTTP Request: GET http://localhost:30386/task?agent_id=49e48c67 "HTTP/1.1 200 OK"
2026-04-21 23:12:15,560 - httpx - INFO - HTTP Request: GET http://localhost:30386/task?agent_id=a285a9f0 "HTTP/1.1 200 OK"
2026-04-21 23:12:15,561 - httpx - INFO - HTTP Request: GET http://localhost:30386/task?agent_id=e9a46445 "HTTP/1.1 200 OK"
2026-04-21 23:12:15,562 - httpx - INFO - HTTP Request: GET http://localhost:30386/task?agent_id=58c62304 "HTTP/1.1 200 OK"
2026-04-21 23:12:15,562 - httpx - INFO - HTTP Request: GET http://localhost:30386/task?agent_id=d8b1d4a4 "HTTP/1.1 200 OK"
2026-04-21 23:12:15,563 - httpx - INFO - HTTP Request: GET http://localhost:30386/task?agent_id=a9adac56 "HTTP/1.1 200 OK"
2026-04-21 23:12:15,563 - httpx - INFO - HTTP Request: GET http://localhost:30386/task?agent_id=75894596 "HTTP/1.1 200 OK"
2026-04-21 23:12:15,563 - httpx - INFO - HTTP Request: GET http://localhost:30386/task?agent_id=8c7d02bb "HTTP/1.1 200 OK"
2026-04-21 23:12:15,564 - httpx - INFO - HTTP Request: GET http://localhost:30386/task?agent_id=584a0a4c "HTTP/1.1 200 OK"
2026-04-21 23:12:15,564 - httpx - INFO - HTTP Request: GET http://localhost:30386/task?agent_id=3d311254 "HTTP/1.1 200 OK"
2026-04-21 23:12:15,580 - httpx - INFO - HTTP Request: GET http://localhost:30386/task?agent_id=56d0576b "HTTP/1.1 200 OK"
2026-04-21 23:12:15,583 - httpx - INFO - HTTP Request: GET http://localhost:30386/task?agent_id=b999e4e9 "HTTP/1.1 200 OK"
2026-04-21 23:12:15,583 - httpx - INFO - HTTP Request: GET http://localhost:30386/task?agent_id=edfd71cd "HTTP/1.1 200 OK"
2026-04-21 23:12:15,586 - httpx - INFO - HTTP Request: GET http://localhost:30386/task?agent_id=ec055a0a "HTTP/1.1 200 OK"
2026-04-21 23:12:19,181 - httpx - INFO - HTTP Request: GET http://localhost:30386/task?agent_id=3d311254 "HTTP/1.1 200 OK"
2026-04-21 23:12:19,798 - httpx - INFO - HTTP Request: GET http://localhost:30386/task?agent_id=b999e4e9 "HTTP/1.1 200 OK"
2026-04-21 23:12:19,961 - httpx - INFO - HTTP Request: GET http://localhost:30386/task?agent_id=d8b1d4a4 "HTTP/1.1 200 OK"
2026-04-21 23:12:20,600 - httpx - INFO - HTTP Request: GET http://localhost:30386/task?agent_id=ec055a0a "HTTP/1.1 200 OK"
2026-04-21 23:12:20,603 - httpx - INFO - HTTP Request: GET http://localhost:30386/task?agent_id=edfd71cd "HTTP/1.1 200 OK"
2026-04-21 23:12:20,604 - httpx - INFO - HTTP Request: GET http://localhost:30386/task?agent_id=56d0576b "HTTP/1.1 200 OK"
2026-04-21 23:12:24,009 - httpx - INFO - HTTP Request: GET http://localhost:30386/task?agent_id=a285a9f0 "HTTP/1.1 200 OK"
2026-04-21 23:12:24,010 - httpx - INFO - HTTP Request: GET http://localhost:30386/task?agent_id=584a0a4c "HTTP/1.1 200 OK"
2026-04-21 23:12:24,013 - httpx - INFO - HTTP Request: GET http://localhost:30386/task?agent_id=75894596 "HTTP/1.1 200 OK"
2026-04-21 23:12:24,017 - httpx - INFO - HTTP Request: GET http://localhost:30386/task?agent_id=8c7d02bb "HTTP/1.1 200 OK"
2026-04-21 23:12:24,017 - httpx - INFO - HTTP Request: GET http://localhost:30386/task?agent_id=49e48c67 "HTTP/1.1 200 OK"
2026-04-21 23:12:24,017 - httpx - INFO - HTTP Request: GET http://localhost:30386/task?agent_id=e9a46445 "HTTP/1.1 200 OK"
2026-04-21 23:12:24,018 - httpx - INFO - HTTP Request: GET http://localhost:30386/task?agent_id=58c62304 "HTTP/1.1 200 OK"
2026-04-21 23:12:24,018 - httpx - INFO - HTTP Request: GET http://localhost:30386/task?agent_id=a9adac56 "HTTP/1.1 200 OK"
2026-04-21 23:12:24,021 - httpx - INFO - HTTP Request: GET http://localhost:30386/task?agent_id=6841a5b2 "HTTP/1.1 200 OK"
2026-04-21 23:12:24,028 - httpx - INFO - HTTP Request: GET http://localhost:30386/task?agent_id=3d311254 "HTTP/1.1 200 OK"
2026-04-21 23:12:24,029 - httpx - INFO - HTTP Request: GET http://localhost:30386/task?agent_id=a41df205 "HTTP/1.1 200 OK"
2026-04-21 23:12:24,030 - httpx - INFO - HTTP Request: GET http://localhost:30386/task?agent_id=56c47bbf "HTTP/1.1 200 OK"
2026-04-21 23:12:24,031 - httpx - INFO - HTTP Request: GET http://localhost:30386/task?agent_id=d8b1d4a4 "HTTP/1.1 200 OK"
2026-04-21 23:12:24,033 - httpx - INFO - HTTP Request: GET http://localhost:30386/task?agent_id=805f706a "HTTP/1.1 200 OK"
2026-04-21 23:12:24,034 - httpx - INFO - HTTP Request: GET http://localhost:30386/task?agent_id=acd7917f "HTTP/1.1 200 OK"
2026-04-21 23:12:24,034 - httpx - INFO - HTTP Request: GET http://localhost:30386/task?agent_id=8572dff1 "HTTP/1.1 200 OK"
2026-04-21 23:12:24,034 - httpx - INFO - HTTP Request: GET http://localhost:30386/task?agent_id=b999e4e9 "HTTP/1.1 200 OK"
[BFF] 读取PublicMemory (物理路径): /mnt/d/collections2026/phd_application/nanobot1/milestone2/data/public_memory/public_memory.jsonl, top_k=2
[BFF] 读取PublicMemory完成: 0 条记录
[BFF] 读取PublicMemory (物理路径): /mnt/d/collections2026/phd_application/nanobot1/milestone2/data/public_memory/public_memory.jsonl, top_k=2
[BFF] 读取PublicMemory完成: 0 条记录
[BFF] 读取PublicMemory (物理路径): /mnt/d/collections2026/phd_application/nanobot1/milestone2/data/public_memory/public_memory.jsonl, top_k=2
[BFF] 读取PublicMemory完成: 0 条记录
[BFF] 读取PublicMemory (物理路径): /mnt/d/collections2026/phd_application/nanobot1/milestone2/data/public_memory/public_memory.jsonl, top_k=2
[BFF] 读取PublicMemory完成: 0 条记录
[BFF] 读取PublicMemory (物理路径): /mnt/d/collections2026/phd_application/nanobot1/milestone2/data/public_memory/public_memory.jsonl, top_k=2
[BFF] 读取PublicMemory完成: 0 条记录
[BFF] 读取PublicMemory (物理路径): /mnt/d/collections2026/phd_application/nanobot1/milestone2/data/public_memory/public_memory.jsonl, top_k=2
[BFF] 读取PublicMemory完成: 0 条记录
[BFF] 读取PublicMemory (物理路径): /mnt/d/collections2026/phd_application/nanobot1/milestone2/data/public_memory/public_memory.jsonl, top_k=2
[BFF] 读取PublicMemory完成: 0 条记录
[BFF] 读取PublicMemory (物理路径): /mnt/d/collections2026/phd_application/nanobot1/milestone2/data/public_memory/public_memory.jsonl, top_k=2
[BFF] 读取PublicMemory完成: 0 条记录
[BFF] 读取PublicMemory (物理路径): /mnt/d/collections2026/phd_application/nanobot1/milestone2/data/public_memory/public_memory.jsonl, top_k=2
[BFF] 读取PublicMemory完成: 0 条记录
[BFF] 读取PublicMemory (物理路径): /mnt/d/collections2026/phd_application/nanobot1/milestone2/data/public_memory/public_memory.jsonl, top_k=2
[BFF] 读取PublicMemory完成: 0 条记录
[BFF] 读取PublicMemory (物理路径): /mnt/d/collections2026/phd_application/nanobot1/milestone2/data/public_memory/public_memory.jsonl, top_k=2
[BFF] 读取PublicMemory完成: 0 条记录
[BFF] 读取PublicMemory (物理路径): /mnt/d/collections2026/phd_application/nanobot1/milestone2/data/public_memory/public_memory.jsonl, top_k=2
[BFF] 读取PublicMemory完成: 0 条记录
[BFF] 读取PublicMemory (物理路径): /mnt/d/collections2026/phd_application/nanobot1/milestone2/data/public_memory/public_memory.jsonl, top_k=2
[BFF] 读取PublicMemory完成: 0 条记录
[BFF] 读取PublicMemory (物理路径): /mnt/d/collections2026/phd_application/nanobot1/milestone2/data/public_memory/public_memory.jsonl, top_k=2
[BFF] 读取PublicMemory完成: 0 条记录
[BFF] 读取PublicMemory (物理路径): /mnt/d/collections2026/phd_application/nanobot1/milestone2/data/public_memory/public_memory.jsonl, top_k=2
[BFF] 读取PublicMemory完成: 0 条记录
[BFF] 读取PublicMemory (物理路径): /mnt/d/collections2026/phd_application/nanobot1/milestone2/data/public_memory/public_memory.jsonl, top_k=2
[BFF] 读取PublicMemory完成: 0 条记录
[BFF] 读取PublicMemory (物理路径): /mnt/d/collections2026/phd_application/nanobot1/milestone2/data/public_memory/public_memory.jsonl, top_k=2
[BFF] 读取PublicMemory完成: 0 条记录
[BFF] 读取PublicMemory (物理路径): /mnt/d/collections2026/phd_application/nanobot1/milestone2/data/public_memory/public_memory.jsonl, top_k=2
[BFF] 读取PublicMemory完成: 0 条记录
[BFF] 读取PublicMemory (物理路径): /mnt/d/collections2026/phd_application/nanobot1/milestone2/data/public_memory/public_memory.jsonl, top_k=2
[BFF] 读取PublicMemory完成: 0 条记录
[BFF] 读取PublicMemory (物理路径): /mnt/d/collections2026/phd_application/nanobot1/milestone2/data/public_memory/public_memory.jsonl, top_k=2
[BFF] 读取PublicMemory完成: 0 条记录
[BFF] 读取PublicMemory (物理路径): /mnt/d/collections2026/phd_application/nanobot1/milestone2/data/public_memory/public_memory.jsonl, top_k=2
[BFF] 读取PublicMemory完成: 0 条记录
[BFF] 读取PublicMemory (物理路径): /mnt/d/collections2026/phd_application/nanobot1/milestone2/data/public_memory/public_memory.jsonl, top_k=2
[BFF] 读取PublicMemory完成: 0 条记录
[BFF] 读取PublicMemory (物理路径): /mnt/d/collections2026/phd_application/nanobot1/milestone2/data/public_memory/public_memory.jsonl, top_k=2
[BFF] 读取PublicMemory完成: 0 条记录
[BFF] 读取PublicMemory (物理路径): /mnt/d/collections2026/phd_application/nanobot1/milestone2/data/public_memory/public_memory.jsonl, top_k=2
[BFF] 读取PublicMemory完成: 0 条记录
[BFF] 读取PublicMemory (物理路径): /mnt/d/collections2026/phd_application/nanobot1/milestone2/data/public_memory/public_memory.jsonl, top_k=2
[BFF] 读取PublicMemory完成: 0 条记录
[BFF] 读取PublicMemory (物理路径): /mnt/d/collections2026/phd_application/nanobot1/milestone2/data/public_memory/public_memory.jsonl, top_k=2
[BFF] 读取PublicMemory完成: 0 条记录
[BFF] 读取PublicMemory (物理路径): /mnt/d/collections2026/phd_application/nanobot1/milestone2/data/public_memory/public_memory.jsonl, top_k=2
[BFF] 读取PublicMemory完成: 0 条记录
[BFF] 读取PublicMemory (物理路径): /mnt/d/collections2026/phd_application/nanobot1/milestone2/data/public_memory/public_memory.jsonl, top_k=2
[BFF] 读取PublicMemory完成: 0 条记录
[BFF] 读取PublicMemory (物理路径): /mnt/d/collections2026/phd_application/nanobot1/milestone2/data/public_memory/public_memory.jsonl, top_k=2
[BFF] 读取PublicMemory完成: 0 条记录
[BFF] 读取PublicMemory (物理路径): /mnt/d/collections2026/phd_application/nanobot1/milestone2/data/public_memory/public_memory.jsonl, top_k=2
[BFF] 读取PublicMemory完成: 0 条记录
[BFF] 读取PublicMemory (物理路径): /mnt/d/collections2026/phd_application/nanobot1/milestone2/data/public_memory/public_memory.jsonl, top_k=2
[BFF] 读取PublicMemory完成: 0 条记录
[BFF] 读取PublicMemory (物理路径): /mnt/d/collections2026/phd_application/nanobot1/milestone2/data/public_memory/public_memory.jsonl, top_k=2
[BFF] 读取PublicMemory完成: 0 条记录
[BFF] 读取PublicMemory (物理路径): /mnt/d/collections2026/phd_application/nanobot1/milestone2/data/public_memory/public_memory.jsonl, top_k=2
[BFF] 读取PublicMemory完成: 0 条记录
[BFF] 读取PublicMemory (物理路径): /mnt/d/collections2026/phd_application/nanobot1/milestone2/data/public_memory/public_memory.jsonl, top_k=2
[BFF] 读取PublicMemory完成: 0 条记录
[BFF] 读取PublicMemory (物理路径): /mnt/d/collections2026/phd_application/nanobot1/milestone2/data/public_memory/public_memory.jsonl, top_k=2
[BFF] 读取PublicMemory完成: 0 条记录
[BFF] 邻居发现: 所有父子关系已建立
[BFF] 读取PublicMemory (物理路径): /mnt/d/collections2026/phd_application/nanobot1/milestone2/data/public_memory/public_memory.jsonl, top_k=2
[BFF] 读取PublicMemory完成: 0 条记录
[BFF] 读取PublicMemory (物理路径): /mnt/d/collections2026/phd_application/nanobot1/milestone2/data/public_memory/public_memory.jsonl, top_k=2
[BFF] 读取PublicMemory完成: 0 条记录
[BFF] 读取PublicMemory (物理路径): /mnt/d/collections2026/phd_application/nanobot1/milestone2/data/public_memory/public_memory.jsonl, top_k=2
[BFF] 读取PublicMemory完成: 0 条记录
[BFF] 读取PublicMemory (物理路径): /mnt/d/collections2026/phd_application/nanobot1/milestone2/data/public_memory/public_memory.jsonl, top_k=2
[BFF] 读取PublicMemory完成: 0 条记录
[BFF] 读取PublicMemory (物理路径): /mnt/d/collections2026/phd_application/nanobot1/milestone2/data/public_memory/public_memory.jsonl, top_k=2
[BFF] 读取PublicMemory完成: 0 条记录
[BFF] 读取PublicMemory (物理路径): /mnt/d/collections2026/phd_application/nanobot1/milestone2/data/public_memory/public_memory.jsonl, top_k=2
[BFF] 读取PublicMemory完成: 0 条记录
[BFF] 读取PublicMemory (物理路径): /mnt/d/collections2026/phd_application/nanobot1/milestone2/data/public_memory/public_memory.jsonl, top_k=2
[BFF] 读取PublicMemory完成: 0 条记录
2026-04-21 23:12:25,938 - httpx - INFO - HTTP Request: GET http://localhost:30386/task?agent_id=edfd71cd "HTTP/1.1 200 OK"
2026-04-21 23:12:25,992 - httpx - INFO - HTTP Request: GET http://localhost:30386/task?agent_id=ec055a0a "HTTP/1.1 200 OK"
2026-04-21 23:12:25,993 - httpx - INFO - HTTP Request: GET http://localhost:30386/task?agent_id=56d0576b "HTTP/1.1 200 OK"
2026-04-21 23:12:27,676 - httpx - INFO - HTTP Request: GET http://localhost:30386/task?agent_id=a9adac56 "HTTP/1.1 200 OK"
2026-04-21 23:12:28,399 - httpx - INFO - HTTP Request: GET http://localhost:30386/task?agent_id=56c47bbf "HTTP/1.1 200 OK"
2026-04-21 23:12:28,828 - httpx - INFO - HTTP Request: GET http://localhost:30386/task?agent_id=584a0a4c "HTTP/1.1 200 OK"
2026-04-21 23:12:29,127 - httpx - INFO - HTTP Request: GET http://localhost:30386/task?agent_id=e9a46445 "HTTP/1.1 200 OK"
2026-04-21 23:12:29,264 - httpx - INFO - HTTP Request: GET http://localhost:30386/task?agent_id=805f706a "HTTP/1.1 200 OK"
2026-04-21 23:12:31,891 - httpx - INFO - HTTP Request: GET http://localhost:30386/task?agent_id=acd7917f "HTTP/1.1 200 OK"
2026-04-21 23:12:31,908 - httpx - INFO - HTTP Request: GET http://localhost:30386/task?agent_id=ec055a0a "HTTP/1.1 200 OK"
2026-04-21 23:12:31,908 - httpx - INFO - HTTP Request: GET http://localhost:30386/task?agent_id=b999e4e9 "HTTP/1.1 200 OK"
2026-04-21 23:12:31,909 - httpx - INFO - HTTP Request: GET http://localhost:30386/task?agent_id=a41df205 "HTTP/1.1 200 OK"
2026-04-21 23:12:31,909 - httpx - INFO - HTTP Request: GET http://localhost:30386/task?agent_id=56d0576b "HTTP/1.1 200 OK"
2026-04-21 23:12:31,910 - httpx - INFO - HTTP Request: GET http://localhost:30386/task?agent_id=6841a5b2 "HTTP/1.1 200 OK"
2026-04-21 23:12:32,266 - httpx - INFO - HTTP Request: GET http://localhost:30386/task?agent_id=49e48c67 "HTTP/1.1 200 OK"
2026-04-21 23:12:32,268 - httpx - INFO - HTTP Request: GET http://localhost:30386/task?agent_id=edfd71cd "HTTP/1.1 200 OK"
2026-04-21 23:12:32,269 - httpx - INFO - HTTP Request: GET http://localhost:30386/task?agent_id=8572dff1 "HTTP/1.1 200 OK"
2026-04-21 23:12:32,284 - httpx - INFO - HTTP Request: GET http://localhost:30386/task?agent_id=75894596 "HTTP/1.1 200 OK"
2026-04-21 23:12:32,284 - httpx - INFO - HTTP Request: GET http://localhost:30386/task?agent_id=a285a9f0 "HTTP/1.1 200 OK"
2026-04-21 23:12:32,285 - httpx - INFO - HTTP Request: GET http://localhost:30386/task?agent_id=d8b1d4a4 "HTTP/1.1 200 OK"
2026-04-21 23:12:32,286 - httpx - INFO - HTTP Request: GET http://localhost:30386/task?agent_id=3d311254 "HTTP/1.1 200 OK"
2026-04-21 23:12:32,286 - httpx - INFO - HTTP Request: GET http://localhost:30386/task?agent_id=8c7d02bb "HTTP/1.1 200 OK"
2026-04-21 23:12:32,287 - httpx - INFO - HTTP Request: GET http://localhost:30386/task?agent_id=56c47bbf "HTTP/1.1 200 OK"
2026-04-21 23:12:32,288 - httpx - INFO - HTTP Request: GET http://localhost:30386/task?agent_id=58c62304 "HTTP/1.1 200 OK"
2026-04-21 23:12:32,288 - httpx - INFO - HTTP Request: GET http://localhost:30386/task?agent_id=a9adac56 "HTTP/1.1 200 OK"
2026-04-21 23:12:32,308 - httpx - INFO - HTTP Request: GET http://localhost:30386/task?agent_id=584a0a4c "HTTP/1.1 200 OK"
2026-04-21 23:12:32,310 - httpx - INFO - HTTP Request: GET http://localhost:30386/task?agent_id=805f706a "HTTP/1.1 200 OK"
2026-04-21 23:12:32,311 - httpx - INFO - HTTP Request: GET http://localhost:30386/task?agent_id=e9a46445 "HTTP/1.1 200 OK"
2026-04-21 23:12:33,195 - httpx - INFO - HTTP Request: GET http://localhost:44650/heap/unmerged "HTTP/1.1 200 OK"
2026-04-21 23:12:33,338 - httpx - INFO - HTTP Request: GET http://localhost:44651/heap/unmerged "HTTP/1.1 200 OK"
2026-04-21 23:12:33,740 - httpx - INFO - HTTP Request: GET http://localhost:44654/heap/unmerged "HTTP/1.1 200 OK"
2026-04-21 23:12:33,851 - httpx - INFO - HTTP Request: GET http://localhost:44655/heap/unmerged "HTTP/1.1 200 OK"
2026-04-21 23:12:33,946 - httpx - INFO - HTTP Request: GET http://localhost:44663/heap/unmerged "HTTP/1.1 200 OK"
2026-04-21 23:12:34,050 - httpx - INFO - HTTP Request: GET http://localhost:44666/heap/unmerged "HTTP/1.1 200 OK"
2026-04-21 23:12:34,149 - httpx - INFO - HTTP Request: GET http://localhost:6660/heap/unmerged "HTTP/1.1 200 OK"
2026-04-21 23:12:34,258 - httpx - INFO - HTTP Request: GET http://localhost:6670/heap/unmerged "HTTP/1.1 200 OK"
[BFF] 读取PublicMemory (物理路径): /mnt/d/collections2026/phd_application/nanobot1/milestone2/data/public_memory/public_memory.jsonl, top_k=2
[BFF] 读取PublicMemory完成: 0 条记录
[BFF] 读取PublicMemory (物理路径): /mnt/d/collections2026/phd_application/nanobot1/milestone2/data/public_memory/public_memory.jsonl, top_k=2
[BFF] 读取PublicMemory完成: 0 条记录
[BFF] 读取PublicMemory (物理路径): /mnt/d/collections2026/phd_application/nanobot1/milestone2/data/public_memory/public_memory.jsonl, top_k=2
[BFF] 读取PublicMemory完成: 0 条记录
[BFF] 读取PublicMemory (物理路径): /mnt/d/collections2026/phd_application/nanobot1/milestone2/data/public_memory/public_memory.jsonl, top_k=2
[BFF] 读取PublicMemory完成: 0 条记录
[BFF] 读取PublicMemory (物理路径): /mnt/d/collections2026/phd_application/nanobot1/milestone2/data/public_memory/public_memory.jsonl, top_k=2
[BFF] 读取PublicMemory完成: 0 条记录
[BFF] 读取PublicMemory (物理路径): /mnt/d/collections2026/phd_application/nanobot1/milestone2/data/public_memory/public_memory.jsonl, top_k=2
[BFF] 读取PublicMemory完成: 0 条记录
[BFF] 读取PublicMemory (物理路径): /mnt/d/collections2026/phd_application/nanobot1/milestone2/data/public_memory/public_memory.jsonl, top_k=2
[BFF] 读取PublicMemory完成: 0 条记录
[BFF] 读取PublicMemory (物理路径): /mnt/d/collections2026/phd_application/nanobot1/milestone2/data/public_memory/public_memory.jsonl, top_k=2
[BFF] 读取PublicMemory完成: 0 条记录
[BFF] 读取PublicMemory (物理路径): /mnt/d/collections2026/phd_application/nanobot1/milestone2/data/public_memory/public_memory.jsonl, top_k=2
[BFF] 读取PublicMemory完成: 0 条记录
[BFF] 读取PublicMemory (物理路径): /mnt/d/collections2026/phd_application/nanobot1/milestone2/data/public_memory/public_memory.jsonl, top_k=2
[BFF] 读取PublicMemory完成: 0 条记录
[BFF] 读取PublicMemory (物理路径): /mnt/d/collections2026/phd_application/nanobot1/milestone2/data/public_memory/public_memory.jsonl, top_k=2
[BFF] 读取PublicMemory完成: 0 条记录
[BFF] 读取PublicMemory (物理路径): /mnt/d/collections2026/phd_application/nanobot1/milestone2/data/public_memory/public_memory.jsonl, top_k=2
[BFF] 读取PublicMemory完成: 0 条记录
[BFF] 读取PublicMemory (物理路径): /mnt/d/collections2026/phd_application/nanobot1/milestone2/data/public_memory/public_memory.jsonl, top_k=2
[BFF] 读取PublicMemory完成: 0 条记录
[BFF] 读取PublicMemory (物理路径): /mnt/d/collections2026/phd_application/nanobot1/milestone2/data/public_memory/public_memory.jsonl, top_k=2
[BFF] 读取PublicMemory完成: 0 条记录
[BFF] 读取PublicMemory (物理路径): /mnt/d/collections2026/phd_application/nanobot1/milestone2/data/public_memory/public_memory.jsonl, top_k=2
[BFF] 读取PublicMemory完成: 0 条记录
[BFF] 读取PublicMemory (物理路径): /mnt/d/collections2026/phd_application/nanobot1/milestone2/data/public_memory/public_memory.jsonl, top_k=2
[BFF] 读取PublicMemory完成: 0 条记录
[BFF] 读取PublicMemory (物理路径): /mnt/d/collections2026/phd_application/nanobot1/milestone2/data/public_memory/public_memory.jsonl, top_k=2
[BFF] 读取PublicMemory完成: 0 条记录
[BFF] 读取PublicMemory (物理路径): /mnt/d/collections2026/phd_application/nanobot1/milestone2/data/public_memory/public_memory.jsonl, top_k=2
[BFF] 读取PublicMemory完成: 0 条记录
[BFF] 读取PublicMemory (物理路径): /mnt/d/collections2026/phd_application/nanobot1/milestone2/data/public_memory/public_memory.jsonl, top_k=2
[BFF] 读取PublicMemory完成: 0 条记录
[BFF] 读取PublicMemory (物理路径): /mnt/d/collections2026/phd_application/nanobot1/milestone2/data/public_memory/public_memory.jsonl, top_k=2
[BFF] 读取PublicMemory完成: 0 条记录
[BFF] 读取PublicMemory (物理路径): /mnt/d/collections2026/phd_application/nanobot1/milestone2/data/public_memory/public_memory.jsonl, top_k=2
[BFF] 读取PublicMemory完成: 0 条记录
[BFF] 读取PublicMemory (物理路径): /mnt/d/collections2026/phd_application/nanobot1/milestone2/data/public_memory/public_memory.jsonl, top_k=2
[BFF] 读取PublicMemory完成: 0 条记录
[BFF] 获取Agent 58c62304 堆段: 0 条
[BFF] 获取Agent acd7917f 堆段: 0 条
[BFF] 读取PublicMemory (物理路径): /mnt/d/collections2026/phd_application/nanobot1/milestone2/data/public_memory/public_memory.jsonl, top_k=2
[BFF] 读取PublicMemory完成: 0 条记录
[BFF] 读取PublicMemory (物理路径): /mnt/d/collections2026/phd_application/nanobot1/milestone2/data/public_memory/public_memory.jsonl, top_k=2
[BFF] 读取PublicMemory完成: 0 条记录
[BFF] 读取PublicMemory (物理路径): /mnt/d/collections2026/phd_application/nanobot1/milestone2/data/public_memory/public_memory.jsonl, top_k=2
[BFF] 读取PublicMemory完成: 0 条记录
[BFF] 读取PublicMemory (物理路径): /mnt/d/collections2026/phd_application/nanobot1/milestone2/data/public_memory/public_memory.jsonl, top_k=2
[BFF] 读取PublicMemory完成: 0 条记录
[BFF] 读取PublicMemory (物理路径): /mnt/d/collections2026/phd_application/nanobot1/milestone2/data/public_memory/public_memory.jsonl, top_k=2
[BFF] 读取PublicMemory完成: 0 条记录
[BFF] 读取PublicMemory (物理路径): /mnt/d/collections2026/phd_application/nanobot1/milestone2/data/public_memory/public_memory.jsonl, top_k=2
[BFF] 读取PublicMemory完成: 0 条记录
[BFF] 读取PublicMemory (物理路径): /mnt/d/collections2026/phd_application/nanobot1/milestone2/data/public_memory/public_memory.jsonl, top_k=2
[BFF] 读取PublicMemory完成: 0 条记录
[BFF] 读取PublicMemory (物理路径): /mnt/d/collections2026/phd_application/nanobot1/milestone2/data/public_memory/public_memory.jsonl, top_k=2
[BFF] 读取PublicMemory完成: 0 条记录
[BFF] 读取PublicMemory (物理路径): /mnt/d/collections2026/phd_application/nanobot1/milestone2/data/public_memory/public_memory.jsonl, top_k=2
[BFF] 读取PublicMemory完成: 0 条记录
[BFF] 读取PublicMemory (物理路径): /mnt/d/collections2026/phd_application/nanobot1/milestone2/data/public_memory/public_memory.jsonl, top_k=2
[BFF] 读取PublicMemory完成: 0 条记录
[BFF] 读取PublicMemory (物理路径): /mnt/d/collections2026/phd_application/nanobot1/milestone2/data/public_memory/public_memory.jsonl, top_k=2
[BFF] 读取PublicMemory完成: 0 条记录
[BFF] 读取PublicMemory (物理路径): /mnt/d/collections2026/phd_application/nanobot1/milestone2/data/public_memory/public_memory.jsonl, top_k=2
[BFF] 读取PublicMemory完成: 0 条记录
[BFF] 读取PublicMemory (物理路径): /mnt/d/collections2026/phd_application/nanobot1/milestone2/data/public_memory/public_memory.jsonl, top_k=2
[BFF] 读取PublicMemory完成: 0 条记录
[BFF] 读取PublicMemory (物理路径): /mnt/d/collections2026/phd_application/nanobot1/milestone2/data/public_memory/public_memory.jsonl, top_k=2
[BFF] 读取PublicMemory完成: 0 条记录
[BFF] 读取PublicMemory (物理路径): /mnt/d/collections2026/phd_application/nanobot1/milestone2/data/public_memory/public_memory.jsonl, top_k=2
[BFF] 读取PublicMemory完成: 0 条记录
[BFF] 读取PublicMemory (物理路径): /mnt/d/collections2026/phd_application/nanobot1/milestone2/data/public_memory/public_memory.jsonl, top_k=2
[BFF] 读取PublicMemory完成: 0 条记录
[BFF] 读取PublicMemory (物理路径): /mnt/d/collections2026/phd_application/nanobot1/milestone2/data/public_memory/public_memory.jsonl, top_k=2
[BFF] 读取PublicMemory完成: 0 条记录
[BFF] 读取PublicMemory (物理路径): /mnt/d/collections2026/phd_application/nanobot1/milestone2/data/public_memory/public_memory.jsonl, top_k=2
[BFF] 读取PublicMemory完成: 0 条记录
[BFF] 读取PublicMemory (物理路径): /mnt/d/collections2026/phd_application/nanobot1/milestone2/data/public_memory/public_memory.jsonl, top_k=2
[BFF] 读取PublicMemory完成: 0 条记录
[BFF] 获取Agent d8b1d4a4 堆段: 0 条
[BFF] 获取Agent a41df205 堆段: 0 条
[BFF] 获取Agent a9adac56 堆段: 0 条
[BFF] 获取Agent 56c47bbf 堆段: 0 条
[BFF] 获取Agent e9a46445 堆段: 0 条
2026-04-21 23:12:34,355 - httpx - INFO - HTTP Request: GET http://localhost:6684/heap/unmerged "HTTP/1.1 200 OK"
2026-04-21 23:12:34,452 - httpx - INFO - HTTP Request: GET http://localhost:6693/heap/unmerged "HTTP/1.1 200 OK"
2026-04-21 23:12:34,556 - httpx - INFO - HTTP Request: GET http://localhost:6706/heap/unmerged "HTTP/1.1 200 OK"
2026-04-21 23:12:34,809 - httpx - INFO - HTTP Request: GET http://localhost:6771/heap/unmerged "HTTP/1.1 200 OK"
2026-04-21 23:12:34,933 - httpx - INFO - HTTP Request: GET http://localhost:30386/task?agent_id=acd7917f "HTTP/1.1 200 OK"
2026-04-21 23:12:34,938 - httpx - INFO - HTTP Request: GET http://localhost:6984/heap/unmerged "HTTP/1.1 200 OK"
2026-04-21 23:12:35,047 - httpx - INFO - HTTP Request: GET http://localhost:7039/heap/unmerged "HTTP/1.1 200 OK"
2026-04-21 23:12:35,144 - httpx - INFO - HTTP Request: GET http://localhost:7120/heap/unmerged "HTTP/1.1 200 OK"
2026-04-21 23:12:35,254 - httpx - INFO - HTTP Request: GET http://localhost:7139/heap/unmerged "HTTP/1.1 200 OK"
2026-04-21 23:12:35,348 - httpx - INFO - HTTP Request: GET http://localhost:7166/heap/unmerged "HTTP/1.1 200 OK"
2026-04-21 23:12:35,457 - httpx - INFO - HTTP Request: GET http://localhost:7190/heap/unmerged "HTTP/1.1 200 OK"
2026-04-21 23:12:35,683 - httpx - INFO - HTTP Request: GET http://localhost:49672/heap/unmerged "HTTP/1.1 200 OK"
2026-04-21 23:12:35,831 - httpx - INFO - HTTP Request: GET http://localhost:30386/task?agent_id=56c47bbf "HTTP/1.1 200 OK"
2026-04-21 23:12:35,836 - httpx - INFO - HTTP Request: GET http://localhost:7966/heap/unmerged "HTTP/1.1 200 OK"
2026-04-21 23:12:36,158 - httpx - INFO - HTTP Request: GET http://localhost:30386/task?agent_id=805f706a "HTTP/1.1 200 OK"
2026-04-21 23:12:38,872 - httpx - INFO - HTTP Request: GET http://localhost:30386/task?agent_id=584a0a4c "HTTP/1.1 200 OK"
2026-04-21 23:12:39,733 - httpx - INFO - HTTP Request: GET http://localhost:30386/task?agent_id=e9a46445 "HTTP/1.1 200 OK"
2026-04-21 23:12:39,738 - httpx - INFO - HTTP Request: GET http://localhost:30386/task?agent_id=75894596 "HTTP/1.1 200 OK"
2026-04-21 23:12:39,968 - httpx - INFO - HTTP Request: GET http://localhost:30386/task?agent_id=56d0576b "HTTP/1.1 200 OK"
2026-04-21 23:12:39,969 - httpx - INFO - HTTP Request: GET http://localhost:30386/task?agent_id=a41df205 "HTTP/1.1 200 OK"
2026-04-21 23:12:39,972 - httpx - INFO - HTTP Request: GET http://localhost:30386/task?agent_id=ec055a0a "HTTP/1.1 200 OK"
2026-04-21 23:12:39,973 - httpx - INFO - HTTP Request: GET http://localhost:30386/task?agent_id=acd7917f "HTTP/1.1 200 OK"
2026-04-21 23:12:39,979 - httpx - INFO - HTTP Request: GET http://localhost:30386/task?agent_id=b999e4e9 "HTTP/1.1 200 OK"
2026-04-21 23:12:39,980 - httpx - INFO - HTTP Request: GET http://localhost:30386/task?agent_id=6841a5b2 "HTTP/1.1 200 OK"
2026-04-21 23:12:39,981 - httpx - INFO - HTTP Request: GET http://localhost:30386/task?agent_id=8572dff1 "HTTP/1.1 200 OK"
2026-04-21 23:12:39,981 - httpx - INFO - HTTP Request: GET http://localhost:30386/task?agent_id=edfd71cd "HTTP/1.1 200 OK"
2026-04-21 23:12:39,985 - httpx - INFO - HTTP Request: GET http://localhost:30386/task?agent_id=d8b1d4a4 "HTTP/1.1 200 OK"
2026-04-21 23:12:39,986 - httpx - INFO - HTTP Request: GET http://localhost:30386/task?agent_id=8c7d02bb "HTTP/1.1 200 OK"
2026-04-21 23:12:39,987 - httpx - INFO - HTTP Request: GET http://localhost:30386/task?agent_id=a285a9f0 "HTTP/1.1 200 OK"
2026-04-21 23:12:39,987 - httpx - INFO - HTTP Request: GET http://localhost:30386/task?agent_id=49e48c67 "HTTP/1.1 200 OK"
2026-04-21 23:12:39,988 - httpx - INFO - HTTP Request: GET http://localhost:30386/task?agent_id=58c62304 "HTTP/1.1 200 OK"
2026-04-21 23:12:39,988 - httpx - INFO - HTTP Request: GET http://localhost:30386/task?agent_id=3d311254 "HTTP/1.1 200 OK"
2026-04-21 23:12:39,989 - httpx - INFO - HTTP Request: GET http://localhost:30386/task?agent_id=a9adac56 "HTTP/1.1 200 OK"
2026-04-21 23:12:40,011 - httpx - INFO - HTTP Request: GET http://localhost:30386/task?agent_id=56c47bbf "HTTP/1.1 200 OK"
2026-04-21 23:12:40,014 - httpx - INFO - HTTP Request: GET http://localhost:30386/task?agent_id=805f706a "HTTP/1.1 200 OK"
2026-04-21 23:12:42,127 - httpx - INFO - HTTP Request: GET http://localhost:30386/task?agent_id=584a0a4c "HTTP/1.1 200 OK"
2026-04-21 23:12:43,199 - httpx - INFO - HTTP Request: GET http://localhost:30386/task?agent_id=a9adac56 "HTTP/1.1 200 OK"
2026-04-21 23:12:43,291 - httpx - INFO - HTTP Request: GET http://localhost:30386/task?agent_id=8c7d02bb "HTTP/1.1 200 OK"
2026-04-21 23:12:43,788 - httpx - INFO - HTTP Request: GET http://localhost:30386/task?agent_id=56c47bbf "HTTP/1.1 200 OK"
2026-04-21 23:12:44,312 - httpx - INFO - HTTP Request: GET http://localhost:30386/task?agent_id=805f706a "HTTP/1.1 200 OK"
2026-04-21 23:12:44,314 - httpx - INFO - HTTP Request: GET http://localhost:30386/task?agent_id=d8b1d4a4 "HTTP/1.1 200 OK"
2026-04-21 23:12:44,315 - httpx - INFO - HTTP Request: GET http://localhost:30386/task?agent_id=a285a9f0 "HTTP/1.1 200 OK"
2026-04-21 23:12:44,423 - httpx - INFO - HTTP Request: GET http://localhost:30386/task?agent_id=3d311254 "HTTP/1.1 200 OK"
2026-04-21 23:12:44,727 - httpx - INFO - HTTP Request: GET http://localhost:30386/task?agent_id=58c62304 "HTTP/1.1 200 OK"
2026-04-21 23:12:44,834 - httpx - INFO - HTTP Request: GET http://localhost:30386/task?agent_id=75894596 "HTTP/1.1 200 OK"
2026-04-21 23:12:44,838 - httpx - INFO - HTTP Request: GET http://localhost:30386/task?agent_id=49e48c67 "HTTP/1.1 200 OK"
2026-04-21 23:12:44,841 - httpx - INFO - HTTP Request: GET http://localhost:30386/task?agent_id=584a0a4c "HTTP/1.1 200 OK"
2026-04-21 23:12:45,481 - httpx - INFO - HTTP Request: GET http://localhost:30386/task?agent_id=e9a46445 "HTTP/1.1 200 OK"
2026-04-21 23:12:46,634 - httpx - INFO - HTTP Request: GET http://localhost:30386/task?agent_id=56d0576b "HTTP/1.1 200 OK"
2026-04-21 23:12:46,637 - httpx - INFO - HTTP Request: GET http://localhost:30386/task?agent_id=ec055a0a "HTTP/1.1 200 OK"
2026-04-21 23:12:46,638 - httpx - INFO - HTTP Request: GET http://localhost:30386/task?agent_id=acd7917f "HTTP/1.1 200 OK"
2026-04-21 23:12:46,639 - httpx - INFO - HTTP Request: GET http://localhost:30386/task?agent_id=6841a5b2 "HTTP/1.1 200 OK"
2026-04-21 23:12:46,644 - httpx - INFO - HTTP Request: GET http://localhost:30386/task?agent_id=a41df205 "HTTP/1.1 200 OK"
2026-04-21 23:12:46,645 - httpx - INFO - HTTP Request: GET http://localhost:30386/task?agent_id=edfd71cd "HTTP/1.1 200 OK"
2026-04-21 23:12:46,646 - httpx - INFO - HTTP Request: GET http://localhost:30386/task?agent_id=8572dff1 "HTTP/1.1 200 OK"
2026-04-21 23:12:46,646 - httpx - INFO - HTTP Request: GET http://localhost:30386/task?agent_id=b999e4e9 "HTTP/1.1 200 OK"
2026-04-21 23:12:46,649 - httpx - INFO - HTTP Request: GET http://localhost:30386/task?agent_id=56c47bbf "HTTP/1.1 200 OK"
2026-04-21 23:12:46,663 - httpx - INFO - HTTP Request: GET http://localhost:30386/task?agent_id=a9adac56 "HTTP/1.1 200 OK"
2026-04-21 23:12:46,964 - httpx - INFO - HTTP Request: GET http://localhost:30386/task?agent_id=8c7d02bb "HTTP/1.1 200 OK"
[BFF] 获取Agent 805f706a 堆段: 0 条
[BFF] 获取Agent 8c7d02bb 堆段: 0 条
[BFF] 获取Agent 56d0576b 堆段: 0 条
[BFF] 获取Agent 3d311254 堆段: 0 条
[BFF] 获取Agent b999e4e9 堆段: 0 条
[BFF] 获取Agent a285a9f0 堆段: 0 条
[BFF] 读取PublicMemory (物理路径): /mnt/d/collections2026/phd_application/nanobot1/milestone2/data/public_memory/public_memory.jsonl, top_k=2
[BFF] 读取PublicMemory完成: 0 条记录
[BFF] 获取Agent 6841a5b2 堆段: 0 条
[BFF] 获取Agent 49e48c67 堆段: 0 条
[BFF] 获取Agent edfd71cd 堆段: 0 条
[BFF] 获取Agent 584a0a4c 堆段: 0 条
[BFF] 获取Agent ec055a0a 堆段: 0 条
[BFF] 获取Agent 75894596 堆段: 0 条
[BFF] 获取Agent 8572dff1 堆段: 0 条
[BFF] all-unmerged 获取完成: 0 条
[BFF] 读取PublicMemory (物理路径): /mnt/d/collections2026/phd_application/nanobot1/milestone2/data/public_memory/public_memory.jsonl, top_k=2
[BFF] 读取PublicMemory完成: 0 条记录
[BFF] 读取PublicMemory (物理路径): /mnt/d/collections2026/phd_application/nanobot1/milestone2/data/public_memory/public_memory.jsonl, top_k=2
[BFF] 读取PublicMemory完成: 0 条记录
[BFF] 读取PublicMemory (物理路径): /mnt/d/collections2026/phd_application/nanobot1/milestone2/data/public_memory/public_memory.jsonl, top_k=2
[BFF] 读取PublicMemory完成: 0 条记录
[BFF] 读取PublicMemory (物理路径): /mnt/d/collections2026/phd_application/nanobot1/milestone2/data/public_memory/public_memory.jsonl, top_k=2
[BFF] 读取PublicMemory完成: 0 条记录
[BFF] 读取PublicMemory (物理路径): /mnt/d/collections2026/phd_application/nanobot1/milestone2/data/public_memory/public_memory.jsonl, top_k=2
[BFF] 读取PublicMemory完成: 0 条记录
[BFF] 读取PublicMemory (物理路径): /mnt/d/collections2026/phd_application/nanobot1/milestone2/data/public_memory/public_memory.jsonl, top_k=2
[BFF] 读取PublicMemory完成: 0 条记录
[BFF] 读取PublicMemory (物理路径): /mnt/d/collections2026/phd_application/nanobot1/milestone2/data/public_memory/public_memory.jsonl, top_k=2
[BFF] 读取PublicMemory完成: 0 条记录
[BFF] 读取PublicMemory (物理路径): /mnt/d/collections2026/phd_application/nanobot1/milestone2/data/public_memory/public_memory.jsonl, top_k=2
[BFF] 读取PublicMemory完成: 0 条记录
[BFF] 读取PublicMemory (物理路径): /mnt/d/collections2026/phd_application/nanobot1/milestone2/data/public_memory/public_memory.jsonl, top_k=2
[BFF] 读取PublicMemory完成: 0 条记录
[BFF] 读取PublicMemory (物理路径): /mnt/d/collections2026/phd_application/nanobot1/milestone2/data/public_memory/public_memory.jsonl, top_k=2
[BFF] 读取PublicMemory完成: 0 条记录
[BFF] 读取PublicMemory (物理路径): /mnt/d/collections2026/phd_application/nanobot1/milestone2/data/public_memory/public_memory.jsonl, top_k=2
[BFF] 读取PublicMemory完成: 0 条记录
[BFF] 读取PublicMemory (物理路径): /mnt/d/collections2026/phd_application/nanobot1/milestone2/data/public_memory/public_memory.jsonl, top_k=2
[BFF] 读取PublicMemory完成: 0 条记录
[BFF] 读取PublicMemory (物理路径): /mnt/d/collections2026/phd_application/nanobot1/milestone2/data/public_memory/public_memory.jsonl, top_k=2
[BFF] 读取PublicMemory完成: 0 条记录
[BFF] 读取PublicMemory (物理路径): /mnt/d/collections2026/phd_application/nanobot1/milestone2/data/public_memory/public_memory.jsonl, top_k=2
[BFF] 读取PublicMemory完成: 0 条记录
[BFF] 读取PublicMemory (物理路径): /mnt/d/collections2026/phd_application/nanobot1/milestone2/data/public_memory/public_memory.jsonl, top_k=2
[BFF] 读取PublicMemory完成: 0 条记录
[BFF] 读取PublicMemory (物理路径): /mnt/d/collections2026/phd_application/nanobot1/milestone2/data/public_memory/public_memory.jsonl, top_k=2
[BFF] 读取PublicMemory完成: 0 条记录
[BFF] 读取PublicMemory (物理路径): /mnt/d/collections2026/phd_application/nanobot1/milestone2/data/public_memory/public_memory.jsonl, top_k=2
[BFF] 读取PublicMemory完成: 0 条记录
[BFF] 读取PublicMemory (物理路径): /mnt/d/collections2026/phd_application/nanobot1/milestone2/data/public_memory/public_memory.jsonl, top_k=2
[BFF] 读取PublicMemory完成: 0 条记录
[BFF] 读取PublicMemory (物理路径): /mnt/d/collections2026/phd_application/nanobot1/milestone2/data/public_memory/public_memory.jsonl, top_k=2
[BFF] 读取PublicMemory完成: 0 条记录
[BFF] 读取PublicMemory (物理路径): /mnt/d/collections2026/phd_application/nanobot1/milestone2/data/public_memory/public_memory.jsonl, top_k=2
[BFF] 读取PublicMemory完成: 0 条记录
[BFF] 读取PublicMemory (物理路径): /mnt/d/collections2026/phd_application/nanobot1/milestone2/data/public_memory/public_memory.jsonl, top_k=2
[BFF] 读取PublicMemory完成: 0 条记录
[BFF] 读取PublicMemory (物理路径): /mnt/d/collections2026/phd_application/nanobot1/milestone2/data/public_memory/public_memory.jsonl, top_k=2
[BFF] 读取PublicMemory完成: 0 条记录
[BFF] 读取PublicMemory (物理路径): /mnt/d/collections2026/phd_application/nanobot1/milestone2/data/public_memory/public_memory.jsonl, top_k=2
[BFF] 读取PublicMemory完成: 0 条记录
[BFF] 读取PublicMemory (物理路径): /mnt/d/collections2026/phd_application/nanobot1/milestone2/data/public_memory/public_memory.jsonl, top_k=2
[BFF] 读取PublicMemory完成: 0 条记录
[BFF] 读取PublicMemory (物理路径): /mnt/d/collections2026/phd_application/nanobot1/milestone2/data/public_memory/public_memory.jsonl, top_k=2
[BFF] 读取PublicMemory完成: 0 条记录
[BFF] 读取PublicMemory (物理路径): /mnt/d/collections2026/phd_application/nanobot1/milestone2/data/public_memory/public_memory.jsonl, top_k=2
[BFF] 读取PublicMemory完成: 0 条记录
[BFF] 读取PublicMemory (物理路径): /mnt/d/collections2026/phd_application/nanobot1/milestone2/data/public_memory/public_memory.jsonl, top_k=2
[BFF] 读取PublicMemory完成: 0 条记录
[BFF] 读取PublicMemory (物理路径): /mnt/d/collections2026/phd_application/nanobot1/milestone2/data/public_memory/public_memory.jsonl, top_k=2
[BFF] 读取PublicMemory完成: 0 条记录
[BFF] 读取PublicMemory (物理路径): /mnt/d/collections2026/phd_application/nanobot1/milestone2/data/public_memory/public_memory.jsonl, top_k=2
[BFF] 读取PublicMemory完成: 0 条记录
[BFF] 读取PublicMemory (物理路径): /mnt/d/collections2026/phd_application/nanobot1/milestone2/data/public_memory/public_memory.jsonl, top_k=2
[BFF] 读取PublicMemory完成: 0 条记录
[BFF] 读取PublicMemory (物理路径): /mnt/d/collections2026/phd_application/nanobot1/milestone2/data/public_memory/public_memory.jsonl, top_k=2
[BFF] 读取PublicMemory完成: 0 条记录
[BFF] 读取PublicMemory (物理路径): /mnt/d/collections2026/phd_application/nanobot1/milestone2/data/public_memory/public_memory.jsonl, top_k=2
[BFF] 读取PublicMemory完成: 0 条记录
[BFF] 读取PublicMemory (物理路径): /mnt/d/collections2026/phd_application/nanobot1/milestone2/data/public_memory/public_memory.jsonl, top_k=2
[BFF] 读取PublicMemory完成: 0 条记录
[BFF] 读取PublicMemory (物理路径): /mnt/d/collections2026/phd_application/nanobot1/milestone2/data/public_memory/public_memory.jsonl, top_k=2
[BFF] 读取PublicMemory完成: 0 条记录
[BFF] 读取PublicMemory (物理路径): /mnt/d/collections2026/phd_application/nanobot1/milestone2/data/public_memory/public_memory.jsonl, top_k=2
[BFF] 读取PublicMemory完成: 0 条记录
[BFF] 读取PublicMemory (物理路径): /mnt/d/collections2026/phd_application/nanobot1/milestone2/data/public_memory/public_memory.jsonl, top_k=2
[BFF] 读取PublicMemory完成: 0 条记录
[BFF] 读取PublicMemory (物理路径): /mnt/d/collections2026/phd_application/nanobot1/milestone2/data/public_memory/public_memory.jsonl, top_k=2
[BFF] 读取PublicMemory完成: 0 条记录
[BFF] 读取PublicMemory (物理路径): /mnt/d/collections2026/phd_application/nanobot1/milestone2/data/public_memory/public_memory.jsonl, top_k=2
[BFF] 读取PublicMemory完成: 0 条记录
2026-04-21 23:12:48,811 - httpx - INFO - HTTP Request: GET http://localhost:30386/task?agent_id=805f706a "HTTP/1.1 200 OK"
2026-04-21 23:12:49,567 - httpx - INFO - HTTP Request: GET http://localhost:30386/task?agent_id=3d311254 "HTTP/1.1 200 OK"
2026-04-21 23:12:49,576 - httpx - INFO - HTTP Request: GET http://localhost:30386/task?agent_id=58c62304 "HTTP/1.1 200 OK"
2026-04-21 23:12:49,576 - httpx - INFO - HTTP Request: GET http://localhost:30386/task?agent_id=d8b1d4a4 "HTTP/1.1 200 OK"
2026-04-21 23:12:49,577 - httpx - INFO - HTTP Request: GET http://localhost:30386/task?agent_id=a285a9f0 "HTTP/1.1 200 OK"
2026-04-21 23:12:49,583 - httpx - INFO - HTTP Request: GET http://localhost:30386/task?agent_id=49e48c67 "HTTP/1.1 200 OK"
2026-04-21 23:12:49,584 - httpx - INFO - HTTP Request: GET http://localhost:30386/task?agent_id=584a0a4c "HTTP/1.1 200 OK"
2026-04-21 23:12:49,585 - httpx - INFO - HTTP Request: GET http://localhost:30386/task?agent_id=e9a46445 "HTTP/1.1 200 OK"
2026-04-21 23:12:49,585 - httpx - INFO - HTTP Request: GET http://localhost:30386/task?agent_id=75894596 "HTTP/1.1 200 OK"
2026-04-21 23:12:49,585 - httpx - INFO - HTTP Request: GET http://localhost:30386/task?agent_id=a9adac56 "HTTP/1.1 200 OK"
2026-04-21 23:12:49,586 - httpx - INFO - HTTP Request: GET http://localhost:30386/task?agent_id=8c7d02bb "HTTP/1.1 200 OK"
2026-04-21 23:12:52,495 - httpx - INFO - HTTP Request: GET http://localhost:30386/task?agent_id=a41df205 "HTTP/1.1 200 OK"
2026-04-21 23:12:52,497 - httpx - INFO - HTTP Request: GET http://localhost:30386/task?agent_id=b999e4e9 "HTTP/1.1 200 OK"
2026-04-21 23:12:52,497 - httpx - INFO - HTTP Request: GET http://localhost:30386/task?agent_id=ec055a0a "HTTP/1.1 200 OK"
2026-04-21 23:12:52,498 - httpx - INFO - HTTP Request: GET http://localhost:30386/task?agent_id=56d0576b "HTTP/1.1 200 OK"
2026-04-21 23:12:52,498 - httpx - INFO - HTTP Request: GET http://localhost:30386/task?agent_id=8572dff1 "HTTP/1.1 200 OK"
2026-04-21 23:12:52,508 - httpx - INFO - HTTP Request: GET http://localhost:30386/task?agent_id=56c47bbf "HTTP/1.1 200 OK"
2026-04-21 23:12:52,510 - httpx - INFO - HTTP Request: GET http://localhost:30386/task?agent_id=acd7917f "HTTP/1.1 200 OK"
2026-04-21 23:12:52,510 - httpx - INFO - HTTP Request: GET http://localhost:30386/task?agent_id=805f706a "HTTP/1.1 200 OK"
2026-04-21 23:12:52,511 - httpx - INFO - HTTP Request: GET http://localhost:30386/task?agent_id=6841a5b2 "HTTP/1.1 200 OK"
2026-04-21 23:12:52,511 - httpx - INFO - HTTP Request: GET http://localhost:30386/task?agent_id=edfd71cd "HTTP/1.1 200 OK"
2026-04-21 23:12:54,256 - httpx - INFO - HTTP Request: GET http://localhost:30386/task?agent_id=75894596 "HTTP/1.1 200 OK"
2026-04-21 23:12:54,258 - httpx - INFO - HTTP Request: GET http://localhost:30386/task?agent_id=584a0a4c "HTTP/1.1 200 OK"
2026-04-21 23:12:54,685 - httpx - INFO - HTTP Request: GET http://localhost:30386/task?agent_id=3d311254 "HTTP/1.1 200 OK"
2026-04-21 23:12:54,686 - httpx - INFO - HTTP Request: GET http://localhost:30386/task?agent_id=58c62304 "HTTP/1.1 200 OK"
2026-04-21 23:12:55,407 - httpx - INFO - HTTP Request: GET http://localhost:30386/task?agent_id=a285a9f0 "HTTP/1.1 200 OK"
2026-04-21 23:12:55,412 - httpx - INFO - HTTP Request: GET http://localhost:30386/task?agent_id=e9a46445 "HTTP/1.1 200 OK"
2026-04-21 23:12:55,413 - httpx - INFO - HTTP Request: GET http://localhost:30386/task?agent_id=49e48c67 "HTTP/1.1 200 OK"
2026-04-21 23:12:55,418 - httpx - INFO - HTTP Request: GET http://localhost:30386/task?agent_id=d8b1d4a4 "HTTP/1.1 200 OK"
2026-04-21 23:12:55,419 - httpx - INFO - HTTP Request: GET http://localhost:30386/task?agent_id=8c7d02bb "HTTP/1.1 200 OK"
2026-04-21 23:12:55,422 - httpx - INFO - HTTP Request: GET http://localhost:30386/task?agent_id=a9adac56 "HTTP/1.1 200 OK"
2026-04-21 23:12:56,457 - httpx - INFO - HTTP Request: GET http://localhost:30386/task?agent_id=8572dff1 "HTTP/1.1 200 OK"
2026-04-21 23:12:59,461 - httpx - INFO - HTTP Request: GET http://localhost:30386/task?agent_id=edfd71cd "HTTP/1.1 200 OK"
2026-04-21 23:12:59,462 - httpx - INFO - HTTP Request: GET http://localhost:30386/task?agent_id=acd7917f "HTTP/1.1 200 OK"
2026-04-21 23:12:59,463 - httpx - INFO - HTTP Request: GET http://localhost:30386/task?agent_id=ec055a0a "HTTP/1.1 200 OK"
2026-04-21 23:12:59,464 - httpx - INFO - HTTP Request: GET http://localhost:30386/task?agent_id=b999e4e9 "HTTP/1.1 200 OK"
2026-04-21 23:12:59,465 - httpx - INFO - HTTP Request: GET http://localhost:30386/task?agent_id=56d0576b "HTTP/1.1 200 OK"
2026-04-21 23:12:59,465 - httpx - INFO - HTTP Request: GET http://localhost:30386/task?agent_id=805f706a "HTTP/1.1 200 OK"
2026-04-21 23:12:59,466 - httpx - INFO - HTTP Request: GET http://localhost:30386/task?agent_id=a41df205 "HTTP/1.1 200 OK"
2026-04-21 23:12:59,466 - httpx - INFO - HTTP Request: GET http://localhost:30386/task?agent_id=6841a5b2 "HTTP/1.1 200 OK"
2026-04-21 23:12:59,467 - httpx - INFO - HTTP Request: GET http://localhost:30386/task?agent_id=56c47bbf "HTTP/1.1 200 OK"
2026-04-21 23:12:59,484 - httpx - INFO - HTTP Request: GET http://localhost:30386/task?agent_id=75894596 "HTTP/1.1 200 OK"
2026-04-21 23:12:59,484 - httpx - INFO - HTTP Request: GET http://localhost:30386/task?agent_id=584a0a4c "HTTP/1.1 200 OK"
2026-04-21 23:12:59,485 - httpx - INFO - HTTP Request: GET http://localhost:30386/task?agent_id=58c62304 "HTTP/1.1 200 OK"
2026-04-21 23:12:59,485 - httpx - INFO - HTTP Request: GET http://localhost:30386/task?agent_id=3d311254 "HTTP/1.1 200 OK"
2026-04-21 23:12:59,495 - httpx - INFO - HTTP Request: GET http://localhost:30386/task?agent_id=8c7d02bb "HTTP/1.1 200 OK"
2026-04-21 23:12:59,743 - httpx - INFO - HTTP Request: GET http://localhost:30386/task?agent_id=e9a46445 "HTTP/1.1 200 OK"
[BFF] 读取PublicMemory (物理路径): /mnt/d/collections2026/phd_application/nanobot1/milestone2/data/public_memory/public_memory.jsonl, top_k=2
[BFF] 读取PublicMemory完成: 0 条记录
[BFF] 读取PublicMemory (物理路径): /mnt/d/collections2026/phd_application/nanobot1/milestone2/data/public_memory/public_memory.jsonl, top_k=2
[BFF] 读取PublicMemory完成: 0 条记录
[BFF] 读取PublicMemory (物理路径): /mnt/d/collections2026/phd_application/nanobot1/milestone2/data/public_memory/public_memory.jsonl, top_k=2
[BFF] 读取PublicMemory完成: 0 条记录
[BFF] 读取PublicMemory (物理路径): /mnt/d/collections2026/phd_application/nanobot1/milestone2/data/public_memory/public_memory.jsonl, top_k=2
[BFF] 读取PublicMemory完成: 0 条记录
[BFF] 读取PublicMemory (物理路径): /mnt/d/collections2026/phd_application/nanobot1/milestone2/data/public_memory/public_memory.jsonl, top_k=2
[BFF] 读取PublicMemory完成: 0 条记录
[BFF] 读取PublicMemory (物理路径): /mnt/d/collections2026/phd_application/nanobot1/milestone2/data/public_memory/public_memory.jsonl, top_k=2
[BFF] 读取PublicMemory完成: 0 条记录
[BFF] 读取PublicMemory (物理路径): /mnt/d/collections2026/phd_application/nanobot1/milestone2/data/public_memory/public_memory.jsonl, top_k=2
[BFF] 读取PublicMemory完成: 0 条记录
[BFF] 读取PublicMemory (物理路径): /mnt/d/collections2026/phd_application/nanobot1/milestone2/data/public_memory/public_memory.jsonl, top_k=2
[BFF] 读取PublicMemory完成: 0 条记录
[BFF] 读取PublicMemory (物理路径): /mnt/d/collections2026/phd_application/nanobot1/milestone2/data/public_memory/public_memory.jsonl, top_k=2
[BFF] 读取PublicMemory完成: 0 条记录
[BFF] 读取PublicMemory (物理路径): /mnt/d/collections2026/phd_application/nanobot1/milestone2/data/public_memory/public_memory.jsonl, top_k=2
[BFF] 读取PublicMemory完成: 0 条记录
[BFF] 读取PublicMemory (物理路径): /mnt/d/collections2026/phd_application/nanobot1/milestone2/data/public_memory/public_memory.jsonl, top_k=2
[BFF] 读取PublicMemory完成: 0 条记录
[BFF] 读取PublicMemory (物理路径): /mnt/d/collections2026/phd_application/nanobot1/milestone2/data/public_memory/public_memory.jsonl, top_k=2
[BFF] 读取PublicMemory完成: 0 条记录
[BFF] 读取PublicMemory (物理路径): /mnt/d/collections2026/phd_application/nanobot1/milestone2/data/public_memory/public_memory.jsonl, top_k=2
[BFF] 读取PublicMemory完成: 0 条记录
[BFF] 读取PublicMemory (物理路径): /mnt/d/collections2026/phd_application/nanobot1/milestone2/data/public_memory/public_memory.jsonl, top_k=2
[BFF] 读取PublicMemory完成: 0 条记录
[BFF] 读取PublicMemory (物理路径): /mnt/d/collections2026/phd_application/nanobot1/milestone2/data/public_memory/public_memory.jsonl, top_k=2
[BFF] 读取PublicMemory完成: 0 条记录
[BFF] 读取PublicMemory (物理路径): /mnt/d/collections2026/phd_application/nanobot1/milestone2/data/public_memory/public_memory.jsonl, top_k=2
[BFF] 读取PublicMemory完成: 0 条记录
[BFF] 读取PublicMemory (物理路径): /mnt/d/collections2026/phd_application/nanobot1/milestone2/data/public_memory/public_memory.jsonl, top_k=2
[BFF] 读取PublicMemory完成: 0 条记录
[BFF] 读取PublicMemory (物理路径): /mnt/d/collections2026/phd_application/nanobot1/milestone2/data/public_memory/public_memory.jsonl, top_k=2
[BFF] 读取PublicMemory完成: 0 条记录
[BFF] 读取PublicMemory (物理路径): /mnt/d/collections2026/phd_application/nanobot1/milestone2/data/public_memory/public_memory.jsonl, top_k=2
[BFF] 读取PublicMemory完成: 0 条记录
[BFF] 读取PublicMemory (物理路径): /mnt/d/collections2026/phd_application/nanobot1/milestone2/data/public_memory/public_memory.jsonl, top_k=2
[BFF] 读取PublicMemory完成: 0 条记录
[BFF] 读取PublicMemory (物理路径): /mnt/d/collections2026/phd_application/nanobot1/milestone2/data/public_memory/public_memory.jsonl, top_k=2
[BFF] 读取PublicMemory完成: 0 条记录
[BFF] 读取PublicMemory (物理路径): /mnt/d/collections2026/phd_application/nanobot1/milestone2/data/public_memory/public_memory.jsonl, top_k=2
[BFF] 读取PublicMemory完成: 0 条记录
[BFF] 读取PublicMemory (物理路径): /mnt/d/collections2026/phd_application/nanobot1/milestone2/data/public_memory/public_memory.jsonl, top_k=2
[BFF] 读取PublicMemory完成: 0 条记录
[BFF] 读取PublicMemory (物理路径): /mnt/d/collections2026/phd_application/nanobot1/milestone2/data/public_memory/public_memory.jsonl, top_k=2
[BFF] 读取PublicMemory完成: 0 条记录
[BFF] 读取PublicMemory (物理路径): /mnt/d/collections2026/phd_application/nanobot1/milestone2/data/public_memory/public_memory.jsonl, top_k=2
[BFF] 读取PublicMemory完成: 0 条记录
[BFF] 读取PublicMemory (物理路径): /mnt/d/collections2026/phd_application/nanobot1/milestone2/data/public_memory/public_memory.jsonl, top_k=2
[BFF] 读取PublicMemory完成: 0 条记录
[BFF] 读取PublicMemory (物理路径): /mnt/d/collections2026/phd_application/nanobot1/milestone2/data/public_memory/public_memory.jsonl, top_k=2
[BFF] 读取PublicMemory完成: 0 条记录
[BFF] 读取PublicMemory (物理路径): /mnt/d/collections2026/phd_application/nanobot1/milestone2/data/public_memory/public_memory.jsonl, top_k=2
[BFF] 读取PublicMemory完成: 0 条记录
[BFF] 读取PublicMemory (物理路径): /mnt/d/collections2026/phd_application/nanobot1/milestone2/data/public_memory/public_memory.jsonl, top_k=2
[BFF] 读取PublicMemory完成: 0 条记录
[BFF] 读取PublicMemory (物理路径): /mnt/d/collections2026/phd_application/nanobot1/milestone2/data/public_memory/public_memory.jsonl, top_k=2
[BFF] 读取PublicMemory完成: 0 条记录
[BFF] 读取PublicMemory (物理路径): /mnt/d/collections2026/phd_application/nanobot1/milestone2/data/public_memory/public_memory.jsonl, top_k=2
[BFF] 读取PublicMemory完成: 0 条记录
[BFF] 读取PublicMemory (物理路径): /mnt/d/collections2026/phd_application/nanobot1/milestone2/data/public_memory/public_memory.jsonl, top_k=2
[BFF] 读取PublicMemory完成: 0 条记录
[BFF] 读取PublicMemory (物理路径): /mnt/d/collections2026/phd_application/nanobot1/milestone2/data/public_memory/public_memory.jsonl, top_k=2
[BFF] 读取PublicMemory完成: 0 条记录
[BFF] 读取PublicMemory (物理路径): /mnt/d/collections2026/phd_application/nanobot1/milestone2/data/public_memory/public_memory.jsonl, top_k=2
[BFF] 读取PublicMemory完成: 0 条记录
[BFF] 读取PublicMemory (物理路径): /mnt/d/collections2026/phd_application/nanobot1/milestone2/data/public_memory/public_memory.jsonl, top_k=2
[BFF] 读取PublicMemory完成: 0 条记录
[BFF] 读取PublicMemory (物理路径): /mnt/d/collections2026/phd_application/nanobot1/milestone2/data/public_memory/public_memory.jsonl, top_k=2
[BFF] 读取PublicMemory完成: 0 条记录
[BFF] 读取PublicMemory (物理路径): /mnt/d/collections2026/phd_application/nanobot1/milestone2/data/public_memory/public_memory.jsonl, top_k=2
[BFF] 读取PublicMemory完成: 0 条记录
[BFF] 读取PublicMemory (物理路径): /mnt/d/collections2026/phd_application/nanobot1/milestone2/data/public_memory/public_memory.jsonl, top_k=2
[BFF] 读取PublicMemory完成: 0 条记录
[BFF] 读取PublicMemory (物理路径): /mnt/d/collections2026/phd_application/nanobot1/milestone2/data/public_memory/public_memory.jsonl, top_k=2
[BFF] 读取PublicMemory完成: 0 条记录
[BFF] 读取PublicMemory (物理路径): /mnt/d/collections2026/phd_application/nanobot1/milestone2/data/public_memory/public_memory.jsonl, top_k=2
[BFF] 读取PublicMemory完成: 0 条记录
[BFF] 读取PublicMemory (物理路径): /mnt/d/collections2026/phd_application/nanobot1/milestone2/data/public_memory/public_memory.jsonl, top_k=2
[BFF] 读取PublicMemory完成: 0 条记录
[BFF] 读取PublicMemory (物理路径): /mnt/d/collections2026/phd_application/nanobot1/milestone2/data/public_memory/public_memory.jsonl, top_k=2
[BFF] 读取PublicMemory完成: 0 条记录
2026-04-21 23:13:00,850 - httpx - INFO - HTTP Request: GET http://localhost:30386/task?agent_id=49e48c67 "HTTP/1.1 200 OK"
2026-04-21 23:13:00,853 - httpx - INFO - HTTP Request: GET http://localhost:30386/task?agent_id=a9adac56 "HTTP/1.1 200 OK"
2026-04-21 23:13:00,856 - httpx - INFO - HTTP Request: GET http://localhost:30386/task?agent_id=a285a9f0 "HTTP/1.1 200 OK"
2026-04-21 23:13:00,857 - httpx - INFO - HTTP Request: GET http://localhost:30386/task?agent_id=d8b1d4a4 "HTTP/1.1 200 OK"
2026-04-21 23:13:00,866 - httpx - INFO - HTTP Request: GET http://localhost:30386/task?agent_id=8572dff1 "HTTP/1.1 200 OK"
2026-04-21 23:13:03,403 - httpx - INFO - HTTP Request: GET http://localhost:30386/task?agent_id=e9a46445 "HTTP/1.1 200 OK"
2026-04-21 23:13:03,405 - httpx - INFO - HTTP Request: GET http://localhost:30386/task?agent_id=75894596 "HTTP/1.1 200 OK"
2026-04-21 23:13:03,407 - httpx - INFO - HTTP Request: GET http://localhost:30386/task?agent_id=8572dff1 "HTTP/1.1 200 OK"
2026-04-21 23:13:04,236 - httpx - INFO - HTTP Request: GET http://localhost:30386/task?agent_id=3d311254 "HTTP/1.1 200 OK"
2026-04-21 23:13:05,431 - httpx - INFO - HTTP Request: GET http://localhost:30386/task?agent_id=58c62304 "HTTP/1.1 200 OK"
2026-04-21 23:13:05,528 - httpx - INFO - HTTP Request: GET http://localhost:30386/task?agent_id=584a0a4c "HTTP/1.1 200 OK"
2026-04-21 23:13:05,823 - httpx - INFO - HTTP Request: GET http://localhost:30386/task?agent_id=8c7d02bb "HTTP/1.1 200 OK"
2026-04-21 23:13:05,824 - httpx - INFO - HTTP Request: GET http://localhost:30386/task?agent_id=a9adac56 "HTTP/1.1 200 OK"
2026-04-21 23:13:05,824 - httpx - INFO - HTTP Request: GET http://localhost:30386/task?agent_id=49e48c67 "HTTP/1.1 200 OK"
2026-04-21 23:13:06,405 - httpx - INFO - HTTP Request: GET http://localhost:30386/task?agent_id=a285a9f0 "HTTP/1.1 200 OK"
2026-04-21 23:13:06,406 - httpx - INFO - HTTP Request: GET http://localhost:30386/task?agent_id=d8b1d4a4 "HTTP/1.1 200 OK"
2026-04-21 23:13:06,717 - httpx - INFO - HTTP Request: GET http://localhost:30386/task?agent_id=b999e4e9 "HTTP/1.1 200 OK"
2026-04-21 23:13:06,721 - httpx - INFO - HTTP Request: GET http://localhost:30386/task?agent_id=56c47bbf "HTTP/1.1 200 OK"
2026-04-21 23:13:06,721 - httpx - INFO - HTTP Request: GET http://localhost:30386/task?agent_id=acd7917f "HTTP/1.1 200 OK"
2026-04-21 23:13:06,722 - httpx - INFO - HTTP Request: GET http://localhost:30386/task?agent_id=805f706a "HTTP/1.1 200 OK"
2026-04-21 23:13:06,728 - httpx - INFO - HTTP Request: GET http://localhost:30386/task?agent_id=56d0576b "HTTP/1.1 200 OK"
2026-04-21 23:13:06,729 - httpx - INFO - HTTP Request: GET http://localhost:30386/task?agent_id=ec055a0a "HTTP/1.1 200 OK"
2026-04-21 23:13:06,729 - httpx - INFO - HTTP Request: GET http://localhost:30386/task?agent_id=a41df205 "HTTP/1.1 200 OK"
2026-04-21 23:13:06,730 - httpx - INFO - HTTP Request: GET http://localhost:30386/task?agent_id=8572dff1 "HTTP/1.1 200 OK"
2026-04-21 23:13:06,730 - httpx - INFO - HTTP Request: GET http://localhost:30386/task?agent_id=edfd71cd "HTTP/1.1 200 OK"
2026-04-21 23:13:06,731 - httpx - INFO - HTTP Request: GET http://localhost:30386/task?agent_id=6841a5b2 "HTTP/1.1 200 OK"
2026-04-21 23:13:06,742 - httpx - INFO - HTTP Request: GET http://localhost:30386/task?agent_id=e9a46445 "HTTP/1.1 200 OK"
2026-04-21 23:13:06,743 - httpx - INFO - HTTP Request: GET http://localhost:30386/task?agent_id=75894596 "HTTP/1.1 200 OK"
2026-04-21 23:13:06,743 - httpx - INFO - HTTP Request: GET http://localhost:30386/task?agent_id=3d311254 "HTTP/1.1 200 OK"
2026-04-21 23:13:08,680 - httpx - INFO - HTTP Request: GET http://localhost:30386/task?agent_id=584a0a4c "HTTP/1.1 200 OK"
[BFF] 读取PublicMemory (物理路径): /mnt/d/collections2026/phd_application/nanobot1/milestone2/data/public_memory/public_memory.jsonl, top_k=2
[BFF] 读取PublicMemory完成: 0 条记录
[BFF] 读取PublicMemory (物理路径): /mnt/d/collections2026/phd_application/nanobot1/milestone2/data/public_memory/public_memory.jsonl, top_k=2
[BFF] 读取PublicMemory完成: 0 条记录
[BFF] 读取PublicMemory (物理路径): /mnt/d/collections2026/phd_application/nanobot1/milestone2/data/public_memory/public_memory.jsonl, top_k=2
[BFF] 读取PublicMemory完成: 0 条记录
[BFF] 读取PublicMemory (物理路径): /mnt/d/collections2026/phd_application/nanobot1/milestone2/data/public_memory/public_memory.jsonl, top_k=2
[BFF] 读取PublicMemory完成: 0 条记录
[BFF] 读取PublicMemory (物理路径): /mnt/d/collections2026/phd_application/nanobot1/milestone2/data/public_memory/public_memory.jsonl, top_k=2
[BFF] 读取PublicMemory完成: 0 条记录
[BFF] 读取PublicMemory (物理路径): /mnt/d/collections2026/phd_application/nanobot1/milestone2/data/public_memory/public_memory.jsonl, top_k=2
[BFF] 读取PublicMemory完成: 0 条记录
[BFF] 读取PublicMemory (物理路径): /mnt/d/collections2026/phd_application/nanobot1/milestone2/data/public_memory/public_memory.jsonl, top_k=2
[BFF] 读取PublicMemory完成: 0 条记录
[BFF] 读取PublicMemory (物理路径): /mnt/d/collections2026/phd_application/nanobot1/milestone2/data/public_memory/public_memory.jsonl, top_k=2
[BFF] 读取PublicMemory完成: 0 条记录
[BFF] 读取PublicMemory (物理路径): /mnt/d/collections2026/phd_application/nanobot1/milestone2/data/public_memory/public_memory.jsonl, top_k=2
[BFF] 读取PublicMemory完成: 0 条记录
[BFF] 读取PublicMemory (物理路径): /mnt/d/collections2026/phd_application/nanobot1/milestone2/data/public_memory/public_memory.jsonl, top_k=2
[BFF] 读取PublicMemory完成: 0 条记录
[BFF] 读取PublicMemory (物理路径): /mnt/d/collections2026/phd_application/nanobot1/milestone2/data/public_memory/public_memory.jsonl, top_k=2
[BFF] 读取PublicMemory完成: 0 条记录
[BFF] 读取PublicMemory (物理路径): /mnt/d/collections2026/phd_application/nanobot1/milestone2/data/public_memory/public_memory.jsonl, top_k=2
[BFF] 读取PublicMemory完成: 0 条记录
[BFF] 读取PublicMemory (物理路径): /mnt/d/collections2026/phd_application/nanobot1/milestone2/data/public_memory/public_memory.jsonl, top_k=2
[BFF] 读取PublicMemory完成: 0 条记录
[BFF] 读取PublicMemory (物理路径): /mnt/d/collections2026/phd_application/nanobot1/milestone2/data/public_memory/public_memory.jsonl, top_k=2
[BFF] 读取PublicMemory完成: 0 条记录
[BFF] 读取PublicMemory (物理路径): /mnt/d/collections2026/phd_application/nanobot1/milestone2/data/public_memory/public_memory.jsonl, top_k=2
[BFF] 读取PublicMemory完成: 0 条记录
[BFF] 读取PublicMemory (物理路径): /mnt/d/collections2026/phd_application/nanobot1/milestone2/data/public_memory/public_memory.jsonl, top_k=2
[BFF] 读取PublicMemory完成: 0 条记录
[BFF] 读取PublicMemory (物理路径): /mnt/d/collections2026/phd_application/nanobot1/milestone2/data/public_memory/public_memory.jsonl, top_k=2
[BFF] 读取PublicMemory完成: 0 条记录
[BFF] 读取PublicMemory (物理路径): /mnt/d/collections2026/phd_application/nanobot1/milestone2/data/public_memory/public_memory.jsonl, top_k=2
[BFF] 读取PublicMemory完成: 0 条记录
[BFF] 读取PublicMemory (物理路径): /mnt/d/collections2026/phd_application/nanobot1/milestone2/data/public_memory/public_memory.jsonl, top_k=2
[BFF] 读取PublicMemory完成: 0 条记录
[BFF] 读取PublicMemory (物理路径): /mnt/d/collections2026/phd_application/nanobot1/milestone2/data/public_memory/public_memory.jsonl, top_k=2
[BFF] 读取PublicMemory完成: 0 条记录
[BFF] 读取PublicMemory (物理路径): /mnt/d/collections2026/phd_application/nanobot1/milestone2/data/public_memory/public_memory.jsonl, top_k=2
[BFF] 读取PublicMemory完成: 0 条记录
[BFF] 读取PublicMemory (物理路径): /mnt/d/collections2026/phd_application/nanobot1/milestone2/data/public_memory/public_memory.jsonl, top_k=2
[BFF] 读取PublicMemory完成: 0 条记录
[BFF] 读取PublicMemory (物理路径): /mnt/d/collections2026/phd_application/nanobot1/milestone2/data/public_memory/public_memory.jsonl, top_k=2
[BFF] 读取PublicMemory完成: 0 条记录
[BFF] 读取PublicMemory (物理路径): /mnt/d/collections2026/phd_application/nanobot1/milestone2/data/public_memory/public_memory.jsonl, top_k=2
[BFF] 读取PublicMemory完成: 0 条记录
[BFF] 读取PublicMemory (物理路径): /mnt/d/collections2026/phd_application/nanobot1/milestone2/data/public_memory/public_memory.jsonl, top_k=2
[BFF] 读取PublicMemory完成: 0 条记录
[BFF] 读取PublicMemory (物理路径): /mnt/d/collections2026/phd_application/nanobot1/milestone2/data/public_memory/public_memory.jsonl, top_k=2
[BFF] 读取PublicMemory完成: 0 条记录
[BFF] 读取PublicMemory (物理路径): /mnt/d/collections2026/phd_application/nanobot1/milestone2/data/public_memory/public_memory.jsonl, top_k=2
[BFF] 读取PublicMemory完成: 0 条记录
[BFF] 读取PublicMemory (物理路径): /mnt/d/collections2026/phd_application/nanobot1/milestone2/data/public_memory/public_memory.jsonl, top_k=2
[BFF] 读取PublicMemory完成: 0 条记录
[BFF] 读取PublicMemory (物理路径): /mnt/d/collections2026/phd_application/nanobot1/milestone2/data/public_memory/public_memory.jsonl, top_k=2
[BFF] 读取PublicMemory完成: 0 条记录
[BFF] 读取PublicMemory (物理路径): /mnt/d/collections2026/phd_application/nanobot1/milestone2/data/public_memory/public_memory.jsonl, top_k=2
[BFF] 读取PublicMemory完成: 0 条记录
[BFF] 读取PublicMemory (物理路径): /mnt/d/collections2026/phd_application/nanobot1/milestone2/data/public_memory/public_memory.jsonl, top_k=2
[BFF] 读取PublicMemory完成: 0 条记录
[BFF] 读取PublicMemory (物理路径): /mnt/d/collections2026/phd_application/nanobot1/milestone2/data/public_memory/public_memory.jsonl, top_k=2
[BFF] 读取PublicMemory完成: 0 条记录
[BFF] 读取PublicMemory (物理路径): /mnt/d/collections2026/phd_application/nanobot1/milestone2/data/public_memory/public_memory.jsonl, top_k=2
[BFF] 读取PublicMemory完成: 0 条记录
[BFF] 读取PublicMemory (物理路径): /mnt/d/collections2026/phd_application/nanobot1/milestone2/data/public_memory/public_memory.jsonl, top_k=2
[BFF] 读取PublicMemory完成: 0 条记录
[BFF] 读取PublicMemory (物理路径): /mnt/d/collections2026/phd_application/nanobot1/milestone2/data/public_memory/public_memory.jsonl, top_k=2
[BFF] 读取PublicMemory完成: 0 条记录
[BFF] 读取PublicMemory (物理路径): /mnt/d/collections2026/phd_application/nanobot1/milestone2/data/public_memory/public_memory.jsonl, top_k=2
[BFF] 读取PublicMemory完成: 0 条记录
[BFF] 读取PublicMemory (物理路径): /mnt/d/collections2026/phd_application/nanobot1/milestone2/data/public_memory/public_memory.jsonl, top_k=2
[BFF] 读取PublicMemory完成: 0 条记录
[BFF] 读取PublicMemory (物理路径): /mnt/d/collections2026/phd_application/nanobot1/milestone2/data/public_memory/public_memory.jsonl, top_k=2
[BFF] 读取PublicMemory完成: 0 条记录
[BFF] 读取PublicMemory (物理路径): /mnt/d/collections2026/phd_application/nanobot1/milestone2/data/public_memory/public_memory.jsonl, top_k=2
[BFF] 读取PublicMemory完成: 0 条记录
[BFF] 读取PublicMemory (物理路径): /mnt/d/collections2026/phd_application/nanobot1/milestone2/data/public_memory/public_memory.jsonl, top_k=2
[BFF] 读取PublicMemory完成: 0 条记录
[BFF] 读取PublicMemory (物理路径): /mnt/d/collections2026/phd_application/nanobot1/milestone2/data/public_memory/public_memory.jsonl, top_k=2
[BFF] 读取PublicMemory完成: 0 条记录
[BFF] 读取PublicMemory (物理路径): /mnt/d/collections2026/phd_application/nanobot1/milestone2/data/public_memory/public_memory.jsonl, top_k=2
[BFF] 读取PublicMemory完成: 0 条记录
2026-04-21 23:13:09,160 - httpx - INFO - HTTP Request: GET http://localhost:30386/task?agent_id=58c62304 "HTTP/1.1 200 OK"
2026-04-21 23:13:13,002 - httpx - INFO - HTTP Request: GET http://localhost:30386/task?agent_id=3d311254 "HTTP/1.1 200 OK"
2026-04-21 23:13:13,002 - httpx - INFO - HTTP Request: GET http://localhost:30386/task?agent_id=d8b1d4a4 "HTTP/1.1 200 OK"
2026-04-21 23:13:13,031 - httpx - INFO - HTTP Request: GET http://localhost:30386/task?agent_id=75894596 "HTTP/1.1 200 OK"
2026-04-21 23:13:13,033 - httpx - INFO - HTTP Request: GET http://localhost:30386/task?agent_id=a9adac56 "HTTP/1.1 200 OK"
2026-04-21 23:13:13,033 - httpx - INFO - HTTP Request: GET http://localhost:30386/task?agent_id=e9a46445 "HTTP/1.1 200 OK"
2026-04-21 23:13:13,035 - httpx - INFO - HTTP Request: GET http://localhost:30386/task?agent_id=49e48c67 "HTTP/1.1 200 OK"
2026-04-21 23:13:13,042 - httpx - INFO - HTTP Request: GET http://localhost:30386/task?agent_id=a285a9f0 "HTTP/1.1 200 OK"
2026-04-21 23:13:13,043 - httpx - INFO - HTTP Request: GET http://localhost:30386/task?agent_id=584a0a4c "HTTP/1.1 200 OK"
2026-04-21 23:13:13,044 - httpx - INFO - HTTP Request: GET http://localhost:30386/task?agent_id=8c7d02bb "HTTP/1.1 200 OK"
2026-04-21 23:13:13,064 - httpx - INFO - HTTP Request: GET http://localhost:30386/task?agent_id=58c62304 "HTTP/1.1 200 OK"
2026-04-21 23:13:13,065 - httpx - INFO - HTTP Request: GET http://localhost:30386/task?agent_id=edfd71cd "HTTP/1.1 200 OK"
2026-04-21 23:13:13,069 - httpx - INFO - HTTP Request: GET http://localhost:30386/task?agent_id=a41df205 "HTTP/1.1 200 OK"
2026-04-21 23:13:13,076 - httpx - INFO - HTTP Request: GET http://localhost:30386/task?agent_id=acd7917f "HTTP/1.1 200 OK"
2026-04-21 23:13:13,078 - httpx - INFO - HTTP Request: GET http://localhost:30386/task?agent_id=805f706a "HTTP/1.1 200 OK"
2026-04-21 23:13:13,079 - httpx - INFO - HTTP Request: GET http://localhost:30386/task?agent_id=6841a5b2 "HTTP/1.1 200 OK"
2026-04-21 23:13:13,079 - httpx - INFO - HTTP Request: GET http://localhost:30386/task?agent_id=56d0576b "HTTP/1.1 200 OK"
2026-04-21 23:13:13,080 - httpx - INFO - HTTP Request: GET http://localhost:30386/task?agent_id=ec055a0a "HTTP/1.1 200 OK"
2026-04-21 23:13:13,080 - httpx - INFO - HTTP Request: GET http://localhost:30386/task?agent_id=56c47bbf "HTTP/1.1 200 OK"
2026-04-21 23:13:13,081 - httpx - INFO - HTTP Request: GET http://localhost:30386/task?agent_id=b999e4e9 "HTTP/1.1 200 OK"
2026-04-21 23:13:13,086 - httpx - INFO - HTTP Request: GET http://localhost:30386/task?agent_id=8572dff1 "HTTP/1.1 200 OK"
2026-04-21 23:13:16,830 - httpx - INFO - HTTP Request: GET http://localhost:30386/task?agent_id=584a0a4c "HTTP/1.1 200 OK"
2026-04-21 23:13:17,521 - httpx - INFO - HTTP Request: GET http://localhost:30386/task?agent_id=8c7d02bb "HTTP/1.1 200 OK"
2026-04-21 23:13:17,527 - httpx - INFO - HTTP Request: GET http://localhost:30386/task?agent_id=8572dff1 "HTTP/1.1 200 OK"
2026-04-21 23:13:17,531 - httpx - INFO - HTTP Request: GET http://localhost:30386/task?agent_id=6841a5b2 "HTTP/1.1 200 OK"
2026-04-21 23:13:17,775 - httpx - INFO - HTTP Request: GET http://localhost:30386/task?agent_id=58c62304 "HTTP/1.1 200 OK"
2026-04-21 23:13:20,836 - httpx - INFO - HTTP Request: GET http://localhost:30386/task?agent_id=805f706a "HTTP/1.1 200 OK"
2026-04-21 23:13:20,840 - httpx - INFO - HTTP Request: GET http://localhost:30386/task?agent_id=56d0576b "HTTP/1.1 200 OK"
2026-04-21 23:13:20,841 - httpx - INFO - HTTP Request: GET http://localhost:30386/task?agent_id=edfd71cd "HTTP/1.1 200 OK"
2026-04-21 23:13:20,842 - httpx - INFO - HTTP Request: GET http://localhost:30386/task?agent_id=acd7917f "HTTP/1.1 200 OK"
2026-04-21 23:13:20,843 - httpx - INFO - HTTP Request: GET http://localhost:30386/task?agent_id=b999e4e9 "HTTP/1.1 200 OK"
2026-04-21 23:13:20,960 - httpx - INFO - HTTP Request: GET http://localhost:30386/task?agent_id=a285a9f0 "HTTP/1.1 200 OK"
2026-04-21 23:13:21,132 - httpx - INFO - HTTP Request: GET http://localhost:30386/task?agent_id=a9adac56 "HTTP/1.1 200 OK"
2026-04-21 23:13:21,138 - httpx - INFO - HTTP Request: GET http://localhost:30386/task?agent_id=56c47bbf "HTTP/1.1 200 OK"
2026-04-21 23:13:21,139 - httpx - INFO - HTTP Request: GET http://localhost:30386/task?agent_id=ec055a0a "HTTP/1.1 200 OK"
2026-04-21 23:13:21,140 - httpx - INFO - HTTP Request: GET http://localhost:30386/task?agent_id=a41df205 "HTTP/1.1 200 OK"
2026-04-21 23:13:21,142 - httpx - INFO - HTTP Request: GET http://localhost:30386/task?agent_id=49e48c67 "HTTP/1.1 200 OK"
2026-04-21 23:13:21,143 - httpx - INFO - HTTP Request: GET http://localhost:30386/task?agent_id=75894596 "HTTP/1.1 200 OK"
2026-04-21 23:13:21,143 - httpx - INFO - HTTP Request: GET http://localhost:30386/task?agent_id=e9a46445 "HTTP/1.1 200 OK"
2026-04-21 23:13:21,144 - httpx - INFO - HTTP Request: GET http://localhost:30386/task?agent_id=d8b1d4a4 "HTTP/1.1 200 OK"
2026-04-21 23:13:21,144 - httpx - INFO - HTTP Request: GET http://localhost:30386/task?agent_id=3d311254 "HTTP/1.1 200 OK"
2026-04-21 23:13:21,145 - httpx - INFO - HTTP Request: GET http://localhost:30386/task?agent_id=584a0a4c "HTTP/1.1 200 OK"
2026-04-21 23:13:21,315 - httpx - INFO - HTTP Request: GET http://localhost:30386/task?agent_id=8c7d02bb "HTTP/1.1 200 OK"
2026-04-21 23:13:21,316 - httpx - INFO - HTTP Request: GET http://localhost:30386/task?agent_id=8572dff1 "HTTP/1.1 200 OK"
2026-04-21 23:13:21,318 - httpx - INFO - HTTP Request: GET http://localhost:30386/task?agent_id=6841a5b2 "HTTP/1.1 200 OK"
2026-04-21 23:13:21,323 - httpx - INFO - HTTP Request: GET http://localhost:30386/task?agent_id=58c62304 "HTTP/1.1 200 OK"
[BFF] 读取PublicMemory (物理路径): /mnt/d/collections2026/phd_application/nanobot1/milestone2/data/public_memory/public_memory.jsonl, top_k=2
[BFF] 读取PublicMemory完成: 0 条记录
[BFF] 读取PublicMemory (物理路径): /mnt/d/collections2026/phd_application/nanobot1/milestone2/data/public_memory/public_memory.jsonl, top_k=2
[BFF] 读取PublicMemory完成: 0 条记录
[BFF] 读取PublicMemory (物理路径): /mnt/d/collections2026/phd_application/nanobot1/milestone2/data/public_memory/public_memory.jsonl, top_k=2
[BFF] 读取PublicMemory完成: 0 条记录
[BFF] 读取PublicMemory (物理路径): /mnt/d/collections2026/phd_application/nanobot1/milestone2/data/public_memory/public_memory.jsonl, top_k=2
[BFF] 读取PublicMemory完成: 0 条记录
[BFF] 读取PublicMemory (物理路径): /mnt/d/collections2026/phd_application/nanobot1/milestone2/data/public_memory/public_memory.jsonl, top_k=2
[BFF] 读取PublicMemory完成: 0 条记录
[BFF] 读取PublicMemory (物理路径): /mnt/d/collections2026/phd_application/nanobot1/milestone2/data/public_memory/public_memory.jsonl, top_k=2
[BFF] 读取PublicMemory完成: 0 条记录
[BFF] 读取PublicMemory (物理路径): /mnt/d/collections2026/phd_application/nanobot1/milestone2/data/public_memory/public_memory.jsonl, top_k=2
[BFF] 读取PublicMemory完成: 0 条记录
[BFF] 读取PublicMemory (物理路径): /mnt/d/collections2026/phd_application/nanobot1/milestone2/data/public_memory/public_memory.jsonl, top_k=2
[BFF] 读取PublicMemory完成: 0 条记录
[BFF] 读取PublicMemory (物理路径): /mnt/d/collections2026/phd_application/nanobot1/milestone2/data/public_memory/public_memory.jsonl, top_k=2
[BFF] 读取PublicMemory完成: 0 条记录
[BFF] 读取PublicMemory (物理路径): /mnt/d/collections2026/phd_application/nanobot1/milestone2/data/public_memory/public_memory.jsonl, top_k=2
[BFF] 读取PublicMemory完成: 0 条记录
[BFF] 读取PublicMemory (物理路径): /mnt/d/collections2026/phd_application/nanobot1/milestone2/data/public_memory/public_memory.jsonl, top_k=2
[BFF] 读取PublicMemory完成: 0 条记录
[BFF] 读取PublicMemory (物理路径): /mnt/d/collections2026/phd_application/nanobot1/milestone2/data/public_memory/public_memory.jsonl, top_k=2
[BFF] 读取PublicMemory完成: 0 条记录
[BFF] 读取PublicMemory (物理路径): /mnt/d/collections2026/phd_application/nanobot1/milestone2/data/public_memory/public_memory.jsonl, top_k=2
[BFF] 读取PublicMemory完成: 0 条记录
[BFF] 读取PublicMemory (物理路径): /mnt/d/collections2026/phd_application/nanobot1/milestone2/data/public_memory/public_memory.jsonl, top_k=2
[BFF] 读取PublicMemory完成: 0 条记录
[BFF] 读取PublicMemory (物理路径): /mnt/d/collections2026/phd_application/nanobot1/milestone2/data/public_memory/public_memory.jsonl, top_k=2
[BFF] 读取PublicMemory完成: 0 条记录
[BFF] 读取PublicMemory (物理路径): /mnt/d/collections2026/phd_application/nanobot1/milestone2/data/public_memory/public_memory.jsonl, top_k=2
[BFF] 读取PublicMemory完成: 0 条记录
[BFF] 读取PublicMemory (物理路径): /mnt/d/collections2026/phd_application/nanobot1/milestone2/data/public_memory/public_memory.jsonl, top_k=2
[BFF] 读取PublicMemory完成: 0 条记录
[BFF] 读取PublicMemory (物理路径): /mnt/d/collections2026/phd_application/nanobot1/milestone2/data/public_memory/public_memory.jsonl, top_k=2
[BFF] 读取PublicMemory完成: 0 条记录
[BFF] 读取PublicMemory (物理路径): /mnt/d/collections2026/phd_application/nanobot1/milestone2/data/public_memory/public_memory.jsonl, top_k=2
[BFF] 读取PublicMemory完成: 0 条记录
[BFF] 读取PublicMemory (物理路径): /mnt/d/collections2026/phd_application/nanobot1/milestone2/data/public_memory/public_memory.jsonl, top_k=2
[BFF] 读取PublicMemory完成: 0 条记录
[BFF] 读取PublicMemory (物理路径): /mnt/d/collections2026/phd_application/nanobot1/milestone2/data/public_memory/public_memory.jsonl, top_k=2
[BFF] 读取PublicMemory完成: 0 条记录
[BFF] 读取PublicMemory (物理路径): /mnt/d/collections2026/phd_application/nanobot1/milestone2/data/public_memory/public_memory.jsonl, top_k=2
[BFF] 读取PublicMemory完成: 0 条记录
[BFF] 读取PublicMemory (物理路径): /mnt/d/collections2026/phd_application/nanobot1/milestone2/data/public_memory/public_memory.jsonl, top_k=2
[BFF] 读取PublicMemory完成: 0 条记录
[BFF] 读取PublicMemory (物理路径): /mnt/d/collections2026/phd_application/nanobot1/milestone2/data/public_memory/public_memory.jsonl, top_k=2
[BFF] 读取PublicMemory完成: 0 条记录
[BFF] 读取PublicMemory (物理路径): /mnt/d/collections2026/phd_application/nanobot1/milestone2/data/public_memory/public_memory.jsonl, top_k=2
[BFF] 读取PublicMemory完成: 0 条记录
[BFF] 读取PublicMemory (物理路径): /mnt/d/collections2026/phd_application/nanobot1/milestone2/data/public_memory/public_memory.jsonl, top_k=2
[BFF] 读取PublicMemory完成: 0 条记录
[BFF] 读取PublicMemory (物理路径): /mnt/d/collections2026/phd_application/nanobot1/milestone2/data/public_memory/public_memory.jsonl, top_k=2
[BFF] 读取PublicMemory完成: 0 条记录
[BFF] 读取PublicMemory (物理路径): /mnt/d/collections2026/phd_application/nanobot1/milestone2/data/public_memory/public_memory.jsonl, top_k=2
[BFF] 读取PublicMemory完成: 0 条记录
[BFF] 邻居发现: 所有父子关系已建立
[BFF] 读取PublicMemory (物理路径): /mnt/d/collections2026/phd_application/nanobot1/milestone2/data/public_memory/public_memory.jsonl, top_k=2
[BFF] 读取PublicMemory完成: 0 条记录
[BFF] 读取PublicMemory (物理路径): /mnt/d/collections2026/phd_application/nanobot1/milestone2/data/public_memory/public_memory.jsonl, top_k=2
[BFF] 读取PublicMemory完成: 0 条记录
[BFF] 读取PublicMemory (物理路径): /mnt/d/collections2026/phd_application/nanobot1/milestone2/data/public_memory/public_memory.jsonl, top_k=2
[BFF] 读取PublicMemory完成: 0 条记录
[BFF] 读取PublicMemory (物理路径): /mnt/d/collections2026/phd_application/nanobot1/milestone2/data/public_memory/public_memory.jsonl, top_k=2
[BFF] 读取PublicMemory完成: 0 条记录
[BFF] 读取PublicMemory (物理路径): /mnt/d/collections2026/phd_application/nanobot1/milestone2/data/public_memory/public_memory.jsonl, top_k=2
[BFF] 读取PublicMemory完成: 0 条记录
[BFF] 读取PublicMemory (物理路径): /mnt/d/collections2026/phd_application/nanobot1/milestone2/data/public_memory/public_memory.jsonl, top_k=2
[BFF] 读取PublicMemory完成: 0 条记录
[BFF] 读取PublicMemory (物理路径): /mnt/d/collections2026/phd_application/nanobot1/milestone2/data/public_memory/public_memory.jsonl, top_k=2
[BFF] 读取PublicMemory完成: 0 条记录
[BFF] 读取PublicMemory (物理路径): /mnt/d/collections2026/phd_application/nanobot1/milestone2/data/public_memory/public_memory.jsonl, top_k=2
[BFF] 读取PublicMemory完成: 0 条记录
[BFF] 读取PublicMemory (物理路径): /mnt/d/collections2026/phd_application/nanobot1/milestone2/data/public_memory/public_memory.jsonl, top_k=2
[BFF] 读取PublicMemory完成: 0 条记录
[BFF] 读取PublicMemory (物理路径): /mnt/d/collections2026/phd_application/nanobot1/milestone2/data/public_memory/public_memory.jsonl, top_k=2
[BFF] 读取PublicMemory完成: 0 条记录
[BFF] 读取PublicMemory (物理路径): /mnt/d/collections2026/phd_application/nanobot1/milestone2/data/public_memory/public_memory.jsonl, top_k=2
[BFF] 读取PublicMemory完成: 0 条记录
[BFF] 读取PublicMemory (物理路径): /mnt/d/collections2026/phd_application/nanobot1/milestone2/data/public_memory/public_memory.jsonl, top_k=2
[BFF] 读取PublicMemory完成: 0 条记录
[BFF] 读取PublicMemory (物理路径): /mnt/d/collections2026/phd_application/nanobot1/milestone2/data/public_memory/public_memory.jsonl, top_k=2
[BFF] 读取PublicMemory完成: 0 条记录
[BFF] 读取PublicMemory (物理路径): /mnt/d/collections2026/phd_application/nanobot1/milestone2/data/public_memory/public_memory.jsonl, top_k=2
[BFF] 读取PublicMemory完成: 0 条记录
2026-04-21 23:13:23,598 - httpx - INFO - HTTP Request: GET http://localhost:30386/task?agent_id=805f706a "HTTP/1.1 200 OK"
2026-04-21 23:13:25,781 - httpx - INFO - HTTP Request: GET http://localhost:30386/task?agent_id=8572dff1 "HTTP/1.1 200 OK"
2026-04-21 23:13:25,784 - httpx - INFO - HTTP Request: GET http://localhost:30386/task?agent_id=6841a5b2 "HTTP/1.1 200 OK"
2026-04-21 23:13:25,787 - httpx - INFO - HTTP Request: GET http://localhost:30386/task?agent_id=584a0a4c "HTTP/1.1 200 OK"
2026-04-21 23:13:25,790 - httpx - INFO - HTTP Request: GET http://localhost:30386/task?agent_id=3d311254 "HTTP/1.1 200 OK"
2026-04-21 23:13:25,793 - httpx - INFO - HTTP Request: GET http://localhost:30386/task?agent_id=8c7d02bb "HTTP/1.1 200 OK"
2026-04-21 23:13:25,794 - httpx - INFO - HTTP Request: GET http://localhost:30386/task?agent_id=805f706a "HTTP/1.1 200 OK"
2026-04-21 23:13:25,798 - httpx - INFO - HTTP Request: GET http://localhost:30386/task?agent_id=58c62304 "HTTP/1.1 200 OK"
2026-04-21 23:13:26,568 - httpx - INFO - HTTP Request: GET http://localhost:30386/task?agent_id=b999e4e9 "HTTP/1.1 200 OK"
2026-04-21 23:13:28,852 - httpx - INFO - HTTP Request: GET http://localhost:30386/task?agent_id=ec055a0a "HTTP/1.1 200 OK"
2026-04-21 23:13:28,876 - httpx - INFO - HTTP Request: GET http://localhost:30386/task?agent_id=56c47bbf "HTTP/1.1 200 OK"
2026-04-21 23:13:28,880 - httpx - INFO - HTTP Request: GET http://localhost:30386/task?agent_id=acd7917f "HTTP/1.1 200 OK"
2026-04-21 23:13:28,881 - httpx - INFO - HTTP Request: GET http://localhost:30386/task?agent_id=a41df205 "HTTP/1.1 200 OK"
2026-04-21 23:13:28,881 - httpx - INFO - HTTP Request: GET http://localhost:30386/task?agent_id=56d0576b "HTTP/1.1 200 OK"
2026-04-21 23:13:28,882 - httpx - INFO - HTTP Request: GET http://localhost:30386/task?agent_id=d8b1d4a4 "HTTP/1.1 200 OK"
2026-04-21 23:13:28,883 - httpx - INFO - HTTP Request: GET http://localhost:30386/task?agent_id=edfd71cd "HTTP/1.1 200 OK"
2026-04-21 23:13:28,883 - httpx - INFO - HTTP Request: GET http://localhost:30386/task?agent_id=a285a9f0 "HTTP/1.1 200 OK"
2026-04-21 23:13:28,900 - httpx - INFO - HTTP Request: GET http://localhost:30386/task?agent_id=a9adac56 "HTTP/1.1 200 OK"
2026-04-21 23:13:28,901 - httpx - INFO - HTTP Request: GET http://localhost:30386/task?agent_id=75894596 "HTTP/1.1 200 OK"
2026-04-21 23:13:28,901 - httpx - INFO - HTTP Request: GET http://localhost:30386/task?agent_id=e9a46445 "HTTP/1.1 200 OK"
2026-04-21 23:13:28,902 - httpx - INFO - HTTP Request: GET http://localhost:30386/task?agent_id=49e48c67 "HTTP/1.1 200 OK"
2026-04-21 23:13:28,903 - httpx - INFO - HTTP Request: GET http://localhost:30386/task?agent_id=584a0a4c "HTTP/1.1 200 OK"
2026-04-21 23:14:00,804 - httpx - INFO - HTTP Request: GET http://localhost:30386/task?agent_id=3d311254 "HTTP/1.1 200 OK"
2026-04-21 23:14:00,819 - httpx - INFO - HTTP Request: GET http://localhost:30386/task?agent_id=8c7d02bb "HTTP/1.1 200 OK"
2026-04-21 23:14:00,820 - httpx - INFO - HTTP Request: GET http://localhost:30386/task?agent_id=6841a5b2 "HTTP/1.1 200 OK"
2026-04-21 23:14:00,821 - httpx - INFO - HTTP Request: GET http://localhost:30386/task?agent_id=805f706a "HTTP/1.1 200 OK"
2026-04-21 23:14:00,821 - httpx - INFO - HTTP Request: GET http://localhost:30386/task?agent_id=b999e4e9 "HTTP/1.1 200 OK"
2026-04-21 23:14:00,822 - httpx - INFO - HTTP Request: GET http://localhost:30386/task?agent_id=8572dff1 "HTTP/1.1 200 OK"
2026-04-21 23:14:00,823 - httpx - INFO - HTTP Request: GET http://localhost:30386/task?agent_id=58c62304 "HTTP/1.1 200 OK"
2026-04-21 23:14:00,834 - httpx - INFO - HTTP Request: GET http://localhost:30386/task?agent_id=d8b1d4a4 "HTTP/1.1 200 OK"
2026-04-21 23:14:02,750 - httpx - INFO - HTTP Request: GET http://localhost:30386/task?agent_id=acd7917f "HTTP/1.1 200 OK"
2026-04-21 23:14:02,753 - httpx - INFO - HTTP Request: GET http://localhost:30386/task?agent_id=56d0576b "HTTP/1.1 200 OK"
2026-04-21 23:14:02,758 - httpx - INFO - HTTP Request: GET http://localhost:30386/task?agent_id=56c47bbf "HTTP/1.1 200 OK"
2026-04-21 23:14:02,758 - httpx - INFO - HTTP Request: GET http://localhost:30386/task?agent_id=ec055a0a "HTTP/1.1 200 OK"
2026-04-21 23:14:02,759 - httpx - INFO - HTTP Request: GET http://localhost:30386/task?agent_id=edfd71cd "HTTP/1.1 200 OK"
2026-04-21 23:14:03,098 - httpx - INFO - HTTP Request: GET http://localhost:30386/task?agent_id=75894596 "HTTP/1.1 200 OK"
2026-04-21 23:14:03,101 - httpx - INFO - HTTP Request: GET http://localhost:30386/task?agent_id=a9adac56 "HTTP/1.1 200 OK"
2026-04-21 23:14:04,012 - httpx - INFO - HTTP Request: GET http://localhost:30386/task?agent_id=49e48c67 "HTTP/1.1 200 OK"
2026-04-21 23:14:04,013 - httpx - INFO - HTTP Request: GET http://localhost:30386/task?agent_id=a285a9f0 "HTTP/1.1 200 OK"
2026-04-21 23:14:04,018 - httpx - INFO - HTTP Request: GET http://localhost:30386/task?agent_id=584a0a4c "HTTP/1.1 200 OK"
2026-04-21 23:14:04,029 - httpx - INFO - HTTP Request: GET http://localhost:30386/task?agent_id=e9a46445 "HTTP/1.1 200 OK"
2026-04-21 23:14:04,592 - httpx - INFO - HTTP Request: GET http://localhost:30386/task?agent_id=a41df205 "HTTP/1.1 200 OK"
[BFF] 读取PublicMemory (物理路径): /mnt/d/collections2026/phd_application/nanobot1/milestone2/data/public_memory/public_memory.jsonl, top_k=2
[BFF] 读取PublicMemory完成: 0 条记录
[BFF] 读取PublicMemory (物理路径): /mnt/d/collections2026/phd_application/nanobot1/milestone2/data/public_memory/public_memory.jsonl, top_k=2
[BFF] 读取PublicMemory完成: 0 条记录
[BFF] 读取PublicMemory (物理路径): /mnt/d/collections2026/phd_application/nanobot1/milestone2/data/public_memory/public_memory.jsonl, top_k=2
[BFF] 读取PublicMemory完成: 0 条记录
[BFF] 读取PublicMemory (物理路径): /mnt/d/collections2026/phd_application/nanobot1/milestone2/data/public_memory/public_memory.jsonl, top_k=2
[BFF] 读取PublicMemory完成: 0 条记录
[BFF] 读取PublicMemory (物理路径): /mnt/d/collections2026/phd_application/nanobot1/milestone2/data/public_memory/public_memory.jsonl, top_k=2
[BFF] 读取PublicMemory完成: 0 条记录
[BFF] 读取PublicMemory (物理路径): /mnt/d/collections2026/phd_application/nanobot1/milestone2/data/public_memory/public_memory.jsonl, top_k=2
[BFF] 读取PublicMemory完成: 0 条记录
[BFF] 读取PublicMemory (物理路径): /mnt/d/collections2026/phd_application/nanobot1/milestone2/data/public_memory/public_memory.jsonl, top_k=2
[BFF] 读取PublicMemory完成: 0 条记录
[BFF] 读取PublicMemory (物理路径): /mnt/d/collections2026/phd_application/nanobot1/milestone2/data/public_memory/public_memory.jsonl, top_k=2
[BFF] 读取PublicMemory完成: 0 条记录
[BFF] 读取PublicMemory (物理路径): /mnt/d/collections2026/phd_application/nanobot1/milestone2/data/public_memory/public_memory.jsonl, top_k=2
[BFF] 读取PublicMemory完成: 0 条记录
[BFF] 读取PublicMemory (物理路径): /mnt/d/collections2026/phd_application/nanobot1/milestone2/data/public_memory/public_memory.jsonl, top_k=2
[BFF] 读取PublicMemory完成: 0 条记录
[BFF] 读取PublicMemory (物理路径): /mnt/d/collections2026/phd_application/nanobot1/milestone2/data/public_memory/public_memory.jsonl, top_k=2
[BFF] 读取PublicMemory完成: 0 条记录
[BFF] 读取PublicMemory (物理路径): /mnt/d/collections2026/phd_application/nanobot1/milestone2/data/public_memory/public_memory.jsonl, top_k=2
[BFF] 读取PublicMemory完成: 0 条记录
[BFF] 读取PublicMemory (物理路径): /mnt/d/collections2026/phd_application/nanobot1/milestone2/data/public_memory/public_memory.jsonl, top_k=2
[BFF] 读取PublicMemory完成: 0 条记录
[BFF] 读取PublicMemory (物理路径): /mnt/d/collections2026/phd_application/nanobot1/milestone2/data/public_memory/public_memory.jsonl, top_k=2
[BFF] 读取PublicMemory完成: 0 条记录
[BFF] 读取PublicMemory (物理路径): /mnt/d/collections2026/phd_application/nanobot1/milestone2/data/public_memory/public_memory.jsonl, top_k=2
[BFF] 读取PublicMemory完成: 0 条记录
[BFF] 读取PublicMemory (物理路径): /mnt/d/collections2026/phd_application/nanobot1/milestone2/data/public_memory/public_memory.jsonl, top_k=2
[BFF] 读取PublicMemory完成: 0 条记录
[BFF] 读取PublicMemory (物理路径): /mnt/d/collections2026/phd_application/nanobot1/milestone2/data/public_memory/public_memory.jsonl, top_k=2
[BFF] 读取PublicMemory完成: 0 条记录
[BFF] 读取PublicMemory (物理路径): /mnt/d/collections2026/phd_application/nanobot1/milestone2/data/public_memory/public_memory.jsonl, top_k=2
[BFF] 读取PublicMemory完成: 0 条记录
[BFF] 读取PublicMemory (物理路径): /mnt/d/collections2026/phd_application/nanobot1/milestone2/data/public_memory/public_memory.jsonl, top_k=2
[BFF] 读取PublicMemory完成: 0 条记录
[BFF] 读取PublicMemory (物理路径): /mnt/d/collections2026/phd_application/nanobot1/milestone2/data/public_memory/public_memory.jsonl, top_k=2
[BFF] 读取PublicMemory完成: 0 条记录
[BFF] 读取PublicMemory (物理路径): /mnt/d/collections2026/phd_application/nanobot1/milestone2/data/public_memory/public_memory.jsonl, top_k=2
[BFF] 读取PublicMemory完成: 0 条记录
[BFF] 读取PublicMemory (物理路径): /mnt/d/collections2026/phd_application/nanobot1/milestone2/data/public_memory/public_memory.jsonl, top_k=2
[BFF] 读取PublicMemory完成: 0 条记录
[BFF] 读取PublicMemory (物理路径): /mnt/d/collections2026/phd_application/nanobot1/milestone2/data/public_memory/public_memory.jsonl, top_k=2
[BFF] 读取PublicMemory完成: 0 条记录
[BFF] 读取PublicMemory (物理路径): /mnt/d/collections2026/phd_application/nanobot1/milestone2/data/public_memory/public_memory.jsonl, top_k=2
[BFF] 读取PublicMemory完成: 0 条记录
[BFF] 读取PublicMemory (物理路径): /mnt/d/collections2026/phd_application/nanobot1/milestone2/data/public_memory/public_memory.jsonl, top_k=2
[BFF] 读取PublicMemory完成: 0 条记录
[BFF] 读取PublicMemory (物理路径): /mnt/d/collections2026/phd_application/nanobot1/milestone2/data/public_memory/public_memory.jsonl, top_k=2
[BFF] 读取PublicMemory完成: 0 条记录
[BFF] 读取PublicMemory (物理路径): /mnt/d/collections2026/phd_application/nanobot1/milestone2/data/public_memory/public_memory.jsonl, top_k=2
[BFF] 读取PublicMemory完成: 0 条记录
[BFF] 读取PublicMemory (物理路径): /mnt/d/collections2026/phd_application/nanobot1/milestone2/data/public_memory/public_memory.jsonl, top_k=2
[BFF] 读取PublicMemory完成: 0 条记录
[BFF] 读取PublicMemory (物理路径): /mnt/d/collections2026/phd_application/nanobot1/milestone2/data/public_memory/public_memory.jsonl, top_k=2
[BFF] 读取PublicMemory完成: 0 条记录
[BFF] 读取PublicMemory (物理路径): /mnt/d/collections2026/phd_application/nanobot1/milestone2/data/public_memory/public_memory.jsonl, top_k=2
[BFF] 读取PublicMemory完成: 0 条记录
[BFF] 读取PublicMemory (物理路径): /mnt/d/collections2026/phd_application/nanobot1/milestone2/data/public_memory/public_memory.jsonl, top_k=2
[BFF] 读取PublicMemory完成: 0 条记录
[BFF] 读取PublicMemory (物理路径): /mnt/d/collections2026/phd_application/nanobot1/milestone2/data/public_memory/public_memory.jsonl, top_k=2
[BFF] 读取PublicMemory完成: 0 条记录
[BFF] 读取PublicMemory (物理路径): /mnt/d/collections2026/phd_application/nanobot1/milestone2/data/public_memory/public_memory.jsonl, top_k=2
[BFF] 读取PublicMemory完成: 0 条记录
[BFF] 读取PublicMemory (物理路径): /mnt/d/collections2026/phd_application/nanobot1/milestone2/data/public_memory/public_memory.jsonl, top_k=2
[BFF] 读取PublicMemory完成: 0 条记录
[BFF] 读取PublicMemory (物理路径): /mnt/d/collections2026/phd_application/nanobot1/milestone2/data/public_memory/public_memory.jsonl, top_k=2
[BFF] 读取PublicMemory完成: 0 条记录
[BFF] 读取PublicMemory (物理路径): /mnt/d/collections2026/phd_application/nanobot1/milestone2/data/public_memory/public_memory.jsonl, top_k=2
[BFF] 读取PublicMemory完成: 0 条记录
[BFF] 读取PublicMemory (物理路径): /mnt/d/collections2026/phd_application/nanobot1/milestone2/data/public_memory/public_memory.jsonl, top_k=2
[BFF] 读取PublicMemory完成: 0 条记录
[BFF] 读取PublicMemory (物理路径): /mnt/d/collections2026/phd_application/nanobot1/milestone2/data/public_memory/public_memory.jsonl, top_k=2
[BFF] 读取PublicMemory完成: 0 条记录
[BFF] 读取PublicMemory (物理路径): /mnt/d/collections2026/phd_application/nanobot1/milestone2/data/public_memory/public_memory.jsonl, top_k=2
[BFF] 读取PublicMemory完成: 0 条记录
[BFF] 读取PublicMemory (物理路径): /mnt/d/collections2026/phd_application/nanobot1/milestone2/data/public_memory/public_memory.jsonl, top_k=2
[BFF] 读取PublicMemory完成: 0 条记录
[BFF] 读取PublicMemory (物理路径): /mnt/d/collections2026/phd_application/nanobot1/milestone2/data/public_memory/public_memory.jsonl, top_k=2
[BFF] 读取PublicMemory完成: 0 条记录
[BFF] 读取PublicMemory (物理路径): /mnt/d/collections2026/phd_application/nanobot1/milestone2/data/public_memory/public_memory.jsonl, top_k=2
[BFF] 读取PublicMemory完成: 0 条记录
2026-04-21 23:14:06,774 - httpx - INFO - HTTP Request: GET http://localhost:30386/task?agent_id=58c62304 "HTTP/1.1 200 OK"
2026-04-21 23:14:06,776 - httpx - INFO - HTTP Request: GET http://localhost:30386/task?agent_id=8c7d02bb "HTTP/1.1 200 OK"
2026-04-21 23:14:06,777 - httpx - INFO - HTTP Request: GET http://localhost:30386/task?agent_id=3d311254 "HTTP/1.1 200 OK"
2026-04-21 23:14:06,782 - httpx - INFO - HTTP Request: GET http://localhost:30386/task?agent_id=b999e4e9 "HTTP/1.1 200 OK"
2026-04-21 23:14:06,782 - httpx - INFO - HTTP Request: GET http://localhost:30386/task?agent_id=d8b1d4a4 "HTTP/1.1 200 OK"
2026-04-21 23:14:06,787 - httpx - INFO - HTTP Request: GET http://localhost:30386/task?agent_id=75894596 "HTTP/1.1 200 OK"
2026-04-21 23:14:08,591 - httpx - INFO - HTTP Request: GET http://localhost:30386/task?agent_id=8572dff1 "HTTP/1.1 200 OK"
2026-04-21 23:14:08,824 - httpx - INFO - HTTP Request: GET http://localhost:30386/task?agent_id=6841a5b2 "HTTP/1.1 200 OK"
2026-04-21 23:14:09,051 - httpx - INFO - HTTP Request: GET http://localhost:30386/task?agent_id=a41df205 "HTTP/1.1 200 OK"
2026-04-21 23:14:09,052 - httpx - INFO - HTTP Request: GET http://localhost:30386/task?agent_id=805f706a "HTTP/1.1 200 OK"
2026-04-21 23:14:09,106 - httpx - INFO - HTTP Request: GET http://localhost:30386/task?agent_id=a9adac56 "HTTP/1.1 200 OK"
2026-04-21 23:14:09,108 - httpx - INFO - HTTP Request: GET http://localhost:30386/task?agent_id=a285a9f0 "HTTP/1.1 200 OK"
2026-04-21 23:14:09,109 - httpx - INFO - HTTP Request: GET http://localhost:30386/task?agent_id=e9a46445 "HTTP/1.1 200 OK"
2026-04-21 23:14:09,110 - httpx - INFO - HTTP Request: GET http://localhost:30386/task?agent_id=584a0a4c "HTTP/1.1 200 OK"
2026-04-21 23:14:09,119 - httpx - INFO - HTTP Request: GET http://localhost:30386/task?agent_id=49e48c67 "HTTP/1.1 200 OK"
2026-04-21 23:14:09,119 - httpx - INFO - HTTP Request: GET http://localhost:30386/task?agent_id=acd7917f "HTTP/1.1 200 OK"
2026-04-21 23:14:09,133 - httpx - INFO - HTTP Request: GET http://localhost:30386/task?agent_id=edfd71cd "HTTP/1.1 200 OK"
2026-04-21 23:14:09,134 - httpx - INFO - HTTP Request: GET http://localhost:30386/task?agent_id=56d0576b "HTTP/1.1 200 OK"
2026-04-21 23:14:09,144 - httpx - INFO - HTTP Request: GET http://localhost:30386/task?agent_id=56c47bbf "HTTP/1.1 200 OK"
2026-04-21 23:14:09,145 - httpx - INFO - HTTP Request: GET http://localhost:30386/task?agent_id=ec055a0a "HTTP/1.1 200 OK"
2026-04-21 23:14:11,335 - httpx - INFO - HTTP Request: GET http://localhost:30386/task?agent_id=b999e4e9 "HTTP/1.1 200 OK"
2026-04-21 23:14:11,343 - httpx - INFO - HTTP Request: GET http://localhost:30386/task?agent_id=8c7d02bb "HTTP/1.1 200 OK"
2026-04-21 23:14:11,345 - httpx - INFO - HTTP Request: GET http://localhost:30386/task?agent_id=75894596 "HTTP/1.1 200 OK"
2026-04-21 23:14:11,349 - httpx - INFO - HTTP Request: GET http://localhost:30386/task?agent_id=58c62304 "HTTP/1.1 200 OK"
2026-04-21 23:14:11,349 - httpx - INFO - HTTP Request: GET http://localhost:30386/task?agent_id=3d311254 "HTTP/1.1 200 OK"
2026-04-21 23:14:11,350 - httpx - INFO - HTTP Request: GET http://localhost:30386/task?agent_id=d8b1d4a4 "HTTP/1.1 200 OK"
2026-04-21 23:14:11,758 - httpx - INFO - HTTP Request: GET http://localhost:30386/task?agent_id=8572dff1 "HTTP/1.1 200 OK"
2026-04-21 23:14:12,549 - httpx - INFO - HTTP Request: GET http://localhost:30386/task?agent_id=a9adac56 "HTTP/1.1 200 OK"
2026-04-21 23:14:12,557 - httpx - INFO - HTTP Request: GET http://localhost:30386/task?agent_id=49e48c67 "HTTP/1.1 200 OK"
2026-04-21 23:14:14,145 - httpx - INFO - HTTP Request: GET http://localhost:30386/task?agent_id=584a0a4c "HTTP/1.1 200 OK"
2026-04-21 23:14:14,145 - httpx - INFO - HTTP Request: GET http://localhost:30386/task?agent_id=a285a9f0 "HTTP/1.1 200 OK"
2026-04-21 23:14:14,146 - httpx - INFO - HTTP Request: GET http://localhost:30386/task?agent_id=e9a46445 "HTTP/1.1 200 OK"
2026-04-21 23:14:15,614 - httpx - INFO - HTTP Request: GET http://localhost:30386/task?agent_id=edfd71cd "HTTP/1.1 200 OK"
2026-04-21 23:14:15,659 - httpx - INFO - HTTP Request: GET http://localhost:30386/task?agent_id=56d0576b "HTTP/1.1 200 OK"
2026-04-21 23:14:15,662 - httpx - INFO - HTTP Request: GET http://localhost:30386/task?agent_id=acd7917f "HTTP/1.1 200 OK"
2026-04-21 23:14:15,663 - httpx - INFO - HTTP Request: GET http://localhost:30386/task?agent_id=56c47bbf "HTTP/1.1 200 OK"
2026-04-21 23:14:15,663 - httpx - INFO - HTTP Request: GET http://localhost:30386/task?agent_id=8572dff1 "HTTP/1.1 200 OK"
2026-04-21 23:14:15,664 - httpx - INFO - HTTP Request: GET http://localhost:30386/task?agent_id=b999e4e9 "HTTP/1.1 200 OK"
2026-04-21 23:14:15,665 - httpx - INFO - HTTP Request: GET http://localhost:30386/task?agent_id=ec055a0a "HTTP/1.1 200 OK"
2026-04-21 23:14:15,676 - httpx - INFO - HTTP Request: GET http://localhost:30386/task?agent_id=6841a5b2 "HTTP/1.1 200 OK"
2026-04-21 23:14:15,677 - httpx - INFO - HTTP Request: GET http://localhost:30386/task?agent_id=a41df205 "HTTP/1.1 200 OK"
2026-04-21 23:14:15,678 - httpx - INFO - HTTP Request: GET http://localhost:30386/task?agent_id=805f706a "HTTP/1.1 200 OK"
2026-04-21 23:14:15,690 - httpx - INFO - HTTP Request: GET http://localhost:30386/task?agent_id=3d311254 "HTTP/1.1 200 OK"
2026-04-21 23:14:17,150 - httpx - INFO - HTTP Request: GET http://localhost:30386/task?agent_id=58c62304 "HTTP/1.1 200 OK"
[BFF] 读取PublicMemory (物理路径): /mnt/d/collections2026/phd_application/nanobot1/milestone2/data/public_memory/public_memory.jsonl, top_k=2
[BFF] 读取PublicMemory完成: 0 条记录
[BFF] 读取PublicMemory (物理路径): /mnt/d/collections2026/phd_application/nanobot1/milestone2/data/public_memory/public_memory.jsonl, top_k=2
[BFF] 读取PublicMemory完成: 0 条记录
[BFF] 读取PublicMemory (物理路径): /mnt/d/collections2026/phd_application/nanobot1/milestone2/data/public_memory/public_memory.jsonl, top_k=2
[BFF] 读取PublicMemory完成: 0 条记录
[BFF] 读取PublicMemory (物理路径): /mnt/d/collections2026/phd_application/nanobot1/milestone2/data/public_memory/public_memory.jsonl, top_k=2
[BFF] 读取PublicMemory完成: 0 条记录
[BFF] 读取PublicMemory (物理路径): /mnt/d/collections2026/phd_application/nanobot1/milestone2/data/public_memory/public_memory.jsonl, top_k=2
[BFF] 读取PublicMemory完成: 0 条记录
[BFF] 读取PublicMemory (物理路径): /mnt/d/collections2026/phd_application/nanobot1/milestone2/data/public_memory/public_memory.jsonl, top_k=2
[BFF] 读取PublicMemory完成: 0 条记录
[BFF] 读取PublicMemory (物理路径): /mnt/d/collections2026/phd_application/nanobot1/milestone2/data/public_memory/public_memory.jsonl, top_k=2
[BFF] 读取PublicMemory完成: 0 条记录
[BFF] 读取PublicMemory (物理路径): /mnt/d/collections2026/phd_application/nanobot1/milestone2/data/public_memory/public_memory.jsonl, top_k=2
[BFF] 读取PublicMemory完成: 0 条记录
[BFF] 读取PublicMemory (物理路径): /mnt/d/collections2026/phd_application/nanobot1/milestone2/data/public_memory/public_memory.jsonl, top_k=2
[BFF] 读取PublicMemory完成: 0 条记录
[BFF] 读取PublicMemory (物理路径): /mnt/d/collections2026/phd_application/nanobot1/milestone2/data/public_memory/public_memory.jsonl, top_k=2
[BFF] 读取PublicMemory完成: 0 条记录
[BFF] 读取PublicMemory (物理路径): /mnt/d/collections2026/phd_application/nanobot1/milestone2/data/public_memory/public_memory.jsonl, top_k=2
[BFF] 读取PublicMemory完成: 0 条记录
[BFF] 读取PublicMemory (物理路径): /mnt/d/collections2026/phd_application/nanobot1/milestone2/data/public_memory/public_memory.jsonl, top_k=2
[BFF] 读取PublicMemory完成: 0 条记录
[BFF] 读取PublicMemory (物理路径): /mnt/d/collections2026/phd_application/nanobot1/milestone2/data/public_memory/public_memory.jsonl, top_k=2
[BFF] 读取PublicMemory完成: 0 条记录
[BFF] 读取PublicMemory (物理路径): /mnt/d/collections2026/phd_application/nanobot1/milestone2/data/public_memory/public_memory.jsonl, top_k=2
[BFF] 读取PublicMemory完成: 0 条记录
[BFF] 读取PublicMemory (物理路径): /mnt/d/collections2026/phd_application/nanobot1/milestone2/data/public_memory/public_memory.jsonl, top_k=2
[BFF] 读取PublicMemory完成: 0 条记录
[BFF] 读取PublicMemory (物理路径): /mnt/d/collections2026/phd_application/nanobot1/milestone2/data/public_memory/public_memory.jsonl, top_k=2
[BFF] 读取PublicMemory完成: 0 条记录
[BFF] 读取PublicMemory (物理路径): /mnt/d/collections2026/phd_application/nanobot1/milestone2/data/public_memory/public_memory.jsonl, top_k=2
[BFF] 读取PublicMemory完成: 0 条记录
[BFF] 读取PublicMemory (物理路径): /mnt/d/collections2026/phd_application/nanobot1/milestone2/data/public_memory/public_memory.jsonl, top_k=2
[BFF] 读取PublicMemory完成: 0 条记录
[BFF] 读取PublicMemory (物理路径): /mnt/d/collections2026/phd_application/nanobot1/milestone2/data/public_memory/public_memory.jsonl, top_k=2
[BFF] 读取PublicMemory完成: 0 条记录
[BFF] 读取PublicMemory (物理路径): /mnt/d/collections2026/phd_application/nanobot1/milestone2/data/public_memory/public_memory.jsonl, top_k=2
[BFF] 读取PublicMemory完成: 0 条记录
[BFF] 读取PublicMemory (物理路径): /mnt/d/collections2026/phd_application/nanobot1/milestone2/data/public_memory/public_memory.jsonl, top_k=2
[BFF] 读取PublicMemory完成: 0 条记录
[BFF] 读取PublicMemory (物理路径): /mnt/d/collections2026/phd_application/nanobot1/milestone2/data/public_memory/public_memory.jsonl, top_k=2
[BFF] 读取PublicMemory完成: 0 条记录
[BFF] 读取PublicMemory (物理路径): /mnt/d/collections2026/phd_application/nanobot1/milestone2/data/public_memory/public_memory.jsonl, top_k=2
[BFF] 读取PublicMemory完成: 0 条记录
[BFF] 读取PublicMemory (物理路径): /mnt/d/collections2026/phd_application/nanobot1/milestone2/data/public_memory/public_memory.jsonl, top_k=2
[BFF] 读取PublicMemory完成: 0 条记录
[BFF] 读取PublicMemory (物理路径): /mnt/d/collections2026/phd_application/nanobot1/milestone2/data/public_memory/public_memory.jsonl, top_k=2
[BFF] 读取PublicMemory完成: 0 条记录
[BFF] 读取PublicMemory (物理路径): /mnt/d/collections2026/phd_application/nanobot1/milestone2/data/public_memory/public_memory.jsonl, top_k=2
[BFF] 读取PublicMemory完成: 0 条记录
[BFF] 读取PublicMemory (物理路径): /mnt/d/collections2026/phd_application/nanobot1/milestone2/data/public_memory/public_memory.jsonl, top_k=2
[BFF] 读取PublicMemory完成: 0 条记录
[BFF] 读取PublicMemory (物理路径): /mnt/d/collections2026/phd_application/nanobot1/milestone2/data/public_memory/public_memory.jsonl, top_k=2
[BFF] 读取PublicMemory完成: 0 条记录
[BFF] 读取PublicMemory (物理路径): /mnt/d/collections2026/phd_application/nanobot1/milestone2/data/public_memory/public_memory.jsonl, top_k=2
[BFF] 读取PublicMemory完成: 0 条记录
[BFF] 读取PublicMemory (物理路径): /mnt/d/collections2026/phd_application/nanobot1/milestone2/data/public_memory/public_memory.jsonl, top_k=2
[BFF] 读取PublicMemory完成: 0 条记录
[BFF] 读取PublicMemory (物理路径): /mnt/d/collections2026/phd_application/nanobot1/milestone2/data/public_memory/public_memory.jsonl, top_k=2
[BFF] 读取PublicMemory完成: 0 条记录
[BFF] 读取PublicMemory (物理路径): /mnt/d/collections2026/phd_application/nanobot1/milestone2/data/public_memory/public_memory.jsonl, top_k=2
[BFF] 读取PublicMemory完成: 0 条记录
[BFF] 读取PublicMemory (物理路径): /mnt/d/collections2026/phd_application/nanobot1/milestone2/data/public_memory/public_memory.jsonl, top_k=2
[BFF] 读取PublicMemory完成: 0 条记录
[BFF] 读取PublicMemory (物理路径): /mnt/d/collections2026/phd_application/nanobot1/milestone2/data/public_memory/public_memory.jsonl, top_k=2
[BFF] 读取PublicMemory完成: 0 条记录
[BFF] 读取PublicMemory (物理路径): /mnt/d/collections2026/phd_application/nanobot1/milestone2/data/public_memory/public_memory.jsonl, top_k=2
[BFF] 读取PublicMemory完成: 0 条记录
[BFF] 读取PublicMemory (物理路径): /mnt/d/collections2026/phd_application/nanobot1/milestone2/data/public_memory/public_memory.jsonl, top_k=2
[BFF] 读取PublicMemory完成: 0 条记录
[BFF] 读取PublicMemory (物理路径): /mnt/d/collections2026/phd_application/nanobot1/milestone2/data/public_memory/public_memory.jsonl, top_k=2
[BFF] 读取PublicMemory完成: 0 条记录
[BFF] 读取PublicMemory (物理路径): /mnt/d/collections2026/phd_application/nanobot1/milestone2/data/public_memory/public_memory.jsonl, top_k=2
[BFF] 读取PublicMemory完成: 0 条记录
[BFF] 读取PublicMemory (物理路径): /mnt/d/collections2026/phd_application/nanobot1/milestone2/data/public_memory/public_memory.jsonl, top_k=2
[BFF] 读取PublicMemory完成: 0 条记录
[BFF] 读取PublicMemory (物理路径): /mnt/d/collections2026/phd_application/nanobot1/milestone2/data/public_memory/public_memory.jsonl, top_k=2
[BFF] 读取PublicMemory完成: 0 条记录
[BFF] 读取PublicMemory (物理路径): /mnt/d/collections2026/phd_application/nanobot1/milestone2/data/public_memory/public_memory.jsonl, top_k=2
[BFF] 读取PublicMemory完成: 0 条记录
[BFF] 读取PublicMemory (物理路径): /mnt/d/collections2026/phd_application/nanobot1/milestone2/data/public_memory/public_memory.jsonl, top_k=2
[BFF] 读取PublicMemory完成: 0 条记录
2026-04-21 23:14:17,283 - httpx - INFO - HTTP Request: GET http://localhost:30386/task?agent_id=75894596 "HTTP/1.1 200 OK"
2026-04-21 23:14:17,286 - httpx - INFO - HTTP Request: GET http://localhost:30386/task?agent_id=8c7d02bb "HTTP/1.1 200 OK"
2026-04-21 23:14:17,289 - httpx - INFO - HTTP Request: GET http://localhost:30386/task?agent_id=d8b1d4a4 "HTTP/1.1 200 OK"
2026-04-21 23:14:17,290 - httpx - INFO - HTTP Request: GET http://localhost:30386/task?agent_id=a9adac56 "HTTP/1.1 200 OK"
2026-04-21 23:14:17,290 - httpx - INFO - HTTP Request: GET http://localhost:30386/task?agent_id=49e48c67 "HTTP/1.1 200 OK"
2026-04-21 23:14:19,030 - httpx - INFO - HTTP Request: GET http://localhost:30386/task?agent_id=a285a9f0 "HTTP/1.1 200 OK"
2026-04-21 23:14:19,035 - httpx - INFO - HTTP Request: GET http://localhost:30386/task?agent_id=e9a46445 "HTTP/1.1 200 OK"
2026-04-21 23:14:19,038 - httpx - INFO - HTTP Request: GET http://localhost:30386/task?agent_id=3d311254 "HTTP/1.1 200 OK"
2026-04-21 23:14:19,040 - httpx - INFO - HTTP Request: GET http://localhost:30386/task?agent_id=584a0a4c "HTTP/1.1 200 OK"
2026-04-21 23:14:20,117 - httpx - INFO - HTTP Request: GET http://localhost:30386/task?agent_id=805f706a "HTTP/1.1 200 OK"
2026-04-21 23:14:20,120 - httpx - INFO - HTTP Request: GET http://localhost:30386/task?agent_id=a41df205 "HTTP/1.1 200 OK"
2026-04-21 23:14:21,789 - httpx - INFO - HTTP Request: GET http://localhost:30386/task?agent_id=8572dff1 "HTTP/1.1 200 OK"
2026-04-21 23:14:21,790 - httpx - INFO - HTTP Request: GET http://localhost:30386/task?agent_id=b999e4e9 "HTTP/1.1 200 OK"
2026-04-21 23:14:21,797 - httpx - INFO - HTTP Request: GET http://localhost:30386/task?agent_id=6841a5b2 "HTTP/1.1 200 OK"
2026-04-21 23:14:21,800 - httpx - INFO - HTTP Request: GET http://localhost:30386/task?agent_id=edfd71cd "HTTP/1.1 200 OK"
2026-04-21 23:14:21,801 - httpx - INFO - HTTP Request: GET http://localhost:30386/task?agent_id=56d0576b "HTTP/1.1 200 OK"
2026-04-21 23:14:21,801 - httpx - INFO - HTTP Request: GET http://localhost:30386/task?agent_id=56c47bbf "HTTP/1.1 200 OK"
2026-04-21 23:14:21,813 - httpx - INFO - HTTP Request: GET http://localhost:30386/task?agent_id=75894596 "HTTP/1.1 200 OK"
2026-04-21 23:14:21,814 - httpx - INFO - HTTP Request: GET http://localhost:30386/task?agent_id=ec055a0a "HTTP/1.1 200 OK"
2026-04-21 23:14:21,814 - httpx - INFO - HTTP Request: GET http://localhost:30386/task?agent_id=acd7917f "HTTP/1.1 200 OK"
2026-04-21 23:14:24,085 - httpx - INFO - HTTP Request: GET http://localhost:30386/task?agent_id=d8b1d4a4 "HTTP/1.1 200 OK"
2026-04-21 23:14:24,088 - httpx - INFO - HTTP Request: GET http://localhost:30386/task?agent_id=49e48c67 "HTTP/1.1 200 OK"
2026-04-21 23:14:24,089 - httpx - INFO - HTTP Request: GET http://localhost:30386/task?agent_id=584a0a4c "HTTP/1.1 200 OK"
2026-04-21 23:14:24,093 - httpx - INFO - HTTP Request: GET http://localhost:30386/task?agent_id=58c62304 "HTTP/1.1 200 OK"
2026-04-21 23:14:24,094 - httpx - INFO - HTTP Request: GET http://localhost:30386/task?agent_id=8c7d02bb "HTTP/1.1 200 OK"
2026-04-21 23:14:24,094 - httpx - INFO - HTTP Request: GET http://localhost:30386/task?agent_id=e9a46445 "HTTP/1.1 200 OK"
2026-04-21 23:14:24,097 - httpx - INFO - HTTP Request: GET http://localhost:30386/task?agent_id=a285a9f0 "HTTP/1.1 200 OK"
2026-04-21 23:14:24,106 - httpx - INFO - HTTP Request: GET http://localhost:30386/task?agent_id=a9adac56 "HTTP/1.1 200 OK"
2026-04-21 23:14:24,107 - httpx - INFO - HTTP Request: GET http://localhost:30386/task?agent_id=3d311254 "HTTP/1.1 200 OK"
2026-04-21 23:14:24,115 - httpx - INFO - HTTP Request: GET http://localhost:30386/task?agent_id=a41df205 "HTTP/1.1 200 OK"
2026-04-21 23:14:24,115 - httpx - INFO - HTTP Request: GET http://localhost:30386/task?agent_id=805f706a "HTTP/1.1 200 OK"
2026-04-21 23:14:24,865 - httpx - INFO - HTTP Request: GET http://localhost:30386/task?agent_id=8572dff1 "HTTP/1.1 200 OK"
2026-04-21 23:14:27,135 - httpx - INFO - HTTP Request: GET http://localhost:44650/heap/unmerged "HTTP/1.1 200 OK"
2026-04-21 23:14:27,453 - httpx - INFO - HTTP Request: GET http://localhost:44651/heap/unmerged "HTTP/1.1 200 OK"
2026-04-21 23:14:27,556 - httpx - INFO - HTTP Request: GET http://localhost:44654/heap/unmerged "HTTP/1.1 200 OK"
2026-04-21 23:14:27,695 - httpx - INFO - HTTP Request: GET http://localhost:44655/heap/unmerged "HTTP/1.1 200 OK"
2026-04-21 23:14:27,802 - httpx - INFO - HTTP Request: GET http://localhost:44663/heap/unmerged "HTTP/1.1 200 OK"
2026-04-21 23:14:27,944 - httpx - INFO - HTTP Request: GET http://localhost:44666/heap/unmerged "HTTP/1.1 200 OK"
2026-04-21 23:14:28,057 - httpx - INFO - HTTP Request: GET http://localhost:6660/heap/unmerged "HTTP/1.1 200 OK"
2026-04-21 23:14:28,165 - httpx - INFO - HTTP Request: GET http://localhost:6670/heap/unmerged "HTTP/1.1 200 OK"
2026-04-21 23:14:28,283 - httpx - INFO - HTTP Request: GET http://localhost:6684/heap/unmerged "HTTP/1.1 200 OK"
2026-04-21 23:14:28,406 - httpx - INFO - HTTP Request: GET http://localhost:6693/heap/unmerged "HTTP/1.1 200 OK"
2026-04-21 23:14:28,514 - httpx - INFO - HTTP Request: GET http://localhost:6706/heap/unmerged "HTTP/1.1 200 OK"
INFO:     Shutting down
2026-04-21 23:14:28,678 - httpx - INFO - HTTP Request: GET http://localhost:6771/heap/unmerged "HTTP/1.1 200 OK"
INFO:     Waiting for background tasks to complete. (CTRL+C to force quit)
2026-04-21 23:14:28,781 - httpx - INFO - HTTP Request: GET http://localhost:6984/heap/unmerged "HTTP/1.1 200 OK"
2026-04-21 23:14:28,889 - httpx - INFO - HTTP Request: GET http://localhost:7039/heap/unmerged "HTTP/1.1 200 OK"
2026-04-21 23:14:29,027 - httpx - INFO - HTTP Request: GET http://localhost:7120/heap/unmerged "HTTP/1.1 200 OK"
2026-04-21 23:14:29,170 - httpx - INFO - HTTP Request: GET http://localhost:7139/heap/unmerged "HTTP/1.1 200 OK"
[BFF] 读取PublicMemory (物理路径): /mnt/d/collections2026/phd_application/nanobot1/milestone2/data/public_memory/public_memory.jsonl, top_k=2
[BFF] 读取PublicMemory完成: 0 条记录
[BFF] 读取PublicMemory (物理路径): /mnt/d/collections2026/phd_application/nanobot1/milestone2/data/public_memory/public_memory.jsonl, top_k=2
[BFF] 读取PublicMemory完成: 0 条记录
[BFF] 读取PublicMemory (物理路径): /mnt/d/collections2026/phd_application/nanobot1/milestone2/data/public_memory/public_memory.jsonl, top_k=2
[BFF] 读取PublicMemory完成: 0 条记录
[BFF] 读取PublicMemory (物理路径): /mnt/d/collections2026/phd_application/nanobot1/milestone2/data/public_memory/public_memory.jsonl, top_k=2
[BFF] 读取PublicMemory完成: 0 条记录
[BFF] 读取PublicMemory (物理路径): /mnt/d/collections2026/phd_application/nanobot1/milestone2/data/public_memory/public_memory.jsonl, top_k=2
[BFF] 读取PublicMemory完成: 0 条记录
[BFF] 读取PublicMemory (物理路径): /mnt/d/collections2026/phd_application/nanobot1/milestone2/data/public_memory/public_memory.jsonl, top_k=2
[BFF] 读取PublicMemory完成: 0 条记录
[BFF] 读取PublicMemory (物理路径): /mnt/d/collections2026/phd_application/nanobot1/milestone2/data/public_memory/public_memory.jsonl, top_k=2
[BFF] 读取PublicMemory完成: 0 条记录
[BFF] 读取PublicMemory (物理路径): /mnt/d/collections2026/phd_application/nanobot1/milestone2/data/public_memory/public_memory.jsonl, top_k=2
[BFF] 读取PublicMemory完成: 0 条记录
[BFF] 读取PublicMemory (物理路径): /mnt/d/collections2026/phd_application/nanobot1/milestone2/data/public_memory/public_memory.jsonl, top_k=2
[BFF] 读取PublicMemory完成: 0 条记录
[BFF] 读取PublicMemory (物理路径): /mnt/d/collections2026/phd_application/nanobot1/milestone2/data/public_memory/public_memory.jsonl, top_k=2
[BFF] 读取PublicMemory完成: 0 条记录
[BFF] 读取PublicMemory (物理路径): /mnt/d/collections2026/phd_application/nanobot1/milestone2/data/public_memory/public_memory.jsonl, top_k=2
[BFF] 读取PublicMemory完成: 0 条记录
[BFF] 读取PublicMemory (物理路径): /mnt/d/collections2026/phd_application/nanobot1/milestone2/data/public_memory/public_memory.jsonl, top_k=2
[BFF] 读取PublicMemory完成: 0 条记录
[BFF] 读取PublicMemory (物理路径): /mnt/d/collections2026/phd_application/nanobot1/milestone2/data/public_memory/public_memory.jsonl, top_k=2
[BFF] 读取PublicMemory完成: 0 条记录
[BFF] 读取PublicMemory (物理路径): /mnt/d/collections2026/phd_application/nanobot1/milestone2/data/public_memory/public_memory.jsonl, top_k=2
[BFF] 读取PublicMemory完成: 0 条记录
[BFF] 读取PublicMemory (物理路径): /mnt/d/collections2026/phd_application/nanobot1/milestone2/data/public_memory/public_memory.jsonl, top_k=2
[BFF] 读取PublicMemory完成: 0 条记录
[BFF] 读取PublicMemory (物理路径): /mnt/d/collections2026/phd_application/nanobot1/milestone2/data/public_memory/public_memory.jsonl, top_k=2
[BFF] 读取PublicMemory完成: 0 条记录
[BFF] 读取PublicMemory (物理路径): /mnt/d/collections2026/phd_application/nanobot1/milestone2/data/public_memory/public_memory.jsonl, top_k=2
[BFF] 读取PublicMemory完成: 0 条记录
[BFF] 读取PublicMemory (物理路径): /mnt/d/collections2026/phd_application/nanobot1/milestone2/data/public_memory/public_memory.jsonl, top_k=2
[BFF] 读取PublicMemory完成: 0 条记录
[BFF] 邻居发现: 所有父子关系已建立
[BFF] 读取PublicMemory (物理路径): /mnt/d/collections2026/phd_application/nanobot1/milestone2/data/public_memory/public_memory.jsonl, top_k=2
[BFF] 读取PublicMemory完成: 0 条记录
[BFF] 读取PublicMemory (物理路径): /mnt/d/collections2026/phd_application/nanobot1/milestone2/data/public_memory/public_memory.jsonl, top_k=2
[BFF] 读取PublicMemory完成: 0 条记录
[BFF] 读取PublicMemory (物理路径): /mnt/d/collections2026/phd_application/nanobot1/milestone2/data/public_memory/public_memory.jsonl, top_k=2
[BFF] 读取PublicMemory完成: 0 条记录
[BFF] 读取PublicMemory (物理路径): /mnt/d/collections2026/phd_application/nanobot1/milestone2/data/public_memory/public_memory.jsonl, top_k=2
[BFF] 读取PublicMemory完成: 0 条记录
[BFF] 读取PublicMemory (物理路径): /mnt/d/collections2026/phd_application/nanobot1/milestone2/data/public_memory/public_memory.jsonl, top_k=2
[BFF] 读取PublicMemory完成: 0 条记录
[BFF] 读取PublicMemory (物理路径): /mnt/d/collections2026/phd_application/nanobot1/milestone2/data/public_memory/public_memory.jsonl, top_k=2
[BFF] 读取PublicMemory完成: 0 条记录
[BFF] 读取PublicMemory (物理路径): /mnt/d/collections2026/phd_application/nanobot1/milestone2/data/public_memory/public_memory.jsonl, top_k=2
[BFF] 读取PublicMemory完成: 0 条记录
[BFF] 读取PublicMemory (物理路径): /mnt/d/collections2026/phd_application/nanobot1/milestone2/data/public_memory/public_memory.jsonl, top_k=2
[BFF] 读取PublicMemory完成: 0 条记录
[BFF] 读取PublicMemory (物理路径): /mnt/d/collections2026/phd_application/nanobot1/milestone2/data/public_memory/public_memory.jsonl, top_k=2
[BFF] 读取PublicMemory完成: 0 条记录
[BFF] 读取PublicMemory (物理路径): /mnt/d/collections2026/phd_application/nanobot1/milestone2/data/public_memory/public_memory.jsonl, top_k=2
[BFF] 读取PublicMemory完成: 0 条记录
[BFF] 读取PublicMemory (物理路径): /mnt/d/collections2026/phd_application/nanobot1/milestone2/data/public_memory/public_memory.jsonl, top_k=2
[BFF] 读取PublicMemory完成: 0 条记录
[BFF] 读取PublicMemory (物理路径): /mnt/d/collections2026/phd_application/nanobot1/milestone2/data/public_memory/public_memory.jsonl, top_k=2
[BFF] 读取PublicMemory完成: 0 条记录
[BFF] 读取PublicMemory (物理路径): /mnt/d/collections2026/phd_application/nanobot1/milestone2/data/public_memory/public_memory.jsonl, top_k=2
[BFF] 读取PublicMemory完成: 0 条记录
[BFF] 读取PublicMemory (物理路径): /mnt/d/collections2026/phd_application/nanobot1/milestone2/data/public_memory/public_memory.jsonl, top_k=2
[BFF] 读取PublicMemory完成: 0 条记录
[BFF] 读取PublicMemory (物理路径): /mnt/d/collections2026/phd_application/nanobot1/milestone2/data/public_memory/public_memory.jsonl, top_k=2
[BFF] 读取PublicMemory完成: 0 条记录
[BFF] 读取PublicMemory (物理路径): /mnt/d/collections2026/phd_application/nanobot1/milestone2/data/public_memory/public_memory.jsonl, top_k=2
[BFF] 读取PublicMemory完成: 0 条记录
[BFF] 读取PublicMemory (物理路径): /mnt/d/collections2026/phd_application/nanobot1/milestone2/data/public_memory/public_memory.jsonl, top_k=2
[BFF] 读取PublicMemory完成: 0 条记录
[BFF] 读取PublicMemory (物理路径): /mnt/d/collections2026/phd_application/nanobot1/milestone2/data/public_memory/public_memory.jsonl, top_k=2
[BFF] 读取PublicMemory完成: 0 条记录
[BFF] 读取PublicMemory (物理路径): /mnt/d/collections2026/phd_application/nanobot1/milestone2/data/public_memory/public_memory.jsonl, top_k=2
[BFF] 读取PublicMemory完成: 0 条记录
[BFF] 读取PublicMemory (物理路径): /mnt/d/collections2026/phd_application/nanobot1/milestone2/data/public_memory/public_memory.jsonl, top_k=2
[BFF] 读取PublicMemory完成: 0 条记录
[BFF] 读取PublicMemory (物理路径): /mnt/d/collections2026/phd_application/nanobot1/milestone2/data/public_memory/public_memory.jsonl, top_k=2
[BFF] 读取PublicMemory完成: 0 条记录
[BFF] 获取Agent 58c62304 堆段: 0 条
[BFF] 获取Agent acd7917f 堆段: 0 条
[BFF] 获取Agent d8b1d4a4 堆段: 0 条
[BFF] 获取Agent a41df205 堆段: 0 条
[BFF] 获取Agent a9adac56 堆段: 0 条
[BFF] 获取Agent 56c47bbf 堆段: 0 条
[BFF] 获取Agent e9a46445 堆段: 0 条
[BFF] 获取Agent 805f706a 堆段: 0 条
[BFF] 获取Agent 8c7d02bb 堆段: 0 条
[BFF] 获取Agent 56d0576b 堆段: 0 条
[BFF] 获取Agent 3d311254 堆段: 0 条
[BFF] 获取Agent b999e4e9 堆段: 0 条
[BFF] 获取Agent a285a9f0 堆段: 0 条
[BFF] 获取Agent 6841a5b2 堆段: 0 条
[BFF] 获取Agent 49e48c67 堆段: 0 条
[BFF] 获取Agent edfd71cd 堆段: 0 条
2026-04-21 23:14:29,310 - httpx - INFO - HTTP Request: GET http://localhost:7166/heap/unmerged "HTTP/1.1 200 OK"
2026-04-21 23:14:29,424 - httpx - INFO - HTTP Request: GET http://localhost:7190/heap/unmerged "HTTP/1.1 200 OK"
2026-04-21 23:14:29,540 - httpx - INFO - HTTP Request: GET http://localhost:49672/heap/unmerged "HTTP/1.1 200 OK"
2026-04-21 23:14:29,697 - httpx - INFO - HTTP Request: GET http://localhost:7966/heap/unmerged "HTTP/1.1 200 OK"
INFO:     Waiting for application shutdown.
INFO:     Application shutdown complete.
INFO:     Finished server process [31613]
