/mnt/d/collections2026/phd_application/nanobot1/milestone2/bff/bff_service.py:712: DeprecationWarning: 
        on_event is deprecated, use lifespan event handlers instead.

        Read more about it in the
        [FastAPI docs for Lifespan Events](https://fastapi.tiangolo.com/advanced/events/).
        
  @app.on_event("startup")
INFO:     Started server process [30606]
INFO:     Waiting for application startup.
INFO:     Application startup complete.
ERROR:    [Errno 98] error while attempting to bind on address ('0.0.0.02026-04-21 23:00:20,609 - httpx - INFO - HTTP Request: GET http://localhost:55862/health "HTTP/1.1 200 OK"
2026-04-21 23:00:20,863 - httpx - INFO - HTTP Request: GET http://localhost:55862/stats "HTTP/1.1 200 OK"
2026-04-21 23:00:20,867 - httpx - INFO - HTTP Request: GET http://localhost:55862/stats "HTTP/1.1 200 OK"
2026-04-21 23:00:21,206 - httpx - INFO - HTTP Request: GET http://localhost:55862/stats "HTTP/1.1 200 OK"
2026-04-21 23:00:21,210 - httpx - INFO - HTTP Request: GET http://localhost:55862/stats "HTTP/1.1 200 OK"
2026-04-21 23:00:21,539 - httpx - INFO - HTTP Request: POST http://localhost:55862/preset-skill-0 "HTTP/1.1 200 OK"
2026-04-21 23:00:21,558 - httpx - INFO - HTTP Request: POST http://localhost:55862/preset-skill-0 "HTTP/1.1 200 OK"
2026-04-21 23:00:27,040 - httpx - INFO - HTTP Request: GET http://localhost:55866/health "HTTP/1.1 200 OK"
2026-04-21 23:00:27,057 - httpx - INFO - HTTP Request: GET http://localhost:55865/health "HTTP/1.1 200 OK"
2026-04-21 23:00:32,518 - httpx - INFO - HTTP Request: GET http://localhost:55869/health "HTTP/1.1 200 OK"
2026-04-21 23:00:32,518 - httpx - INFO - HTTP Request: GET http://localhost:55870/health "HTTP/1.1 200 OK"
2026-04-21 23:00:37,942 - httpx - INFO - HTTP Request: GET http://localhost:55882/health "HTTP/1.1 200 OK"
2026-04-21 23:00:38,004 - httpx - INFO - HTTP Request: GET http://localhost:55878/health "HTTP/1.1 200 OK"
2026-04-21 23:00:41,280 - httpx - INFO - HTTP Request: GET http://localhost:55890/health "HTTP/1.1 200 OK"
2026-04-21 23:00:43,466 - httpx - INFO - HTTP Request: GET http://localhost:55896/health "HTTP/1.1 200 OK"
2026-04-21 23:00:46,763 - httpx - INFO - HTTP Request: GET http://localhost:55907/health "HTTP/1.1 200 OK"
2026-04-21 23:00:48,930 - httpx - INFO - HTTP Request: GET http://localhost:55910/health "HTTP/1.1 200 OK"
2026-04-21 23:00:52,236 - httpx - INFO - HTTP Request: GET http://localhost:55930/health "HTTP/1.1 200 OK"
2026-04-21 23:00:52,237 - httpx - INFO - HTTP Request: GET http://localhost:55940/health "HTTP/1.1 200 OK"
2026-04-21 23:00:55,598 - httpx - INFO - HTTP Request: GET http://localhost:55955/health "HTTP/1.1 200 OK"
2026-04-21 23:00:57,768 - httpx - INFO - HTTP Request: GET http://localhost:55957/health "HTTP/1.1 200 OK"
2026-04-21 23:01:00,811 - httpx - INFO - HTTP Request: GET http://localhost:55982/health "HTTP/1.1 200 OK"
2026-04-21 23:01:02,969 - httpx - INFO - HTTP Request: GET http://localhost:55986/health "HTTP/1.1 200 OK"
2026-04-21 23:01:06,043 - httpx - INFO - HTTP Request: GET http://localhost:56015/health "HTTP/1.1 200 OK"
2026-04-21 23:01:08,160 - httpx - INFO - HTTP Request: GET http://localhost:56021/health "HTTP/1.1 200 OK"
2026-04-21 23:01:11,216 - httpx - INFO - HTTP Request: GET http://localhost:56056/health "HTTP/1.1 200 OK"
2026-04-21 23:01:14,165 - httpx - INFO - HTTP Request: GET http://localhost:55862/task?agent_id=3c9c549e "HTTP/1.1 200 OK"
2026-04-21 23:01:14,166 - httpx - INFO - HTTP Request: GET http://localhost:55862/task?agent_id=fac495b1 "HTTP/1.1 200 OK"
2026-04-21 23:01:14,167 - httpx - INFO - HTTP Request: GET http://localhost:55862/task?agent_id=1ae104b5 "HTTP/1.1 200 OK"
2026-04-21 23:01:14,167 - httpx - INFO - HTTP Request: GET http://localhost:55862/task?agent_id=01658064 "HTTP/1.1 200 OK"
2026-04-21 23:01:14,168 - httpx - INFO - HTTP Request: GET http://localhost:55862/task?agent_id=f415bc94 "HTTP/1.1 200 OK"
2026-04-21 23:01:14,169 - httpx - INFO - HTTP Request: GET http://localhost:55862/task?agent_id=d3ce66a2 "HTTP/1.1 200 OK"
2026-04-21 23:01:14,169 - httpx - INFO - HTTP Request: GET http://localhost:55862/task?agent_id=c1645623 "HTTP/1.1 200 OK"
2026-04-21 23:01:14,170 - httpx - INFO - HTTP Request: GET http://localhost:55862/task?agent_id=9a3eae56 "HTTP/1.1 200 OK"
2026-04-21 23:01:14,170 - httpx - INFO - HTTP Request: GET http://localhost:55862/task?agent_id=ed15a95a "HTTP/1.1 200 OK"
2026-04-21 23:01:14,184 - httpx - INFO - HTTP Request: GET http://localhost:55862/task?agent_id=3e8335de "HTTP/1.1 200 OK"
2026-04-21 23:01:14,184 - httpx - INFO - HTTP Request: GET http://localhost:56066/health "HTTP/1.1 200 OK"
2026-04-21 23:01:16,429 - httpx - INFO - HTTP Request: GET http://localhost:55862/task?agent_id=8e7d85d0 "HTTP/1.1 200 OK"
2026-04-21 23:01:16,434 - httpx - INFO - HTTP Request: GET http://localhost:55862/task?agent_id=a644674e "HTTP/1.1 200 OK"
2026-04-21 23:01:16,435 - httpx - INFO - HTTP Request: GET http://localhost:55862/task?agent_id=82415672 "HTTP/1.1 200 OK"
2026-04-21 23:01:16,442 - httpx - INFO - HTTP Request: GET http://localhost:55862/task?agent_id=27f408a7 "HTTP/1.1 200 OK"
2026-04-21 23:01:16,443 - httpx - INFO - HTTP Request: GET http://localhost:55862/task?agent_id=f62b7569 "HTTP/1.1 200 OK"
2026-04-21 23:01:16,444 - httpx - INFO - HTTP Request: GET http://localhost:55862/task?agent_id=5e90dbec "HTTP/1.1 200 OK"
2026-04-21 23:01:16,445 - httpx - INFO - HTTP Request: GET http://localhost:55862/task?agent_id=a9f080cc "HTTP/1.1 200 OK"
2026-04-21 23:01:16,446 - httpx - INFO - HTTP Request: GET http://localhost:55862/task?agent_id=a01ebd78 "HTTP/1.1 200 OK"
2026-04-21 23:01:16,447 - httpx - INFO - HTTP Request: GET http://localhost:55862/task?agent_id=10944fd8 "HTTP/1.1 200 OK"
2026-04-21 23:01:16,448 - httpx - INFO - HTTP Request: GET http://localhost:55862/task?agent_id=e7bfb79d "HTTP/1.1 200 OK"
2026-04-21 23:02:10,259 - httpx - INFO - HTTP Request: GET http://localhost:55865/heap/unmerged "HTTP/1.1 200 OK"
2026-04-21 23:02:10,463 - httpx - INFO - HTTP Request: GET http://localhost:55869/heap/unmerged "HTTP/1.1 200 OK"
2026-04-21 23:02:10,560 - httpx - INFO - HTTP Request: GET http://localhost:55870/heap/unmerged "HTTP/1.1 200 OK"
2026-04-21 23:02:10,686 - httpx - INFO - HTTP Request: GET http://localhost:55882/heap/unmerged "HTTP/1.1 200 OK"
2026-04-21 23:02:10,815 - httpx - INFO - HTTP Request: GET http://localhost:55878/heap/unmerged "HTTP/1.1 200 OK"
2026-04-21 23:02:10,932 - httpx - INFO - HTTP Request: GET http://localhost:55890/heap/unmerged "HTTP/1.1 200 OK"
2026-04-21 23:02:11,037 - httpx - INFO - HTTP Request: GET http://localhost:55896/heap/unmerged "HTTP/1.1 200 OK"
2026-04-21 23:02:11,129 - httpx - INFO - HTTP Request: GET http://localhost:55907/heap/unmerged "HTTP/1.1 200 OK"
2026-04-21 23:02:11,217 - httpx - INFO - HTTP Request: GET http://localhost:55910/heap/unmerged "HTTP/1.1 200 OK"
2026-04-21 23:02:11,308 - httpx - INFO - HTTP Request: GET http://localhost:55930/heap/unmerged "HTTP/1.1 200 OK"
2026-04-21 23:02:11,396 - httpx - INFO - HTTP Request: GET http://localhost:55940/heap/unmerged "HTTP/1.1 200 OK"
2026-04-21 23:02:11,498 - httpx - INFO - HTTP Request: GET http://localhost:55955/heap/unmerged "HTTP/1.1 200 OK"
2026-04-21 23:02:11,586 - httpx - INFO - HTTP Request: GET http://localhost:55957/heap/unmerged "HTTP/1.1 200 OK"
2026-04-21 23:02:11,678 - httpx - INFO - HTTP Request: GET http://localhost:55982/heap/unmerged "HTTP/1.1 200 OK"
2026-04-21 23:02:11,764 - httpx - INFO - HTTP Request: GET http://localhost:55986/heap/unmerged "HTTP/1.1 200 OK"
2026-04-21 23:02:11,889 - httpx - INFO - HTTP Request: GET http://localhost:56015/heap/unmerged "HTTP/1.1 200 OK"
2026-04-21 23:02:12,051 - httpx - INFO - HTTP Request: GET http://localhost:56021/heap/unmerged "HTTP/1.1 200 OK"
2026-04-21 23:02:12,167 - httpx - INFO - HTTP Request: GET http://localhost:56056/heap/unmerged "HTTP/1.1 200 OK"
2026-04-21 23:02:12,275 - httpx - INFO - HTTP Request: GET http://localhost:56066/heap/unmerged "HTTP/1.1 200 OK"
2026-04-21 23:02:36,667 - httpx - INFO - HTTP Request: GET http://localhost:55866/heap/unmerged "HTTP/1.1 200 OK"
[BFF] 初始化数据库...
[DB] usage 字段已存在，跳过迁移
[DB] 数据库初始化完成
[BFF] 启动时清理无效对话...
[BFF] 清理完成，剩余对话: 0
[BFF] 开始迁移对话数据，补充 Power 机制字段...
[BFF] 迁移完成，共处理 0 个对话
[BFF] 启动定时邻居发现任务
[BFF] 启动容器健康监控任务
[BFF] 邻居发现: 节点数量不足 (0)，跳过
[BFF] KM容器不存在，创建中...
[Orchestrator] PUBLIC_MEMORY_HOST_PATH from env: None
[Orchestrator] Using fallback path: /mnt/d/collections2026/phd_application/nanobot1/data/public_memory
[Orchestrator] KM容器挂载PublicMemory: /mnt/d/collections2026/phd_application/nanobot1/data/public_memory -> /app/public_memory
[Orchestrator] KM合并阈值: 20, 间隔: 60秒
[Orchestrator] KM的BFF_BASE_URL: http://host.docker.internal:8000
[Orchestrator] Container nanobot_conv_309681ee is ready
[Orchestrator] Created container nanobot_conv_309681ee
[BFF] KM容器已创建: 309681ee, 端口: 55862
[KM] 预置0号Skill，转发到KM容器
[KM] 预置0号Skill，转发到KM容器
[Orchestrator] Container nanobot_conv_3c9c549e is ready
[Orchestrator] Created container nanobot_conv_3c9c549e
[Orchestrator] Container nanobot_conv_27f408a7 is ready
[Orchestrator] Created container nanobot_conv_27f408a7
[Orchestrator] Container nanobot_conv_fac495b1 is ready
[Orchestrator] Container nanobot_conv_a644674e is ready
[Orchestrator] Created container nanobot_conv_fac495b1
[Orchestrator] Created container nanobot_conv_a644674e
[Orchestrator] Container nanobot_conv_8e7d85d0 is ready
[Orchestrator] Created container nanobot_conv_8e7d85d0
[Orchestrator] Container nanobot_conv_ed15a95a is ready
[Orchestrator] Created container nanobot_conv_ed15a95a
[Orchestrator] Container nanobot_conv_a01ebd78 is ready
[Orchestrator] Created container nanobot_conv_a01ebd78
[Orchestrator] Container nanobot_conv_1ae104b5 is ready
[Orchestrator] Created container nanobot_conv_1ae104b5
[Orchestrator] Container nanobot_conv_a9f080cc is ready
[Orchestrator] Created container nanobot_conv_a9f080cc
[Orchestrator] Container nanobot_conv_f415bc94 is ready
[Orchestrator] Created container nanobot_conv_f415bc94
[Orchestrator] Container nanobot_conv_82415672 is ready
[Orchestrator] Created container nanobot_conv_82415672
[Orchestrator] Container nanobot_conv_01658064 is ready
[Orchestrator] Created container nanobot_conv_01658064
[Orchestrator] Container nanobot_conv_d3ce66a2 is ready
[Orchestrator] Created container nanobot_conv_d3ce66a2
[Orchestrator] Container nanobot_conv_f62b7569 is ready
[Orchestrator] Created container nanobot_conv_f62b7569
[Orchestrator] Container nanobot_conv_c1645623 is ready
[Orchestrator] Created container nanobot_conv_c1645623
[Orchestrator] Container nanobot_conv_5e90dbec is ready
[Orchestrator] Created container nanobot_conv_5e90dbec
[Orchestrator] Container nanobot_conv_9a3eae56 is ready
[Orchestrator] Created container nanobot_conv_9a3eae56
[Orchestrator] Container nanobot_conv_10944fd8 is ready
[Orchestrator] Created container nanobot_conv_10944fd8
[Orchestrator] Container nanobot_conv_3e8335de is ready
[Orchestrator] Created container nanobot_conv_3e8335de
[BFF] 邻居发现: 所有父子关系已建立
[Orchestrator] Container nanobot_conv_e7bfb79d is ready
[Orchestrator] Created container nanobot_conv_e7bfb79d
[BFF] 读取PublicMemory (物理路径): /mnt/d/collections2026/phd_application/nanobot1/milestone2/data/public_memory/public_memory.jsonl, top_k=2
[BFF] 读取PublicMemory完成: 0 条记录
[BFF] 读取PublicMemory (物理路径): /mnt/d/collections2026/phd_application/nanobot1/milestone2/data/public_memory/public_memory.jsonl, top_k=2
[BFF] 读取PublicMemory完成: 0 条记录
[BFF] 读取PublicMemory (物理路径): /mnt/d/collections2026/phd_application/nanobot1/milestone2/data/public_memory/public_memory.jsonl, top_k=2
[BFF] 读取PublicMemory完成: 0 条记录
[BFF] 读取PublicMemory (物理路径): /mnt/d/collections2026/phd_application/nanobot1/milestone2/data/public_memory/public_memory.jsonl, top_k=2
[BFF] 读取PublicMemory完成: 0 条记录
[BFF] 读取PublicMemory (物理路径): /mnt/d/collections2026/phd_application/nanobot1/milestone2/data/public_memory/public_memory.jsonl, top_k=2
[BFF] 读取PublicMemory完成: 0 条记录
[BFF] 读取PublicMemory (物理路径): /mnt/d/collections2026/phd_application/nanobot1/milestone2/data/public_memory/public_memory.jsonl, top_k=2
[BFF] 读取PublicMemory完成: 0 条记录
[BFF] 读取PublicMemory (物理路径): /mnt/d/collections2026/phd_application/nanobot1/milestone2/data/public_memory/public_memory.jsonl, top_k=2
[BFF] 读取PublicMemory完成: 0 条记录
[BFF] 读取PublicMemory (物理路径): /mnt/d/collections2026/phd_application/nanobot1/milestone2/data/public_memory/public_memory.jsonl, top_k=2
[BFF] 读取PublicMemory完成: 0 条记录
[BFF] 读取PublicMemory (物理路径): /mnt/d/collections2026/phd_application/nanobot1/milestone2/data/public_memory/public_memory.jsonl, top_k=2
[BFF] 读取PublicMemory完成: 0 条记录
[BFF] 读取PublicMemory (物理路径): /mnt/d/collections2026/phd_application/nanobot1/milestone2/data/public_memory/public_memory.jsonl, top_k=2
[BFF] 读取PublicMemory完成: 0 条记录
[BFF] 读取PublicMemory (物理路径): /mnt/d/collections2026/phd_application/nanobot1/milestone2/data/public_memory/public_memory.jsonl, top_k=2
[BFF] 读取PublicMemory完成: 0 条记录
[BFF] 读取PublicMemory (物理路径): /mnt/d/collections2026/phd_application/nanobot1/milestone2/data/public_memory/public_memory.jsonl, top_k=2
[BFF] 读取PublicMemory完成: 0 条记录
[BFF] 读取PublicMemory (物理路径): /mnt/d/collections2026/phd_application/nanobot1/milestone2/data/public_memory/public_memory.jsonl, top_k=2
[BFF] 读取PublicMemory完成: 0 条记录
[BFF] 读取PublicMemory (物理路径): /mnt/d/collections2026/phd_application/nanobot1/milestone2/data/public_memory/public_memory.jsonl, top_k=2
[BFF] 读取PublicMemory完成: 0 条记录
[BFF] 读取PublicMemory (物理路径): /mnt/d/collections2026/phd_application/nanobot1/milestone2/data/public_memory/public_memory.jsonl, top_k=2
[BFF] 读取PublicMemory完成: 0 条记录
[BFF] 读取PublicMemory (物理路径): /mnt/d/collections2026/phd_application/nanobot1/milestone2/data/public_memory/public_memory.jsonl, top_k=2
[BFF] 读取PublicMemory完成: 0 条记录
[BFF] 读取PublicMemory (物理路径): /mnt/d/collections2026/phd_application/nanobot1/milestone2/data/public_memory/public_memory.jsonl, top_k=2
[BFF] 读取PublicMemory完成: 0 条记录
[BFF] 读取PublicMemory (物理路径): /mnt/d/collections2026/phd_application/nanobot1/milestone2/data/public_memory/public_memory.jsonl, top_k=2
[BFF] 读取PublicMemory完成: 0 条记录
[BFF] 读取PublicMemory (物理路径): /mnt/d/collections2026/phd_application/nanobot1/milestone2/data/public_memory/public_memory.jsonl, top_k=2
[BFF] 读取PublicMemory完成: 0 条记录
[BFF] 读取PublicMemory (物理路径): /mnt/d/collections2026/phd_application/nanobot1/milestone2/data/public_memory/public_memory.jsonl, top_k=2
[BFF] 读取PublicMemory完成: 0 条记录
[BFF] all-unmerged 请求正在进行，等待完成...
[BFF] 获取Agent 3c9c549e 堆段失败: 
[BFF] 获取Agent 27f408a7 堆段: 0 条
[BFF] 获取Agent fac495b1 堆段: 0 条
[BFF] 获取Agent a644674e 堆段: 0 条
[BFF] 获取Agent 8e7d85d0 堆段: 0 条
[BFF] 获取Agent ed15a95a 堆段: 0 条
[BFF] 获取Agent a01ebd78 堆段: 0 条
[BFF] 获取Agent 1ae104b5 堆段: 0 条
[BFF] 获取Agent a9f080cc 堆段: 0 条
[BFF] 获取Agent f415bc94 堆段: 0 条
[BFF] 获取Agent 82415672 堆段: 0 条
[BFF] 获取Agent 01658064 堆段: 0 条
[BFF] 获取Agent d3ce66a2 堆段: 0 条
[BFF] 获取Agent f62b7569 堆段: 0 条
[BFF] 获取Agent c1645623 堆段: 0 条
[BFF] 获取Agent 5e90dbec 堆段: 0 条
[BFF] 获取Agent 9a3eae56 堆段: 0 条
[BFF] 获取Agent 10944fd8 堆段: 0 条
[BFF] 获取Agent 3e8335de 堆段: 0 条
[BFF] 获取Agent e7bfb79d 堆段: 0 条
[BFF] all-unmerged 获取完成: 0 条
[BFF] 邻居发现: 所有父子关系已建立
2026-04-21 23:02:36,757 - httpx - INFO - HTTP Request: GET http://localhost:55865/heap/unmerged "HTTP/1.1 200 OK"
2026-04-21 23:02:36,857 - httpx - INFO - HTTP Request: GET http://localhost:55869/heap/unmerged "HTTP/1.1 200 OK"
2026-04-21 23:02:36,948 - httpx - INFO - HTTP Request: GET http://localhost:55870/heap/unmerged "HTTP/1.1 200 OK"
2026-04-21 23:02:37,093 - httpx - INFO - HTTP Request: GET http://localhost:55882/heap/unmerged "HTTP/1.1 200 OK"
2026-04-21 23:02:37,182 - httpx - INFO - HTTP Request: GET http://localhost:55878/heap/unmerged "HTTP/1.1 200 OK"
2026-04-21 23:02:37,270 - httpx - INFO - HTTP Request: GET http://localhost:55890/heap/unmerged "HTTP/1.1 200 OK"
2026-04-21 23:02:37,359 - httpx - INFO - HTTP Request: GET http://localhost:55896/heap/unmerged "HTTP/1.1 200 OK"
2026-04-21 23:02:37,447 - httpx - INFO - HTTP Request: GET http://localhost:55907/heap/unmerged "HTTP/1.1 200 OK"
2026-04-21 23:02:37,536 - httpx - INFO - HTTP Request: GET http://localhost:55910/heap/unmerged "HTTP/1.1 200 OK"
2026-04-21 23:02:37,626 - httpx - INFO - HTTP Request: GET http://localhost:55930/heap/unmerged "HTTP/1.1 200 OK"
2026-04-21 23:02:37,719 - httpx - INFO - HTTP Request: GET http://localhost:55940/heap/unmerged "HTTP/1.1 200 OK"
2026-04-21 23:02:37,810 - httpx - INFO - HTTP Request: GET http://localhost:55955/heap/unmerged "HTTP/1.1 200 OK"
2026-04-21 23:02:37,910 - httpx - INFO - HTTP Request: GET http://localhost:55957/heap/unmerged "HTTP/1.1 200 OK"
2026-04-21 23:02:38,038 - httpx - INFO - HTTP Request: GET http://localhost:55982/heap/unmerged "HTTP/1.1 200 OK"
2026-04-21 23:02:38,171 - httpx - INFO - HTTP Request: GET http://localhost:55986/heap/unmerged "HTTP/1.1 200 OK"
2026-04-21 23:02:38,303 - httpx - INFO - HTTP Request: GET http://localhost:56015/heap/unmerged "HTTP/1.1 200 OK"
2026-04-21 23:02:38,394 - httpx - INFO - HTTP Request: GET http://localhost:56021/heap/unmerged "HTTP/1.1 200 OK"
2026-04-21 23:02:38,484 - httpx - INFO - HTTP Request: GET http://localhost:56056/heap/unmerged "HTTP/1.1 200 OK"
2026-04-21 23:02:38,583 - httpx - INFO - HTTP Request: GET http://localhost:56066/heap/unmerged "HTTP/1.1 200 OK"
2026-04-21 23:02:54,051 - httpx - INFO - HTTP Request: POST http://localhost:55862/allocate_page "HTTP/1.1 200 OK"
2026-04-21 23:02:54,325 - httpx - INFO - HTTP Request: POST http://localhost:55907/heap/append "HTTP/1.1 200 OK"
2026-04-21 23:02:54,525 - httpx - INFO - HTTP Request: POST http://localhost:55862/heap-written "HTTP/1.1 200 OK"
2026-04-21 23:02:54,631 - httpx - INFO - HTTP Request: POST http://localhost:55862/allocate_page "HTTP/1.1 200 OK"
2026-04-21 23:02:54,633 - httpx - INFO - HTTP Request: GET http://localhost:55866/heap/unmerged "HTTP/1.1 200 OK"
2026-04-21 23:02:54,830 - httpx - INFO - HTTP Request: GET http://localhost:55865/heap/unmerged "HTTP/1.1 200 OK"
2026-04-21 23:02:54,919 - httpx - INFO - HTTP Request: POST http://localhost:55907/heap/append "HTTP/1.1 200 OK"
2026-04-21 23:02:55,024 - httpx - INFO - HTTP Request: GET http://localhost:55869/heap/unmerged "HTTP/1.1 200 OK"
2026-04-21 23:02:55,024 - httpx - INFO - HTTP Request: POST http://localhost:55862/heap-written "HTTP/1.1 200 OK"
2026-04-21 23:02:55,219 - httpx - INFO - HTTP Request: GET http://localhost:55870/heap/unmerged "HTTP/1.1 200 OK"
2026-04-21 23:02:55,315 - httpx - INFO - HTTP Request: GET http://localhost:55862/task?agent_id=a9f080cc "HTTP/1.1 200 OK"
2026-04-21 23:02:55,346 - httpx - INFO - HTTP Request: GET http://localhost:55882/heap/unmerged "HTTP/1.1 200 OK"
2026-04-21 23:02:55,449 - httpx - INFO - HTTP Request: GET http://localhost:55878/heap/unmerged "HTTP/1.1 200 OK"
2026-04-21 23:02:55,621 - httpx - INFO - HTTP Request: GET http://localhost:55890/heap/unmerged "HTTP/1.1 200 OK"
2026-04-21 23:02:55,741 - httpx - INFO - HTTP Request: GET http://localhost:55896/heap/unmerged "HTTP/1.1 200 OK"
2026-04-21 23:02:55,892 - httpx - INFO - HTTP Request: GET http://localhost:55907/heap/unmerged "HTTP/1.1 200 OK"
2026-04-21 23:02:56,076 - httpx - INFO - HTTP Request: GET http://localhost:55910/heap/unmerged "HTTP/1.1 200 OK"
2026-04-21 23:02:56,180 - httpx - INFO - HTTP Request: GET http://localhost:55930/heap/unmerged "HTTP/1.1 200 OK"
2026-04-21 23:02:56,290 - httpx - INFO - HTTP Request: GET http://localhost:55940/heap/unmerged "HTTP/1.1 200 OK"
2026-04-21 23:02:56,382 - httpx - INFO - HTTP Request: GET http://localhost:55955/heap/unmerged "HTTP/1.1 200 OK"
2026-04-21 23:02:56,470 - httpx - INFO - HTTP Request: GET http://localhost:55957/heap/unmerged "HTTP/1.1 200 OK"
2026-04-21 23:02:56,560 - httpx - INFO - HTTP Request: GET http://localhost:55982/heap/unmerged "HTTP/1.1 200 OK"
2026-04-21 23:02:56,651 - httpx - INFO - HTTP Request: GET http://localhost:55986/heap/unmerged "HTTP/1.1 200 OK"
2026-04-21 23:02:56,743 - httpx - INFO - HTTP Request: GET http://localhost:56015/heap/unmerged "HTTP/1.1 200 OK"
2026-04-21 23:02:56,836 - httpx - INFO - HTTP Request: GET http://localhost:56021/heap/unmerged "HTTP/1.1 200 OK"
2026-04-21 23:02:56,941 - httpx - INFO - HTTP Request: GET http://localhost:56056/heap/unmerged "HTTP/1.1 200 OK"
2026-04-21 23:02:57,040 - httpx - INFO - HTTP Request: GET http://localhost:56066/heap/unmerged "HTTP/1.1 200 OK"
2026-04-21 23:02:57,646 - httpx - INFO - HTTP Request: POST http://localhost:55862/allocate_page "HTTP/1.1 200 OK"
2026-04-21 23:02:57,836 - httpx - INFO - HTTP Request: POST http://localhost:55940/heap/append "HTTP/1.1 200 OK"
2026-04-21 23:02:57,931 - httpx - INFO - HTTP Request: POST http://localhost:55862/heap-written "HTTP/1.1 200 OK"
2026-04-21 23:02:58,045 - httpx - INFO - HTTP Request: POST http://localhost:55862/allocate_page "HTTP/1.1 200 OK"
2026-04-21 23:02:58,269 - httpx - INFO - HTTP Request: POST http://localhost:55940/heap/append "HTTP/1.1 200 OK"
2026-04-21 23:02:58,574 - httpx - INFO - HTTP Request: POST http://localhost:55862/heap-written "HTTP/1.1 200 OK"
2026-04-21 23:02:58,578 - httpx - INFO - HTTP Request: GET http://localhost:55862/task?agent_id=01658064 "HTTP/1.1 200 OK"
2026-04-21 23:03:01,613 - httpx - INFO - HTTP Request: POST http://localhost:55862/allocate_page "HTTP/1.1 200 OK"
2026-04-21 23:03:01,884 - httpx - INFO - HTTP Request: POST http://localhost:55866/heap/append "HTTP/1.1 200 OK"
2026-04-21 23:03:02,007 - httpx - INFO - HTTP Request: POST http://localhost:55862/heap-written "HTTP/1.1 200 OK"
2026-04-21 23:03:02,158 - httpx - INFO - HTTP Request: POST http://localhost:55862/allocate_page "HTTP/1.1 200 OK"
2026-04-21 23:03:02,425 - httpx - INFO - HTTP Request: POST http://localhost:55866/heap/append "HTTP/1.1 200 OK"
2026-04-21 23:03:02,559 - httpx - INFO - HTTP Request: POST http://localhost:55862/heap-written "HTTP/1.1 200 OK"
2026-04-21 23:03:02,842 - httpx - INFO - HTTP Request: GET http://localhost:55866/heap/unmerged "HTTP/1.1 200 OK"
2026-04-21 23:03:02,953 - httpx - INFO - HTTP Request: GET http://localhost:55862/task?agent_id=3c9c549e "HTTP/1.1 200 OK"
2026-04-21 23:03:02,955 - httpx - INFO - HTTP Request: POST http://localhost:55862/allocate_page "HTTP/1.1 200 OK"
2026-04-21 23:03:02,959 - httpx - INFO - HTTP Request: GET http://localhost:55865/heap/unmerged "HTTP/1.1 200 OK"
2026-04-21 23:03:03,045 - httpx - INFO - HTTP Request: GET http://localhost:55869/heap/unmerged "HTTP/1.1 200 OK"
2026-04-21 23:03:03,251 - httpx - INFO - HTTP Request: GET http://localhost:55870/heap/unmerged "HTTP/1.1 200 OK"
2026-04-21 23:03:03,356 - httpx - INFO - HTTP Request: POST http://localhost:55955/heap/append "HTTP/1.1 200 OK"
2026-04-21 23:03:03,604 - httpx - INFO - HTTP Request: GET http://localhost:55882/heap/unmerged "HTTP/1.1 200 OK"
2026-04-21 23:03:03,710 - httpx - INFO - HTTP Request: POST http://localhost:55862/heap-written "HTTP/1.1 200 OK"
2026-04-21 23:03:03,720 - httpx - INFO - HTTP Request: POST http://localhost:55862/allocate_page "HTTP/1.1 200 OK"
2026-04-21 23:03:03,724 - httpx - INFO - HTTP Request: GET http://localhost:55878/heap/unmerged "HTTP/1.1 200 OK"
2026-04-21 23:03:03,936 - httpx - INFO - HTTP Request: GET http://localhost:55890/heap/unmerged "HTTP/1.1 200 OK"
2026-04-21 23:03:04,036 - httpx - INFO - HTTP Request: POST http://localhost:55955/heap/append "HTTP/1.1 200 OK"
2026-04-21 23:03:04,485 - httpx - INFO - HTTP Request: GET http://localhost:55896/heap/unmerged "HTTP/1.1 200 OK"
2026-04-21 23:03:04,615 - httpx - INFO - HTTP Request: POST http://localhost:55862/heap-written "HTTP/1.1 200 OK"
2026-04-21 23:03:04,616 - httpx - INFO - HTTP Request: POST http://localhost:55862/allocate_page "HTTP/1.1 200 OK"
2026-04-21 23:03:04,622 - httpx - INFO - HTTP Request: GET http://localhost:55862/task?agent_id=d3ce66a2 "HTTP/1.1 200 OK"
2026-04-21 23:03:04,637 - httpx - INFO - HTTP Request: GET http://localhost:55907/heap/unmerged "HTTP/1.1 200 OK"
2026-04-21 23:03:04,928 - httpx - INFO - HTTP Request: GET http://localhost:55910/heap/unmerged "HTTP/1.1 200 OK"
2026-04-21 23:03:05,032 - httpx - INFO - HTTP Request: POST http://localhost:55986/heap/append "HTTP/1.1 200 OK"
2026-04-21 23:03:05,144 - httpx - INFO - HTTP Request: GET http://localhost:55930/heap/unmerged "HTTP/1.1 200 OK"
2026-04-21 23:03:05,246 - httpx - INFO - HTTP Request: POST http://localhost:55862/heap-written "HTTP/1.1 200 OK"
2026-04-21 23:03:05,361 - httpx - INFO - HTTP Request: POST http://localhost:55862/allocate_page "HTTP/1.1 200 OK"
2026-04-21 23:03:05,365 - httpx - INFO - HTTP Request: GET http://localhost:55940/heap/unmerged "HTTP/1.1 200 OK"
2026-04-21 23:03:05,634 - httpx - INFO - HTTP Request: GET http://localhost:55955/heap/unmerged "HTTP/1.1 200 OK"
2026-04-21 23:03:05,765 - httpx - INFO - HTTP Request: POST http://localhost:55986/heap/append "HTTP/1.1 200 OK"
2026-04-21 23:03:05,993 - httpx - INFO - HTTP Request: GET http://localhost:55957/heap/unmerged "HTTP/1.1 200 OK"
2026-04-21 23:03:06,205 - httpx - INFO - HTTP Request: POST http://localhost:55862/heap-written "HTTP/1.1 200 OK"
2026-04-21 23:03:06,208 - httpx - INFO - HTTP Request: GET http://localhost:55862/task?agent_id=5e90dbec "HTTP/1.1 200 OK"
2026-04-21 23:03:06,248 - httpx - INFO - HTTP Request: GET http://localhost:55982/heap/unmerged "HTTP/1.1 200 OK"
2026-04-21 23:03:06,471 - httpx - INFO - HTTP Request: POST http://localhost:55862/allocate_page "HTTP/1.1 200 OK"
2026-04-21 23:03:06,476 - httpx - INFO - HTTP Request: GET http://localhost:55986/heap/unmerged "HTTP/1.1 200 OK"
2026-04-21 23:03:06,573 - httpx - INFO - HTTP Request: GET http://localhost:56015/heap/unmerged "HTTP/1.1 200 OK"
2026-04-21 23:03:06,750 - httpx - INFO - HTTP Request: GET http://localhost:56021/heap/unmerged "HTTP/1.1 200 OK"
2026-04-21 23:03:06,863 - httpx - INFO - HTTP Request: POST http://localhost:55896/heap/append "HTTP/1.1 200 OK"
2026-04-21 23:03:07,142 - httpx - INFO - HTTP Request: GET http://localhost:56056/heap/unmerged "HTTP/1.1 200 OK"
2026-04-21 23:03:07,231 - httpx - INFO - HTTP Request: POST http://localhost:55862/heap-written "HTTP/1.1 200 OK"
2026-04-21 23:03:07,237 - httpx - INFO - HTTP Request: POST http://localhost:55862/allocate_page "HTTP/1.1 200 OK"
2026-04-21 23:03:07,240 - httpx - INFO - HTTP Request: POST http://localhost:55862/allocate_page "HTTP/1.1 200 OK"
2026-04-21 23:03:07,240 - httpx - INFO - HTTP Request: GET http://localhost:56066/heap/unmerged "HTTP/1.1 200 OK"
2026-04-21 23:03:07,599 - httpx - INFO - HTTP Request: POST http://localhost:55896/heap/append "HTTP/1.1 200 OK"
2026-04-21 23:03:07,602 - httpx - INFO - HTTP Request: POST http://localhost:56015/heap/append "HTTP/1.1 200 OK"
2026-04-21 23:03:07,780 - httpx - INFO - HTTP Request: POST http://localhost:55862/heap-written "HTTP/1.1 200 OK"
2026-04-21 23:03:07,783 - httpx - INFO - HTTP Request: POST http://localhost:55862/heap-written "HTTP/1.1 200 OK"
2026-04-21 23:03:07,991 - httpx - INFO - HTTP Request: GET http://localhost:55862/task?agent_id=1ae104b5 "HTTP/1.1 200 OK"
2026-04-21 23:03:07,994 - httpx - INFO - HTTP Request: POST http://localhost:55862/allocate_page "HTTP/1.1 200 OK"
2026-04-21 23:03:08,310 - httpx - INFO - HTTP Request: POST http://localhost:56015/heap/append "HTTP/1.1 200 OK"
2026-04-21 23:03:08,628 - httpx - INFO - HTTP Request: POST http://localhost:55862/heap-written "HTTP/1.1 200 OK"
2026-04-21 23:03:08,633 - httpx - INFO - HTTP Request: GET http://localhost:55862/task?agent_id=9a3eae56 "HTTP/1.1 200 OK"
2026-04-21 23:03:10,100 - httpx - INFO - HTTP Request: POST http://localhost:55862/allocate_page "HTTP/1.1 200 OK"
2026-04-21 23:03:10,298 - httpx - INFO - HTTP Request: POST http://localhost:55957/heap/append "HTTP/1.1 200 OK"
2026-04-21 23:03:10,497 - httpx - INFO - HTTP Request: POST http://localhost:55862/heap-written "HTTP/1.1 200 OK"
2026-04-21 23:03:10,500 - httpx - INFO - HTTP Request: POST http://localhost:55862/allocate_page "HTTP/1.1 200 OK"
2026-04-21 23:03:10,748 - httpx - INFO - HTTP Request: POST http://localhost:55957/heap/append "HTTP/1.1 200 OK"
2026-04-21 23:03:10,854 - httpx - INFO - HTTP Request: POST http://localhost:55862/heap-written "HTTP/1.1 200 OK"
2026-04-21 23:03:11,029 - httpx - INFO - HTTP Request: GET http://localhost:55862/task?agent_id=f62b7569 "HTTP/1.1 200 OK"
2026-04-21 23:03:11,860 - httpx - INFO - HTTP Request: POST http://localhost:55862/allocate_page "HTTP/1.1 200 OK"
2026-04-21 23:03:12,116 - httpx - INFO - HTTP Request: POST http://localhost:55930/heap/append "HTTP/1.1 200 OK"
2026-04-21 23:03:12,334 - httpx - INFO - HTTP Request: POST http://localhost:55862/heap-written "HTTP/1.1 200 OK"
2026-04-21 23:03:12,336 - httpx - INFO - HTTP Request: POST http://localhost:55862/allocate_page "HTTP/1.1 200 OK"
2026-04-21 23:03:12,525 - httpx - INFO - HTTP Request: GET http://localhost:55866/heap/unmerged "HTTP/1.1 200 OK"
2026-04-21 23:03:12,616 - httpx - INFO - HTTP Request: POST http://localhost:55930/heap/append "HTTP/1.1 200 OK"
2026-04-21 23:03:12,617 - httpx - INFO - HTTP Request: GET http://localhost:55865/heap/unmerged "HTTP/1.1 200 OK"
2026-04-21 23:03:12,885 - httpx - INFO - HTTP Request: GET http://localhost:55869/heap/unmerged "HTTP/1.1 200 OK"
2026-04-21 23:03:12,976 - httpx - INFO - HTTP Request: POST http://localhost:55862/heap-written "HTTP/1.1 200 OK"
2026-04-21 23:03:12,980 - httpx - INFO - HTTP Request: GET http://localhost:55862/task?agent_id=82415672 "HTTP/1.1 200 OK"
2026-04-21 23:03:12,988 - httpx - INFO - HTTP Request: GET http://localhost:55870/heap/unmerged "HTTP/1.1 200 OK"
2026-04-21 23:03:13,072 - httpx - INFO - HTTP Request: GET http://localhost:55882/heap/unmerged "HTTP/1.1 200 OK"
2026-04-21 23:03:13,170 - httpx - INFO - HTTP Request: GET http://localhost:55878/heap/unmerged "HTTP/1.1 200 OK"
2026-04-21 23:03:13,279 - httpx - INFO - HTTP Request: GET http://localhost:55890/heap/unmerged "HTTP/1.1 200 OK"
2026-04-21 23:03:13,381 - httpx - INFO - HTTP Request: GET http://localhost:55896/heap/unmerged "HTTP/1.1 200 OK"
2026-04-21 23:03:13,470 - httpx - INFO - HTTP Request: GET http://localhost:55907/heap/unmerged "HTTP/1.1 200 OK"
2026-04-21 23:03:13,578 - httpx - INFO - HTTP Request: GET http://localhost:55910/heap/unmerged "HTTP/1.1 200 OK"
2026-04-21 23:03:13,694 - httpx - INFO - HTTP Request: GET http://localhost:55930/heap/unmerged "HTTP/1.1 200 OK"
2026-04-21 23:03:13,838 - httpx - INFO - HTTP Request: GET http://localhost:55940/heap/unmerged "HTTP/1.1 200 OK"
2026-04-21 23:03:13,924 - httpx - INFO - HTTP Request: GET http://localhost:55955/heap/unmerged "HTTP/1.1 200 OK"
2026-04-21 23:03:14,018 - httpx - INFO - HTTP Request: GET http://localhost:55957/heap/unmerged "HTTP/1.1 200 OK"
2026-04-21 23:03:14,106 - httpx - INFO - HTTP Request: GET http://localhost:55982/heap/unmerged "HTTP/1.1 200 OK"
2026-04-21 23:03:14,255 - httpx - INFO - HTTP Request: GET http://localhost:55986/heap/unmerged "HTTP/1.1 200 OK"
2026-04-21 23:03:14,744 - httpx - INFO - HTTP Request: GET http://localhost:56015/heap/unmerged "HTTP/1.1 200 OK"
2026-04-21 23:03:14,845 - httpx - INFO - HTTP Request: GET http://localhost:56021/heap/unmerged "HTTP/1.1 200 OK"
2026-04-21 23:03:14,962 - httpx - INFO - HTTP Request: GET http://localhost:56056/heap/unmerged "HTTP/1.1 200 OK"
2026-04-21 23:03:15,092 - httpx - INFO - HTTP Request: GET http://localhost:56066/heap/unmerged "HTTP/1.1 200 OK"
2026-04-21 23:03:15,749 - httpx - INFO - HTTP Request: POST http://localhost:55862/allocate_page "HTTP/1.1 200 OK"
2026-04-21 23:03:15,984 - httpx - INFO - HTTP Request: POST http://localhost:55869/heap/append "HTTP/1.1 200 OK"
2026-04-21 23:03:16,410 - httpx - INFO - HTTP Request: POST http://localhost:55862/heap-written "HTTP/1.1 200 OK"
2026-04-21 23:03:16,448 - httpx - INFO - HTTP Request: POST http://localhost:55862/allocate_page "HTTP/1.1 200 OK"
2026-04-21 23:03:16,451 - httpx - INFO - HTTP Request: POST http://localhost:55862/allocate_page "HTTP/1.1 200 OK"
2026-04-21 23:03:16,732 - httpx - INFO - HTTP Request: POST http://localhost:55869/heap/append "HTTP/1.1 200 OK"
2026-04-21 23:03:16,734 - httpx - INFO - HTTP Request: POST http://localhost:55907/heap/append "HTTP/1.1 200 OK"
2026-04-21 23:03:17,124 - httpx - INFO - HTTP Request: POST http://localhost:55862/heap-written "HTTP/1.1 200 OK"
2026-04-21 23:03:17,131 - httpx - INFO - HTTP Request: POST http://localhost:55862/heap-written "HTTP/1.1 200 OK"
2026-04-21 23:03:17,132 - httpx - INFO - HTTP Request: GET http://localhost:55862/task?agent_id=fac495b1 "HTTP/1.1 200 OK"
2026-04-21 23:03:17,134 - httpx - INFO - HTTP Request: POST http://localhost:55862/allocate_page "HTTP/1.1 200 OK"
2026-04-21 23:03:17,359 - httpx - INFO - HTTP Request: POST http://localhost:55907/heap/append "HTTP/1.1 200 OK"
2026-04-21 23:03:17,465 - httpx - INFO - HTTP Request: POST http://localhost:55862/heap-written "HTTP/1.1 200 OK"
2026-04-21 23:03:17,577 - httpx - INFO - HTTP Request: GET http://localhost:55862/task?agent_id=a9f080cc "HTTP/1.1 200 OK"
2026-04-21 23:03:18,244 - httpx - INFO - HTTP Request: POST http://localhost:55862/allocate_page "HTTP/1.1 200 OK"
2026-04-21 23:03:18,539 - httpx - INFO - HTTP Request: POST http://localhost:55862/allocate_page "HTTP/1.1 200 OK"
2026-04-21 23:03:18,542 - httpx - INFO - HTTP Request: POST http://localhost:56021/heap/append "HTTP/1.1 200 OK"
2026-04-21 23:03:18,645 - httpx - INFO - HTTP Request: POST http://localhost:55862/heap-written "HTTP/1.1 200 OK"
2026-04-21 23:03:18,922 - httpx - INFO - HTTP Request: POST http://localhost:55862/allocate_page "HTTP/1.1 200 OK"
2026-04-21 23:03:18,932 - httpx - INFO - HTTP Request: POST http://localhost:55940/heap/append "HTTP/1.1 200 OK"
2026-04-21 23:03:19,226 - httpx - INFO - HTTP Request: POST http://localhost:55862/heap-written "HTTP/1.1 200 OK"
2026-04-21 23:03:19,235 - httpx - INFO - HTTP Request: POST http://localhost:55862/allocate_page "HTTP/1.1 200 OK"
2026-04-21 23:03:19,238 - httpx - INFO - HTTP Request: POST http://localhost:56021/heap/append "HTTP/1.1 200 OK"
2026-04-21 23:03:19,525 - httpx - INFO - HTTP Request: POST http://localhost:55862/heap-written "HTTP/1.1 200 OK"
2026-04-21 23:03:19,529 - httpx - INFO - HTTP Request: GET http://localhost:55862/task?agent_id=10944fd8 "HTTP/1.1 200 OK"
2026-04-21 23:03:19,531 - httpx - INFO - HTTP Request: POST http://localhost:55940/heap/append "HTTP/1.1 200 OK"
2026-04-21 23:03:19,770 - httpx - INFO - HTTP Request: POST http://localhost:55862/heap-written "HTTP/1.1 200 OK"
2026-04-21 23:03:19,772 - httpx - INFO - HTTP Request: GET http://localhost:55862/task?agent_id=01658064 "HTTP/1.1 200 OK"
2026-04-21 23:03:22,346 - httpx - INFO - HTTP Request: POST http://localhost:55862/allocate_page "HTTP/1.1 200 OK"
2026-04-21 23:03:22,797 - httpx - INFO - HTTP Request: POST http://localhost:55862/allocate_page "HTTP/1.1 200 OK"
2026-04-21 23:03:22,798 - httpx - INFO - HTTP Request: POST http://localhost:56066/heap/append "HTTP/1.1 200 OK"
2026-04-21 23:03:22,894 - httpx - INFO - HTTP Request: POST http://localhost:55862/heap-written "HTTP/1.1 200 OK"
2026-04-21 23:03:23,206 - httpx - INFO - HTTP Request: POST http://localhost:55862/allocate_page "HTTP/1.1 200 OK"
2026-04-21 23:03:23,209 - httpx - INFO - HTTP Request: POST http://localhost:55910/heap/append "HTTP/1.1 200 OK"
2026-04-21 23:03:23,215 - httpx - INFO - HTTP Request: GET http://localhost:55866/heap/unmerged "HTTP/1.1 200 OK"
2026-04-21 23:03:23,617 - httpx - INFO - HTTP Request: GET http://localhost:55865/heap/unmerged "HTTP/1.1 200 OK"
2026-04-21 23:03:23,754 - httpx - INFO - HTTP Request: POST http://localhost:55862/heap-written "HTTP/1.1 200 OK"
2026-04-21 23:03:23,756 - httpx - INFO - HTTP Request: POST http://localhost:56066/heap/append "HTTP/1.1 200 OK"
2026-04-21 23:03:23,857 - httpx - INFO - HTTP Request: POST http://localhost:55862/allocate_page "HTTP/1.1 200 OK"
2026-04-21 23:03:23,863 - httpx - INFO - HTTP Request: GET http://localhost:55869/heap/unmerged "HTTP/1.1 200 OK"
2026-04-21 23:03:23,865 - httpx - INFO - HTTP Request: POST http://localhost:55862/heap-written "HTTP/1.1 200 OK"
2026-04-21 23:03:24,330 - httpx - INFO - HTTP Request: GET http://localhost:55870/heap/unmerged "HTTP/1.1 200 OK"
2026-04-21 23:03:24,432 - httpx - INFO - HTTP Request: GET http://localhost:55862/task?agent_id=e7bfb79d "HTTP/1.1 200 OK"
2026-04-21 23:03:24,434 - httpx - INFO - HTTP Request: POST http://localhost:55910/heap/append "HTTP/1.1 200 OK"
2026-04-21 23:03:24,646 - httpx - INFO - HTTP Request: GET http://localhost:55882/heap/unmerged "HTTP/1.1 200 OK"
2026-04-21 23:03:24,747 - httpx - INFO - HTTP Request: POST http://localhost:55862/heap-written "HTTP/1.1 200 OK"
2026-04-21 23:03:24,875 - httpx - INFO - HTTP Request: GET http://localhost:55862/task?agent_id=f415bc94 "HTTP/1.1 200 OK"
2026-04-21 23:03:24,894 - httpx - INFO - HTTP Request: GET http://localhost:55878/heap/unmerged "HTTP/1.1 200 OK"
2026-04-21 23:03:24,998 - httpx - INFO - HTTP Request: POST http://localhost:55862/allocate_page "HTTP/1.1 200 OK"
2026-04-21 23:03:25,014 - httpx - INFO - HTTP Request: GET http://localhost:55890/heap/unmerged "HTTP/1.1 200 OK"
2026-04-21 23:03:25,108 - httpx - INFO - HTTP Request: GET http://localhost:55896/heap/unmerged "HTTP/1.1 200 OK"
[BFF] 获取Agent 3c9c549e 堆段: 0 条
[BFF] 获取Agent 27f408a7 堆段: 0 条
[BFF] 获取Agent fac495b1 堆段: 0 条
[BFF] 获取Agent a644674e 堆段: 0 条
[BFF] 获取Agent 8e7d85d0 堆段: 0 条
[BFF] 获取Agent ed15a95a 堆段: 0 条
[BFF] 获取Agent a01ebd78 堆段: 0 条
[BFF] 获取Agent 1ae104b5 堆段: 0 条
[BFF] 获取Agent a9f080cc 堆段: 0 条
[BFF] 获取Agent f415bc94 堆段: 0 条
[BFF] 获取Agent 82415672 堆段: 0 条
[BFF] 获取Agent 01658064 堆段: 0 条
[BFF] 获取Agent d3ce66a2 堆段: 0 条
[BFF] 获取Agent f62b7569 堆段: 0 条
[BFF] 获取Agent c1645623 堆段: 0 条
[BFF] 获取Agent 5e90dbec 堆段: 0 条
[BFF] 获取Agent 9a3eae56 堆段: 0 条
[BFF] 获取Agent 10944fd8 堆段: 0 条
[BFF] 获取Agent 3e8335de 堆段: 0 条
[BFF] 获取Agent e7bfb79d 堆段: 0 条
[BFF] all-unmerged 获取完成: 0 条
[BFF] 获取Agent 3c9c549e 堆段: 0 条
[BFF] 获取Agent 27f408a7 堆段: 0 条
[BFF] 获取Agent fac495b1 堆段: 0 条
[BFF] all-unmerged 请求正在进行，等待完成...
[BFF] 获取Agent a644674e 堆段: 0 条
[BFF] 获取Agent 8e7d85d0 堆段: 0 条
[BFF] 读取PublicMemory (物理路径): /mnt/d/collections2026/phd_application/nanobot1/milestone2/data/public_memory/public_memory.jsonl, top_k=2
[BFF] 读取PublicMemory完成: 0 条记录
[BFF] 获取Agent ed15a95a 堆段: 0 条
[BFF] 获取Agent a01ebd78 堆段: 0 条
[BFF] 获取Agent 1ae104b5 堆段: 0 条
[BFF] 获取Agent a9f080cc 堆段: 2 条
[BFF] 获取Agent f415bc94 堆段: 0 条
[BFF] 获取Agent 82415672 堆段: 0 条
[BFF] 获取Agent 01658064 堆段: 0 条
[BFF] 获取Agent d3ce66a2 堆段: 0 条
[BFF] 获取Agent f62b7569 堆段: 0 条
[BFF] 获取Agent c1645623 堆段: 0 条
[BFF] 获取Agent 5e90dbec 堆段: 0 条
[BFF] 获取Agent 9a3eae56 堆段: 0 条
[BFF] 获取Agent 10944fd8 堆段: 0 条
[BFF] 获取Agent 3e8335de 堆段: 0 条
[BFF] 获取Agent e7bfb79d 堆段: 0 条
[BFF] all-unmerged 获取完成: 2 条
[BFF] all-unmerged 命中缓存: 2 条 (缓存剩余 4.1s)
[BFF] all-unmerged 命中缓存: 2 条 (缓存剩余 3.5s)
[BFF] 读取PublicMemory (物理路径): /mnt/d/collections2026/phd_application/nanobot1/milestone2/data/public_memory/public_memory.jsonl, top_k=2
[BFF] 读取PublicMemory完成: 0 条记录
[BFF] all-unmerged 命中缓存: 2 条 (缓存剩余 0.0s)
[BFF] 获取Agent 3c9c549e 堆段: 2 条
[BFF] 获取Agent 27f408a7 堆段: 0 条
[BFF] 获取Agent fac495b1 堆段: 0 条
[BFF] 读取PublicMemory (物理路径): /mnt/d/collections2026/phd_application/nanobot1/milestone2/data/public_memory/public_memory.jsonl, top_k=2
[BFF] 读取PublicMemory完成: 0 条记录
[BFF] 获取Agent a644674e 堆段: 0 条
[BFF] 获取Agent 8e7d85d0 堆段: 0 条
[BFF] all-unmerged 请求正在进行，等待完成...
[BFF] 获取Agent ed15a95a 堆段: 0 条
[BFF] 获取Agent a01ebd78 堆段: 0 条
[BFF] 获取Agent 1ae104b5 堆段: 0 条
[BFF] all-unmerged 请求正在进行，等待完成...
[BFF] 获取Agent a9f080cc 堆段: 2 条
[BFF] 读取PublicMemory (物理路径): /mnt/d/collections2026/phd_application/nanobot1/milestone2/data/public_memory/public_memory.jsonl, top_k=2
[BFF] 读取PublicMemory完成: 0 条记录
[BFF] 获取Agent f415bc94 堆段: 0 条
[BFF] 获取Agent 82415672 堆段: 0 条
[BFF] all-unmerged 请求正在进行，等待完成...
[BFF] 获取Agent 01658064 堆段: 2 条
[BFF] 获取Agent d3ce66a2 堆段: 2 条
[BFF] 获取Agent f62b7569 堆段: 0 条
[BFF] all-unmerged 请求正在进行，等待完成...
[BFF] 获取Agent c1645623 堆段: 0 条
[BFF] 读取PublicMemory (物理路径): /mnt/d/collections2026/phd_application/nanobot1/milestone2/data/public_memory/public_memory.jsonl, top_k=2
[BFF] 读取PublicMemory完成: 0 条记录
[BFF] 获取Agent 5e90dbec 堆段: 2 条
[BFF] 获取Agent 9a3eae56 堆段: 0 条
[BFF] 获取Agent 10944fd8 堆段: 0 条
[BFF] 获取Agent 3e8335de 堆段: 0 条
[BFF] all-unmerged 请求正在进行，等待完成...
[BFF] 获取Agent e7bfb79d 堆段: 0 条
[BFF] all-unmerged 获取完成: 10 条
[BFF] all-unmerged 命中缓存: 10 条 (缓存剩余 4.5s)
[BFF] all-unmerged 命中缓存: 10 条 (缓存剩余 4.5s)
[BFF] 读取PublicMemory (物理路径): /mnt/d/collections2026/phd_application/nanobot1/milestone2/data/public_memory/public_memory.jsonl, top_k=2
[BFF] 读取PublicMemory完成: 0 条记录
[BFF] all-unmerged 命中缓存: 10 条 (缓存剩余 3.6s)
[BFF] 读取PublicMemory (物理路径): /mnt/d/collections2026/phd_application/nanobot1/milestone2/data/public_memory/public_memory.jsonl, top_k=2
[BFF] 读取PublicMemory完成: 0 条记录
[BFF] all-unmerged 命中缓存: 10 条 (缓存剩余 1.7s)
[BFF] all-unmerged 命中缓存: 10 条 (缓存剩余 1.4s)
[BFF] 读取PublicMemory (物理路径): /mnt/d/collections2026/phd_application/nanobot1/milestone2/data/public_memory/public_memory.jsonl, top_k=2
[BFF] 读取PublicMemory完成: 0 条记录
[BFF] 获取Agent 3c9c549e 堆段: 2 条
[BFF] 获取Agent 27f408a7 堆段: 0 条
[BFF] 获取Agent fac495b1 堆段: 0 条
[BFF] all-unmerged 请求正在进行，等待完成...
[BFF] 获取Agent a644674e 堆段: 0 条
[BFF] 获取Agent 8e7d85d0 堆段: 0 条
[BFF] 读取PublicMemory (物理路径): /mnt/d/collections2026/phd_application/nanobot1/milestone2/data/public_memory/public_memory.jsonl, top_k=2
[BFF] 读取PublicMemory完成: 0 条记录
[BFF] 获取Agent ed15a95a 堆段: 0 条
[BFF] 获取Agent a01ebd78 堆段: 0 条
[BFF] 获取Agent 1ae104b5 堆段: 2 条
[BFF] 获取Agent a9f080cc 堆段: 2 条
[BFF] 邻居发现: 所有父子关系已建立
[BFF] 获取Agent f415bc94 堆段: 0 条
[BFF] 获取Agent 82415672 堆段: 2 条
[BFF] 获取Agent 01658064 堆段: 2 条
[BFF] 获取Agent d3ce66a2 堆段: 2 条
[BFF] 获取Agent f62b7569 堆段: 2 条
[BFF] 获取Agent c1645623 堆段: 0 条
[BFF] 获取Agent 5e90dbec 堆段: 2 条
[BFF] 获取Agent 9a3eae56 堆段: 2 条
[BFF] 获取Agent 10944fd8 堆段: 0 条
[BFF] 获取Agent 3e8335de 堆段: 0 条
[BFF] 获取Agent e7bfb79d 堆段: 0 条
[BFF] all-unmerged 获取完成: 18 条
[BFF] all-unmerged 命中缓存: 18 条 (缓存剩余 3.7s)
[BFF] all-unmerged 命中缓存: 18 条 (缓存剩余 3.0s)
[BFF] all-unmerged 命中缓存: 18 条 (缓存剩余 3.0s)
[BFF] 读取PublicMemory (物理路径): /mnt/d/collections2026/phd_application/nanobot1/milestone2/data/public_memory/public_memory.jsonl, top_k=2
[BFF] 读取PublicMemory完成: 0 条记录
[BFF] all-unmerged 命中缓存: 18 条 (缓存剩余 2.5s)
[BFF] 读取PublicMemory (物理路径): /mnt/d/collections2026/phd_application/nanobot1/milestone2/data/public_memory/public_memory.jsonl, top_k=2
[BFF] 读取PublicMemory完成: 0 条记录
[BFF] all-unmerged 命中缓存: 18 条 (缓存剩余 1.3s)
[BFF] all-unmerged 命中缓存: 18 条 (缓存剩余 0.9s)
[BFF] all-unmerged 命中缓存: 18 条 (缓存剩余 0.6s)
[BFF] 读取PublicMemory (物理路径): /mnt/d/collections2026/phd_application/nanobot1/milestone2/data/public_memory/public_memory.jsonl, top_k=2
[BFF] 读取PublicMemory完成: 0 条记录
[BFF] all-unmerged 命中缓存: 18 条 (缓存剩余 0.3s)
[BFF] 读取PublicMemory (物理路径): /mnt/d/collections2026/phd_application/nanobot1/milestone2/data/public_memory/public_memory.jsonl, top_k=2
[BFF] 读取PublicMemory完成: 0 条记录
[BFF] 获取Agent 3c9c549e 堆段: 2 条
[BFF] 获取Agent 27f408a7 堆段: 0 条
[BFF] all-unmerged 请求正在进行，等待完成...
[BFF] 获取Agent fac495b1 堆段: 2 条
[BFF] all-unmerged 请求正在进行，等待完成...
[BFF] 获取Agent a644674e 堆段: 0 条
[BFF] 读取PublicMemory (物理路径): /mnt/d/collections2026/phd_application/nanobot1/milestone2/data/public_memory/public_memory.jsonl, top_k=2
[BFF] 读取PublicMemory完成: 0 条记录
[BFF] 获取Agent 8e7d85d0 堆段: 0 条
[BFF] all-unmerged 请求正在进行，等待完成...
[BFF] 获取Agent ed15a95a 堆段: 0 条
[BFF] 读取PublicMemory (物理路径): /mnt/d/collections2026/phd_application/nanobot1/milestone2/data/public_memory/public_memory.jsonl, top_k=2
[BFF] 读取PublicMemory完成: 0 条记录
[BFF] 获取Agent a01ebd78 堆段: 0 条
2026-04-21 23:03:25,332 - httpx - INFO - HTTP Request: POST http://localhost:55866/heap/append "HTTP/1.1 200 OK"
2026-04-21 23:03:25,334 - httpx - INFO - HTTP Request: GET http://localhost:55907/heap/unmerged "HTTP/1.1 200 OK"
2026-04-21 23:03:25,655 - httpx - INFO - HTTP Request: POST http://localhost:55862/heap-written "HTTP/1.1 200 OK"
2026-04-21 23:03:25,659 - httpx - INFO - HTTP Request: POST http://localhost:55862/allocate_page "HTTP/1.1 200 OK"
2026-04-21 23:03:25,661 - httpx - INFO - HTTP Request: GET http://localhost:55910/heap/unmerged "HTTP/1.1 200 OK"
2026-04-21 23:03:25,772 - httpx - INFO - HTTP Request: GET http://localhost:55930/heap/unmerged "HTTP/1.1 200 OK"
2026-04-21 23:03:26,287 - httpx - INFO - HTTP Request: GET http://localhost:55940/heap/unmerged "HTTP/1.1 200 OK"
2026-04-21 23:03:26,403 - httpx - INFO - HTTP Request: POST http://localhost:55862/allocate_page "HTTP/1.1 200 OK"
2026-04-21 23:03:26,406 - httpx - INFO - HTTP Request: POST http://localhost:55862/allocate_page "HTTP/1.1 200 OK"
2026-04-21 23:03:26,407 - httpx - INFO - HTTP Request: POST http://localhost:55866/heap/append "HTTP/1.1 200 OK"
2026-04-21 23:03:26,616 - httpx - INFO - HTTP Request: GET http://localhost:55955/heap/unmerged "HTTP/1.1 200 OK"
2026-04-21 23:03:27,104 - httpx - INFO - HTTP Request: POST http://localhost:55862/heap-written "HTTP/1.1 200 OK"
2026-04-21 23:03:27,110 - httpx - INFO - HTTP Request: GET http://localhost:55862/task?agent_id=3c9c549e "HTTP/1.1 200 OK"
2026-04-21 23:03:27,114 - httpx - INFO - HTTP Request: POST http://localhost:55955/heap/append "HTTP/1.1 200 OK"
2026-04-21 23:03:27,115 - httpx - INFO - HTTP Request: GET http://localhost:55957/heap/unmerged "HTTP/1.1 200 OK"
2026-04-21 23:03:27,119 - httpx - INFO - HTTP Request: POST http://localhost:56056/heap/append "HTTP/1.1 200 OK"
2026-04-21 23:03:27,422 - httpx - INFO - HTTP Request: GET http://localhost:55982/heap/unmerged "HTTP/1.1 200 OK"
2026-04-21 23:03:27,524 - httpx - INFO - HTTP Request: POST http://localhost:55862/heap-written "HTTP/1.1 200 OK"
2026-04-21 23:03:27,524 - httpx - INFO - HTTP Request: POST http://localhost:55862/heap-written "HTTP/1.1 200 OK"
2026-04-21 23:03:27,932 - httpx - INFO - HTTP Request: POST http://localhost:55862/allocate_page "HTTP/1.1 200 OK"
2026-04-21 23:03:27,935 - httpx - INFO - HTTP Request: POST http://localhost:55862/allocate_page "HTTP/1.1 200 OK"
2026-04-21 23:03:27,936 - httpx - INFO - HTTP Request: GET http://localhost:55986/heap/unmerged "HTTP/1.1 200 OK"
2026-04-21 23:03:27,938 - httpx - INFO - HTTP Request: POST http://localhost:55862/allocate_page "HTTP/1.1 200 OK"
2026-04-21 23:03:28,034 - httpx - INFO - HTTP Request: GET http://localhost:56015/heap/unmerged "HTTP/1.1 200 OK"
2026-04-21 23:03:28,466 - httpx - INFO - HTTP Request: GET http://localhost:56021/heap/unmerged "HTTP/1.1 200 OK"
2026-04-21 23:03:28,586 - httpx - INFO - HTTP Request: POST http://localhost:56056/heap/append "HTTP/1.1 200 OK"
2026-04-21 23:03:28,588 - httpx - INFO - HTTP Request: POST http://localhost:55955/heap/append "HTTP/1.1 200 OK"
2026-04-21 23:03:28,589 - httpx - INFO - HTTP Request: POST http://localhost:55890/heap/append "HTTP/1.1 200 OK"
2026-04-21 23:03:29,285 - httpx - INFO - HTTP Request: GET http://localhost:56056/heap/unmerged "HTTP/1.1 200 OK"
2026-04-21 23:03:29,389 - httpx - INFO - HTTP Request: POST http://localhost:55862/heap-written "HTTP/1.1 200 OK"
2026-04-21 23:03:29,390 - httpx - INFO - HTTP Request: POST http://localhost:55862/heap-written "HTTP/1.1 200 OK"
2026-04-21 23:03:29,391 - httpx - INFO - HTTP Request: POST http://localhost:55862/heap-written "HTTP/1.1 200 OK"
2026-04-21 23:03:29,397 - httpx - INFO - HTTP Request: POST http://localhost:55862/allocate_page "HTTP/1.1 200 OK"
2026-04-21 23:03:29,398 - httpx - INFO - HTTP Request: GET http://localhost:55862/task?agent_id=3e8335de "HTTP/1.1 200 OK"
2026-04-21 23:03:29,399 - httpx - INFO - HTTP Request: GET http://localhost:55862/task?agent_id=d3ce66a2 "HTTP/1.1 200 OK"
2026-04-21 23:03:29,476 - httpx - INFO - HTTP Request: GET http://localhost:56066/heap/unmerged "HTTP/1.1 200 OK"
2026-04-21 23:03:30,284 - httpx - INFO - HTTP Request: POST http://localhost:55862/allocate_page "HTTP/1.1 200 OK"
2026-04-21 23:03:30,287 - httpx - INFO - HTTP Request: POST http://localhost:55890/heap/append "HTTP/1.1 200 OK"
2026-04-21 23:03:30,428 - httpx - INFO - HTTP Request: POST http://localhost:55862/heap-written "HTTP/1.1 200 OK"
2026-04-21 23:03:31,105 - httpx - INFO - HTTP Request: GET http://localhost:55862/task?agent_id=a01ebd78 "HTTP/1.1 200 OK"
2026-04-21 23:03:31,110 - httpx - INFO - HTTP Request: POST http://localhost:55862/allocate_page "HTTP/1.1 200 OK"
2026-04-21 23:03:31,110 - httpx - INFO - HTTP Request: POST http://localhost:55862/allocate_page "HTTP/1.1 200 OK"
2026-04-21 23:03:31,111 - httpx - INFO - HTTP Request: POST http://localhost:56015/heap/append "HTTP/1.1 200 OK"
2026-04-21 23:03:31,232 - httpx - INFO - HTTP Request: POST http://localhost:55862/heap-written "HTTP/1.1 200 OK"
2026-04-21 23:03:31,389 - httpx - INFO - HTTP Request: POST http://localhost:55862/allocate_page "HTTP/1.1 200 OK"
2026-04-21 23:03:32,235 - httpx - INFO - HTTP Request: POST http://localhost:55957/heap/append "HTTP/1.1 200 OK"
2026-04-21 23:03:32,236 - httpx - INFO - HTTP Request: POST http://localhost:55882/heap/append "HTTP/1.1 200 OK"
2026-04-21 23:03:32,442 - httpx - INFO - HTTP Request: POST http://localhost:56015/heap/append "HTTP/1.1 200 OK"
2026-04-21 23:03:32,576 - httpx - INFO - HTTP Request: POST http://localhost:55862/allocate_page "HTTP/1.1 200 OK"
2026-04-21 23:03:33,253 - httpx - INFO - HTTP Request: POST http://localhost:55862/heap-written "HTTP/1.1 200 OK"
2026-04-21 23:03:33,254 - httpx - INFO - HTTP Request: POST http://localhost:55862/heap-written "HTTP/1.1 200 OK"
2026-04-21 23:03:33,357 - httpx - INFO - HTTP Request: POST http://localhost:55862/heap-written "HTTP/1.1 200 OK"
2026-04-21 23:03:33,360 - httpx - INFO - HTTP Request: POST http://localhost:55862/allocate_page "HTTP/1.1 200 OK"
2026-04-21 23:03:33,360 - httpx - INFO - HTTP Request: POST http://localhost:55862/allocate_page "HTTP/1.1 200 OK"
2026-04-21 23:03:33,369 - httpx - INFO - HTTP Request: GET http://localhost:55862/task?agent_id=9a3eae56 "HTTP/1.1 200 OK"
2026-04-21 23:03:33,370 - httpx - INFO - HTTP Request: POST http://localhost:55862/allocate_page "HTTP/1.1 200 OK"
2026-04-21 23:03:33,372 - httpx - INFO - HTTP Request: POST http://localhost:55930/heap/append "HTTP/1.1 200 OK"
2026-04-21 23:03:33,475 - httpx - INFO - HTTP Request: POST http://localhost:55862/allocate_page "HTTP/1.1 200 OK"
2026-04-21 23:03:33,480 - httpx - INFO - HTTP Request: POST http://localhost:55862/heap-written "HTTP/1.1 200 OK"
2026-04-21 23:03:33,686 - httpx - INFO - HTTP Request: POST http://localhost:55862/allocate_page "HTTP/1.1 200 OK"
2026-04-21 23:03:33,914 - httpx - INFO - HTTP Request: POST http://localhost:55896/heap/append "HTTP/1.1 200 OK"
2026-04-21 23:03:34,876 - httpx - INFO - HTTP Request: POST http://localhost:55862/heap-written "HTTP/1.1 200 OK"
2026-04-21 23:03:34,877 - httpx - INFO - HTTP Request: POST http://localhost:55882/heap/append "HTTP/1.1 200 OK"
2026-04-21 23:03:34,883 - httpx - INFO - HTTP Request: POST http://localhost:55957/heap/append "HTTP/1.1 200 OK"
2026-04-21 23:03:34,884 - httpx - INFO - HTTP Request: POST http://localhost:55870/heap/append "HTTP/1.1 200 OK"
2026-04-21 23:03:34,885 - httpx - INFO - HTTP Request: POST http://localhost:55862/allocate_page "HTTP/1.1 200 OK"
2026-04-21 23:03:34,886 - httpx - INFO - HTTP Request: POST http://localhost:55986/heap/append "HTTP/1.1 200 OK"
2026-04-21 23:03:35,003 - httpx - INFO - HTTP Request: POST http://localhost:55862/allocate_page "HTTP/1.1 200 OK"
2026-04-21 23:03:36,213 - httpx - INFO - HTTP Request: POST http://localhost:55862/heap-written "HTTP/1.1 200 OK"
2026-04-21 23:03:36,217 - httpx - INFO - HTTP Request: GET http://localhost:55862/task?agent_id=8e7d85d0 "HTTP/1.1 200 OK"
2026-04-21 23:03:36,219 - httpx - INFO - HTTP Request: POST http://localhost:55862/heap-written "HTTP/1.1 200 OK"
2026-04-21 23:03:36,223 - httpx - INFO - HTTP Request: POST http://localhost:55862/heap-written "HTTP/1.1 200 OK"
2026-04-21 23:03:36,225 - httpx - INFO - HTTP Request: POST http://localhost:55862/heap-written "HTTP/1.1 200 OK"
2026-04-21 23:03:36,227 - httpx - INFO - HTTP Request: GET http://localhost:29253/health "HTTP/1.1 200 OK"
2026-04-21 23:03:36,413 - httpx - INFO - HTTP Request: GET http://localhost:55862/task?agent_id=f62b7569 "HTTP/1.1 200 OK"
2026-04-21 23:03:36,439 - httpx - INFO - HTTP Request: POST http://localhost:55862/allocate_page "HTTP/1.1 200 OK"
2026-04-21 23:03:36,439 - httpx - INFO - HTTP Request: POST http://localhost:55862/allocate_page "HTTP/1.1 200 OK"
2026-04-21 23:03:36,440 - httpx - INFO - HTTP Request: POST http://localhost:55896/heap/append "HTTP/1.1 200 OK"
2026-04-21 23:03:36,440 - httpx - INFO - HTTP Request: POST http://localhost:55930/heap/append "HTTP/1.1 200 OK"
2026-04-21 23:03:36,449 - httpx - INFO - HTTP Request: POST http://localhost:55862/allocate_page "HTTP/1.1 200 OK"
2026-04-21 23:03:36,896 - httpx - INFO - HTTP Request: POST http://localhost:55862/heap-written "HTTP/1.1 200 OK"
2026-04-21 23:03:36,898 - httpx - INFO - HTTP Request: POST http://localhost:55862/heap-written "HTTP/1.1 200 OK"
2026-04-21 23:03:36,907 - httpx - INFO - HTTP Request: GET http://localhost:55862/task?agent_id=1ae104b5 "HTTP/1.1 200 OK"
2026-04-21 23:03:36,911 - httpx - INFO - HTTP Request: GET http://localhost:55862/active_pages "HTTP/1.1 200 OK"
2026-04-21 23:03:37,661 - httpx - INFO - HTTP Request: GET http://localhost:55862/task?agent_id=82415672 "HTTP/1.1 200 OK"
2026-04-21 23:03:37,662 - httpx - INFO - HTTP Request: POST http://localhost:55870/heap/append "HTTP/1.1 200 OK"
2026-04-21 23:03:37,663 - httpx - INFO - HTTP Request: POST http://localhost:55986/heap/append "HTTP/1.1 200 OK"
2026-04-21 23:03:37,663 - httpx - INFO - HTTP Request: POST http://localhost:55907/heap/append "HTTP/1.1 200 OK"
2026-04-21 23:03:37,974 - httpx - INFO - HTTP Request: POST http://localhost:55862/heap-written "HTTP/1.1 200 OK"
2026-04-21 23:03:37,978 - httpx - INFO - HTTP Request: POST http://localhost:55862/heap-written "HTTP/1.1 200 OK"
2026-04-21 23:03:37,978 - httpx - INFO - HTTP Request: POST http://localhost:55862/heap-written "HTTP/1.1 200 OK"
2026-04-21 23:03:38,571 - httpx - INFO - HTTP Request: POST http://localhost:55862/mark_pages_merged "HTTP/1.1 200 OK"
2026-04-21 23:03:38,575 - httpx - INFO - HTTP Request: POST http://localhost:55862/allocate_page "HTTP/1.1 200 OK"
2026-04-21 23:03:38,582 - httpx - INFO - HTTP Request: GET http://localhost:55862/task?agent_id=a644674e "HTTP/1.1 200 OK"
2026-04-21 23:03:38,689 - httpx - INFO - HTTP Request: GET http://localhost:55862/task?agent_id=5e90dbec "HTTP/1.1 200 OK"
2026-04-21 23:03:40,837 - httpx - INFO - HTTP Request: POST http://localhost:55907/heap/mark-merged "HTTP/1.1 200 OK"
2026-04-21 23:03:40,854 - httpx - INFO - HTTP Request: GET http://localhost:55866/heap/unmerged "HTTP/1.1 200 OK"
2026-04-21 23:03:40,855 - httpx - INFO - HTTP Request: POST http://localhost:55862/allocate_page "HTTP/1.1 200 OK"
2026-04-21 23:03:40,856 - httpx - INFO - HTTP Request: POST http://localhost:56015/heap/mark-merged "HTTP/1.1 200 OK"
2026-04-21 23:03:40,856 - httpx - INFO - HTTP Request: POST http://localhost:55955/heap/mark-merged "HTTP/1.1 200 OK"
2026-04-21 23:03:40,857 - httpx - INFO - HTTP Request: POST http://localhost:55896/heap/mark-merged "HTTP/1.1 200 OK"
2026-04-21 23:03:40,858 - httpx - INFO - HTTP Request: POST http://localhost:55930/heap/mark-merged "HTTP/1.1 200 OK"
2026-04-21 23:03:40,859 - httpx - INFO - HTTP Request: POST http://localhost:55986/heap/mark-merged "HTTP/1.1 200 OK"
2026-04-21 23:03:40,859 - httpx - INFO - HTTP Request: POST http://localhost:55940/heap/mark-merged "HTTP/1.1 200 OK"
2026-04-21 23:03:40,859 - httpx - INFO - HTTP Request: POST http://localhost:55882/heap/mark-merged "HTTP/1.1 200 OK"
2026-04-21 23:03:40,860 - httpx - INFO - HTTP Request: POST http://localhost:55866/heap/mark-merged "HTTP/1.1 200 OK"
2026-04-21 23:03:40,860 - httpx - INFO - HTTP Request: POST http://localhost:55870/heap/mark-merged "HTTP/1.1 200 OK"
2026-04-21 23:03:40,861 - httpx - INFO - HTTP Request: POST http://localhost:55957/heap/mark-merged "HTTP/1.1 200 OK"
2026-04-21 23:03:40,861 - httpx - INFO - HTTP Request: POST http://localhost:55907/heap/append "HTTP/1.1 200 OK"
2026-04-21 23:03:40,861 - httpx - INFO - HTTP Request: POST http://localhost:56021/heap/mark-merged "HTTP/1.1 200 OK"
2026-04-21 23:03:40,862 - httpx - INFO - HTTP Request: POST http://localhost:55910/heap/mark-merged "HTTP/1.1 200 OK"
2026-04-21 23:03:40,863 - httpx - INFO - HTTP Request: POST http://localhost:55869/heap/mark-merged "HTTP/1.1 200 OK"
2026-04-21 23:03:40,863 - httpx - INFO - HTTP Request: POST http://localhost:55890/heap/mark-merged "HTTP/1.1 200 OK"
2026-04-21 23:03:40,863 - httpx - INFO - HTTP Request: POST http://localhost:56066/heap/mark-merged "HTTP/1.1 200 OK"
2026-04-21 23:03:40,864 - httpx - INFO - HTTP Request: POST http://localhost:56056/heap/mark-merged "HTTP/1.1 200 OK"
2026-04-21 23:03:41,089 - httpx - INFO - HTTP Request: POST http://localhost:29253/execute_merge "HTTP/1.1 200 OK"
2026-04-21 23:03:41,400 - httpx - INFO - HTTP Request: GET http://localhost:55865/heap/unmerged "HTTP/1.1 200 OK"
2026-04-21 23:03:41,526 - httpx - INFO - HTTP Request: POST http://localhost:55862/heap-written "HTTP/1.1 200 OK"
2026-04-21 23:03:41,533 - httpx - INFO - HTTP Request: POST http://localhost:55940/heap/append "HTTP/1.1 200 OK"
2026-04-21 23:03:41,535 - httpx - INFO - HTTP Request: GET http://localhost:55862/task?agent_id=a9f080cc "HTTP/1.1 200 OK"
2026-04-21 23:03:41,639 - httpx - INFO - HTTP Request: GET http://localhost:55869/heap/unmerged "HTTP/1.1 200 OK"
2026-04-21 23:03:41,881 - httpx - INFO - HTTP Request: POST http://localhost:55862/heap-written "HTTP/1.1 200 OK"
2026-04-21 23:03:41,891 - httpx - INFO - HTTP Request: GET http://localhost:55870/heap/unmerged "HTTP/1.1 200 OK"
2026-04-21 23:03:42,028 - httpx - INFO - HTTP Request: POST http://localhost:55862/allocate_page "HTTP/1.1 200 OK"
2026-04-21 23:03:42,035 - httpx - INFO - HTTP Request: GET http://localhost:55882/heap/unmerged "HTTP/1.1 200 OK"
2026-04-21 23:03:42,182 - httpx - INFO - HTTP Request: GET http://localhost:55878/heap/unmerged "HTTP/1.1 200 OK"
2026-04-21 23:03:42,402 - httpx - INFO - HTTP Request: GET http://localhost:55890/heap/unmerged "HTTP/1.1 200 OK"
2026-04-21 23:03:42,515 - httpx - INFO - HTTP Request: POST http://localhost:55940/heap/append "HTTP/1.1 200 OK"
2026-04-21 23:03:42,863 - httpx - INFO - HTTP Request: GET http://localhost:55896/heap/unmerged "HTTP/1.1 200 OK"
2026-04-21 23:03:43,031 - httpx - INFO - HTTP Request: POST http://localhost:55862/heap-written "HTTP/1.1 200 OK"
2026-04-21 23:03:43,052 - httpx - INFO - HTTP Request: GET http://localhost:55862/task?agent_id=01658064 "HTTP/1.1 200 OK"
2026-04-21 23:03:43,056 - httpx - INFO - HTTP Request: GET http://localhost:55907/heap/unmerged "HTTP/1.1 200 OK"
2026-04-21 23:03:43,158 - httpx - INFO - HTTP Request: GET http://localhost:55910/heap/unmerged "HTTP/1.1 200 OK"
2026-04-21 23:03:43,319 - httpx - INFO - HTTP Request: GET http://localhost:55930/heap/unmerged "HTTP/1.1 200 OK"
2026-04-21 23:03:43,429 - httpx - INFO - HTTP Request: GET http://localhost:55940/heap/unmerged "HTTP/1.1 200 OK"
2026-04-21 23:03:43,552 - httpx - INFO - HTTP Request: GET http://localhost:55955/heap/unmerged "HTTP/1.1 200 OK"
2026-04-21 23:03:43,662 - httpx - INFO - HTTP Request: GET http://localhost:55957/heap/unmerged "HTTP/1.1 200 OK"
2026-04-21 23:03:43,767 - httpx - INFO - HTTP Request: GET http://localhost:55982/heap/unmerged "HTTP/1.1 200 OK"
2026-04-21 23:03:43,878 - httpx - INFO - HTTP Request: GET http://localhost:55986/heap/unmerged "HTTP/1.1 200 OK"
2026-04-21 23:03:43,976 - httpx - INFO - HTTP Request: GET http://localhost:56015/heap/unmerged "HTTP/1.1 200 OK"
2026-04-21 23:03:44,079 - httpx - INFO - HTTP Request: GET http://localhost:56021/heap/unmerged "HTTP/1.1 200 OK"
2026-04-21 23:03:44,184 - httpx - INFO - HTTP Request: GET http://localhost:56056/heap/unmerged "HTTP/1.1 200 OK"
2026-04-21 23:03:44,349 - httpx - INFO - HTTP Request: GET http://localhost:56066/heap/unmerged "HTTP/1.1 200 OK"
2026-04-21 23:03:44,472 - httpx - INFO - HTTP Request: GET http://localhost:29253/heap/unmerged "HTTP/1.1 200 OK"
2026-04-21 23:03:45,120 - httpx - INFO - HTTP Request: POST http://localhost:55862/allocate_page "HTTP/1.1 200 OK"
2026-04-21 23:03:45,410 - httpx - INFO - HTTP Request: POST http://localhost:56066/heap/append "HTTP/1.1 200 OK"
2026-04-21 23:03:45,563 - httpx - INFO - HTTP Request: POST http://localhost:55862/heap-written "HTTP/1.1 200 OK"
2026-04-21 23:03:45,679 - httpx - INFO - HTTP Request: POST http://localhost:55862/allocate_page "HTTP/1.1 200 OK"
2026-04-21 23:03:45,989 - httpx - INFO - HTTP Request: POST http://localhost:56066/heap/append "HTTP/1.1 200 OK"
2026-04-21 23:03:46,095 - httpx - INFO - HTTP Request: POST http://localhost:55862/heap-written "HTTP/1.1 200 OK"
2026-04-21 23:03:46,197 - httpx - INFO - HTTP Request: GET http://localhost:55862/task?agent_id=e7bfb79d "HTTP/1.1 200 OK"
2026-04-21 23:03:47,639 - httpx - INFO - HTTP Request: POST http://localhost:55862/allocate_page "HTTP/1.1 200 OK"
2026-04-21 23:03:47,954 - httpx - INFO - HTTP Request: POST http://localhost:55878/heap/append "HTTP/1.1 200 OK"
2026-04-21 23:03:48,461 - httpx - INFO - HTTP Request: POST http://localhost:55862/heap-written "HTTP/1.1 200 OK"
2026-04-21 23:03:48,466 - httpx - INFO - HTTP Request: POST http://localhost:55862/allocate_page "HTTP/1.1 200 OK"
2026-04-21 23:03:48,469 - httpx - INFO - HTTP Request: POST http://localhost:55862/allocate_page "HTTP/1.1 200 OK"
2026-04-21 23:03:49,044 - httpx - INFO - HTTP Request: POST http://localhost:55878/heap/append "HTTP/1.1 200 OK"
2026-04-21 23:03:49,046 - httpx - INFO - HTTP Request: POST http://localhost:55910/heap/append "HTTP/1.1 200 OK"
2026-04-21 23:03:49,465 - httpx - INFO - HTTP Request: POST http://localhost:55862/heap-written "HTTP/1.1 200 OK"
2026-04-21 23:03:49,479 - httpx - INFO - HTTP Request: POST http://localhost:55862/heap-written "HTTP/1.1 200 OK"
2026-04-21 23:03:50,138 - httpx - INFO - HTTP Request: GET http://localhost:55866/heap/unmerged "HTTP/1.1 200 OK"
2026-04-21 23:03:50,485 - httpx - INFO - HTTP Request: GET http://localhost:55862/task?agent_id=ed15a95a "HTTP/1.1 200 OK"
2026-04-21 23:03:50,488 - httpx - INFO - HTTP Request: GET http://localhost:55865/heap/unmerged "HTTP/1.1 200 OK"
2026-04-21 23:03:50,489 - httpx - INFO - HTTP Request: POST http://localhost:55862/allocate_page "HTTP/1.1 200 OK"
2026-04-21 23:03:50,490 - httpx - INFO - HTTP Request: POST http://localhost:55862/allocate_page "HTTP/1.1 200 OK"
2026-04-21 23:03:50,491 - httpx - INFO - HTTP Request: POST http://localhost:55862/allocate_page "HTTP/1.1 200 OK"
2026-04-21 23:03:50,690 - httpx - INFO - HTTP Request: GET http://localhost:55869/heap/unmerged "HTTP/1.1 200 OK"
2026-04-21 23:03:50,798 - httpx - INFO - HTTP Request: POST http://localhost:55862/allocate_page "HTTP/1.1 200 OK"
2026-04-21 23:03:50,800 - httpx - INFO - HTTP Request: GET http://localhost:55870/heap/unmerged "HTTP/1.1 200 OK"
2026-04-21 23:03:50,991 - httpx - INFO - HTTP Request: GET http://localhost:55882/heap/unmerged "HTTP/1.1 200 OK"
2026-04-21 23:03:51,893 - httpx - INFO - HTTP Request: POST http://localhost:55865/heap/append "HTTP/1.1 200 OK"
2026-04-21 23:03:52,036 - httpx - INFO - HTTP Request: GET http://localhost:55878/heap/unmerged "HTTP/1.1 200 OK"
2026-04-21 23:03:52,196 - httpx - INFO - HTTP Request: POST http://localhost:55910/heap/append "HTTP/1.1 200 OK"
2026-04-21 23:03:52,454 - httpx - INFO - HTTP Request: POST http://localhost:55862/allocate_page "HTTP/1.1 200 OK"
2026-04-21 23:03:52,465 - httpx - INFO - HTTP Request: POST http://localhost:55955/heap/append "HTTP/1.1 200 OK"
2026-04-21 23:03:52,466 - httpx - INFO - HTTP Request: POST http://localhost:55866/heap/append "HTTP/1.1 200 OK"
2026-04-21 23:03:53,141 - httpx - INFO - HTTP Request: POST http://localhost:55862/heap-written "HTTP/1.1 200 OK"
2026-04-21 23:03:53,144 - httpx - INFO - HTTP Request: GET http://localhost:55890/heap/unmerged "HTTP/1.1 200 OK"
2026-04-21 23:03:53,258 - httpx - INFO - HTTP Request: POST http://localhost:55862/heap-written "HTTP/1.1 200 OK"
2026-04-21 23:03:53,259 - httpx - INFO - HTTP Request: POST http://localhost:55862/allocate_page "HTTP/1.1 200 OK"
2026-04-21 23:03:53,282 - httpx - INFO - HTTP Request: GET http://localhost:55862/task?agent_id=f415bc94 "HTTP/1.1 200 OK"
2026-04-21 23:03:53,294 - httpx - INFO - HTTP Request: POST http://localhost:55862/heap-written "HTTP/1.1 200 OK"
2026-04-21 23:03:53,298 - httpx - INFO - HTTP Request: POST http://localhost:55862/heap-written "HTTP/1.1 200 OK"
2026-04-21 23:03:53,331 - httpx - INFO - HTTP Request: POST http://localhost:55862/allocate_page "HTTP/1.1 200 OK"
2026-04-21 23:03:53,333 - httpx - INFO - HTTP Request: POST http://localhost:55862/allocate_page "HTTP/1.1 200 OK"
2026-04-21 23:03:53,333 - httpx - INFO - HTTP Request: POST http://localhost:56015/heap/append "HTTP/1.1 200 OK"
2026-04-21 23:03:53,368 - httpx - INFO - HTTP Request: GET http://localhost:55896/heap/unmerged "HTTP/1.1 200 OK"
2026-04-21 23:03:53,837 - httpx - INFO - HTTP Request: POST http://localhost:55862/heap-written "HTTP/1.1 200 OK"
2026-04-21 23:03:53,842 - httpx - INFO - HTTP Request: POST http://localhost:55865/heap/append "HTTP/1.1 200 OK"
2026-04-21 23:03:53,844 - httpx - INFO - HTTP Request: GET http://localhost:55907/heap/unmerged "HTTP/1.1 200 OK"
2026-04-21 23:03:54,766 - httpx - INFO - HTTP Request: POST http://localhost:55862/heap-written "HTTP/1.1 200 OK"
2026-04-21 23:03:54,768 - httpx - INFO - HTTP Request: GET http://localhost:55910/heap/unmerged "HTTP/1.1 200 OK"
2026-04-21 23:03:54,885 - httpx - INFO - HTTP Request: POST http://localhost:55862/allocate_page "HTTP/1.1 200 OK"
2026-04-21 23:03:54,886 - httpx - INFO - HTTP Request: POST http://localhost:55862/allocate_page "HTTP/1.1 200 OK"
2026-04-21 23:03:54,887 - httpx - INFO - HTTP Request: POST http://localhost:55866/heap/append "HTTP/1.1 200 OK"
2026-04-21 23:03:54,888 - httpx - INFO - HTTP Request: POST http://localhost:55955/heap/append "HTTP/1.1 200 OK"
2026-04-21 23:03:54,898 - httpx - INFO - HTTP Request: GET http://localhost:55862/task?agent_id=27f408a7 "HTTP/1.1 200 OK"
2026-04-21 23:03:55,134 - httpx - INFO - HTTP Request: POST http://localhost:55862/heap-written "HTTP/1.1 200 OK"
2026-04-21 23:03:55,137 - httpx - INFO - HTTP Request: POST http://localhost:55862/heap-written "HTTP/1.1 200 OK"
2026-04-21 23:03:55,141 - httpx - INFO - HTTP Request: GET http://localhost:55930/heap/unmerged "HTTP/1.1 200 OK"
2026-04-21 23:03:56,054 - httpx - INFO - HTTP Request: POST http://localhost:55862/allocate_page "HTTP/1.1 200 OK"
2026-04-21 23:03:56,061 - httpx - INFO - HTTP Request: GET http://localhost:55940/heap/unmerged "HTTP/1.1 200 OK"
2026-04-21 23:03:56,063 - httpx - INFO - HTTP Request: POST http://localhost:56056/heap/append "HTTP/1.1 200 OK"
2026-04-21 23:03:56,065 - httpx - INFO - HTTP Request: POST http://localhost:56015/heap/append "HTTP/1.1 200 OK"
2026-04-21 23:03:56,174 - httpx - INFO - HTTP Request: GET http://localhost:55862/task?agent_id=d3ce66a2 "HTTP/1.1 200 OK"
2026-04-21 23:03:56,174 - httpx - INFO - HTTP Request: GET http://localhost:55862/task?agent_id=3c9c549e "HTTP/1.1 200 OK"
2026-04-21 23:03:56,649 - httpx - INFO - HTTP Request: POST http://localhost:55862/heap-written "HTTP/1.1 200 OK"
2026-04-21 23:03:56,651 - httpx - INFO - HTTP Request: POST http://localhost:55862/heap-written "HTTP/1.1 200 OK"
2026-04-21 23:03:56,656 - httpx - INFO - HTTP Request: GET http://localhost:55955/heap/unmerged "HTTP/1.1 200 OK"
2026-04-21 23:03:56,660 - httpx - INFO - HTTP Request: POST http://localhost:55957/heap/append "HTTP/1.1 200 OK"
2026-04-21 23:03:56,865 - httpx - INFO - HTTP Request: POST http://localhost:55862/allocate_page "HTTP/1.1 200 OK"
2026-04-21 23:03:57,528 - httpx - INFO - HTTP Request: GET http://localhost:55957/heap/unmerged "HTTP/1.1 200 OK"
2026-04-21 23:03:57,644 - httpx - INFO - HTTP Request: POST http://localhost:55862/heap-written "HTTP/1.1 200 OK"
2026-04-21 23:03:57,645 - httpx - INFO - HTTP Request: GET http://localhost:55862/task?agent_id=9a3eae56 "HTTP/1.1 200 OK"
2026-04-21 23:03:57,763 - httpx - INFO - HTTP Request: POST http://localhost:55862/allocate_page "HTTP/1.1 200 OK"
2026-04-21 23:03:57,769 - httpx - INFO - HTTP Request: POST http://localhost:55862/allocate_page "HTTP/1.1 200 OK"
2026-04-21 23:03:57,877 - httpx - INFO - HTTP Request: POST http://localhost:55890/heap/append "HTTP/1.1 200 OK"
2026-04-21 23:03:58,090 - httpx - INFO - HTTP Request: GET http://localhost:55982/heap/unmerged "HTTP/1.1 200 OK"
2026-04-21 23:03:58,619 - httpx - INFO - HTTP Request: POST http://localhost:55862/allocate_page "HTTP/1.1 200 OK"
2026-04-21 23:03:58,624 - httpx - INFO - HTTP Request: POST http://localhost:55862/allocate_page "HTTP/1.1 200 OK"
2026-04-21 23:03:58,689 - httpx - INFO - HTTP Request: POST http://localhost:55862/heap-written "HTTP/1.1 200 OK"
2026-04-21 23:03:58,690 - httpx - INFO - HTTP Request: POST http://localhost:55957/heap/append "HTTP/1.1 200 OK"
2026-04-21 23:03:58,818 - httpx - INFO - HTTP Request: GET http://localhost:55986/heap/unmerged "HTTP/1.1 200 OK"
2026-04-21 23:03:58,819 - httpx - INFO - HTTP Request: POST http://localhost:55862/allocate_page "HTTP/1.1 200 OK"
2026-04-21 23:03:58,820 - httpx - INFO - HTTP Request: POST http://localhost:55862/allocate_page "HTTP/1.1 200 OK"
2026-04-21 23:03:58,820 - httpx - INFO - HTTP Request: POST http://localhost:56056/heap/append "HTTP/1.1 200 OK"
[BFF] 获取Agent 1ae104b5 堆段: 2 条
[BFF] 获取Agent a9f080cc 堆段: 4 条
[BFF] 获取Agent f415bc94 堆段: 2 条
[BFF] all-unmerged 请求正在进行，等待完成...
[BFF] 获取Agent 82415672 堆段: 2 条
[BFF] 获取Agent 01658064 堆段: 4 条
[BFF] 获取Agent d3ce66a2 堆段: 2 条
[BFF] all-unmerged 请求正在进行，等待完成...
[BFF] 获取Agent f62b7569 堆段: 2 条
[BFF] 获取Agent c1645623 堆段: 0 条
[BFF] 读取PublicMemory (物理路径): /mnt/d/collections2026/phd_application/nanobot1/milestone2/data/public_memory/public_memory.jsonl, top_k=2
[BFF] 读取PublicMemory完成: 0 条记录
[BFF] all-unmerged 请求正在进行，等待完成...
[BFF] all-unmerged 请求正在进行，等待完成...
[BFF] 获取Agent 5e90dbec 堆段: 2 条
[BFF] 获取Agent 9a3eae56 堆段: 2 条
[BFF] 获取Agent 10944fd8 堆段: 2 条
[BFF] 获取Agent 3e8335de 堆段: 2 条
[BFF] all-unmerged 请求正在进行，等待完成...
[BFF] all-unmerged 请求正在进行，等待完成...
[BFF] all-unmerged 请求正在进行，等待完成...
[BFF] 获取Agent e7bfb79d 堆段: 2 条
[BFF] all-unmerged 获取完成: 32 条
[BFF] 创建Consolidator容器...
[BFF] 读取PublicMemory (物理路径): /mnt/d/collections2026/phd_application/nanobot1/milestone2/data/public_memory/public_memory.jsonl, top_k=2
[BFF] 读取PublicMemory完成: 0 条记录
[BFF] 读取PublicMemory (物理路径): /mnt/d/collections2026/phd_application/nanobot1/milestone2/data/public_memory/public_memory.jsonl, top_k=2
[BFF] 读取PublicMemory完成: 0 条记录
[BFF] 读取PublicMemory (物理路径): /mnt/d/collections2026/phd_application/nanobot1/milestone2/data/public_memory/public_memory.jsonl, top_k=2
[BFF] 读取PublicMemory完成: 0 条记录
[BFF] 读取PublicMemory (物理路径): /mnt/d/collections2026/phd_application/nanobot1/milestone2/data/public_memory/public_memory.jsonl, top_k=2
[BFF] 读取PublicMemory完成: 0 条记录
[Orchestrator] Container consolidator_0819d4df is ready
[Orchestrator] Created container consolidator_0819d4df
[BFF] Consolidator容器已创建: 0819d4df
[BFF] Consolidator容器已创建: 0819d4df
[BFF] Consolidator容器已创建: 0819d4df
[BFF] 转发合并请求到Consolidator: http://localhost:29253/execute_merge
[BFF] 读取PublicMemory (物理路径): /mnt/d/collections2026/phd_application/nanobot1/milestone2/data/public_memory/public_memory.jsonl, top_k=2
[BFF] 读取PublicMemory完成: 0 条记录
[BFF] 读取PublicMemory (物理路径): /mnt/d/collections2026/phd_application/nanobot1/milestone2/data/public_memory/public_memory.jsonl, top_k=10000
[BFF] 读取PublicMemory完成: 0 条记录
[BFF] 读取PublicMemory (物理路径): /mnt/d/collections2026/phd_application/nanobot1/milestone2/data/public_memory/public_memory.jsonl, top_k=2
[BFF] 读取PublicMemory完成: 0 条记录
[BFF] 读取PublicMemory (物理路径): /mnt/d/collections2026/phd_application/nanobot1/milestone2/data/public_memory/public_memory.jsonl, top_k=2
[BFF] 读取PublicMemory完成: 0 条记录
[BFF] 写入PublicMemory (物理路径): /mnt/d/collections2026/phd_application/nanobot1/milestone2/data/public_memory/public_memory.jsonl
[BFF] 原子替换PublicMemory: 53 条记录 -> /mnt/d/collections2026/phd_application/nanobot1/milestone2/data/public_memory/public_memory.jsonl
[BFF] 读取PublicMemory (物理路径): /mnt/d/collections2026/phd_application/nanobot1/milestone2/data/public_memory/public_memory.jsonl, top_k=2
[BFF] 读取PublicMemory完成: 53 条记录
[BFF] 读取PublicMemory (物理路径): /mnt/d/collections2026/phd_application/nanobot1/milestone2/data/public_memory/public_memory.jsonl, top_k=2
[BFF] 读取PublicMemory完成: 53 条记录
[BFF] 读取PublicMemory (物理路径): /mnt/d/collections2026/phd_application/nanobot1/milestone2/data/public_memory/public_memory.jsonl, top_k=2
[BFF] 读取PublicMemory完成: 53 条记录
[BFF] 获取Agent 3c9c549e 堆段: 4 条
[BFF] Consolidator合并完成: {'status': 'ok', 'original_count': 53, 'deduped_count': 53, 'removed_count': 0, 'pages_marked': 53, 'source': 'km_page_table'}
[BFF] all-unmerged 请求正在进行，等待完成...
[BFF] 获取Agent 27f408a7 堆段: 0 条
[BFF] 获取Agent fac495b1 堆段: 0 条
[BFF] 读取PublicMemory (物理路径): /mnt/d/collections2026/phd_application/nanobot1/milestone2/data/public_memory/public_memory.jsonl, top_k=2
[BFF] 读取PublicMemory完成: 53 条记录
[BFF] 获取Agent a644674e 堆段: 0 条
[BFF] 获取Agent 8e7d85d0 堆段: 0 条
[BFF] 获取Agent ed15a95a 堆段: 0 条
[BFF] 获取Agent a01ebd78 堆段: 0 条
[BFF] 获取Agent 1ae104b5 堆段: 0 条
[BFF] 获取Agent a9f080cc 堆段: 1 条
[BFF] 读取PublicMemory (物理路径): /mnt/d/collections2026/phd_application/nanobot1/milestone2/data/public_memory/public_memory.jsonl, top_k=2
[BFF] 读取PublicMemory完成: 53 条记录
[BFF] 获取Agent f415bc94 堆段: 0 条
[BFF] 获取Agent 82415672 堆段: 0 条
[BFF] 获取Agent 01658064 堆段: 2 条
[BFF] 获取Agent d3ce66a2 堆段: 0 条
[BFF] 获取Agent f62b7569 堆段: 0 条
[BFF] 获取Agent c1645623 堆段: 0 条
[BFF] 获取Agent 5e90dbec 堆段: 0 条
[BFF] 获取Agent 9a3eae56 堆段: 0 条
[BFF] 获取Agent 10944fd8 堆段: 0 条
[BFF] 获取Agent 3e8335de 堆段: 0 条
[BFF] 获取Agent e7bfb79d 堆段: 0 条
[BFF] 获取Agent 0819d4df 堆段: 0 条
[BFF] all-unmerged 获取完成: 7 条
[BFF] 读取PublicMemory (物理路径): /mnt/d/collections2026/phd_application/nanobot1/milestone2/data/public_memory/public_memory.jsonl, top_k=2
[BFF] 读取PublicMemory完成: 53 条记录
[BFF] all-unmerged 命中缓存: 7 条 (缓存剩余 1.0s)
[BFF] all-unmerged 请求正在进行，等待完成...
[BFF] 获取Agent 3c9c549e 堆段: 0 条
[BFF] 获取Agent 27f408a7 堆段: 0 条
[BFF] 获取Agent fac495b1 堆段: 0 条
[BFF] 获取Agent a644674e 堆段: 0 条
[BFF] 获取Agent 8e7d85d0 堆段: 0 条
[BFF] 读取PublicMemory (物理路径): /mnt/d/collections2026/phd_application/nanobot1/milestone2/data/public_memory/public_memory.jsonl, top_k=2
[BFF] 读取PublicMemory完成: 53 条记录
[BFF] 获取Agent ed15a95a 堆段: 2 条
[BFF] 获取Agent a01ebd78 堆段: 0 条
[BFF] all-unmerged 请求正在进行，等待完成...
[BFF] all-unmerged 请求正在进行，等待完成...
[BFF] all-unmerged 请求正在进行，等待完成...
[BFF] all-unmerged 请求正在进行，等待完成...
[BFF] 获取Agent 1ae104b5 堆段: 0 条
[BFF] 获取Agent a9f080cc 堆段: 1 条
[BFF] all-unmerged 请求正在进行，等待完成...
[BFF] 读取PublicMemory (物理路径): /mnt/d/collections2026/phd_application/nanobot1/milestone2/data/public_memory/public_memory.jsonl, top_k=2
[BFF] 读取PublicMemory完成: 53 条记录
[BFF] 获取Agent f415bc94 堆段: 2 条
[BFF] all-unmerged 请求正在进行，等待完成...
[BFF] 获取Agent 82415672 堆段: 0 条
[BFF] all-unmerged 请求正在进行，等待完成...
[BFF] all-unmerged 请求正在进行，等待完成...
[BFF] 读取PublicMemory (物理路径): /mnt/d/collections2026/phd_application/nanobot1/milestone2/data/public_memory/public_memory.jsonl, top_k=2
[BFF] 读取PublicMemory完成: 53 条记录
[BFF] 获取Agent 01658064 堆段: 2 条
[BFF] 获取Agent d3ce66a2 堆段: 2 条
[BFF] all-unmerged 请求正在进行，等待完成...
[BFF] all-unmerged 请求正在进行，等待完成...
[BFF] 读取PublicMemory (物理路径): /mnt/d/collections2026/phd_application/nanobot1/milestone2/data/public_memory/public_memory.jsonl, top_k=2
[BFF] 读取PublicMemory完成: 53 条记录
[BFF] 读取PublicMemory (物理路径): /mnt/d/collections2026/phd_application/nanobot1/milestone2/data/public_memory/public_memory.jsonl, top_k=2
[BFF] 读取PublicMemory完成: 53 条记录
[BFF] 获取Agent f62b7569 堆段: 1 条
[BFF] all-unmerged 请求正在进行，等待完成...
[BFF] 获取Agent c1645623 堆段: 0 条
[BFF] 读取PublicMemory (物理路径): /mnt/d/collections2026/phd_application/nanobot1/milestone2/data/public_memory/public_memory.jsonl, top_k=2
[BFF] 读取PublicMemory完成: 53 条记录
[BFF] all-unmerged 请求正在进行，等待完成...
2026-04-21 23:03:59,833 - httpx - INFO - HTTP Request: POST http://localhost:55862/heap-written "HTTP/1.1 200 OK"
2026-04-21 23:03:59,838 - httpx - INFO - HTTP Request: POST http://localhost:55862/heap-written "HTTP/1.1 200 OK"
2026-04-21 23:03:59,839 - httpx - INFO - HTTP Request: GET http://localhost:56015/heap/unmerged "HTTP/1.1 200 OK"
2026-04-21 23:03:59,841 - httpx - INFO - HTTP Request: POST http://localhost:55982/heap/append "HTTP/1.1 200 OK"
2026-04-21 23:03:59,956 - httpx - INFO - HTTP Request: GET http://localhost:55862/task?agent_id=f62b7569 "HTTP/1.1 200 OK"
2026-04-21 23:03:59,958 - httpx - INFO - HTTP Request: GET http://localhost:55862/task?agent_id=3e8335de "HTTP/1.1 200 OK"
2026-04-21 23:03:59,959 - httpx - INFO - HTTP Request: POST http://localhost:55890/heap/append "HTTP/1.1 200 OK"
2026-04-21 23:03:59,960 - httpx - INFO - HTTP Request: POST http://localhost:55930/heap/append "HTTP/1.1 200 OK"
2026-04-21 23:03:59,965 - httpx - INFO - HTTP Request: POST http://localhost:55882/heap/append "HTTP/1.1 200 OK"
2026-04-21 23:04:00,582 - httpx - INFO - HTTP Request: GET http://localhost:56021/heap/unmerged "HTTP/1.1 200 OK"
2026-04-21 23:04:00,982 - httpx - INFO - HTTP Request: POST http://localhost:55862/heap-written "HTTP/1.1 200 OK"
2026-04-21 23:04:01,104 - httpx - INFO - HTTP Request: POST http://localhost:55862/heap-written "HTTP/1.1 200 OK"
2026-04-21 23:04:01,105 - httpx - INFO - HTTP Request: POST http://localhost:55862/heap-written "HTTP/1.1 200 OK"
2026-04-21 23:04:01,112 - httpx - INFO - HTTP Request: POST http://localhost:55862/heap-written "HTTP/1.1 200 OK"
2026-04-21 23:04:01,119 - httpx - INFO - HTTP Request: POST http://localhost:55862/allocate_page "HTTP/1.1 200 OK"
2026-04-21 23:04:01,124 - httpx - INFO - HTTP Request: GET http://localhost:55862/task?agent_id=a01ebd78 "HTTP/1.1 200 OK"
2026-04-21 23:04:01,127 - httpx - INFO - HTTP Request: POST http://localhost:55862/allocate_page "HTTP/1.1 200 OK"
2026-04-21 23:04:01,127 - httpx - INFO - HTTP Request: POST http://localhost:55862/allocate_page "HTTP/1.1 200 OK"
2026-04-21 23:04:01,132 - httpx - INFO - HTTP Request: GET http://localhost:56056/heap/unmerged "HTTP/1.1 200 OK"
2026-04-21 23:04:01,219 - httpx - INFO - HTTP Request: POST http://localhost:55862/allocate_page "HTTP/1.1 200 OK"
2026-04-21 23:04:01,305 - httpx - INFO - HTTP Request: POST http://localhost:55982/heap/append "HTTP/1.1 200 OK"
2026-04-21 23:04:01,308 - httpx - INFO - HTTP Request: GET http://localhost:56066/heap/unmerged "HTTP/1.1 200 OK"
2026-04-21 23:04:01,868 - httpx - INFO - HTTP Request: GET http://localhost:29253/heap/unmerged "HTTP/1.1 200 OK"
2026-04-21 23:04:01,873 - httpx - INFO - HTTP Request: GET http://localhost:55862/task?agent_id=c1645623 "HTTP/1.1 200 OK"
2026-04-21 23:04:01,874 - httpx - INFO - HTTP Request: POST http://localhost:55862/heap-written "HTTP/1.1 200 OK"
2026-04-21 23:04:01,884 - httpx - INFO - HTTP Request: POST http://localhost:55882/heap/append "HTTP/1.1 200 OK"
2026-04-21 23:04:01,891 - httpx - INFO - HTTP Request: POST http://localhost:55930/heap/append "HTTP/1.1 200 OK"
2026-04-21 23:04:01,892 - httpx - INFO - HTTP Request: POST http://localhost:55907/heap/append "HTTP/1.1 200 OK"
2026-04-21 23:04:02,277 - httpx - INFO - HTTP Request: POST http://localhost:55862/heap-written "HTTP/1.1 200 OK"
2026-04-21 23:04:02,282 - httpx - INFO - HTTP Request: POST http://localhost:55862/heap-written "HTTP/1.1 200 OK"
2026-04-21 23:04:02,284 - httpx - INFO - HTTP Request: POST http://localhost:55862/heap-written "HTTP/1.1 200 OK"
2026-04-21 23:04:03,003 - httpx - INFO - HTTP Request: GET http://localhost:55862/task?agent_id=8e7d85d0 "HTTP/1.1 200 OK"
2026-04-21 23:04:03,008 - httpx - INFO - HTTP Request: GET http://localhost:55862/task?agent_id=82415672 "HTTP/1.1 200 OK"
2026-04-21 23:04:03,018 - httpx - INFO - HTTP Request: POST http://localhost:55862/allocate_page "HTTP/1.1 200 OK"
2026-04-21 23:04:03,019 - httpx - INFO - HTTP Request: POST http://localhost:55862/allocate_page "HTTP/1.1 200 OK"
2026-04-21 23:04:03,019 - httpx - INFO - HTTP Request: POST http://localhost:55862/allocate_page "HTTP/1.1 200 OK"
2026-04-21 23:04:03,026 - httpx - INFO - HTTP Request: POST http://localhost:55862/allocate_page "HTTP/1.1 200 OK"
2026-04-21 23:04:03,737 - httpx - INFO - HTTP Request: POST http://localhost:55907/heap/append "HTTP/1.1 200 OK"
2026-04-21 23:04:03,836 - httpx - INFO - HTTP Request: POST http://localhost:55896/heap/append "HTTP/1.1 200 OK"
2026-04-21 23:04:03,836 - httpx - INFO - HTTP Request: POST http://localhost:55869/heap/append "HTTP/1.1 200 OK"
2026-04-21 23:04:03,837 - httpx - INFO - HTTP Request: POST http://localhost:55940/heap/append "HTTP/1.1 200 OK"
2026-04-21 23:04:04,729 - httpx - INFO - HTTP Request: POST http://localhost:55862/heap-written "HTTP/1.1 200 OK"
2026-04-21 23:04:04,743 - httpx - INFO - HTTP Request: POST http://localhost:55862/heap-written "HTTP/1.1 200 OK"
2026-04-21 23:04:04,745 - httpx - INFO - HTTP Request: POST http://localhost:55862/heap-written "HTTP/1.1 200 OK"
2026-04-21 23:04:04,745 - httpx - INFO - HTTP Request: POST http://localhost:55862/heap-written "HTTP/1.1 200 OK"
2026-04-21 23:04:04,746 - httpx - INFO - HTTP Request: GET http://localhost:55862/task?agent_id=a9f080cc "HTTP/1.1 200 OK"
2026-04-21 23:04:04,758 - httpx - INFO - HTTP Request: POST http://localhost:55862/allocate_page "HTTP/1.1 200 OK"
2026-04-21 23:04:04,759 - httpx - INFO - HTTP Request: POST http://localhost:55862/allocate_page "HTTP/1.1 200 OK"
2026-04-21 23:04:04,760 - httpx - INFO - HTTP Request: POST http://localhost:55862/allocate_page "HTTP/1.1 200 OK"
2026-04-21 23:04:05,472 - httpx - INFO - HTTP Request: POST http://localhost:55896/heap/append "HTTP/1.1 200 OK"
2026-04-21 23:04:05,475 - httpx - INFO - HTTP Request: POST http://localhost:55940/heap/append "HTTP/1.1 200 OK"
2026-04-21 23:04:05,476 - httpx - INFO - HTTP Request: POST http://localhost:55869/heap/append "HTTP/1.1 200 OK"
2026-04-21 23:04:06,118 - httpx - INFO - HTTP Request: POST http://localhost:55862/heap-written "HTTP/1.1 200 OK"
2026-04-21 23:04:06,133 - httpx - INFO - HTTP Request: POST http://localhost:55862/heap-written "HTTP/1.1 200 OK"
2026-04-21 23:04:06,139 - httpx - INFO - HTTP Request: POST http://localhost:55862/heap-written "HTTP/1.1 200 OK"
2026-04-21 23:04:06,156 - httpx - INFO - HTTP Request: GET http://localhost:55862/task?agent_id=1ae104b5 "HTTP/1.1 200 OK"
2026-04-21 23:04:06,180 - httpx - INFO - HTTP Request: GET http://localhost:55862/task?agent_id=01658064 "HTTP/1.1 200 OK"
2026-04-21 23:04:06,182 - httpx - INFO - HTTP Request: GET http://localhost:55862/task?agent_id=fac495b1 "HTTP/1.1 200 OK"
2026-04-21 23:04:10,014 - httpx - INFO - HTTP Request: POST http://localhost:55862/allocate_page "HTTP/1.1 200 OK"
2026-04-21 23:04:10,016 - httpx - INFO - HTTP Request: POST http://localhost:55862/allocate_page "HTTP/1.1 200 OK"
2026-04-21 23:04:10,323 - httpx - INFO - HTTP Request: POST http://localhost:55878/heap/append "HTTP/1.1 200 OK"
2026-04-21 23:04:10,323 - httpx - INFO - HTTP Request: POST http://localhost:56066/heap/append "HTTP/1.1 200 OK"
2026-04-21 23:04:10,799 - httpx - INFO - HTTP Request: POST http://localhost:55862/heap-written "HTTP/1.1 200 OK"
2026-04-21 23:04:10,802 - httpx - INFO - HTTP Request: POST http://localhost:55862/heap-written "HTTP/1.1 200 OK"
2026-04-21 23:04:10,804 - httpx - INFO - HTTP Request: POST http://localhost:55862/allocate_page "HTTP/1.1 200 OK"
2026-04-21 23:04:10,805 - httpx - INFO - HTTP Request: POST http://localhost:55862/allocate_page "HTTP/1.1 200 OK"
2026-04-21 23:04:10,915 - httpx - INFO - HTTP Request: GET http://localhost:55866/heap/unmerged "HTTP/1.1 200 OK"
2026-04-21 23:04:11,238 - httpx - INFO - HTTP Request: GET http://localhost:55865/heap/unmerged "HTTP/1.1 200 OK"
2026-04-21 23:04:11,346 - httpx - INFO - HTTP Request: POST http://localhost:56066/heap/append "HTTP/1.1 200 OK"
2026-04-21 23:04:11,347 - httpx - INFO - HTTP Request: POST http://localhost:55878/heap/append "HTTP/1.1 200 OK"
2026-04-21 23:04:11,818 - httpx - INFO - HTTP Request: POST http://localhost:55862/heap-written "HTTP/1.1 200 OK"
2026-04-21 23:04:11,819 - httpx - INFO - HTTP Request: GET http://localhost:55869/heap/unmerged "HTTP/1.1 200 OK"
2026-04-21 23:04:11,821 - httpx - INFO - HTTP Request: POST http://localhost:55862/heap-written "HTTP/1.1 200 OK"
2026-04-21 23:04:11,951 - httpx - INFO - HTTP Request: GET http://localhost:55862/task?agent_id=e7bfb79d "HTTP/1.1 200 OK"
2026-04-21 23:04:11,954 - httpx - INFO - HTTP Request: GET http://localhost:55862/task?agent_id=ed15a95a "HTTP/1.1 200 OK"
2026-04-21 23:04:11,967 - httpx - INFO - HTTP Request: GET http://localhost:55870/heap/unmerged "HTTP/1.1 200 OK"
2026-04-21 23:04:12,163 - httpx - INFO - HTTP Request: GET http://localhost:55882/heap/unmerged "HTTP/1.1 200 OK"
2026-04-21 23:04:12,290 - httpx - INFO - HTTP Request: GET http://localhost:55878/heap/unmerged "HTTP/1.1 200 OK"
2026-04-21 23:04:12,404 - httpx - INFO - HTTP Request: GET http://localhost:55890/heap/unmerged "HTTP/1.1 200 OK"
2026-04-21 23:04:12,518 - httpx - INFO - HTTP Request: GET http://localhost:55896/heap/unmerged "HTTP/1.1 200 OK"
2026-04-21 23:04:12,650 - httpx - INFO - HTTP Request: GET http://localhost:55907/heap/unmerged "HTTP/1.1 200 OK"
2026-04-21 23:04:12,760 - httpx - INFO - HTTP Request: GET http://localhost:55910/heap/unmerged "HTTP/1.1 200 OK"
2026-04-21 23:04:12,851 - httpx - INFO - HTTP Request: GET http://localhost:55930/heap/unmerged "HTTP/1.1 200 OK"
2026-04-21 23:04:12,946 - httpx - INFO - HTTP Request: GET http://localhost:55940/heap/unmerged "HTTP/1.1 200 OK"
2026-04-21 23:04:13,052 - httpx - INFO - HTTP Request: GET http://localhost:55955/heap/unmerged "HTTP/1.1 200 OK"
2026-04-21 23:04:13,315 - httpx - INFO - HTTP Request: GET http://localhost:55957/heap/unmerged "HTTP/1.1 200 OK"
2026-04-21 23:04:13,438 - httpx - INFO - HTTP Request: GET http://localhost:55982/heap/unmerged "HTTP/1.1 200 OK"
2026-04-21 23:04:13,536 - httpx - INFO - HTTP Request: GET http://localhost:55986/heap/unmerged "HTTP/1.1 200 OK"
2026-04-21 23:04:13,655 - httpx - INFO - HTTP Request: GET http://localhost:56015/heap/unmerged "HTTP/1.1 200 OK"
2026-04-21 23:04:13,757 - httpx - INFO - HTTP Request: GET http://localhost:56021/heap/unmerged "HTTP/1.1 200 OK"
2026-04-21 23:04:13,916 - httpx - INFO - HTTP Request: GET http://localhost:56056/heap/unmerged "HTTP/1.1 200 OK"
2026-04-21 23:04:14,043 - httpx - INFO - HTTP Request: GET http://localhost:56066/heap/unmerged "HTTP/1.1 200 OK"
2026-04-21 23:04:14,159 - httpx - INFO - HTTP Request: GET http://localhost:29253/heap/unmerged "HTTP/1.1 200 OK"
2026-04-21 23:04:14,635 - httpx - INFO - HTTP Request: GET http://localhost:55862/active_pages "HTTP/1.1 200 OK"
2026-04-21 23:04:14,639 - httpx - INFO - HTTP Request: POST http://localhost:55862/allocate_page "HTTP/1.1 200 OK"
2026-04-21 23:04:14,640 - httpx - INFO - HTTP Request: POST http://localhost:55862/allocate_page "HTTP/1.1 200 OK"
2026-04-21 23:04:15,672 - httpx - INFO - HTTP Request: POST http://localhost:55862/allocate_page "HTTP/1.1 200 OK"
2026-04-21 23:04:15,675 - httpx - INFO - HTTP Request: POST http://localhost:55862/allocate_page "HTTP/1.1 200 OK"
2026-04-21 23:04:15,676 - httpx - INFO - HTTP Request: POST http://localhost:55986/heap/append "HTTP/1.1 200 OK"
2026-04-21 23:04:15,677 - httpx - INFO - HTTP Request: POST http://localhost:55870/heap/append "HTTP/1.1 200 OK"
2026-04-21 23:04:15,848 - httpx - INFO - HTTP Request: POST http://localhost:55862/mark_pages_merged "HTTP/1.1 200 OK"
2026-04-21 23:04:18,526 - httpx - INFO - HTTP Request: POST http://localhost:55862/heap-written "HTTP/1.1 200 OK"
2026-04-21 23:04:18,585 - httpx - INFO - HTTP Request: POST http://localhost:55862/heap-written "HTTP/1.1 200 OK"
2026-04-21 23:04:18,638 - httpx - INFO - HTTP Request: POST http://localhost:55910/heap/append "HTTP/1.1 200 OK"
2026-04-21 23:04:18,940 - httpx - INFO - HTTP Request: POST http://localhost:55907/heap/mark-merged "HTTP/1.1 200 OK"
2026-04-21 23:04:18,944 - httpx - INFO - HTTP Request: POST http://localhost:56021/heap/append "HTTP/1.1 200 OK"
2026-04-21 23:04:18,950 - httpx - INFO - HTTP Request: POST http://localhost:56066/heap/mark-merged "HTTP/1.1 200 OK"
2026-04-21 23:04:18,951 - httpx - INFO - HTTP Request: POST http://localhost:55940/heap/mark-merged "HTTP/1.1 200 OK"
2026-04-21 23:04:18,951 - httpx - INFO - HTTP Request: POST http://localhost:55865/heap/mark-merged "HTTP/1.1 200 OK"
2026-04-21 23:04:18,952 - httpx - INFO - HTTP Request: POST http://localhost:55957/heap/mark-merged "HTTP/1.1 200 OK"
2026-04-21 23:04:18,952 - httpx - INFO - HTTP Request: POST http://localhost:56056/heap/mark-merged "HTTP/1.1 200 OK"
2026-04-21 23:04:18,953 - httpx - INFO - HTTP Request: POST http://localhost:55982/heap/mark-merged "HTTP/1.1 200 OK"
2026-04-21 23:04:18,955 - httpx - INFO - HTTP Request: POST http://localhost:55869/heap/mark-merged "HTTP/1.1 200 OK"
2026-04-21 23:04:18,955 - httpx - INFO - HTTP Request: POST http://localhost:55910/heap/mark-merged "HTTP/1.1 200 OK"
2026-04-21 23:04:18,956 - httpx - INFO - HTTP Request: POST http://localhost:55890/heap/mark-merged "HTTP/1.1 200 OK"
2026-04-21 23:04:18,957 - httpx - INFO - HTTP Request: POST http://localhost:55930/heap/mark-merged "HTTP/1.1 200 OK"
2026-04-21 23:04:18,958 - httpx - INFO - HTTP Request: POST http://localhost:55878/heap/mark-merged "HTTP/1.1 200 OK"
2026-04-21 23:04:18,958 - httpx - INFO - HTTP Request: POST http://localhost:55896/heap/mark-merged "HTTP/1.1 200 OK"
2026-04-21 23:04:18,959 - httpx - INFO - HTTP Request: POST http://localhost:56015/heap/mark-merged "HTTP/1.1 200 OK"
2026-04-21 23:04:18,960 - httpx - INFO - HTTP Request: POST http://localhost:55955/heap/mark-merged "HTTP/1.1 200 OK"
2026-04-21 23:04:18,960 - httpx - INFO - HTTP Request: POST http://localhost:55882/heap/mark-merged "HTTP/1.1 200 OK"
2026-04-21 23:04:18,961 - httpx - INFO - HTTP Request: POST http://localhost:55866/heap/mark-merged "HTTP/1.1 200 OK"
2026-04-21 23:04:18,976 - httpx - INFO - HTTP Request: POST http://localhost:55862/allocate_page "HTTP/1.1 200 OK"
2026-04-21 23:04:19,008 - httpx - INFO - HTTP Request: POST http://localhost:55862/allocate_page "HTTP/1.1 200 OK"
2026-04-21 23:04:19,015 - httpx - INFO - HTTP Request: GET http://localhost:55862/task?agent_id=a01ebd78 "HTTP/1.1 200 OK"
2026-04-21 23:04:19,230 - httpx - INFO - HTTP Request: POST http://localhost:55862/allocate_page "HTTP/1.1 200 OK"
2026-04-21 23:04:19,233 - httpx - INFO - HTTP Request: POST http://localhost:29253/execute_merge "HTTP/1.1 200 OK"
2026-04-21 23:04:19,933 - httpx - INFO - HTTP Request: POST http://localhost:55862/heap-written "HTTP/1.1 200 OK"
2026-04-21 23:04:19,935 - httpx - INFO - HTTP Request: POST http://localhost:55862/allocate_page "HTTP/1.1 200 OK"
2026-04-21 23:04:19,941 - httpx - INFO - HTTP Request: POST http://localhost:55862/heap-written "HTTP/1.1 200 OK"
2026-04-21 23:04:19,943 - httpx - INFO - HTTP Request: POST http://localhost:55862/allocate_page "HTTP/1.1 200 OK"
2026-04-21 23:04:19,956 - httpx - INFO - HTTP Request: GET http://localhost:55862/task?agent_id=01658064 "HTTP/1.1 200 OK"
2026-04-21 23:04:19,966 - httpx - INFO - HTTP Request: POST http://localhost:55862/allocate_page "HTTP/1.1 200 OK"
2026-04-21 23:04:19,967 - httpx - INFO - HTTP Request: POST http://localhost:55986/heap/append "HTTP/1.1 200 OK"
2026-04-21 23:04:20,457 - httpx - INFO - HTTP Request: POST http://localhost:55870/heap/append "HTTP/1.1 200 OK"
2026-04-21 23:04:20,458 - httpx - INFO - HTTP Request: GET http://localhost:55866/heap/unmerged "HTTP/1.1 200 OK"
2026-04-21 23:04:20,459 - httpx - INFO - HTTP Request: POST http://localhost:55866/heap/append "HTTP/1.1 200 OK"
2026-04-21 23:04:22,028 - httpx - INFO - HTTP Request: POST http://localhost:55862/heap-written "HTTP/1.1 200 OK"
2026-04-21 23:04:22,030 - httpx - INFO - HTTP Request: GET http://localhost:55865/heap/unmerged "HTTP/1.1 200 OK"
2026-04-21 23:04:22,235 - httpx - INFO - HTTP Request: POST http://localhost:55910/heap/append "HTTP/1.1 200 OK"
2026-04-21 23:04:22,236 - httpx - INFO - HTTP Request: POST http://localhost:55862/heap-written "HTTP/1.1 200 OK"
2026-04-21 23:04:22,236 - httpx - INFO - HTTP Request: POST http://localhost:55862/heap-written "HTTP/1.1 200 OK"
2026-04-21 23:04:22,248 - httpx - INFO - HTTP Request: POST http://localhost:55862/allocate_page "HTTP/1.1 200 OK"
2026-04-21 23:04:22,364 - httpx - INFO - HTTP Request: GET http://localhost:55862/task?agent_id=5e90dbec "HTTP/1.1 200 OK"
2026-04-21 23:04:22,365 - httpx - INFO - HTTP Request: GET http://localhost:55862/task?agent_id=a644674e "HTTP/1.1 200 OK"
2026-04-21 23:04:22,366 - httpx - INFO - HTTP Request: POST http://localhost:55862/allocate_page "HTTP/1.1 200 OK"
2026-04-21 23:04:22,366 - httpx - INFO - HTTP Request: POST http://localhost:55862/allocate_page "HTTP/1.1 200 OK"
2026-04-21 23:04:22,367 - httpx - INFO - HTTP Request: POST http://localhost:55907/heap/append "HTTP/1.1 200 OK"
2026-04-21 23:04:22,368 - httpx - INFO - HTTP Request: POST http://localhost:56021/heap/append "HTTP/1.1 200 OK"
2026-04-21 23:04:22,951 - httpx - INFO - HTTP Request: GET http://localhost:55869/heap/unmerged "HTTP/1.1 200 OK"
2026-04-21 23:04:23,113 - httpx - INFO - HTTP Request: POST http://localhost:55862/heap-written "HTTP/1.1 200 OK"
2026-04-21 23:04:23,625 - httpx - INFO - HTTP Request: GET http://localhost:55862/task?agent_id=f415bc94 "HTTP/1.1 200 OK"
2026-04-21 23:04:23,626 - httpx - INFO - HTTP Request: POST http://localhost:55862/heap-written "HTTP/1.1 200 OK"
2026-04-21 23:04:23,626 - httpx - INFO - HTTP Request: POST http://localhost:55862/heap-written "HTTP/1.1 200 OK"
2026-04-21 23:04:23,640 - httpx - INFO - HTTP Request: POST http://localhost:55866/heap/append "HTTP/1.1 200 OK"
2026-04-21 23:04:23,641 - httpx - INFO - HTTP Request: POST http://localhost:56015/heap/append "HTTP/1.1 200 OK"
2026-04-21 23:04:23,850 - httpx - INFO - HTTP Request: GET http://localhost:55870/heap/unmerged "HTTP/1.1 200 OK"
2026-04-21 23:04:23,859 - httpx - INFO - HTTP Request: GET http://localhost:55862/task?agent_id=10944fd8 "HTTP/1.1 200 OK"
2026-04-21 23:04:23,971 - httpx - INFO - HTTP Request: POST http://localhost:55862/allocate_page "HTTP/1.1 200 OK"
2026-04-21 23:04:23,972 - httpx - INFO - HTTP Request: POST http://localhost:55862/allocate_page "HTTP/1.1 200 OK"
2026-04-21 23:04:23,973 - httpx - INFO - HTTP Request: POST http://localhost:55865/heap/append "HTTP/1.1 200 OK"
2026-04-21 23:04:24,895 - httpx - INFO - HTTP Request: POST http://localhost:55862/heap-written "HTTP/1.1 200 OK"
2026-04-21 23:04:24,902 - httpx - INFO - HTTP Request: GET http://localhost:55882/heap/unmerged "HTTP/1.1 200 OK"
2026-04-21 23:04:25,432 - httpx - INFO - HTTP Request: GET http://localhost:55938/health "HTTP/1.1 200 OK"
2026-04-21 23:04:25,909 - httpx - INFO - HTTP Request: POST http://localhost:55907/heap/append "HTTP/1.1 200 OK"
2026-04-21 23:04:25,910 - httpx - INFO - HTTP Request: POST http://localhost:55957/heap/append "HTTP/1.1 200 OK"
2026-04-21 23:04:25,917 - httpx - INFO - HTTP Request: GET http://localhost:55878/heap/unmerged "HTTP/1.1 200 OK"
2026-04-21 23:04:26,669 - httpx - INFO - HTTP Request: GET http://localhost:55890/heap/unmerged "HTTP/1.1 200 OK"
2026-04-21 23:04:26,801 - httpx - INFO - HTTP Request: GET http://localhost:55896/heap/unmerged "HTTP/1.1 200 OK"
2026-04-21 23:04:26,910 - httpx - INFO - HTTP Request: GET http://localhost:55907/heap/unmerged "HTTP/1.1 200 OK"
2026-04-21 23:04:27,168 - httpx - INFO - HTTP Request: GET http://localhost:55910/heap/unmerged "HTTP/1.1 200 OK"
2026-04-21 23:04:27,289 - httpx - INFO - HTTP Request: GET http://localhost:55930/heap/unmerged "HTTP/1.1 200 OK"
2026-04-21 23:04:27,494 - httpx - INFO - HTTP Request: GET http://localhost:55940/heap/unmerged "HTTP/1.1 200 OK"
2026-04-21 23:04:27,596 - httpx - INFO - HTTP Request: GET http://localhost:55955/heap/unmerged "HTTP/1.1 200 OK"
2026-04-21 23:04:27,702 - httpx - INFO - HTTP Request: GET http://localhost:55957/heap/unmerged "HTTP/1.1 200 OK"
2026-04-21 23:04:27,819 - httpx - INFO - HTTP Request: GET http://localhost:55982/heap/unmerged "HTTP/1.1 200 OK"
2026-04-21 23:04:27,934 - httpx - INFO - HTTP Request: GET http://localhost:55986/heap/unmerged "HTTP/1.1 200 OK"
2026-04-21 23:04:28,069 - httpx - INFO - HTTP Request: GET http://localhost:56015/heap/unmerged "HTTP/1.1 200 OK"
2026-04-21 23:04:28,301 - httpx - INFO - HTTP Request: GET http://localhost:56021/heap/unmerged "HTTP/1.1 200 OK"
2026-04-21 23:04:28,402 - httpx - INFO - HTTP Request: GET http://localhost:56056/heap/unmerged "HTTP/1.1 200 OK"
2026-04-21 23:04:28,535 - httpx - INFO - HTTP Request: GET http://localhost:56066/heap/unmerged "HTTP/1.1 200 OK"
[BFF] 获取Agent 5e90dbec 堆段: 0 条
[BFF] all-unmerged 请求正在进行，等待完成...
[BFF] 获取Agent 9a3eae56 堆段: 2 条
[BFF] all-unmerged 请求正在进行，等待完成...
[BFF] 读取PublicMemory (物理路径): /mnt/d/collections2026/phd_application/nanobot1/milestone2/data/public_memory/public_memory.jsonl, top_k=2
[BFF] 读取PublicMemory完成: 53 条记录
[BFF] 读取PublicMemory (物理路径): /mnt/d/collections2026/phd_application/nanobot1/milestone2/data/public_memory/public_memory.jsonl, top_k=2
[BFF] 读取PublicMemory完成: 53 条记录
[BFF] 获取Agent 10944fd8 堆段: 0 条
[BFF] all-unmerged 请求正在进行，等待完成...
[BFF] all-unmerged 请求正在进行，等待完成...
[BFF] all-unmerged 请求正在进行，等待完成...
[BFF] all-unmerged 请求正在进行，等待完成...
[BFF] 获取Agent 3e8335de 堆段: 2 条
[BFF] 获取Agent e7bfb79d 堆段: 2 条
[BFF] 读取PublicMemory (物理路径): /mnt/d/collections2026/phd_application/nanobot1/milestone2/data/public_memory/public_memory.jsonl, top_k=2
[BFF] 读取PublicMemory完成: 53 条记录
[BFF] 获取Agent 0819d4df 堆段: 0 条
[BFF] all-unmerged 获取完成: 16 条
[BFF] all-unmerged 命中缓存: 16 条 (缓存剩余 5.0s)
[BFF] all-unmerged 命中缓存: 16 条 (缓存剩余 4.6s)
[BFF] all-unmerged 命中缓存: 16 条 (缓存剩余 4.6s)
[BFF] all-unmerged 命中缓存: 16 条 (缓存剩余 4.6s)
[BFF] 读取PublicMemory (物理路径): /mnt/d/collections2026/phd_application/nanobot1/milestone2/data/public_memory/public_memory.jsonl, top_k=2
[BFF] 读取PublicMemory完成: 53 条记录
[BFF] 读取PublicMemory (物理路径): /mnt/d/collections2026/phd_application/nanobot1/milestone2/data/public_memory/public_memory.jsonl, top_k=2
[BFF] 读取PublicMemory完成: 53 条记录
[BFF] 读取PublicMemory (物理路径): /mnt/d/collections2026/phd_application/nanobot1/milestone2/data/public_memory/public_memory.jsonl, top_k=2
[BFF] 读取PublicMemory完成: 53 条记录
[BFF] all-unmerged 命中缓存: 16 条 (缓存剩余 2.1s)
[BFF] all-unmerged 命中缓存: 16 条 (缓存剩余 2.1s)
[BFF] all-unmerged 命中缓存: 16 条 (缓存剩余 2.1s)
[BFF] all-unmerged 命中缓存: 16 条 (缓存剩余 2.1s)
[BFF] all-unmerged 命中缓存: 16 条 (缓存剩余 2.1s)
[BFF] 读取PublicMemory (物理路径): /mnt/d/collections2026/phd_application/nanobot1/milestone2/data/public_memory/public_memory.jsonl, top_k=2
[BFF] 读取PublicMemory完成: 53 条记录
[BFF] all-unmerged 命中缓存: 16 条 (缓存剩余 0.7s)
[BFF] all-unmerged 命中缓存: 16 条 (缓存剩余 0.7s)
[BFF] all-unmerged 命中缓存: 16 条 (缓存剩余 0.7s)
[BFF] 读取PublicMemory (物理路径): /mnt/d/collections2026/phd_application/nanobot1/milestone2/data/public_memory/public_memory.jsonl, top_k=2
[BFF] 读取PublicMemory完成: 53 条记录
[BFF] 读取PublicMemory (物理路径): /mnt/d/collections2026/phd_application/nanobot1/milestone2/data/public_memory/public_memory.jsonl, top_k=2
[BFF] 读取PublicMemory完成: 53 条记录
[BFF] 读取PublicMemory (物理路径): /mnt/d/collections2026/phd_application/nanobot1/milestone2/data/public_memory/public_memory.jsonl, top_k=2
[BFF] 读取PublicMemory完成: 53 条记录
[BFF] all-unmerged 请求正在进行，等待完成...
[BFF] 获取Agent 3c9c549e 堆段: 2 条
[BFF] 获取Agent 27f408a7 堆段: 2 条
[BFF] 获取Agent fac495b1 堆段: 2 条
[BFF] all-unmerged 请求正在进行，等待完成...
[BFF] all-unmerged 请求正在进行，等待完成...
[BFF] 获取Agent a644674e 堆段: 0 条
[BFF] 读取PublicMemory (物理路径): /mnt/d/collections2026/phd_application/nanobot1/milestone2/data/public_memory/public_memory.jsonl, top_k=2
[BFF] 读取PublicMemory完成: 53 条记录
[BFF] 读取PublicMemory (物理路径): /mnt/d/collections2026/phd_application/nanobot1/milestone2/data/public_memory/public_memory.jsonl, top_k=2
[BFF] 读取PublicMemory完成: 53 条记录
[BFF] 获取Agent 8e7d85d0 堆段: 2 条
[BFF] 获取Agent ed15a95a 堆段: 4 条
[BFF] 获取Agent a01ebd78 堆段: 2 条
[BFF] 获取Agent 1ae104b5 堆段: 2 条
[BFF] 获取Agent a9f080cc 堆段: 3 条
[BFF] 获取Agent f415bc94 堆段: 2 条
[BFF] 获取Agent 82415672 堆段: 2 条
[BFF] 获取Agent 01658064 堆段: 4 条
[BFF] 获取Agent d3ce66a2 堆段: 2 条
[BFF] 获取Agent f62b7569 堆段: 2 条
[BFF] 获取Agent c1645623 堆段: 2 条
[BFF] 获取Agent 5e90dbec 堆段: 0 条
[BFF] 邻居发现: 所有父子关系已建立
[BFF] 获取Agent 9a3eae56 堆段: 2 条
[BFF] 获取Agent 10944fd8 堆段: 0 条
[BFF] 获取Agent 3e8335de 堆段: 2 条
[BFF] 获取Agent e7bfb79d 堆段: 4 条
[BFF] 获取Agent 0819d4df 堆段: 0 条
[BFF] all-unmerged 获取完成: 41 条
[BFF] Consolidator容器已存在: 0819d4df
[BFF] 转发合并请求到Consolidator: http://localhost:29253/execute_merge
[BFF] 读取PublicMemory (物理路径): /mnt/d/collections2026/phd_application/nanobot1/milestone2/data/public_memory/public_memory.jsonl, top_k=10000
[BFF] 读取PublicMemory完成: 53 条记录
[BFF] 容器不存在 0819d4df，清理中...
[BFF] 健康检查: 已清理 1 个无效容器
[BFF] 写入PublicMemory (物理路径): /mnt/d/collections2026/phd_application/nanobot1/milestone2/data/public_memory/public_memory.jsonl
[BFF] 原子替换PublicMemory: 90 条记录 -> /mnt/d/collections2026/phd_application/nanobot1/milestone2/data/public_memory/public_memory.jsonl
[BFF] Consolidator合并完成: {'status': 'ok', 'original_count': 94, 'deduped_count': 90, 'removed_count': 4, 'pages_marked': 41, 'source': 'km_page_table'}
[BFF] 读取PublicMemory (物理路径): /mnt/d/collections2026/phd_application/nanobot1/milestone2/data/public_memory/public_memory.jsonl, top_k=2
[BFF] 读取PublicMemory完成: 90 条记录
[BFF] all-unmerged 请求正在进行，等待完成...
[BFF] all-unmerged 请求正在进行，等待完成...
[BFF] 创建Consolidator容器...
[BFF] 获取Agent 3c9c549e 堆段: 0 条
[BFF] 读取PublicMemory (物理路径): /mnt/d/collections2026/phd_application/nanobot1/milestone2/data/public_memory/public_memory.jsonl, top_k=2
[BFF] 读取PublicMemory完成: 90 条记录
[BFF] 获取Agent 27f408a7 堆段: 0 条
[BFF] 获取Agent fac495b1 堆段: 0 条
[BFF] 读取PublicMemory (物理路径): /mnt/d/collections2026/phd_application/nanobot1/milestone2/data/public_memory/public_memory.jsonl, top_k=2
[BFF] 读取PublicMemory完成: 90 条记录
[BFF] 读取PublicMemory (物理路径): /mnt/d/collections2026/phd_application/nanobot1/milestone2/data/public_memory/public_memory.jsonl, top_k=2
[BFF] 读取PublicMemory完成: 90 条记录
[BFF] 获取Agent a644674e 堆段: 2 条
[BFF] 读取PublicMemory (物理路径): /mnt/d/collections2026/phd_application/nanobot1/milestone2/data/public_memory/public_memory.jsonl, top_k=2
[BFF] 读取PublicMemory完成: 90 条记录
[BFF] 读取PublicMemory (物理路径): /mnt/d/collections2026/phd_application/nanobot1/milestone2/data/public_memory/public_memory.jsonl, top_k=2
[BFF] 读取PublicMemory完成: 90 条记录
[BFF] 获取Agent 8e7d85d0 堆段: 0 条
[Orchestrator] Container consolidator_905c189e is ready
[Orchestrator] Created container consolidator_905c189e
[BFF] Consolidator容器已创建: 905c189e
[BFF] Consolidator容器已创建: 905c189e
[BFF] Consolidator容器已创建: 905c189e
[BFF] 转发合并请求到Consolidator: http://localhost:55938/execute_merge
[BFF] Consolidator容器已存在（双重检查）: 905c189e
[BFF] 转发合并请求到Consolidator: http://localhost:55938/execute_merge
[BFF] 获取Agent ed15a95a 堆段: 0 条
[BFF] 获取Agent a01ebd78 堆段: 0 条
[BFF] 获取Agent 1ae104b5 堆段: 0 条
[BFF] 获取Agent a9f080cc 堆段: 2 条
[BFF] 获取Agent f415bc94 堆段: 2 条
[BFF] 获取Agent 82415672 堆段: 0 条
[BFF] 获取Agent 01658064 堆段: 0 条
[BFF] 获取Agent d3ce66a2 堆段: 0 条
[BFF] 获取Agent f62b7569 堆段: 1 条
[BFF] 获取Agent c1645623 堆段: 0 条
[BFF] 获取Agent 5e90dbec 堆段: 2 条
[BFF] 获取Agent 9a3eae56 堆段: 1 条
[BFF] 获取Agent 10944fd8 堆段: 2 条
[BFF] 获取Agent 3e8335de 堆段: 0 条
2026-04-21 23:04:31,482 - httpx - INFO - HTTP Request: POST http://localhost:55862/heap-written "HTTP/1.1 200 OK"
2026-04-21 23:04:31,485 - httpx - INFO - HTTP Request: POST http://localhost:55862/heap-written "HTTP/1.1 200 OK"
2026-04-21 23:04:31,488 - httpx - INFO - HTTP Request: POST http://localhost:55862/allocate_page "HTTP/1.1 200 OK"
2026-04-21 23:04:31,489 - httpx - INFO - HTTP Request: GET http://localhost:55862/task?agent_id=3c9c549e "HTTP/1.1 200 OK"
2026-04-21 23:04:31,489 - httpx - INFO - HTTP Request: POST http://localhost:55862/allocate_page "HTTP/1.1 200 OK"
2026-04-21 23:04:31,499 - httpx - INFO - HTTP Request: POST http://localhost:55862/allocate_page "HTTP/1.1 200 OK"
2026-04-21 23:04:31,499 - httpx - INFO - HTTP Request: POST http://localhost:55862/allocate_page "HTTP/1.1 200 OK"
2026-04-21 23:04:31,502 - httpx - INFO - HTTP Request: POST http://localhost:55862/allocate_page "HTTP/1.1 200 OK"
2026-04-21 23:04:31,506 - httpx - INFO - HTTP Request: GET http://localhost:55862/task?agent_id=fac495b1 "HTTP/1.1 200 OK"
2026-04-21 23:04:31,507 - httpx - INFO - HTTP Request: POST http://localhost:55862/heap-written "HTTP/1.1 200 OK"
2026-04-21 23:04:31,509 - httpx - INFO - HTTP Request: POST http://localhost:55862/heap-written "HTTP/1.1 200 OK"
2026-04-21 23:04:31,510 - httpx - INFO - HTTP Request: GET http://localhost:55862/active_pages "HTTP/1.1 200 OK"
2026-04-21 23:04:31,512 - httpx - INFO - HTTP Request: GET http://localhost:55862/active_pages "HTTP/1.1 200 OK"
2026-04-21 23:04:31,514 - httpx - INFO - HTTP Request: GET http://localhost:55862/task?agent_id=a9f080cc "HTTP/1.1 200 OK"
2026-04-21 23:04:31,515 - httpx - INFO - HTTP Request: POST http://localhost:55862/allocate_page "HTTP/1.1 200 OK"
2026-04-21 23:04:31,516 - httpx - INFO - HTTP Request: POST http://localhost:55862/allocate_page "HTTP/1.1 200 OK"
2026-04-21 23:04:31,516 - httpx - INFO - HTTP Request: POST http://localhost:55862/allocate_page "HTTP/1.1 200 OK"
2026-04-21 23:04:31,542 - httpx - INFO - HTTP Request: POST http://localhost:55862/allocate_page "HTTP/1.1 200 OK"
2026-04-21 23:04:33,161 - httpx - INFO - HTTP Request: POST http://localhost:56015/heap/append "HTTP/1.1 200 OK"
2026-04-21 23:04:33,164 - httpx - INFO - HTTP Request: POST http://localhost:55878/heap/append "HTTP/1.1 200 OK"
2026-04-21 23:04:33,165 - httpx - INFO - HTTP Request: POST http://localhost:55955/heap/append "HTTP/1.1 200 OK"
2026-04-21 23:04:33,167 - httpx - INFO - HTTP Request: POST http://localhost:56056/heap/append "HTTP/1.1 200 OK"
2026-04-21 23:04:33,174 - httpx - INFO - HTTP Request: POST http://localhost:55982/heap/append "HTTP/1.1 200 OK"
2026-04-21 23:04:33,978 - httpx - INFO - HTTP Request: POST http://localhost:55862/heap-written "HTTP/1.1 200 OK"
2026-04-21 23:04:34,436 - httpx - INFO - HTTP Request: POST http://localhost:55862/heap-written "HTTP/1.1 200 OK"
2026-04-21 23:04:34,777 - httpx - INFO - HTTP Request: POST http://localhost:55862/heap-written "HTTP/1.1 200 OK"
2026-04-21 23:04:34,778 - httpx - INFO - HTTP Request: POST http://localhost:55862/heap-written "HTTP/1.1 200 OK"
2026-04-21 23:04:34,778 - httpx - INFO - HTTP Request: POST http://localhost:55862/heap-written "HTTP/1.1 200 OK"
2026-04-21 23:04:35,700 - httpx - INFO - HTTP Request: POST http://localhost:55862/mark_pages_merged "HTTP/1.1 200 OK"
2026-04-21 23:04:35,705 - httpx - INFO - HTTP Request: GET http://localhost:55862/task?agent_id=9a3eae56 "HTTP/1.1 200 OK"
2026-04-21 23:04:35,706 - httpx - INFO - HTTP Request: POST http://localhost:55862/allocate_page "HTTP/1.1 200 OK"
2026-04-21 23:04:35,746 - httpx - INFO - HTTP Request: POST http://localhost:55862/allocate_page "HTTP/1.1 200 OK"
2026-04-21 23:04:35,754 - httpx - INFO - HTTP Request: POST http://localhost:55862/mark_pages_merged "HTTP/1.1 200 OK"
2026-04-21 23:04:35,754 - httpx - INFO - HTTP Request: POST http://localhost:55862/allocate_page "HTTP/1.1 200 OK"
2026-04-21 23:04:35,850 - httpx - INFO - HTTP Request: POST http://localhost:55862/allocate_page "HTTP/1.1 200 OK"
2026-04-21 23:04:35,865 - httpx - INFO - HTTP Request: GET http://localhost:55862/task?agent_id=01658064 "HTTP/1.1 200 OK"
2026-04-21 23:04:35,866 - httpx - INFO - HTTP Request: GET http://localhost:55862/task?agent_id=5e90dbec "HTTP/1.1 200 OK"
2026-04-21 23:04:37,057 - httpx - INFO - HTTP Request: POST http://localhost:55882/heap/append "HTTP/1.1 200 OK"
2026-04-21 23:04:37,058 - httpx - INFO - HTTP Request: POST http://localhost:55930/heap/append "HTTP/1.1 200 OK"
2026-04-21 23:04:37,059 - httpx - INFO - HTTP Request: POST http://localhost:55865/heap/append "HTTP/1.1 200 OK"
2026-04-21 23:04:37,060 - httpx - INFO - HTTP Request: POST http://localhost:55957/heap/append "HTTP/1.1 200 OK"
2026-04-21 23:04:40,218 - httpx - INFO - HTTP Request: POST http://localhost:55986/heap/mark-merged "HTTP/1.1 200 OK"
2026-04-21 23:04:40,291 - httpx - INFO - HTTP Request: POST http://localhost:56021/heap/mark-merged "HTTP/1.1 200 OK"
2026-04-21 23:04:40,291 - httpx - INFO - HTTP Request: POST http://localhost:55910/heap/mark-merged "HTTP/1.1 200 OK"
2026-04-21 23:04:40,292 - httpx - INFO - HTTP Request: POST http://localhost:55955/heap/mark-merged "HTTP/1.1 200 OK"
2026-04-21 23:04:40,292 - httpx - INFO - HTTP Request: POST http://localhost:55870/heap/mark-merged "HTTP/1.1 200 OK"
2026-04-21 23:04:40,294 - httpx - INFO - HTTP Request: POST http://localhost:55982/heap/mark-merged "HTTP/1.1 200 OK"
2026-04-21 23:04:40,295 - httpx - INFO - HTTP Request: POST http://localhost:55907/heap/mark-merged "HTTP/1.1 200 OK"
2026-04-21 23:04:40,295 - httpx - INFO - HTTP Request: POST http://localhost:55957/heap/mark-merged "HTTP/1.1 200 OK"
2026-04-21 23:04:40,296 - httpx - INFO - HTTP Request: POST http://localhost:56015/heap/mark-merged "HTTP/1.1 200 OK"
2026-04-21 23:04:40,296 - httpx - INFO - HTTP Request: POST http://localhost:55865/heap/mark-merged "HTTP/1.1 200 OK"
2026-04-21 23:04:40,297 - httpx - INFO - HTTP Request: POST http://localhost:55882/heap/mark-merged "HTTP/1.1 200 OK"
2026-04-21 23:04:40,297 - httpx - INFO - HTTP Request: POST http://localhost:55866/heap/mark-merged "HTTP/1.1 200 OK"
2026-04-21 23:04:40,298 - httpx - INFO - HTTP Request: POST http://localhost:55986/heap/mark-merged "HTTP/1.1 200 OK"
2026-04-21 23:04:40,337 - httpx - INFO - HTTP Request: POST http://localhost:55862/heap-written "HTTP/1.1 200 OK"
2026-04-21 23:04:40,338 - httpx - INFO - HTTP Request: POST http://localhost:55862/heap-written "HTTP/1.1 200 OK"
2026-04-21 23:04:40,338 - httpx - INFO - HTTP Request: POST http://localhost:55862/heap-written "HTTP/1.1 200 OK"
2026-04-21 23:04:40,339 - httpx - INFO - HTTP Request: POST http://localhost:55862/heap-written "HTTP/1.1 200 OK"
2026-04-21 23:04:40,339 - httpx - INFO - HTTP Request: POST http://localhost:55870/heap/mark-merged "HTTP/1.1 200 OK"
2026-04-21 23:04:40,340 - httpx - INFO - HTTP Request: POST http://localhost:56021/heap/mark-merged "HTTP/1.1 200 OK"
2026-04-21 23:04:40,340 - httpx - INFO - HTTP Request: POST http://localhost:55910/heap/mark-merged "HTTP/1.1 200 OK"
2026-04-21 23:04:40,341 - httpx - INFO - HTTP Request: POST http://localhost:55866/heap/mark-merged "HTTP/1.1 200 OK"
2026-04-21 23:04:40,342 - httpx - INFO - HTTP Request: POST http://localhost:56015/heap/mark-merged "HTTP/1.1 200 OK"
2026-04-21 23:04:40,342 - httpx - INFO - HTTP Request: POST http://localhost:55957/heap/mark-merged "HTTP/1.1 200 OK"
2026-04-21 23:04:40,343 - httpx - INFO - HTTP Request: POST http://localhost:55865/heap/mark-merged "HTTP/1.1 200 OK"
2026-04-21 23:04:40,343 - httpx - INFO - HTTP Request: POST http://localhost:55907/heap/mark-merged "HTTP/1.1 200 OK"
2026-04-21 23:04:40,344 - httpx - INFO - HTTP Request: POST http://localhost:55878/heap/append "HTTP/1.1 200 OK"
2026-04-21 23:04:40,344 - httpx - INFO - HTTP Request: POST http://localhost:56056/heap/append "HTTP/1.1 200 OK"
2026-04-21 23:04:40,345 - httpx - INFO - HTTP Request: POST http://localhost:55882/heap/mark-merged "HTTP/1.1 200 OK"
2026-04-21 23:04:40,345 - httpx - INFO - HTTP Request: POST http://localhost:55982/heap/mark-merged "HTTP/1.1 200 OK"
2026-04-21 23:04:40,346 - httpx - INFO - HTTP Request: POST http://localhost:55955/heap/mark-merged "HTTP/1.1 200 OK"
2026-04-21 23:04:40,346 - httpx - INFO - HTTP Request: POST http://localhost:55982/heap/append "HTTP/1.1 200 OK"
2026-04-21 23:04:40,346 - httpx - INFO - HTTP Request: POST http://localhost:55955/heap/append "HTTP/1.1 200 OK"
2026-04-21 23:04:40,350 - httpx - INFO - HTTP Request: POST http://localhost:55938/execute_merge "HTTP/1.1 200 OK"
2026-04-21 23:04:40,834 - httpx - INFO - HTTP Request: GET http://localhost:55862/task?agent_id=27f408a7 "HTTP/1.1 200 OK"
2026-04-21 23:04:40,837 - httpx - INFO - HTTP Request: GET http://localhost:55862/task?agent_id=f62b7569 "HTTP/1.1 200 OK"
2026-04-21 23:04:40,839 - httpx - INFO - HTTP Request: GET http://localhost:55862/task?agent_id=10944fd8 "HTTP/1.1 200 OK"
2026-04-21 23:04:40,839 - httpx - INFO - HTTP Request: POST http://localhost:55938/execute_merge "HTTP/1.1 200 OK"
2026-04-21 23:04:40,841 - httpx - INFO - HTTP Request: POST http://localhost:55862/allocate_page "HTTP/1.1 200 OK"
2026-04-21 23:04:40,841 - httpx - INFO - HTTP Request: POST http://localhost:55862/allocate_page "HTTP/1.1 200 OK"
2026-04-21 23:04:40,842 - httpx - INFO - HTTP Request: POST http://localhost:55862/allocate_page "HTTP/1.1 200 OK"
2026-04-21 23:04:40,843 - httpx - INFO - HTTP Request: POST http://localhost:55862/allocate_page "HTTP/1.1 200 OK"
2026-04-21 23:04:41,935 - httpx - INFO - HTTP Request: POST http://localhost:55862/heap-written "HTTP/1.1 200 OK"
2026-04-21 23:04:41,936 - httpx - INFO - HTTP Request: POST http://localhost:55862/heap-written "HTTP/1.1 200 OK"
2026-04-21 23:04:41,936 - httpx - INFO - HTTP Request: POST http://localhost:55862/heap-written "HTTP/1.1 200 OK"
2026-04-21 23:04:41,937 - httpx - INFO - HTTP Request: POST http://localhost:55862/heap-written "HTTP/1.1 200 OK"
2026-04-21 23:04:41,952 - httpx - INFO - HTTP Request: GET http://localhost:55862/task?agent_id=d3ce66a2 "HTTP/1.1 200 OK"
2026-04-21 23:04:41,953 - httpx - INFO - HTTP Request: GET http://localhost:55862/task?agent_id=ed15a95a "HTTP/1.1 200 OK"
2026-04-21 23:04:41,954 - httpx - INFO - HTTP Request: GET http://localhost:55862/task?agent_id=3e8335de "HTTP/1.1 200 OK"
2026-04-21 23:04:41,955 - httpx - INFO - HTTP Request: GET http://localhost:55862/task?agent_id=c1645623 "HTTP/1.1 200 OK"
2026-04-21 23:04:41,956 - httpx - INFO - HTTP Request: GET http://localhost:55866/heap/unmerged "HTTP/1.1 200 OK"
2026-04-21 23:04:42,094 - httpx - INFO - HTTP Request: POST http://localhost:55896/heap/append "HTTP/1.1 200 OK"
2026-04-21 23:04:42,098 - httpx - INFO - HTTP Request: POST http://localhost:55930/heap/append "HTTP/1.1 200 OK"
2026-04-21 23:04:42,098 - httpx - INFO - HTTP Request: POST http://localhost:55882/heap/append "HTTP/1.1 200 OK"
2026-04-21 23:04:42,099 - httpx - INFO - HTTP Request: POST http://localhost:56066/heap/append "HTTP/1.1 200 OK"
2026-04-21 23:04:42,634 - httpx - INFO - HTTP Request: GET http://localhost:55865/heap/unmerged "HTTP/1.1 200 OK"
2026-04-21 23:04:43,335 - httpx - INFO - HTTP Request: POST http://localhost:55862/heap-written "HTTP/1.1 200 OK"
2026-04-21 23:04:43,342 - httpx - INFO - HTTP Request: POST http://localhost:55862/heap-written "HTTP/1.1 200 OK"
2026-04-21 23:04:43,343 - httpx - INFO - HTTP Request: POST http://localhost:55862/heap-written "HTTP/1.1 200 OK"
2026-04-21 23:04:43,344 - httpx - INFO - HTTP Request: POST http://localhost:55862/heap-written "HTTP/1.1 200 OK"
2026-04-21 23:04:43,352 - httpx - INFO - HTTP Request: GET http://localhost:55869/heap/unmerged "HTTP/1.1 200 OK"
2026-04-21 23:04:43,454 - httpx - INFO - HTTP Request: POST http://localhost:55862/allocate_page "HTTP/1.1 200 OK"
2026-04-21 23:04:43,458 - httpx - INFO - HTTP Request: GET http://localhost:55862/task?agent_id=8e7d85d0 "HTTP/1.1 200 OK"
2026-04-21 23:04:43,458 - httpx - INFO - HTTP Request: GET http://localhost:55862/task?agent_id=82415672 "HTTP/1.1 200 OK"
2026-04-21 23:04:43,465 - httpx - INFO - HTTP Request: POST http://localhost:55862/allocate_page "HTTP/1.1 200 OK"
2026-04-21 23:04:43,470 - httpx - INFO - HTTP Request: GET http://localhost:55870/heap/unmerged "HTTP/1.1 200 OK"
2026-04-21 23:04:43,694 - httpx - INFO - HTTP Request: GET http://localhost:55882/heap/unmerged "HTTP/1.1 200 OK"
2026-04-21 23:04:43,924 - httpx - INFO - HTTP Request: POST http://localhost:55896/heap/append "HTTP/1.1 200 OK"
2026-04-21 23:04:44,021 - httpx - INFO - HTTP Request: POST http://localhost:55862/heap-written "HTTP/1.1 200 OK"
2026-04-21 23:04:44,025 - httpx - INFO - HTTP Request: POST http://localhost:56066/heap/append "HTTP/1.1 200 OK"
2026-04-21 23:04:44,028 - httpx - INFO - HTTP Request: GET http://localhost:55878/heap/unmerged "HTTP/1.1 200 OK"
2026-04-21 23:04:44,600 - httpx - INFO - HTTP Request: GET http://localhost:55890/heap/unmerged "HTTP/1.1 200 OK"
2026-04-21 23:04:44,739 - httpx - INFO - HTTP Request: GET http://localhost:55862/task?agent_id=1ae104b5 "HTTP/1.1 200 OK"
2026-04-21 23:04:44,743 - httpx - INFO - HTTP Request: POST http://localhost:55862/heap-written "HTTP/1.1 200 OK"
2026-04-21 23:04:44,747 - httpx - INFO - HTTP Request: GET http://localhost:55862/task?agent_id=e7bfb79d "HTTP/1.1 200 OK"
2026-04-21 23:04:44,753 - httpx - INFO - HTTP Request: GET http://localhost:55862/task?agent_id=fac495b1 "HTTP/1.1 200 OK"
2026-04-21 23:04:44,758 - httpx - INFO - HTTP Request: GET http://localhost:55896/heap/unmerged "HTTP/1.1 200 OK"
2026-04-21 23:04:44,895 - httpx - INFO - HTTP Request: GET http://localhost:55907/heap/unmerged "HTTP/1.1 200 OK"
2026-04-21 23:04:45,023 - httpx - INFO - HTTP Request: GET http://localhost:55910/heap/unmerged "HTTP/1.1 200 OK"
2026-04-21 23:04:45,195 - httpx - INFO - HTTP Request: GET http://localhost:55930/heap/unmerged "HTTP/1.1 200 OK"
2026-04-21 23:04:45,497 - httpx - INFO - HTTP Request: GET http://localhost:55940/heap/unmerged "HTTP/1.1 200 OK"
2026-04-21 23:04:45,602 - httpx - INFO - HTTP Request: GET http://localhost:55955/heap/unmerged "HTTP/1.1 200 OK"
2026-04-21 23:04:45,704 - httpx - INFO - HTTP Request: GET http://localhost:55957/heap/unmerged "HTTP/1.1 200 OK"
2026-04-21 23:04:45,806 - httpx - INFO - HTTP Request: GET http://localhost:55982/heap/unmerged "HTTP/1.1 200 OK"
2026-04-21 23:04:45,903 - httpx - INFO - HTTP Request: GET http://localhost:55986/heap/unmerged "HTTP/1.1 200 OK"
2026-04-21 23:04:46,143 - httpx - INFO - HTTP Request: POST http://localhost:55862/allocate_page "HTTP/1.1 200 OK"
2026-04-21 23:04:46,145 - httpx - INFO - HTTP Request: GET http://localhost:56015/heap/unmerged "HTTP/1.1 200 OK"
2026-04-21 23:04:46,288 - httpx - INFO - HTTP Request: GET http://localhost:56021/heap/unmerged "HTTP/1.1 200 OK"
2026-04-21 23:04:46,833 - httpx - INFO - HTTP Request: POST http://localhost:55862/allocate_page "HTTP/1.1 200 OK"
2026-04-21 23:04:46,834 - httpx - INFO - HTTP Request: POST http://localhost:55890/heap/append "HTTP/1.1 200 OK"
2026-04-21 23:04:46,835 - httpx - INFO - HTTP Request: GET http://localhost:56056/heap/unmerged "HTTP/1.1 200 OK"
2026-04-21 23:04:47,248 - httpx - INFO - HTTP Request: POST http://localhost:55862/heap-written "HTTP/1.1 200 OK"
2026-04-21 23:04:47,252 - httpx - INFO - HTTP Request: POST http://localhost:55862/allocate_page "HTTP/1.1 200 OK"
2026-04-21 23:04:47,254 - httpx - INFO - HTTP Request: POST http://localhost:55910/heap/append "HTTP/1.1 200 OK"
2026-04-21 23:04:47,257 - httpx - INFO - HTTP Request: GET http://localhost:56066/heap/unmerged "HTTP/1.1 200 OK"
2026-04-21 23:04:47,775 - httpx - INFO - HTTP Request: GET http://localhost:55938/heap/unmerged "HTTP/1.1 200 OK"
2026-04-21 23:04:47,779 - httpx - INFO - HTTP Request: POST http://localhost:55862/heap-written "HTTP/1.1 200 OK"
2026-04-21 23:04:47,782 - httpx - INFO - HTTP Request: POST http://localhost:55890/heap/append "HTTP/1.1 200 OK"
2026-04-21 23:04:47,783 - httpx - INFO - HTTP Request: POST http://localhost:55862/allocate_page "HTTP/1.1 200 OK"
2026-04-21 23:04:47,884 - httpx - INFO - HTTP Request: POST http://localhost:55862/heap-written "HTTP/1.1 200 OK"
2026-04-21 23:04:48,126 - httpx - INFO - HTTP Request: GET http://localhost:55862/task?agent_id=a01ebd78 "HTTP/1.1 200 OK"
2026-04-21 23:04:48,129 - httpx - INFO - HTTP Request: POST http://localhost:55910/heap/append "HTTP/1.1 200 OK"
2026-04-21 23:04:48,251 - httpx - INFO - HTTP Request: POST http://localhost:55862/heap-written "HTTP/1.1 200 OK"
2026-04-21 23:04:48,366 - httpx - INFO - HTTP Request: GET http://localhost:55862/task?agent_id=f415bc94 "HTTP/1.1 200 OK"
2026-04-21 23:04:51,671 - httpx - INFO - HTTP Request: POST http://localhost:55862/allocate_page "HTTP/1.1 200 OK"
2026-04-21 23:04:52,024 - httpx - INFO - HTTP Request: POST http://localhost:55866/heap/append "HTTP/1.1 200 OK"
2026-04-21 23:04:52,206 - httpx - INFO - HTTP Request: POST http://localhost:55862/heap-written "HTTP/1.1 200 OK"
2026-04-21 23:04:52,329 - httpx - INFO - HTTP Request: POST http://localhost:55862/allocate_page "HTTP/1.1 200 OK"
2026-04-21 23:04:52,549 - httpx - INFO - HTTP Request: POST http://localhost:55866/heap/append "HTTP/1.1 200 OK"
2026-04-21 23:04:52,667 - httpx - INFO - HTTP Request: POST http://localhost:55862/heap-written "HTTP/1.1 200 OK"
2026-04-21 23:04:52,769 - httpx - INFO - HTTP Request: GET http://localhost:55862/task?agent_id=3c9c549e "HTTP/1.1 200 OK"
2026-04-21 23:04:54,521 - httpx - INFO - HTTP Request: POST http://localhost:55862/allocate_page "HTTP/1.1 200 OK"
2026-04-21 23:04:54,784 - httpx - INFO - HTTP Request: POST http://localhost:55907/heap/append "HTTP/1.1 200 OK"
2026-04-21 23:04:54,993 - httpx - INFO - HTTP Request: POST http://localhost:55862/heap-written "HTTP/1.1 200 OK"
2026-04-21 23:04:55,110 - httpx - INFO - HTTP Request: POST http://localhost:55862/allocate_page "HTTP/1.1 200 OK"
2026-04-21 23:04:55,113 - httpx - INFO - HTTP Request: GET http://localhost:55866/heap/unmerged "HTTP/1.1 200 OK"
2026-04-21 23:04:55,346 - httpx - INFO - HTTP Request: POST http://localhost:55907/heap/append "HTTP/1.1 200 OK"
2026-04-21 23:04:55,349 - httpx - INFO - HTTP Request: GET http://localhost:55865/heap/unmerged "HTTP/1.1 200 OK"
2026-04-21 23:04:55,839 - httpx - INFO - HTTP Request: GET http://localhost:55869/heap/unmerged "HTTP/1.1 200 OK"
2026-04-21 23:04:56,049 - httpx - INFO - HTTP Request: POST http://localhost:55862/heap-written "HTTP/1.1 200 OK"
2026-04-21 23:04:56,054 - httpx - INFO - HTTP Request: GET http://localhost:55862/task?agent_id=a9f080cc "HTTP/1.1 200 OK"
2026-04-21 23:04:56,061 - httpx - INFO - HTTP Request: GET http://localhost:55870/heap/unmerged "HTTP/1.1 200 OK"
2026-04-21 23:04:56,173 - httpx - INFO - HTTP Request: GET http://localhost:55882/heap/unmerged "HTTP/1.1 200 OK"
2026-04-21 23:04:56,282 - httpx - INFO - HTTP Request: GET http://localhost:55878/heap/unmerged "HTTP/1.1 200 OK"
2026-04-21 23:04:56,381 - httpx - INFO - HTTP Request: GET http://localhost:55890/heap/unmerged "HTTP/1.1 200 OK"
2026-04-21 23:04:56,469 - httpx - INFO - HTTP Request: GET http://localhost:55896/heap/unmerged "HTTP/1.1 200 OK"
2026-04-21 23:04:56,630 - httpx - INFO - HTTP Request: GET http://localhost:55907/heap/unmerged "HTTP/1.1 200 OK"
2026-04-21 23:04:56,748 - httpx - INFO - HTTP Request: GET http://localhost:55910/heap/unmerged "HTTP/1.1 200 OK"
2026-04-21 23:04:57,228 - httpx - INFO - HTTP Request: POST http://localhost:55862/allocate_page "HTTP/1.1 200 OK"
2026-04-21 23:04:57,229 - httpx - INFO - HTTP Request: GET http://localhost:55930/heap/unmerged "HTTP/1.1 200 OK"
2026-04-21 23:04:57,329 - httpx - INFO - HTTP Request: GET http://localhost:55940/heap/unmerged "HTTP/1.1 200 OK"
2026-04-21 23:04:57,546 - httpx - INFO - HTTP Request: POST http://localhost:55870/heap/append "HTTP/1.1 200 OK"
2026-04-21 23:04:57,549 - httpx - INFO - HTTP Request: GET http://localhost:55955/heap/unmerged "HTTP/1.1 200 OK"
2026-04-21 23:04:57,766 - httpx - INFO - HTTP Request: POST http://localhost:55862/heap-written "HTTP/1.1 200 OK"
2026-04-21 23:04:57,769 - httpx - INFO - HTTP Request: GET http://localhost:55957/heap/unmerged "HTTP/1.1 200 OK"
2026-04-21 23:04:58,192 - httpx - INFO - HTTP Request: POST http://localhost:55862/allocate_page "HTTP/1.1 200 OK"
2026-04-21 23:04:58,197 - httpx - INFO - HTTP Request: POST http://localhost:55862/allocate_page "HTTP/1.1 200 OK"
2026-04-21 23:04:58,199 - httpx - INFO - HTTP Request: GET http://localhost:55982/heap/unmerged "HTTP/1.1 200 OK"
2026-04-21 23:04:58,314 - httpx - INFO - HTTP Request: GET http://localhost:55986/heap/unmerged "HTTP/1.1 200 OK"
2026-04-21 23:04:59,322 - httpx - INFO - HTTP Request: POST http://localhost:55862/allocate_page "HTTP/1.1 200 OK"
2026-04-21 23:04:59,331 - httpx - INFO - HTTP Request: POST http://localhost:55870/heap/append "HTTP/1.1 200 OK"
2026-04-21 23:04:59,332 - httpx - INFO - HTTP Request: POST http://localhost:55957/heap/append "HTTP/1.1 200 OK"
2026-04-21 23:04:59,333 - httpx - INFO - HTTP Request: GET http://localhost:56015/heap/unmerged "HTTP/1.1 200 OK"
2026-04-21 23:05:00,822 - httpx - INFO - HTTP Request: GET http://localhost:56021/heap/unmerged "HTTP/1.1 200 OK"
2026-04-21 23:05:00,946 - httpx - INFO - HTTP Request: POST http://localhost:55862/heap-written "HTTP/1.1 200 OK"
2026-04-21 23:05:00,948 - httpx - INFO - HTTP Request: POST http://localhost:55862/heap-written "HTTP/1.1 200 OK"
2026-04-21 23:05:00,951 - httpx - INFO - HTTP Request: POST http://localhost:55940/heap/append "HTTP/1.1 200 OK"
2026-04-21 23:05:01,108 - httpx - INFO - HTTP Request: GET http://localhost:55862/task?agent_id=a644674e "HTTP/1.1 200 OK"
2026-04-21 23:05:01,109 - httpx - INFO - HTTP Request: POST http://localhost:55862/allocate_page "HTTP/1.1 200 OK"
2026-04-21 23:05:01,275 - httpx - INFO - HTTP Request: GET http://localhost:56056/heap/unmerged "HTTP/1.1 200 OK"
2026-04-21 23:05:01,646 - httpx - INFO - HTTP Request: POST http://localhost:55862/heap-written "HTTP/1.1 200 OK"
2026-04-21 23:05:01,650 - httpx - INFO - HTTP Request: POST http://localhost:55862/allocate_page "HTTP/1.1 200 OK"
2026-04-21 23:05:01,656 - httpx - INFO - HTTP Request: POST http://localhost:55862/allocate_page "HTTP/1.1 200 OK"
2026-04-21 23:05:01,659 - httpx - INFO - HTTP Request: GET http://localhost:56066/heap/unmerged "HTTP/1.1 200 OK"
2026-04-21 23:05:01,660 - httpx - INFO - HTTP Request: POST http://localhost:55957/heap/append "HTTP/1.1 200 OK"
2026-04-21 23:05:01,912 - httpx - INFO - HTTP Request: GET http://localhost:55938/heap/unmerged "HTTP/1.1 200 OK"
2026-04-21 23:05:01,916 - httpx - INFO - HTTP Request: POST http://localhost:55862/heap-written "HTTP/1.1 200 OK"
[BFF] 获取Agent e7bfb79d 堆段: 0 条
[BFF] all-unmerged 获取完成: 12 条
[BFF] 读取PublicMemory (物理路径): /mnt/d/collections2026/phd_application/nanobot1/milestone2/data/public_memory/public_memory.jsonl, top_k=10000
[BFF] 读取PublicMemory完成: 90 条记录
[BFF] 读取PublicMemory (物理路径): /mnt/d/collections2026/phd_application/nanobot1/milestone2/data/public_memory/public_memory.jsonl, top_k=10000
[BFF] 读取PublicMemory完成: 90 条记录
[BFF] 读取PublicMemory (物理路径): /mnt/d/collections2026/phd_application/nanobot1/milestone2/data/public_memory/public_memory.jsonl, top_k=2
[BFF] 读取PublicMemory完成: 90 条记录
[BFF] 读取PublicMemory (物理路径): /mnt/d/collections2026/phd_application/nanobot1/milestone2/data/public_memory/public_memory.jsonl, top_k=2
[BFF] 读取PublicMemory完成: 90 条记录
[BFF] 写入PublicMemory (物理路径): /mnt/d/collections2026/phd_application/nanobot1/milestone2/data/public_memory/public_memory.jsonl
[BFF] 原子替换PublicMemory: 105 条记录 -> /mnt/d/collections2026/phd_application/nanobot1/milestone2/data/public_memory/public_memory.jsonl
[BFF] 写入PublicMemory (物理路径): /mnt/d/collections2026/phd_application/nanobot1/milestone2/data/public_memory/public_memory.jsonl
[BFF] 原子替换PublicMemory: 105 条记录 -> /mnt/d/collections2026/phd_application/nanobot1/milestone2/data/public_memory/public_memory.jsonl
[BFF] 读取PublicMemory (物理路径): /mnt/d/collections2026/phd_application/nanobot1/milestone2/data/public_memory/public_memory.jsonl, top_k=2
[BFF] 读取PublicMemory完成: 105 条记录
[BFF] 读取PublicMemory (物理路径): /mnt/d/collections2026/phd_application/nanobot1/milestone2/data/public_memory/public_memory.jsonl, top_k=2
[BFF] 读取PublicMemory完成: 105 条记录
[BFF] 读取PublicMemory (物理路径): /mnt/d/collections2026/phd_application/nanobot1/milestone2/data/public_memory/public_memory.jsonl, top_k=2
[BFF] 读取PublicMemory完成: 105 条记录
[BFF] 读取PublicMemory (物理路径): /mnt/d/collections2026/phd_application/nanobot1/milestone2/data/public_memory/public_memory.jsonl, top_k=2
[BFF] 读取PublicMemory完成: 105 条记录
[BFF] Consolidator合并完成: {'status': 'ok', 'original_count': 110, 'deduped_count': 105, 'removed_count': 5, 'pages_marked': 20, 'source': 'km_page_table'}
[BFF] Consolidator合并完成: {'status': 'ok', 'original_count': 110, 'deduped_count': 105, 'removed_count': 5, 'pages_marked': 20, 'source': 'km_page_table'}
[BFF] all-unmerged 请求正在进行，等待完成...
[BFF] 读取PublicMemory (物理路径): /mnt/d/collections2026/phd_application/nanobot1/milestone2/data/public_memory/public_memory.jsonl, top_k=2
[BFF] 读取PublicMemory完成: 105 条记录
[BFF] 读取PublicMemory (物理路径): /mnt/d/collections2026/phd_application/nanobot1/milestone2/data/public_memory/public_memory.jsonl, top_k=2
[BFF] 读取PublicMemory完成: 105 条记录
[BFF] 读取PublicMemory (物理路径): /mnt/d/collections2026/phd_application/nanobot1/milestone2/data/public_memory/public_memory.jsonl, top_k=2
[BFF] 读取PublicMemory完成: 105 条记录
[BFF] 获取Agent 3c9c549e 堆段: 0 条
[BFF] 获取Agent 27f408a7 堆段: 0 条
[BFF] 读取PublicMemory (物理路径): /mnt/d/collections2026/phd_application/nanobot1/milestone2/data/public_memory/public_memory.jsonl, top_k=2
[BFF] 读取PublicMemory完成: 105 条记录
[BFF] 读取PublicMemory (物理路径): /mnt/d/collections2026/phd_application/nanobot1/milestone2/data/public_memory/public_memory.jsonl, top_k=2
[BFF] 读取PublicMemory完成: 105 条记录
[BFF] 读取PublicMemory (物理路径): /mnt/d/collections2026/phd_application/nanobot1/milestone2/data/public_memory/public_memory.jsonl, top_k=2
[BFF] 读取PublicMemory完成: 105 条记录
[BFF] 读取PublicMemory (物理路径): /mnt/d/collections2026/phd_application/nanobot1/milestone2/data/public_memory/public_memory.jsonl, top_k=2
[BFF] 读取PublicMemory完成: 105 条记录
[BFF] 获取Agent fac495b1 堆段: 0 条
[BFF] 获取Agent a644674e 堆段: 0 条
[BFF] 获取Agent 8e7d85d0 堆段: 1 条
[BFF] 读取PublicMemory (物理路径): /mnt/d/collections2026/phd_application/nanobot1/milestone2/data/public_memory/public_memory.jsonl, top_k=2
[BFF] 读取PublicMemory完成: 105 条记录
[BFF] 读取PublicMemory (物理路径): /mnt/d/collections2026/phd_application/nanobot1/milestone2/data/public_memory/public_memory.jsonl, top_k=2
[BFF] 读取PublicMemory完成: 105 条记录
[BFF] 获取Agent ed15a95a 堆段: 2 条
[BFF] 获取Agent a01ebd78 堆段: 0 条
[BFF] all-unmerged 请求正在进行，等待完成...
[BFF] 获取Agent 1ae104b5 堆段: 2 条
[BFF] 读取PublicMemory (物理路径): /mnt/d/collections2026/phd_application/nanobot1/milestone2/data/public_memory/public_memory.jsonl, top_k=2
[BFF] 读取PublicMemory完成: 105 条记录
[BFF] 获取Agent a9f080cc 堆段: 0 条
[BFF] 获取Agent f415bc94 堆段: 0 条
[BFF] 读取PublicMemory (物理路径): /mnt/d/collections2026/phd_application/nanobot1/milestone2/data/public_memory/public_memory.jsonl, top_k=2
[BFF] 读取PublicMemory完成: 105 条记录
[BFF] 读取PublicMemory (物理路径): /mnt/d/collections2026/phd_application/nanobot1/milestone2/data/public_memory/public_memory.jsonl, top_k=2
[BFF] 读取PublicMemory完成: 105 条记录
[BFF] 获取Agent 82415672 堆段: 2 条
[BFF] 获取Agent 01658064 堆段: 0 条
[BFF] 获取Agent d3ce66a2 堆段: 1 条
[BFF] 获取Agent f62b7569 堆段: 1 条
[BFF] 获取Agent c1645623 堆段: 1 条
[BFF] 获取Agent 5e90dbec 堆段: 0 条
[BFF] 获取Agent 9a3eae56 堆段: 0 条
[BFF] 获取Agent 10944fd8 堆段: 0 条
[BFF] 获取Agent 3e8335de 堆段: 2 条
[BFF] 获取Agent e7bfb79d 堆段: 2 条
[BFF] all-unmerged 请求正在进行，等待完成...
[BFF] 获取Agent 905c189e 堆段: 0 条
[BFF] all-unmerged 获取完成: 14 条
[BFF] all-unmerged 命中缓存: 14 条 (缓存剩余 5.0s)
[BFF] 读取PublicMemory (物理路径): /mnt/d/collections2026/phd_application/nanobot1/milestone2/data/public_memory/public_memory.jsonl, top_k=2
[BFF] 读取PublicMemory完成: 105 条记录
[BFF] 读取PublicMemory (物理路径): /mnt/d/collections2026/phd_application/nanobot1/milestone2/data/public_memory/public_memory.jsonl, top_k=2
[BFF] 读取PublicMemory完成: 105 条记录
[BFF] 读取PublicMemory (物理路径): /mnt/d/collections2026/phd_application/nanobot1/milestone2/data/public_memory/public_memory.jsonl, top_k=2
[BFF] 读取PublicMemory完成: 105 条记录
[BFF] 获取Agent 3c9c549e 堆段: 2 条
[BFF] 获取Agent 27f408a7 堆段: 0 条
[BFF] 获取Agent fac495b1 堆段: 0 条
[BFF] all-unmerged 请求正在进行，等待完成...
[BFF] 获取Agent a644674e 堆段: 0 条
[BFF] 读取PublicMemory (物理路径): /mnt/d/collections2026/phd_application/nanobot1/milestone2/data/public_memory/public_memory.jsonl, top_k=2
[BFF] 读取PublicMemory完成: 105 条记录
[BFF] 获取Agent 8e7d85d0 堆段: 1 条
[BFF] 获取Agent ed15a95a 堆段: 2 条
[BFF] 获取Agent a01ebd78 堆段: 2 条
[BFF] 获取Agent 1ae104b5 堆段: 2 条
[BFF] 获取Agent a9f080cc 堆段: 2 条
[BFF] 获取Agent f415bc94 堆段: 2 条
[BFF] 获取Agent 82415672 堆段: 2 条
[BFF] 获取Agent 01658064 堆段: 0 条
[BFF] 获取Agent d3ce66a2 堆段: 1 条
[BFF] 获取Agent f62b7569 堆段: 1 条
[BFF] all-unmerged 请求正在进行，等待完成...
[BFF] 获取Agent c1645623 堆段: 1 条
[BFF] 获取Agent 5e90dbec 堆段: 0 条
[BFF] 获取Agent 9a3eae56 堆段: 0 条
[BFF] 获取Agent 10944fd8 堆段: 0 条
[BFF] all-unmerged 请求正在进行，等待完成...
[BFF] all-unmerged 请求正在进行，等待完成...
[BFF] 获取Agent 3e8335de 堆段: 2 条
[BFF] 读取PublicMemory (物理路径): /mnt/d/collections2026/phd_application/nanobot1/milestone2/data/public_memory/public_memory.jsonl, top_k=2
[BFF] 读取PublicMemory完成: 105 条记录
[BFF] all-unmerged 请求正在进行，等待完成...
[BFF] 获取Agent e7bfb79d 堆段: 2 条
[BFF] 获取Agent 905c189e 堆段: 0 条
[BFF] all-unmerged 获取完成: 22 条
2026-04-21 23:05:03,319 - httpx - INFO - HTTP Request: POST http://localhost:55930/heap/append "HTTP/1.1 200 OK"
2026-04-21 23:05:03,323 - httpx - INFO - HTTP Request: GET http://localhost:55862/task?agent_id=f62b7569 "HTTP/1.1 200 OK"
2026-04-21 23:05:03,449 - httpx - INFO - HTTP Request: POST http://localhost:55862/allocate_page "HTTP/1.1 200 OK"
2026-04-21 23:05:03,451 - httpx - INFO - HTTP Request: POST http://localhost:55862/allocate_page "HTTP/1.1 200 OK"
2026-04-21 23:05:03,455 - httpx - INFO - HTTP Request: POST http://localhost:55940/heap/append "HTTP/1.1 200 OK"
2026-04-21 23:05:03,734 - httpx - INFO - HTTP Request: POST http://localhost:55862/allocate_page "HTTP/1.1 200 OK"
2026-04-21 23:05:03,735 - httpx - INFO - HTTP Request: POST http://localhost:55862/allocate_page "HTTP/1.1 200 OK"
2026-04-21 23:05:04,115 - httpx - INFO - HTTP Request: POST http://localhost:55862/allocate_page "HTTP/1.1 200 OK"
2026-04-21 23:05:04,119 - httpx - INFO - HTTP Request: POST http://localhost:55862/heap-written "HTTP/1.1 200 OK"
2026-04-21 23:05:04,122 - httpx - INFO - HTTP Request: GET http://localhost:55862/active_pages "HTTP/1.1 200 OK"
2026-04-21 23:05:04,127 - httpx - INFO - HTTP Request: POST http://localhost:55862/heap-written "HTTP/1.1 200 OK"
2026-04-21 23:05:04,130 - httpx - INFO - HTTP Request: GET http://localhost:55862/active_pages "HTTP/1.1 200 OK"
2026-04-21 23:05:04,134 - httpx - INFO - HTTP Request: POST http://localhost:55862/allocate_page "HTTP/1.1 200 OK"
2026-04-21 23:05:06,506 - httpx - INFO - HTTP Request: GET http://localhost:55862/task?agent_id=01658064 "HTTP/1.1 200 OK"
2026-04-21 23:05:06,507 - httpx - INFO - HTTP Request: POST http://localhost:55955/heap/append "HTTP/1.1 200 OK"
2026-04-21 23:05:06,516 - httpx - INFO - HTTP Request: POST http://localhost:56015/heap/append "HTTP/1.1 200 OK"
2026-04-21 23:05:06,648 - httpx - INFO - HTTP Request: POST http://localhost:55878/heap/append "HTTP/1.1 200 OK"
2026-04-21 23:05:06,649 - httpx - INFO - HTTP Request: POST http://localhost:55896/heap/append "HTTP/1.1 200 OK"
2026-04-21 23:05:06,650 - httpx - INFO - HTTP Request: POST http://localhost:55869/heap/append "HTTP/1.1 200 OK"
2026-04-21 23:05:06,965 - httpx - INFO - HTTP Request: POST http://localhost:55862/allocate_page "HTTP/1.1 200 OK"
2026-04-21 23:05:06,966 - httpx - INFO - HTTP Request: POST http://localhost:55862/allocate_page "HTTP/1.1 200 OK"
2026-04-21 23:05:06,966 - httpx - INFO - HTTP Request: POST http://localhost:55862/allocate_page "HTTP/1.1 200 OK"
2026-04-21 23:05:06,968 - httpx - INFO - HTTP Request: POST http://localhost:55930/heap/append "HTTP/1.1 200 OK"
2026-04-21 23:05:06,976 - httpx - INFO - HTTP Request: POST http://localhost:55862/allocate_page "HTTP/1.1 200 OK"
2026-04-21 23:05:07,458 - httpx - INFO - HTTP Request: POST http://localhost:55862/mark_pages_merged "HTTP/1.1 200 OK"
2026-04-21 23:05:07,459 - httpx - INFO - HTTP Request: POST http://localhost:55862/mark_pages_merged "HTTP/1.1 200 OK"
2026-04-21 23:05:07,465 - httpx - INFO - HTTP Request: POST http://localhost:55862/heap-written "HTTP/1.1 200 OK"
2026-04-21 23:05:07,578 - httpx - INFO - HTTP Request: POST http://localhost:55862/heap-written "HTTP/1.1 200 OK"
2026-04-21 23:05:07,581 - httpx - INFO - HTTP Request: POST http://localhost:55862/heap-written "HTTP/1.1 200 OK"
2026-04-21 23:05:07,582 - httpx - INFO - HTTP Request: POST http://localhost:55862/heap-written "HTTP/1.1 200 OK"
2026-04-21 23:05:07,686 - httpx - INFO - HTTP Request: POST http://localhost:55862/heap-written "HTTP/1.1 200 OK"
2026-04-21 23:05:07,891 - httpx - INFO - HTTP Request: POST http://localhost:55862/heap-written "HTTP/1.1 200 OK"
2026-04-21 23:05:13,655 - httpx - INFO - HTTP Request: POST http://localhost:55957/heap/mark-merged "HTTP/1.1 200 OK"
2026-04-21 23:05:13,656 - httpx - INFO - HTTP Request: POST http://localhost:55957/heap/mark-merged "HTTP/1.1 200 OK"
2026-04-21 23:05:13,662 - httpx - INFO - HTTP Request: POST http://localhost:55862/allocate_page "HTTP/1.1 200 OK"
2026-04-21 23:05:13,666 - httpx - INFO - HTTP Request: POST http://localhost:56066/heap/append "HTTP/1.1 200 OK"
2026-04-21 23:05:13,677 - httpx - INFO - HTTP Request: GET http://localhost:55862/task?agent_id=82415672 "HTTP/1.1 200 OK"
2026-04-21 23:05:13,683 - httpx - INFO - HTTP Request: POST http://localhost:55930/heap/mark-merged "HTTP/1.1 200 OK"
2026-04-21 23:05:13,684 - httpx - INFO - HTTP Request: POST http://localhost:56056/heap/mark-merged "HTTP/1.1 200 OK"
2026-04-21 23:05:13,685 - httpx - INFO - HTTP Request: POST http://localhost:55862/allocate_page "HTTP/1.1 200 OK"
2026-04-21 23:05:13,685 - httpx - INFO - HTTP Request: POST http://localhost:55862/allocate_page "HTTP/1.1 200 OK"
2026-04-21 23:05:13,686 - httpx - INFO - HTTP Request: POST http://localhost:55862/allocate_page "HTTP/1.1 200 OK"
2026-04-21 23:05:13,686 - httpx - INFO - HTTP Request: POST http://localhost:55862/allocate_page "HTTP/1.1 200 OK"
2026-04-21 23:05:13,687 - httpx - INFO - HTTP Request: POST http://localhost:56056/heap/mark-merged "HTTP/1.1 200 OK"
2026-04-21 23:05:13,687 - httpx - INFO - HTTP Request: POST http://localhost:55862/allocate_page "HTTP/1.1 200 OK"
2026-04-21 23:05:13,688 - httpx - INFO - HTTP Request: POST http://localhost:55910/heap/mark-merged "HTTP/1.1 200 OK"
2026-04-21 23:05:13,688 - httpx - INFO - HTTP Request: POST http://localhost:55870/heap/mark-merged "HTTP/1.1 200 OK"
2026-04-21 23:05:13,689 - httpx - INFO - HTTP Request: POST http://localhost:56015/heap/mark-merged "HTTP/1.1 200 OK"
2026-04-21 23:05:13,690 - httpx - INFO - HTTP Request: POST http://localhost:55862/allocate_page "HTTP/1.1 200 OK"
2026-04-21 23:05:13,690 - httpx - INFO - HTTP Request: POST http://localhost:55986/heap/append "HTTP/1.1 200 OK"
2026-04-21 23:05:13,691 - httpx - INFO - HTTP Request: POST http://localhost:55930/heap/mark-merged "HTTP/1.1 200 OK"
2026-04-21 23:05:13,691 - httpx - INFO - HTTP Request: POST http://localhost:55878/heap/mark-merged "HTTP/1.1 200 OK"
2026-04-21 23:05:13,695 - httpx - INFO - HTTP Request: POST http://localhost:55866/heap/mark-merged "HTTP/1.1 200 OK"
2026-04-21 23:05:13,696 - httpx - INFO - HTTP Request: POST http://localhost:55940/heap/mark-merged "HTTP/1.1 200 OK"
2026-04-21 23:05:13,698 - httpx - INFO - HTTP Request: POST http://localhost:55910/heap/append "HTTP/1.1 200 OK"
2026-04-21 23:05:13,699 - httpx - INFO - HTTP Request: POST http://localhost:55955/heap/mark-merged "HTTP/1.1 200 OK"
2026-04-21 23:05:13,699 - httpx - INFO - HTTP Request: POST http://localhost:55882/heap/mark-merged "HTTP/1.1 200 OK"
2026-04-21 23:05:13,700 - httpx - INFO - HTTP Request: POST http://localhost:55869/heap/mark-merged "HTTP/1.1 200 OK"
2026-04-21 23:05:13,700 - httpx - INFO - HTTP Request: POST http://localhost:56015/heap/mark-merged "HTTP/1.1 200 OK"
2026-04-21 23:05:13,700 - httpx - INFO - HTTP Request: POST http://localhost:55866/heap/mark-merged "HTTP/1.1 200 OK"
2026-04-21 23:05:13,701 - httpx - INFO - HTTP Request: POST http://localhost:55982/heap/mark-merged "HTTP/1.1 200 OK"
2026-04-21 23:05:13,701 - httpx - INFO - HTTP Request: POST http://localhost:55907/heap/mark-merged "HTTP/1.1 200 OK"
2026-04-21 23:05:13,702 - httpx - INFO - HTTP Request: POST http://localhost:56066/heap/mark-merged "HTTP/1.1 200 OK"
2026-04-21 23:05:13,702 - httpx - INFO - HTTP Request: POST http://localhost:55878/heap/mark-merged "HTTP/1.1 200 OK"
2026-04-21 23:05:13,703 - httpx - INFO - HTTP Request: POST http://localhost:55870/heap/mark-merged "HTTP/1.1 200 OK"
2026-04-21 23:05:13,703 - httpx - INFO - HTTP Request: POST http://localhost:55940/heap/mark-merged "HTTP/1.1 200 OK"
2026-04-21 23:05:13,704 - httpx - INFO - HTTP Request: POST http://localhost:55890/heap/mark-merged "HTTP/1.1 200 OK"
2026-04-21 23:05:13,705 - httpx - INFO - HTTP Request: POST http://localhost:55896/heap/mark-merged "HTTP/1.1 200 OK"
2026-04-21 23:05:13,706 - httpx - INFO - HTTP Request: POST http://localhost:55955/heap/mark-merged "HTTP/1.1 200 OK"
2026-04-21 23:05:13,706 - httpx - INFO - HTTP Request: POST http://localhost:55869/heap/mark-merged "HTTP/1.1 200 OK"
2026-04-21 23:05:13,707 - httpx - INFO - HTTP Request: POST http://localhost:55882/heap/mark-merged "HTTP/1.1 200 OK"
2026-04-21 23:05:13,708 - httpx - INFO - HTTP Request: POST http://localhost:55910/heap/mark-merged "HTTP/1.1 200 OK"
2026-04-21 23:05:13,708 - httpx - INFO - HTTP Request: POST http://localhost:55982/heap/mark-merged "HTTP/1.1 200 OK"
2026-04-21 23:05:13,708 - httpx - INFO - HTTP Request: POST http://localhost:55890/heap/mark-merged "HTTP/1.1 200 OK"
2026-04-21 23:05:13,709 - httpx - INFO - HTTP Request: POST http://localhost:56066/heap/mark-merged "HTTP/1.1 200 OK"
2026-04-21 23:05:13,805 - httpx - INFO - HTTP Request: POST http://localhost:55896/heap/mark-merged "HTTP/1.1 200 OK"
2026-04-21 23:05:13,806 - httpx - INFO - HTTP Request: POST http://localhost:55907/heap/mark-merged "HTTP/1.1 200 OK"
2026-04-21 23:05:13,834 - httpx - INFO - HTTP Request: POST http://localhost:55890/heap/append "HTTP/1.1 200 OK"
2026-04-21 23:05:13,891 - httpx - INFO - HTTP Request: GET http://localhost:55862/task?agent_id=c1645623 "HTTP/1.1 200 OK"
2026-04-21 23:05:14,217 - httpx - INFO - HTTP Request: POST http://localhost:55862/allocate_page "HTTP/1.1 200 OK"
2026-04-21 23:05:14,218 - httpx - INFO - HTTP Request: POST http://localhost:55938/execute_merge "HTTP/1.1 200 OK"
2026-04-21 23:05:14,221 - httpx - INFO - HTTP Request: POST http://localhost:55938/execute_merge "HTTP/1.1 200 OK"
2026-04-21 23:05:16,006 - httpx - INFO - HTTP Request: POST http://localhost:55862/heap-written "HTTP/1.1 200 OK"
2026-04-21 23:05:16,411 - httpx - INFO - HTTP Request: POST http://localhost:55862/heap-written "HTTP/1.1 200 OK"
2026-04-21 23:05:16,413 - httpx - INFO - HTTP Request: POST http://localhost:55862/heap-written "HTTP/1.1 200 OK"
2026-04-21 23:05:16,417 - httpx - INFO - HTTP Request: POST http://localhost:55862/heap-written "HTTP/1.1 200 OK"
2026-04-21 23:05:16,435 - httpx - INFO - HTTP Request: POST http://localhost:56056/heap/append "HTTP/1.1 200 OK"
2026-04-21 23:05:16,445 - httpx - INFO - HTTP Request: POST http://localhost:55862/allocate_page "HTTP/1.1 200 OK"
2026-04-21 23:05:16,453 - httpx - INFO - HTTP Request: POST http://localhost:55862/allocate_page "HTTP/1.1 200 OK"
2026-04-21 23:05:17,090 - httpx - INFO - HTTP Request: POST http://localhost:55862/allocate_page "HTTP/1.1 200 OK"
2026-04-21 23:05:17,091 - httpx - INFO - HTTP Request: POST http://localhost:55882/heap/append "HTTP/1.1 200 OK"
2026-04-21 23:05:17,104 - httpx - INFO - HTTP Request: GET http://localhost:55866/heap/unmerged "HTTP/1.1 200 OK"
2026-04-21 23:05:17,216 - httpx - INFO - HTTP Request: POST http://localhost:55865/heap/append "HTTP/1.1 200 OK"
2026-04-21 23:05:17,557 - httpx - INFO - HTTP Request: POST http://localhost:55862/allocate_page "HTTP/1.1 200 OK"
2026-04-21 23:05:17,557 - httpx - INFO - HTTP Request: POST http://localhost:56015/heap/append "HTTP/1.1 200 OK"
2026-04-21 23:05:17,558 - httpx - INFO - HTTP Request: POST http://localhost:55862/allocate_page "HTTP/1.1 200 OK"
2026-04-21 23:05:17,559 - httpx - INFO - HTTP Request: POST http://localhost:55955/heap/append "HTTP/1.1 200 OK"
2026-04-21 23:05:17,559 - httpx - INFO - HTTP Request: POST http://localhost:55878/heap/append "HTTP/1.1 200 OK"
2026-04-21 23:05:17,560 - httpx - INFO - HTTP Request: POST http://localhost:55869/heap/append "HTTP/1.1 200 OK"
2026-04-21 23:05:17,561 - httpx - INFO - HTTP Request: POST http://localhost:55896/heap/append "HTTP/1.1 200 OK"
2026-04-21 23:05:18,886 - httpx - INFO - HTTP Request: POST http://localhost:55862/heap-written "HTTP/1.1 200 OK"
2026-04-21 23:05:19,917 - httpx - INFO - HTTP Request: GET http://localhost:55865/heap/unmerged "HTTP/1.1 200 OK"
2026-04-21 23:05:19,936 - httpx - INFO - HTTP Request: POST http://localhost:55862/heap-written "HTTP/1.1 200 OK"
2026-04-21 23:05:19,937 - httpx - INFO - HTTP Request: POST http://localhost:55862/allocate_page "HTTP/1.1 200 OK"
2026-04-21 23:05:19,937 - httpx - INFO - HTTP Request: POST http://localhost:56066/heap/append "HTTP/1.1 200 OK"
2026-04-21 23:05:20,075 - httpx - INFO - HTTP Request: POST http://localhost:55862/heap-written "HTTP/1.1 200 OK"
2026-04-21 23:05:20,237 - httpx - INFO - HTTP Request: POST http://localhost:55862/heap-written "HTTP/1.1 200 OK"
2026-04-21 23:05:20,238 - httpx - INFO - HTTP Request: POST http://localhost:55862/heap-written "HTTP/1.1 200 OK"
2026-04-21 23:05:20,240 - httpx - INFO - HTTP Request: POST http://localhost:55862/heap-written "HTTP/1.1 200 OK"
2026-04-21 23:05:20,240 - httpx - INFO - HTTP Request: POST http://localhost:55862/heap-written "HTTP/1.1 200 OK"
2026-04-21 23:05:20,241 - httpx - INFO - HTTP Request: POST http://localhost:55862/heap-written "HTTP/1.1 200 OK"
2026-04-21 23:05:20,365 - httpx - INFO - HTTP Request: GET http://localhost:55862/task?agent_id=f62b7569 "HTTP/1.1 200 OK"
2026-04-21 23:05:20,366 - httpx - INFO - HTTP Request: POST http://localhost:55986/heap/append "HTTP/1.1 200 OK"
2026-04-21 23:05:20,368 - httpx - INFO - HTTP Request: POST http://localhost:55862/allocate_page "HTTP/1.1 200 OK"
2026-04-21 23:05:20,586 - httpx - INFO - HTTP Request: POST http://localhost:55890/heap/append "HTTP/1.1 200 OK"
2026-04-21 23:05:20,592 - httpx - INFO - HTTP Request: POST http://localhost:55862/allocate_page "HTTP/1.1 200 OK"
2026-04-21 23:05:20,682 - httpx - INFO - HTTP Request: POST http://localhost:55862/allocate_page "HTTP/1.1 200 OK"
2026-04-21 23:05:20,692 - httpx - INFO - HTTP Request: GET http://localhost:55862/task?agent_id=ed15a95a "HTTP/1.1 200 OK"
2026-04-21 23:05:20,693 - httpx - INFO - HTTP Request: GET http://localhost:55862/task?agent_id=9a3eae56 "HTTP/1.1 200 OK"
2026-04-21 23:05:20,693 - httpx - INFO - HTTP Request: GET http://localhost:55862/task?agent_id=d3ce66a2 "HTTP/1.1 200 OK"
2026-04-21 23:05:20,694 - httpx - INFO - HTTP Request: GET http://localhost:55862/task?agent_id=fac495b1 "HTTP/1.1 200 OK"
2026-04-21 23:05:20,694 - httpx - INFO - HTTP Request: GET http://localhost:55862/task?agent_id=1ae104b5 "HTTP/1.1 200 OK"
2026-04-21 23:05:20,795 - httpx - INFO - HTTP Request: POST http://localhost:55866/heap/append "HTTP/1.1 200 OK"
2026-04-21 23:05:20,796 - httpx - INFO - HTTP Request: POST http://localhost:55910/heap/append "HTTP/1.1 200 OK"
2026-04-21 23:05:20,814 - httpx - INFO - HTTP Request: GET http://localhost:55869/heap/unmerged "HTTP/1.1 200 OK"
2026-04-21 23:05:21,274 - httpx - INFO - HTTP Request: POST http://localhost:55862/heap-written "HTTP/1.1 200 OK"
2026-04-21 23:05:21,280 - httpx - INFO - HTTP Request: GET http://localhost:55862/task?agent_id=e7bfb79d "HTTP/1.1 200 OK"
2026-04-21 23:05:21,295 - httpx - INFO - HTTP Request: POST http://localhost:56056/heap/append "HTTP/1.1 200 OK"
2026-04-21 23:05:22,074 - httpx - INFO - HTTP Request: POST http://localhost:55862/heap-written "HTTP/1.1 200 OK"
2026-04-21 23:05:22,489 - httpx - INFO - HTTP Request: POST http://localhost:55862/heap-written "HTTP/1.1 200 OK"
2026-04-21 23:05:22,760 - httpx - INFO - HTTP Request: POST http://localhost:55862/heap-written "HTTP/1.1 200 OK"
2026-04-21 23:05:22,761 - httpx - INFO - HTTP Request: POST http://localhost:55862/heap-written "HTTP/1.1 200 OK"
2026-04-21 23:05:22,766 - httpx - INFO - HTTP Request: GET http://localhost:13564/health "HTTP/1.1 200 OK"
2026-04-21 23:05:22,768 - httpx - INFO - HTTP Request: GET http://localhost:55870/heap/unmerged "HTTP/1.1 200 OK"
2026-04-21 23:05:22,986 - httpx - INFO - HTTP Request: GET http://localhost:55862/task?agent_id=5e90dbec "HTTP/1.1 200 OK"
2026-04-21 23:05:22,988 - httpx - INFO - HTTP Request: GET http://localhost:55862/task?agent_id=a01ebd78 "HTTP/1.1 200 OK"
2026-04-21 23:05:22,989 - httpx - INFO - HTTP Request: POST http://localhost:55865/heap/append "HTTP/1.1 200 OK"
2026-04-21 23:05:22,990 - httpx - INFO - HTTP Request: POST http://localhost:55882/heap/append "HTTP/1.1 200 OK"
2026-04-21 23:05:22,990 - httpx - INFO - HTTP Request: POST http://localhost:55907/heap/append "HTTP/1.1 200 OK"
2026-04-21 23:05:23,003 - httpx - INFO - HTTP Request: POST http://localhost:55862/heap-written "HTTP/1.1 200 OK"
2026-04-21 23:05:23,336 - httpx - INFO - HTTP Request: GET http://localhost:55862/task?agent_id=f415bc94 "HTTP/1.1 200 OK"
2026-04-21 23:05:23,341 - httpx - INFO - HTTP Request: POST http://localhost:55862/allocate_page "HTTP/1.1 200 OK"
2026-04-21 23:05:23,594 - httpx - INFO - HTTP Request: POST http://localhost:55862/heap-written "HTTP/1.1 200 OK"
2026-04-21 23:05:23,598 - httpx - INFO - HTTP Request: POST http://localhost:55862/heap-written "HTTP/1.1 200 OK"
2026-04-21 23:05:23,599 - httpx - INFO - HTTP Request: POST http://localhost:55862/heap-written "HTTP/1.1 200 OK"
2026-04-21 23:05:23,600 - httpx - INFO - HTTP Request: GET http://localhost:55862/task?agent_id=3e8335de "HTTP/1.1 200 OK"
2026-04-21 23:05:23,608 - httpx - INFO - HTTP Request: GET http://localhost:55882/heap/unmerged "HTTP/1.1 200 OK"
2026-04-21 23:05:24,348 - httpx - INFO - HTTP Request: GET http://localhost:55862/active_pages "HTTP/1.1 200 OK"
2026-04-21 23:05:24,352 - httpx - INFO - HTTP Request: GET http://localhost:55862/task?agent_id=27f408a7 "HTTP/1.1 200 OK"
2026-04-21 23:05:24,358 - httpx - INFO - HTTP Request: GET http://localhost:55862/task?agent_id=8e7d85d0 "HTTP/1.1 200 OK"
2026-04-21 23:05:24,359 - httpx - INFO - HTTP Request: GET http://localhost:55878/heap/unmerged "HTTP/1.1 200 OK"
2026-04-21 23:05:24,360 - httpx - INFO - HTTP Request: POST http://localhost:55862/allocate_page "HTTP/1.1 200 OK"
2026-04-21 23:05:24,503 - httpx - INFO - HTTP Request: POST http://localhost:55866/heap/append "HTTP/1.1 200 OK"
2026-04-21 23:05:24,509 - httpx - INFO - HTTP Request: GET http://localhost:55890/heap/unmerged "HTTP/1.1 200 OK"
2026-04-21 23:05:24,998 - httpx - INFO - HTTP Request: POST http://localhost:55862/heap-written "HTTP/1.1 200 OK"
2026-04-21 23:05:25,002 - httpx - INFO - HTTP Request: GET http://localhost:55862/task?agent_id=3c9c549e "HTTP/1.1 200 OK"
2026-04-21 23:05:25,007 - httpx - INFO - HTTP Request: POST http://localhost:55907/heap/append "HTTP/1.1 200 OK"
2026-04-21 23:05:25,008 - httpx - INFO - HTTP Request: GET http://localhost:55896/heap/unmerged "HTTP/1.1 200 OK"
2026-04-21 23:05:25,798 - httpx - INFO - HTTP Request: GET http://localhost:55907/heap/unmerged "HTTP/1.1 200 OK"
2026-04-21 23:05:25,934 - httpx - INFO - HTTP Request: POST http://localhost:55862/heap-written "HTTP/1.1 200 OK"
2026-04-21 23:05:25,937 - httpx - INFO - HTTP Request: GET http://localhost:55862/task?agent_id=a9f080cc "HTTP/1.1 200 OK"
2026-04-21 23:05:25,946 - httpx - INFO - HTTP Request: GET http://localhost:55910/heap/unmerged "HTTP/1.1 200 OK"
2026-04-21 23:05:26,087 - httpx - INFO - HTTP Request: GET http://localhost:55930/heap/unmerged "HTTP/1.1 200 OK"
2026-04-21 23:05:26,399 - httpx - INFO - HTTP Request: POST http://localhost:55862/mark_pages_merged "HTTP/1.1 200 OK"
2026-04-21 23:05:26,405 - httpx - INFO - HTTP Request: GET http://localhost:55940/heap/unmerged "HTTP/1.1 200 OK"
2026-04-21 23:05:28,672 - httpx - INFO - HTTP Request: POST http://localhost:55930/heap/mark-merged "HTTP/1.1 200 OK"
2026-04-21 23:05:28,673 - httpx - INFO - HTTP Request: POST http://localhost:55865/heap/mark-merged "HTTP/1.1 200 OK"
2026-04-21 23:05:28,673 - httpx - INFO - HTTP Request: GET http://localhost:55955/heap/unmerged "HTTP/1.1 200 OK"
2026-04-21 23:05:28,675 - httpx - INFO - HTTP Request: POST http://localhost:56056/heap/mark-merged "HTTP/1.1 200 OK"
2026-04-21 23:05:28,676 - httpx - INFO - HTTP Request: POST http://localhost:55986/heap/mark-merged "HTTP/1.1 200 OK"
2026-04-21 23:05:28,785 - httpx - INFO - HTTP Request: POST http://localhost:55910/heap/mark-merged "HTTP/1.1 200 OK"
2026-04-21 23:05:28,786 - httpx - INFO - HTTP Request: POST http://localhost:55896/heap/mark-merged "HTTP/1.1 200 OK"
2026-04-21 23:05:28,787 - httpx - INFO - HTTP Request: GET http://localhost:55862/task?agent_id=c1645623 "HTTP/1.1 200 OK"
2026-04-21 23:05:28,787 - httpx - INFO - HTTP Request: POST http://localhost:55882/heap/mark-merged "HTTP/1.1 200 OK"
2026-04-21 23:05:28,788 - httpx - INFO - HTTP Request: POST http://localhost:55862/allocate_page "HTTP/1.1 200 OK"
2026-04-21 23:05:28,788 - httpx - INFO - HTTP Request: POST http://localhost:55955/heap/mark-merged "HTTP/1.1 200 OK"
2026-04-21 23:05:28,793 - httpx - INFO - HTTP Request: POST http://localhost:56066/heap/mark-merged "HTTP/1.1 200 OK"
2026-04-21 23:05:28,793 - httpx - INFO - HTTP Request: POST http://localhost:55890/heap/mark-merged "HTTP/1.1 200 OK"
2026-04-21 23:05:28,794 - httpx - INFO - HTTP Request: POST http://localhost:55869/heap/mark-merged "HTTP/1.1 200 OK"
2026-04-21 23:05:28,794 - httpx - INFO - HTTP Request: POST http://localhost:55866/heap/mark-merged "HTTP/1.1 200 OK"
2026-04-21 23:05:28,795 - httpx - INFO - HTTP Request: POST http://localhost:55878/heap/mark-merged "HTTP/1.1 200 OK"
2026-04-21 23:05:28,807 - httpx - INFO - HTTP Request: POST http://localhost:56015/heap/mark-merged "HTTP/1.1 200 OK"
2026-04-21 23:05:28,809 - httpx - INFO - HTTP Request: POST http://localhost:55907/heap/mark-merged "HTTP/1.1 200 OK"
2026-04-21 23:05:28,843 - httpx - INFO - HTTP Request: POST http://localhost:13564/execute_merge "HTTP/1.1 200 OK"
2026-04-21 23:05:28,861 - httpx - INFO - HTTP Request: GET http://localhost:55957/heap/unmerged "HTTP/1.1 200 OK"
2026-04-21 23:05:29,156 - httpx - INFO - HTTP Request: POST http://localhost:56021/heap/append "HTTP/1.1 200 OK"
2026-04-21 23:05:29,264 - httpx - INFO - HTTP Request: GET http://localhost:55982/heap/unmerged "HTTP/1.1 200 OK"
2026-04-21 23:05:29,562 - httpx - INFO - HTTP Request: POST http://localhost:55862/heap-written "HTTP/1.1 200 OK"
2026-04-21 23:05:29,565 - httpx - INFO - HTTP Request: POST http://localhost:55862/allocate_page "HTTP/1.1 200 OK"
2026-04-21 23:05:29,567 - httpx - INFO - HTTP Request: GET http://localhost:55986/heap/unmerged "HTTP/1.1 200 OK"
2026-04-21 23:05:29,788 - httpx - INFO - HTTP Request: POST http://localhost:56021/heap/append "HTTP/1.1 200 OK"
2026-04-21 23:05:29,792 - httpx - INFO - HTTP Request: GET http://localhost:56015/heap/unmerged "HTTP/1.1 200 OK"
2026-04-21 23:05:30,229 - httpx - INFO - HTTP Request: POST http://localhost:55862/heap-written "HTTP/1.1 200 OK"
2026-04-21 23:05:30,233 - httpx - INFO - HTTP Request: GET http://localhost:55862/task?agent_id=10944fd8 "HTTP/1.1 200 OK"
2026-04-21 23:05:30,233 - httpx - INFO - HTTP Request: GET http://localhost:56021/heap/unmerged "HTTP/1.1 200 OK"
2026-04-21 23:05:30,333 - httpx - INFO - HTTP Request: GET http://localhost:56056/heap/unmerged "HTTP/1.1 200 OK"
2026-04-21 23:05:30,441 - httpx - INFO - HTTP Request: GET http://localhost:56066/heap/unmerged "HTTP/1.1 200 OK"
2026-04-21 23:05:31,191 - httpx - INFO - HTTP Request: POST http://localhost:55862/allocate_page "HTTP/1.1 200 OK"
2026-04-21 23:05:31,526 - httpx - INFO - HTTP Request: POST http://localhost:55862/allocate_page "HTTP/1.1 200 OK"
2026-04-21 23:05:31,530 - httpx - INFO - HTTP Request: POST http://localhost:55940/heap/append "HTTP/1.1 200 OK"
2026-04-21 23:05:31,679 - httpx - INFO - HTTP Request: POST http://localhost:55862/heap-written "HTTP/1.1 200 OK"
2026-04-21 23:05:31,932 - httpx - INFO - HTTP Request: POST http://localhost:55870/heap/append "HTTP/1.1 200 OK"
2026-04-21 23:05:31,935 - httpx - INFO - HTTP Request: POST http://localhost:55862/allocate_page "HTTP/1.1 200 OK"
2026-04-21 23:05:32,312 - httpx - INFO - HTTP Request: POST http://localhost:55862/heap-written "HTTP/1.1 200 OK"
2026-04-21 23:05:32,318 - httpx - INFO - HTTP Request: POST http://localhost:55862/allocate_page "HTTP/1.1 200 OK"
2026-04-21 23:05:32,320 - httpx - INFO - HTTP Request: POST http://localhost:55940/heap/append "HTTP/1.1 200 OK"
2026-04-21 23:05:32,422 - httpx - INFO - HTTP Request: POST http://localhost:55862/heap-written "HTTP/1.1 200 OK"
2026-04-21 23:05:32,792 - httpx - INFO - HTTP Request: GET http://localhost:55862/task?agent_id=01658064 "HTTP/1.1 200 OK"
2026-04-21 23:05:32,796 - httpx - INFO - HTTP Request: POST http://localhost:55870/heap/append "HTTP/1.1 200 OK"
2026-04-21 23:05:32,905 - httpx - INFO - HTTP Request: POST http://localhost:55862/heap-written "HTTP/1.1 200 OK"
2026-04-21 23:05:33,025 - httpx - INFO - HTTP Request: GET http://localhost:55862/task?agent_id=a644674e "HTTP/1.1 200 OK"
[BFF] all-unmerged 命中缓存: 22 条 (缓存剩余 4.7s)
[BFF] Consolidator容器已存在: 905c189e
[BFF] 转发合并请求到Consolidator: http://localhost:55938/execute_merge
[BFF] Consolidator容器已存在: 905c189e
[BFF] 转发合并请求到Consolidator: http://localhost:55938/execute_merge
[BFF] 读取PublicMemory (物理路径): /mnt/d/collections2026/phd_application/nanobot1/milestone2/data/public_memory/public_memory.jsonl, top_k=2
[BFF] 读取PublicMemory完成: 105 条记录
[BFF] 读取PublicMemory (物理路径): /mnt/d/collections2026/phd_application/nanobot1/milestone2/data/public_memory/public_memory.jsonl, top_k=10000
[BFF] 读取PublicMemory完成: 105 条记录
[BFF] 读取PublicMemory (物理路径): /mnt/d/collections2026/phd_application/nanobot1/milestone2/data/public_memory/public_memory.jsonl, top_k=10000
[BFF] 读取PublicMemory完成: 105 条记录
[BFF] 写入PublicMemory (物理路径): /mnt/d/collections2026/phd_application/nanobot1/milestone2/data/public_memory/public_memory.jsonl
[BFF] 原子替换PublicMemory: 128 条记录 -> /mnt/d/collections2026/phd_application/nanobot1/milestone2/data/public_memory/public_memory.jsonl
[BFF] 写入PublicMemory (物理路径): /mnt/d/collections2026/phd_application/nanobot1/milestone2/data/public_memory/public_memory.jsonl
[BFF] 原子替换PublicMemory: 128 条记录 -> /mnt/d/collections2026/phd_application/nanobot1/milestone2/data/public_memory/public_memory.jsonl
[BFF] 读取PublicMemory (物理路径): /mnt/d/collections2026/phd_application/nanobot1/milestone2/data/public_memory/public_memory.jsonl, top_k=2
[BFF] 读取PublicMemory完成: 128 条记录
[BFF] 邻居发现: 所有父子关系已建立
[BFF] Consolidator合并完成: {'status': 'ok', 'original_count': 139, 'deduped_count': 128, 'removed_count': 11, 'pages_marked': 34, 'source': 'km_page_table'}
[BFF] Consolidator合并完成: {'status': 'ok', 'original_count': 139, 'deduped_count': 128, 'removed_count': 11, 'pages_marked': 34, 'source': 'km_page_table'}
[BFF] 读取PublicMemory (物理路径): /mnt/d/collections2026/phd_application/nanobot1/milestone2/data/public_memory/public_memory.jsonl, top_k=2
[BFF] 读取PublicMemory完成: 128 条记录
[BFF] all-unmerged 请求正在进行，等待完成...
[BFF] 读取PublicMemory (物理路径): /mnt/d/collections2026/phd_application/nanobot1/milestone2/data/public_memory/public_memory.jsonl, top_k=2
[BFF] 读取PublicMemory完成: 128 条记录
[BFF] 容器不存在 905c189e，清理中...
[BFF] 健康检查: 已清理 1 个无效容器
[BFF] all-unmerged 请求正在进行，等待完成...
[BFF] 创建Consolidator容器...
[BFF] 获取Agent 3c9c549e 堆段: 0 条
[BFF] 获取Agent 27f408a7 堆段: 1 条
[BFF] 获取Agent fac495b1 堆段: 1 条
[BFF] 读取PublicMemory (物理路径): /mnt/d/collections2026/phd_application/nanobot1/milestone2/data/public_memory/public_memory.jsonl, top_k=2
[BFF] 读取PublicMemory完成: 128 条记录
[BFF] 读取PublicMemory (物理路径): /mnt/d/collections2026/phd_application/nanobot1/milestone2/data/public_memory/public_memory.jsonl, top_k=2
[BFF] 读取PublicMemory完成: 128 条记录
[BFF] 读取PublicMemory (物理路径): /mnt/d/collections2026/phd_application/nanobot1/milestone2/data/public_memory/public_memory.jsonl, top_k=2
[BFF] 读取PublicMemory完成: 128 条记录
[BFF] 读取PublicMemory (物理路径): /mnt/d/collections2026/phd_application/nanobot1/milestone2/data/public_memory/public_memory.jsonl, top_k=2
[BFF] 读取PublicMemory完成: 128 条记录
[BFF] 读取PublicMemory (物理路径): /mnt/d/collections2026/phd_application/nanobot1/milestone2/data/public_memory/public_memory.jsonl, top_k=2
[BFF] 读取PublicMemory完成: 128 条记录
[BFF] 读取PublicMemory (物理路径): /mnt/d/collections2026/phd_application/nanobot1/milestone2/data/public_memory/public_memory.jsonl, top_k=2
[BFF] 读取PublicMemory完成: 128 条记录
[BFF] 读取PublicMemory (物理路径): /mnt/d/collections2026/phd_application/nanobot1/milestone2/data/public_memory/public_memory.jsonl, top_k=2
[BFF] 读取PublicMemory完成: 128 条记录
[Orchestrator] Container consolidator_b11d5438 is ready
[Orchestrator] Created container consolidator_b11d5438
[BFF] Consolidator容器已创建: b11d5438
[BFF] Consolidator容器已创建: b11d5438
[BFF] Consolidator容器已创建: b11d5438
[BFF] 转发合并请求到Consolidator: http://localhost:13564/execute_merge
[BFF] 获取Agent a644674e 堆段: 0 条
[BFF] 获取Agent 8e7d85d0 堆段: 2 条
[BFF] 读取PublicMemory (物理路径): /mnt/d/collections2026/phd_application/nanobot1/milestone2/data/public_memory/public_memory.jsonl, top_k=2
[BFF] 读取PublicMemory完成: 128 条记录
[BFF] 读取PublicMemory (物理路径): /mnt/d/collections2026/phd_application/nanobot1/milestone2/data/public_memory/public_memory.jsonl, top_k=2
[BFF] 读取PublicMemory完成: 128 条记录
[BFF] 读取PublicMemory (物理路径): /mnt/d/collections2026/phd_application/nanobot1/milestone2/data/public_memory/public_memory.jsonl, top_k=2
[BFF] 读取PublicMemory完成: 128 条记录
[BFF] 读取PublicMemory (物理路径): /mnt/d/collections2026/phd_application/nanobot1/milestone2/data/public_memory/public_memory.jsonl, top_k=2
[BFF] 读取PublicMemory完成: 128 条记录
[BFF] 获取Agent ed15a95a 堆段: 1 条
[BFF] 读取PublicMemory (物理路径): /mnt/d/collections2026/phd_application/nanobot1/milestone2/data/public_memory/public_memory.jsonl, top_k=10000
[BFF] 读取PublicMemory完成: 128 条记录
[BFF] 获取Agent a01ebd78 堆段: 2 条
[BFF] 读取PublicMemory (物理路径): /mnt/d/collections2026/phd_application/nanobot1/milestone2/data/public_memory/public_memory.jsonl, top_k=2
[BFF] 读取PublicMemory完成: 128 条记录
[BFF] 读取PublicMemory (物理路径): /mnt/d/collections2026/phd_application/nanobot1/milestone2/data/public_memory/public_memory.jsonl, top_k=2
[BFF] 读取PublicMemory完成: 128 条记录
[BFF] 获取Agent 1ae104b5 堆段: 1 条
[BFF] 读取PublicMemory (物理路径): /mnt/d/collections2026/phd_application/nanobot1/milestone2/data/public_memory/public_memory.jsonl, top_k=2
[BFF] 读取PublicMemory完成: 128 条记录
[BFF] 获取Agent a9f080cc 堆段: 2 条
[BFF] 获取Agent f415bc94 堆段: 2 条
[BFF] 读取PublicMemory (物理路径): /mnt/d/collections2026/phd_application/nanobot1/milestone2/data/public_memory/public_memory.jsonl, top_k=2
[BFF] 读取PublicMemory完成: 128 条记录
[BFF] 写入PublicMemory (物理路径): /mnt/d/collections2026/phd_application/nanobot1/milestone2/data/public_memory/public_memory.jsonl
[BFF] 原子替换PublicMemory: 143 条记录 -> /mnt/d/collections2026/phd_application/nanobot1/milestone2/data/public_memory/public_memory.jsonl
[BFF] 获取Agent 82415672 堆段: 1 条
[BFF] 获取Agent 01658064 堆段: 0 条
[BFF] 获取Agent d3ce66a2 堆段: 1 条
[BFF] Consolidator合并完成: {'status': 'ok', 'original_count': 151, 'deduped_count': 143, 'removed_count': 8, 'pages_marked': 23, 'source': 'km_page_table'}
[BFF] 获取Agent f62b7569 堆段: 0 条
[BFF] all-unmerged 请求正在进行，等待完成...
[BFF] 读取PublicMemory (物理路径): /mnt/d/collections2026/phd_application/nanobot1/milestone2/data/public_memory/public_memory.jsonl, top_k=2
[BFF] 读取PublicMemory完成: 143 条记录
[BFF] 获取Agent c1645623 堆段: 0 条
[BFF] 获取Agent 5e90dbec 堆段: 0 条
[BFF] 获取Agent 9a3eae56 堆段: 0 条
[BFF] 获取Agent 10944fd8 堆段: 2 条
[BFF] 获取Agent 3e8335de 堆段: 0 条
[BFF] 读取PublicMemory (物理路径): /mnt/d/collections2026/phd_application/nanobot1/milestone2/data/public_memory/public_memory.jsonl, top_k=2
[BFF] 读取PublicMemory完成: 143 条记录
[BFF] 获取Agent e7bfb79d 堆段: 0 条
[BFF] all-unmerged 获取完成: 16 条
[BFF] 读取PublicMemory (物理路径): /mnt/d/collections2026/phd_application/nanobot1/milestone2/data/public_memory/public_memory.jsonl, top_k=2
[BFF] 读取PublicMemory完成: 143 条记录
[BFF] 读取PublicMemory (物理路径): /mnt/d/collections2026/phd_application/nanobot1/milestone2/data/public_memory/public_memory.jsonl, top_k=2
2026-04-21 23:05:33,254 - httpx - INFO - HTTP Request: GET http://localhost:55862/task?agent_id=ed15a95a "HTTP/1.1 200 OK"
2026-04-21 23:05:33,585 - httpx - INFO - HTTP Request: POST http://localhost:55862/allocate_page "HTTP/1.1 200 OK"
2026-04-21 23:05:33,842 - httpx - INFO - HTTP Request: POST http://localhost:55930/heap/append "HTTP/1.1 200 OK"
2026-04-21 23:05:34,104 - httpx - INFO - HTTP Request: POST http://localhost:55862/heap-written "HTTP/1.1 200 OK"
2026-04-21 23:05:34,111 - httpx - INFO - HTTP Request: POST http://localhost:55862/allocate_page "HTTP/1.1 200 OK"
2026-04-21 23:05:34,396 - httpx - INFO - HTTP Request: POST http://localhost:55930/heap/append "HTTP/1.1 200 OK"
2026-04-21 23:05:34,513 - httpx - INFO - HTTP Request: POST http://localhost:55862/heap-written "HTTP/1.1 200 OK"
2026-04-21 23:05:34,642 - httpx - INFO - HTTP Request: GET http://localhost:55862/task?agent_id=82415672 "HTTP/1.1 200 OK"
2026-04-21 23:05:39,308 - httpx - INFO - HTTP Request: GET http://localhost:55862/task?agent_id=c1645623 "HTTP/1.1 200 OK"
2026-04-21 23:05:41,080 - httpx - INFO - HTTP Request: POST http://localhost:55862/allocate_page "HTTP/1.1 200 OK"
2026-04-21 23:05:41,104 - httpx - INFO - HTTP Request: POST http://localhost:55862/allocate_page "HTTP/1.1 200 OK"
2026-04-21 23:05:41,669 - httpx - INFO - HTTP Request: POST http://localhost:55862/allocate_page "HTTP/1.1 200 OK"
2026-04-21 23:05:41,673 - httpx - INFO - HTTP Request: POST http://localhost:55882/heap/append "HTTP/1.1 200 OK"
2026-04-21 23:05:41,674 - httpx - INFO - HTTP Request: POST http://localhost:56056/heap/append "HTTP/1.1 200 OK"
2026-04-21 23:05:42,259 - httpx - INFO - HTTP Request: POST http://localhost:55862/heap-written "HTTP/1.1 200 OK"
2026-04-21 23:05:42,263 - httpx - INFO - HTTP Request: POST http://localhost:55862/heap-written "HTTP/1.1 200 OK"
2026-04-21 23:05:42,265 - httpx - INFO - HTTP Request: POST http://localhost:55862/allocate_page "HTTP/1.1 200 OK"
2026-04-21 23:05:42,271 - httpx - INFO - HTTP Request: POST http://localhost:55862/allocate_page "HTTP/1.1 200 OK"
2026-04-21 23:05:42,376 - httpx - INFO - HTTP Request: POST http://localhost:55955/heap/append "HTTP/1.1 200 OK"
2026-04-21 23:05:42,587 - httpx - INFO - HTTP Request: POST http://localhost:55862/heap-written "HTTP/1.1 200 OK"
2026-04-21 23:05:42,588 - httpx - INFO - HTTP Request: POST http://localhost:55882/heap/append "HTTP/1.1 200 OK"
2026-04-21 23:05:42,589 - httpx - INFO - HTTP Request: GET http://localhost:55866/heap/unmerged "HTTP/1.1 200 OK"
2026-04-21 23:05:43,290 - httpx - INFO - HTTP Request: POST http://localhost:55862/heap-written "HTTP/1.1 200 OK"
2026-04-21 23:05:43,290 - httpx - INFO - HTTP Request: GET http://localhost:55865/heap/unmerged "HTTP/1.1 200 OK"
2026-04-21 23:05:43,403 - httpx - INFO - HTTP Request: POST http://localhost:55862/allocate_page "HTTP/1.1 200 OK"
2026-04-21 23:05:43,403 - httpx - INFO - HTTP Request: GET http://localhost:55862/task?agent_id=8e7d85d0 "HTTP/1.1 200 OK"
2026-04-21 23:05:43,404 - httpx - INFO - HTTP Request: POST http://localhost:56056/heap/append "HTTP/1.1 200 OK"
2026-04-21 23:05:43,412 - httpx - INFO - HTTP Request: POST http://localhost:55862/allocate_page "HTTP/1.1 200 OK"
2026-04-21 23:05:43,534 - httpx - INFO - HTTP Request: POST http://localhost:55862/heap-written "HTTP/1.1 200 OK"
2026-04-21 23:05:43,540 - httpx - INFO - HTTP Request: GET http://localhost:55869/heap/unmerged "HTTP/1.1 200 OK"
2026-04-21 23:05:44,204 - httpx - INFO - HTTP Request: GET http://localhost:55870/heap/unmerged "HTTP/1.1 200 OK"
2026-04-21 23:05:44,335 - httpx - INFO - HTTP Request: GET http://localhost:55862/task?agent_id=3e8335de "HTTP/1.1 200 OK"
2026-04-21 23:05:44,342 - httpx - INFO - HTTP Request: POST http://localhost:55955/heap/append "HTTP/1.1 200 OK"
2026-04-21 23:05:44,343 - httpx - INFO - HTTP Request: POST http://localhost:55957/heap/append "HTTP/1.1 200 OK"
2026-04-21 23:05:44,567 - httpx - INFO - HTTP Request: POST http://localhost:55862/allocate_page "HTTP/1.1 200 OK"
2026-04-21 23:05:44,784 - httpx - INFO - HTTP Request: POST http://localhost:55862/allocate_page "HTTP/1.1 200 OK"
2026-04-21 23:05:44,800 - httpx - INFO - HTTP Request: GET http://localhost:55882/heap/unmerged "HTTP/1.1 200 OK"
2026-04-21 23:05:45,308 - httpx - INFO - HTTP Request: POST http://localhost:55862/heap-written "HTTP/1.1 200 OK"
2026-04-21 23:05:45,309 - httpx - INFO - HTTP Request: POST http://localhost:55862/heap-written "HTTP/1.1 200 OK"
2026-04-21 23:05:45,316 - httpx - INFO - HTTP Request: POST http://localhost:55862/allocate_page "HTTP/1.1 200 OK"
2026-04-21 23:05:45,318 - httpx - INFO - HTTP Request: POST http://localhost:55862/allocate_page "HTTP/1.1 200 OK"
2026-04-21 23:05:45,330 - httpx - INFO - HTTP Request: GET http://localhost:55862/task?agent_id=d3ce66a2 "HTTP/1.1 200 OK"
2026-04-21 23:05:45,331 - httpx - INFO - HTTP Request: GET http://localhost:55862/task?agent_id=ed15a95a "HTTP/1.1 200 OK"
2026-04-21 23:05:45,333 - httpx - INFO - HTTP Request: GET http://localhost:55878/heap/unmerged "HTTP/1.1 200 OK"
2026-04-21 23:05:45,340 - httpx - INFO - HTTP Request: POST http://localhost:55890/heap/append "HTTP/1.1 200 OK"
2026-04-21 23:05:45,462 - httpx - INFO - HTTP Request: POST http://localhost:56015/heap/append "HTTP/1.1 200 OK"
2026-04-21 23:05:45,644 - httpx - INFO - HTTP Request: POST http://localhost:55862/heap-written "HTTP/1.1 200 OK"
2026-04-21 23:05:45,656 - httpx - INFO - HTTP Request: POST http://localhost:55862/heap-written "HTTP/1.1 200 OK"
2026-04-21 23:05:45,658 - httpx - INFO - HTTP Request: GET http://localhost:55890/heap/unmerged "HTTP/1.1 200 OK"
2026-04-21 23:05:46,935 - httpx - INFO - HTTP Request: GET http://localhost:55896/heap/unmerged "HTTP/1.1 200 OK"
2026-04-21 23:05:46,937 - httpx - INFO - HTTP Request: POST http://localhost:55957/heap/append "HTTP/1.1 200 OK"
2026-04-21 23:05:46,937 - httpx - INFO - HTTP Request: POST http://localhost:55907/heap/append "HTTP/1.1 200 OK"
2026-04-21 23:05:47,066 - httpx - INFO - HTTP Request: POST http://localhost:55862/allocate_page "HTTP/1.1 200 OK"
2026-04-21 23:05:47,067 - httpx - INFO - HTTP Request: POST http://localhost:55862/allocate_page "HTTP/1.1 200 OK"
2026-04-21 23:05:47,284 - httpx - INFO - HTTP Request: POST http://localhost:55862/allocate_page "HTTP/1.1 200 OK"
2026-04-21 23:05:47,288 - httpx - INFO - HTTP Request: POST http://localhost:55862/allocate_page "HTTP/1.1 200 OK"
2026-04-21 23:05:47,491 - httpx - INFO - HTTP Request: POST http://localhost:55862/allocate_page "HTTP/1.1 200 OK"
2026-04-21 23:05:47,492 - httpx - INFO - HTTP Request: POST http://localhost:55862/allocate_page "HTTP/1.1 200 OK"
2026-04-21 23:05:48,024 - httpx - INFO - HTTP Request: GET http://localhost:55907/heap/unmerged "HTTP/1.1 200 OK"
2026-04-21 23:05:48,399 - httpx - INFO - HTTP Request: POST http://localhost:55862/heap-written "HTTP/1.1 200 OK"
2026-04-21 23:05:48,400 - httpx - INFO - HTTP Request: POST http://localhost:55862/heap-written "HTTP/1.1 200 OK"
2026-04-21 23:05:48,407 - httpx - INFO - HTTP Request: GET http://localhost:55862/task?agent_id=f62b7569 "HTTP/1.1 200 OK"
2026-04-21 23:05:48,410 - httpx - INFO - HTTP Request: POST http://localhost:55862/allocate_page "HTTP/1.1 200 OK"
2026-04-21 23:05:48,420 - httpx - INFO - HTTP Request: POST http://localhost:56066/heap/append "HTTP/1.1 200 OK"
2026-04-21 23:05:48,424 - httpx - INFO - HTTP Request: POST http://localhost:55890/heap/append "HTTP/1.1 200 OK"
2026-04-21 23:05:48,430 - httpx - INFO - HTTP Request: POST http://localhost:56015/heap/append "HTTP/1.1 200 OK"
2026-04-21 23:05:48,435 - httpx - INFO - HTTP Request: POST http://localhost:55910/heap/append "HTTP/1.1 200 OK"
2026-04-21 23:05:48,438 - httpx - INFO - HTTP Request: GET http://localhost:55910/heap/unmerged "HTTP/1.1 200 OK"
2026-04-21 23:05:48,546 - httpx - INFO - HTTP Request: POST http://localhost:55869/heap/append "HTTP/1.1 200 OK"
2026-04-21 23:05:48,546 - httpx - INFO - HTTP Request: POST http://localhost:55866/heap/append "HTTP/1.1 200 OK"
2026-04-21 23:05:49,929 - httpx - INFO - HTTP Request: POST http://localhost:55862/heap-written "HTTP/1.1 200 OK"
2026-04-21 23:05:49,933 - httpx - INFO - HTTP Request: POST http://localhost:55862/heap-written "HTTP/1.1 200 OK"
2026-04-21 23:05:49,936 - httpx - INFO - HTTP Request: POST http://localhost:55862/heap-written "HTTP/1.1 200 OK"
2026-04-21 23:05:49,936 - httpx - INFO - HTTP Request: POST http://localhost:55862/heap-written "HTTP/1.1 200 OK"
2026-04-21 23:05:49,939 - httpx - INFO - HTTP Request: GET http://localhost:55930/heap/unmerged "HTTP/1.1 200 OK"
2026-04-21 23:05:49,951 - httpx - INFO - HTTP Request: POST http://localhost:55862/heap-written "HTTP/1.1 200 OK"
2026-04-21 23:05:49,952 - httpx - INFO - HTTP Request: POST http://localhost:55862/heap-written "HTTP/1.1 200 OK"
2026-04-21 23:05:49,952 - httpx - INFO - HTTP Request: GET http://localhost:55862/task?agent_id=a01ebd78 "HTTP/1.1 200 OK"
2026-04-21 23:05:49,953 - httpx - INFO - HTTP Request: GET http://localhost:55862/task?agent_id=9a3eae56 "HTTP/1.1 200 OK"
2026-04-21 23:05:50,048 - httpx - INFO - HTTP Request: POST http://localhost:55862/allocate_page "HTTP/1.1 200 OK"
2026-04-21 23:05:50,057 - httpx - INFO - HTTP Request: POST http://localhost:55862/allocate_page "HTTP/1.1 200 OK"
2026-04-21 23:05:50,058 - httpx - INFO - HTTP Request: POST http://localhost:55907/heap/append "HTTP/1.1 200 OK"
2026-04-21 23:05:50,264 - httpx - INFO - HTTP Request: POST http://localhost:55862/allocate_page "HTTP/1.1 200 OK"
2026-04-21 23:05:50,265 - httpx - INFO - HTTP Request: POST http://localhost:55862/allocate_page "HTTP/1.1 200 OK"
2026-04-21 23:05:50,271 - httpx - INFO - HTTP Request: GET http://localhost:55862/task?agent_id=c1645623 "HTTP/1.1 200 OK"
2026-04-21 23:05:50,274 - httpx - INFO - HTTP Request: POST http://localhost:55862/heap-written "HTTP/1.1 200 OK"
2026-04-21 23:05:50,278 - httpx - INFO - HTTP Request: GET http://localhost:55940/heap/unmerged "HTTP/1.1 200 OK"
2026-04-21 23:05:50,590 - httpx - INFO - HTTP Request: GET http://localhost:55862/task?agent_id=a9f080cc "HTTP/1.1 200 OK"
2026-04-21 23:05:50,593 - httpx - INFO - HTTP Request: POST http://localhost:56066/heap/append "HTTP/1.1 200 OK"
2026-04-21 23:05:50,594 - httpx - INFO - HTTP Request: GET http://localhost:55955/heap/unmerged "HTTP/1.1 200 OK"
2026-04-21 23:05:51,513 - httpx - INFO - HTTP Request: POST http://localhost:55910/heap/append "HTTP/1.1 200 OK"
2026-04-21 23:05:51,515 - httpx - INFO - HTTP Request: POST http://localhost:55862/heap-written "HTTP/1.1 200 OK"
2026-04-21 23:05:51,520 - httpx - INFO - HTTP Request: GET http://localhost:55957/heap/unmerged "HTTP/1.1 200 OK"
2026-04-21 23:05:51,521 - httpx - INFO - HTTP Request: POST http://localhost:55862/allocate_page "HTTP/1.1 200 OK"
2026-04-21 23:05:51,521 - httpx - INFO - HTTP Request: POST http://localhost:55862/allocate_page "HTTP/1.1 200 OK"
2026-04-21 23:05:51,522 - httpx - INFO - HTTP Request: POST http://localhost:55866/heap/append "HTTP/1.1 200 OK"
2026-04-21 23:05:51,522 - httpx - INFO - HTTP Request: POST http://localhost:55869/heap/append "HTTP/1.1 200 OK"
2026-04-21 23:05:51,523 - httpx - INFO - HTTP Request: GET http://localhost:55862/task?agent_id=e7bfb79d "HTTP/1.1 200 OK"
2026-04-21 23:05:52,975 - httpx - INFO - HTTP Request: GET http://localhost:55982/heap/unmerged "HTTP/1.1 200 OK"
2026-04-21 23:05:53,130 - httpx - INFO - HTTP Request: POST http://localhost:55862/heap-written "HTTP/1.1 200 OK"
2026-04-21 23:05:53,131 - httpx - INFO - HTTP Request: POST http://localhost:55862/heap-written "HTTP/1.1 200 OK"
2026-04-21 23:05:53,132 - httpx - INFO - HTTP Request: POST http://localhost:55862/heap-written "HTTP/1.1 200 OK"
2026-04-21 23:05:53,148 - httpx - INFO - HTTP Request: GET http://localhost:55862/task?agent_id=f415bc94 "HTTP/1.1 200 OK"
2026-04-21 23:05:53,149 - httpx - INFO - HTTP Request: GET http://localhost:55862/task?agent_id=fac495b1 "HTTP/1.1 200 OK"
2026-04-21 23:05:53,150 - httpx - INFO - HTTP Request: GET http://localhost:55862/task?agent_id=3c9c549e "HTTP/1.1 200 OK"
2026-04-21 23:05:53,153 - httpx - INFO - HTTP Request: POST http://localhost:55896/heap/append "HTTP/1.1 200 OK"
2026-04-21 23:05:53,154 - httpx - INFO - HTTP Request: POST http://localhost:55986/heap/append "HTTP/1.1 200 OK"
2026-04-21 23:05:53,511 - httpx - INFO - HTTP Request: GET http://localhost:55986/heap/unmerged "HTTP/1.1 200 OK"
2026-04-21 23:05:53,783 - httpx - INFO - HTTP Request: POST http://localhost:55862/heap-written "HTTP/1.1 200 OK"
2026-04-21 23:05:53,784 - httpx - INFO - HTTP Request: POST http://localhost:55862/heap-written "HTTP/1.1 200 OK"
2026-04-21 23:05:53,886 - httpx - INFO - HTTP Request: POST http://localhost:55862/allocate_page "HTTP/1.1 200 OK"
2026-04-21 23:05:53,890 - httpx - INFO - HTTP Request: GET http://localhost:56015/heap/unmerged "HTTP/1.1 200 OK"
2026-04-21 23:05:54,107 - httpx - INFO - HTTP Request: POST http://localhost:55862/allocate_page "HTTP/1.1 200 OK"
2026-04-21 23:05:54,215 - httpx - INFO - HTTP Request: POST http://localhost:55862/allocate_page "HTTP/1.1 200 OK"
2026-04-21 23:05:54,219 - httpx - INFO - HTTP Request: GET http://localhost:56021/heap/unmerged "HTTP/1.1 200 OK"
2026-04-21 23:05:54,564 - httpx - INFO - HTTP Request: POST http://localhost:55986/heap/append "HTTP/1.1 200 OK"
2026-04-21 23:05:54,564 - httpx - INFO - HTTP Request: POST http://localhost:55862/allocate_page "HTTP/1.1 200 OK"
2026-04-21 23:05:54,781 - httpx - INFO - HTTP Request: POST http://localhost:55896/heap/append "HTTP/1.1 200 OK"
2026-04-21 23:05:54,892 - httpx - INFO - HTTP Request: GET http://localhost:56056/heap/unmerged "HTTP/1.1 200 OK"
2026-04-21 23:05:54,999 - httpx - INFO - HTTP Request: POST http://localhost:55865/heap/append "HTTP/1.1 200 OK"
2026-04-21 23:05:55,391 - httpx - INFO - HTTP Request: POST http://localhost:55862/heap-written "HTTP/1.1 200 OK"
2026-04-21 23:05:55,510 - httpx - INFO - HTTP Request: GET http://localhost:55862/task?agent_id=5e90dbec "HTTP/1.1 200 OK"
2026-04-21 23:05:55,511 - httpx - INFO - HTTP Request: POST http://localhost:55940/heap/append "HTTP/1.1 200 OK"
2026-04-21 23:05:55,618 - httpx - INFO - HTTP Request: GET http://localhost:56066/heap/unmerged "HTTP/1.1 200 OK"
2026-04-21 23:05:55,620 - httpx - INFO - HTTP Request: POST http://localhost:55862/heap-written "HTTP/1.1 200 OK"
2026-04-21 23:05:55,716 - httpx - INFO - HTTP Request: POST http://localhost:55862/allocate_page "HTTP/1.1 200 OK"
2026-04-21 23:05:55,718 - httpx - INFO - HTTP Request: GET http://localhost:55862/task?agent_id=1ae104b5 "HTTP/1.1 200 OK"
2026-04-21 23:05:55,720 - httpx - INFO - HTTP Request: POST http://localhost:55862/heap-written "HTTP/1.1 200 OK"
2026-04-21 23:05:55,833 - httpx - INFO - HTTP Request: POST http://localhost:55862/allocate_page "HTTP/1.1 200 OK"
2026-04-21 23:05:55,927 - httpx - INFO - HTTP Request: POST http://localhost:55862/heap-written "HTTP/1.1 200 OK"
2026-04-21 23:05:55,928 - httpx - INFO - HTTP Request: GET http://localhost:13564/heap/unmerged "HTTP/1.1 200 OK"
2026-04-21 23:05:55,946 - httpx - INFO - HTTP Request: POST http://localhost:55862/allocate_page "HTTP/1.1 200 OK"
2026-04-21 23:05:55,953 - httpx - INFO - HTTP Request: POST http://localhost:55930/heap/append "HTTP/1.1 200 OK"
2026-04-21 23:05:56,481 - httpx - INFO - HTTP Request: POST http://localhost:55862/heap-written "HTTP/1.1 200 OK"
2026-04-21 23:05:56,488 - httpx - INFO - HTTP Request: POST http://localhost:55862/allocate_page "HTTP/1.1 200 OK"
2026-04-21 23:05:56,596 - httpx - INFO - HTTP Request: POST http://localhost:55865/heap/append "HTTP/1.1 200 OK"
2026-04-21 23:05:56,597 - httpx - INFO - HTTP Request: POST http://localhost:55940/heap/append "HTTP/1.1 200 OK"
2026-04-21 23:05:57,131 - httpx - INFO - HTTP Request: GET http://localhost:55862/active_pages "HTTP/1.1 200 OK"
2026-04-21 23:05:57,135 - httpx - INFO - HTTP Request: POST http://localhost:55862/heap-written "HTTP/1.1 200 OK"
2026-04-21 23:05:57,138 - httpx - INFO - HTTP Request: POST http://localhost:55862/heap-written "HTTP/1.1 200 OK"
2026-04-21 23:05:57,142 - httpx - INFO - HTTP Request: POST http://localhost:55930/heap/append "HTTP/1.1 200 OK"
2026-04-21 23:05:57,153 - httpx - INFO - HTTP Request: GET http://localhost:55862/task?agent_id=01658064 "HTTP/1.1 200 OK"
2026-04-21 23:05:57,156 - httpx - INFO - HTTP Request: GET http://localhost:55862/task?agent_id=27f408a7 "HTTP/1.1 200 OK"
2026-04-21 23:05:57,412 - httpx - INFO - HTTP Request: POST http://localhost:55862/heap-written "HTTP/1.1 200 OK"
2026-04-21 23:05:57,415 - httpx - INFO - HTTP Request: GET http://localhost:55862/task?agent_id=82415672 "HTTP/1.1 200 OK"
2026-04-21 23:05:58,144 - httpx - INFO - HTTP Request: POST http://localhost:55862/mark_pages_merged "HTTP/1.1 200 OK"
2026-04-21 23:05:58,147 - httpx - INFO - HTTP Request: GET http://localhost:55862/active_pages "HTTP/1.1 200 OK"
2026-04-21 23:06:00,265 - httpx - INFO - HTTP Request: POST http://localhost:56015/heap/mark-merged "HTTP/1.1 200 OK"
2026-04-21 23:06:00,267 - httpx - INFO - HTTP Request: POST http://localhost:56066/heap/mark-merged "HTTP/1.1 200 OK"
2026-04-21 23:06:00,272 - httpx - INFO - HTTP Request: POST http://localhost:55940/heap/mark-merged "HTTP/1.1 200 OK"
2026-04-21 23:06:00,273 - httpx - INFO - HTTP Request: POST http://localhost:55865/heap/mark-merged "HTTP/1.1 200 OK"
2026-04-21 23:06:00,274 - httpx - INFO - HTTP Request: POST http://localhost:55896/heap/mark-merged "HTTP/1.1 200 OK"
2026-04-21 23:06:00,275 - httpx - INFO - HTTP Request: POST http://localhost:55957/heap/mark-merged "HTTP/1.1 200 OK"
2026-04-21 23:06:00,275 - httpx - INFO - HTTP Request: POST http://localhost:55882/heap/mark-merged "HTTP/1.1 200 OK"
2026-04-21 23:06:00,276 - httpx - INFO - HTTP Request: POST http://localhost:55866/heap/mark-merged "HTTP/1.1 200 OK"
2026-04-21 23:06:00,276 - httpx - INFO - HTTP Request: POST http://localhost:55955/heap/mark-merged "HTTP/1.1 200 OK"
2026-04-21 23:06:00,277 - httpx - INFO - HTTP Request: POST http://localhost:55869/heap/mark-merged "HTTP/1.1 200 OK"
2026-04-21 23:06:00,278 - httpx - INFO - HTTP Request: POST http://localhost:55910/heap/mark-merged "HTTP/1.1 200 OK"
2026-04-21 23:06:00,279 - httpx - INFO - HTTP Request: POST http://localhost:55986/heap/mark-merged "HTTP/1.1 200 OK"
2026-04-21 23:06:00,280 - httpx - INFO - HTTP Request: POST http://localhost:56056/heap/mark-merged "HTTP/1.1 200 OK"
2026-04-21 23:06:00,280 - httpx - INFO - HTTP Request: POST http://localhost:55870/heap/mark-merged "HTTP/1.1 200 OK"
2026-04-21 23:06:00,281 - httpx - INFO - HTTP Request: POST http://localhost:55890/heap/mark-merged "HTTP/1.1 200 OK"
2026-04-21 23:06:00,282 - httpx - INFO - HTTP Request: POST http://localhost:55930/heap/mark-merged "HTTP/1.1 200 OK"
2026-04-21 23:06:00,302 - httpx - INFO - HTTP Request: POST http://localhost:56021/heap/mark-merged "HTTP/1.1 200 OK"
2026-04-21 23:06:00,303 - httpx - INFO - HTTP Request: POST http://localhost:55907/heap/mark-merged "HTTP/1.1 200 OK"
2026-04-21 23:06:00,709 - httpx - INFO - HTTP Request: POST http://localhost:13564/execute_merge "HTTP/1.1 200 OK"
[BFF] 读取PublicMemory完成: 143 条记录
[BFF] 读取PublicMemory (物理路径): /mnt/d/collections2026/phd_application/nanobot1/milestone2/data/public_memory/public_memory.jsonl, top_k=2
[BFF] 读取PublicMemory完成: 143 条记录
[BFF] all-unmerged 命中缓存: 16 条 (缓存剩余 1.3s)
[BFF] all-unmerged 命中缓存: 16 条 (缓存剩余 0.9s)
[BFF] 读取PublicMemory (物理路径): /mnt/d/collections2026/phd_application/nanobot1/milestone2/data/public_memory/public_memory.jsonl, top_k=2
[BFF] 读取PublicMemory完成: 143 条记录
[BFF] 读取PublicMemory (物理路径): /mnt/d/collections2026/phd_application/nanobot1/milestone2/data/public_memory/public_memory.jsonl, top_k=2
[BFF] 读取PublicMemory完成: 143 条记录
[BFF] all-unmerged 请求正在进行，等待完成...
[BFF] 获取Agent 3c9c549e 堆段: 0 条
[BFF] all-unmerged 请求正在进行，等待完成...
[BFF] 获取Agent 27f408a7 堆段: 0 条
[BFF] all-unmerged 请求正在进行，等待完成...
[BFF] 获取Agent fac495b1 堆段: 0 条
[BFF] all-unmerged 请求正在进行，等待完成...
[BFF] 读取PublicMemory (物理路径): /mnt/d/collections2026/phd_application/nanobot1/milestone2/data/public_memory/public_memory.jsonl, top_k=2
[BFF] 读取PublicMemory完成: 143 条记录
[BFF] 获取Agent a644674e 堆段: 2 条
[BFF] 获取Agent 8e7d85d0 堆段: 2 条
[BFF] 读取PublicMemory (物理路径): /mnt/d/collections2026/phd_application/nanobot1/milestone2/data/public_memory/public_memory.jsonl, top_k=2
[BFF] 读取PublicMemory完成: 143 条记录
[BFF] all-unmerged 请求正在进行，等待完成...
[BFF] all-unmerged 请求正在进行，等待完成...
[BFF] all-unmerged 请求正在进行，等待完成...
[BFF] 获取Agent ed15a95a 堆段: 0 条
[BFF] 获取Agent a01ebd78 堆段: 1 条
[BFF] all-unmerged 请求正在进行，等待完成...
[BFF] all-unmerged 请求正在进行，等待完成...
[BFF] 读取PublicMemory (物理路径): /mnt/d/collections2026/phd_application/nanobot1/milestone2/data/public_memory/public_memory.jsonl, top_k=2
[BFF] 读取PublicMemory完成: 143 条记录
[BFF] 读取PublicMemory (物理路径): /mnt/d/collections2026/phd_application/nanobot1/milestone2/data/public_memory/public_memory.jsonl, top_k=2
[BFF] 读取PublicMemory完成: 143 条记录
[BFF] 获取Agent 1ae104b5 堆段: 0 条
[BFF] 获取Agent a9f080cc 堆段: 2 条
[BFF] all-unmerged 请求正在进行，等待完成...
[BFF] all-unmerged 请求正在进行，等待完成...
[BFF] 获取Agent f415bc94 堆段: 1 条
[BFF] 读取PublicMemory (物理路径): /mnt/d/collections2026/phd_application/nanobot1/milestone2/data/public_memory/public_memory.jsonl, top_k=2
[BFF] 读取PublicMemory完成: 143 条记录
[BFF] 获取Agent 82415672 堆段: 2 条
[BFF] all-unmerged 请求正在进行，等待完成...
[BFF] all-unmerged 请求正在进行，等待完成...
[BFF] all-unmerged 请求正在进行，等待完成...
[BFF] all-unmerged 请求正在进行，等待完成...
[BFF] all-unmerged 请求正在进行，等待完成...
[BFF] all-unmerged 请求正在进行，等待完成...
[BFF] 获取Agent 01658064 堆段: 2 条
[BFF] all-unmerged 请求正在进行，等待完成...
[BFF] 读取PublicMemory (物理路径): /mnt/d/collections2026/phd_application/nanobot1/milestone2/data/public_memory/public_memory.jsonl, top_k=2
[BFF] 读取PublicMemory完成: 143 条记录
[BFF] 获取Agent d3ce66a2 堆段: 2 条
[BFF] 读取PublicMemory (物理路径): /mnt/d/collections2026/phd_application/nanobot1/milestone2/data/public_memory/public_memory.jsonl, top_k=2
[BFF] 读取PublicMemory完成: 143 条记录
[BFF] 读取PublicMemory (物理路径): /mnt/d/collections2026/phd_application/nanobot1/milestone2/data/public_memory/public_memory.jsonl, top_k=2
[BFF] 读取PublicMemory完成: 143 条记录
[BFF] 读取PublicMemory (物理路径): /mnt/d/collections2026/phd_application/nanobot1/milestone2/data/public_memory/public_memory.jsonl, top_k=2
[BFF] 读取PublicMemory完成: 143 条记录
[BFF] 获取Agent f62b7569 堆段: 2 条
[BFF] all-unmerged 请求正在进行，等待完成...
[BFF] 读取PublicMemory (物理路径): /mnt/d/collections2026/phd_application/nanobot1/milestone2/data/public_memory/public_memory.jsonl, top_k=2
[BFF] 读取PublicMemory完成: 143 条记录
[BFF] 获取Agent c1645623 堆段: 0 条
[BFF] all-unmerged 请求正在进行，等待完成...
[BFF] all-unmerged 请求正在进行，等待完成...
[BFF] all-unmerged 请求正在进行，等待完成...
[BFF] 获取Agent 5e90dbec 堆段: 1 条
[BFF] 读取PublicMemory (物理路径): /mnt/d/collections2026/phd_application/nanobot1/milestone2/data/public_memory/public_memory.jsonl, top_k=2
[BFF] 读取PublicMemory完成: 143 条记录
[BFF] 读取PublicMemory (物理路径): /mnt/d/collections2026/phd_application/nanobot1/milestone2/data/public_memory/public_memory.jsonl, top_k=2
[BFF] 读取PublicMemory完成: 143 条记录
[BFF] 读取PublicMemory (物理路径): /mnt/d/collections2026/phd_application/nanobot1/milestone2/data/public_memory/public_memory.jsonl, top_k=2
[BFF] 读取PublicMemory完成: 143 条记录
[BFF] all-unmerged 请求正在进行，等待完成...
[BFF] all-unmerged 请求正在进行，等待完成...
[BFF] 获取Agent 9a3eae56 堆段: 2 条
[BFF] 获取Agent 10944fd8 堆段: 2 条
[BFF] 获取Agent 3e8335de 堆段: 2 条
[BFF] all-unmerged 请求正在进行，等待完成...
[BFF] 获取Agent e7bfb79d 堆段: 2 条
[BFF] all-unmerged 请求正在进行，等待完成...
[BFF] 读取PublicMemory (物理路径): /mnt/d/collections2026/phd_application/nanobot1/milestone2/data/public_memory/public_memory.jsonl, top_k=2
[BFF] 读取PublicMemory完成: 143 条记录
[BFF] all-unmerged 请求正在进行，等待完成...
[BFF] 获取Agent b11d5438 堆段: 0 条
[BFF] 读取PublicMemory (物理路径): /mnt/d/collections2026/phd_application/nanobot1/milestone2/data/public_memory/public_memory.jsonl, top_k=2
[BFF] 读取PublicMemory完成: 143 条记录
[BFF] all-unmerged 获取完成: 25 条
[BFF] all-unmerged 命中缓存: 25 条 (缓存剩余 5.0s)
[BFF] Consolidator容器已存在: b11d5438
[BFF] 转发合并请求到Consolidator: http://localhost:13564/execute_merge
[BFF] 读取PublicMemory (物理路径): /mnt/d/collections2026/phd_application/nanobot1/milestone2/data/public_memory/public_memory.jsonl, top_k=10000
[BFF] 读取PublicMemory完成: 143 条记录
[BFF] 读取PublicMemory (物理路径): /mnt/d/collections2026/phd_application/nanobot1/milestone2/data/public_memory/public_memory.jsonl, top_k=2
[BFF] 读取PublicMemory完成: 143 条记录
[BFF] 读取PublicMemory (物理路径): /mnt/d/collections2026/phd_application/nanobot1/milestone2/data/public_memory/public_memory.jsonl, top_k=2
[BFF] 读取PublicMemory完成: 143 条记录
[BFF] all-unmerged 命中缓存: 25 条 (缓存剩余 3.4s)
[BFF] Consolidator容器已存在: b11d5438
[BFF] 转发合并请求到Consolidator: http://localhost:13564/execute_merge
[BFF] 读取PublicMemory (物理路径): /mnt/d/collections2026/phd_application/nanobot1/milestone2/data/public_memory/public_memory.jsonl, top_k=2
[BFF] 读取PublicMemory完成: 143 条记录
[BFF] 写入PublicMemory (物理路径): /mnt/d/collections2026/phd_application/nanobot1/milestone2/data/public_memory/public_memory.jsonl
[BFF] 原子替换PublicMemory: 160 条记录 -> /mnt/d/collections2026/phd_application/nanobot1/milestone2/data/public_memory/public_memory.jsonl
[BFF] all-unmerged 命中缓存: 25 条 (缓存剩余 2.5s)
[BFF] 读取PublicMemory (物理路径): /mnt/d/collections2026/phd_application/nanobot1/milestone2/data/public_memory/public_memory.jsonl, top_k=10000
[BFF] 读取PublicMemory完成: 160 条记录
[BFF] Consolidator合并完成: {'status': 'ok', 'original_count': 184, 'deduped_count': 160, 'removed_count': 24, 'pages_marked': 41, 'source': 'km_page_table'}
[BFF] 写入PublicMemory (物理路径): /mnt/d/collections2026/phd_application/nanobot1/milestone2/data/public_memory/public_memory.jsonl
2026-04-21 23:06:03,351 - httpx - INFO - HTTP Request: POST http://localhost:55866/heap/mark-all-merged "HTTP/1.1 200 OK"
2026-04-21 23:06:03,357 - httpx - INFO - HTTP Request: POST http://localhost:55865/heap/mark-all-merged "HTTP/1.1 200 OK"
2026-04-21 23:06:03,358 - httpx - INFO - HTTP Request: POST http://localhost:55869/heap/mark-all-merged "HTTP/1.1 200 OK"
2026-04-21 23:06:03,359 - httpx - INFO - HTTP Request: POST http://localhost:55870/heap/mark-all-merged "HTTP/1.1 200 OK"
2026-04-21 23:06:03,359 - httpx - INFO - HTTP Request: POST http://localhost:55878/heap/mark-all-merged "HTTP/1.1 200 OK"
2026-04-21 23:06:03,360 - httpx - INFO - HTTP Request: POST http://localhost:55890/heap/mark-all-merged "HTTP/1.1 200 OK"
2026-04-21 23:06:03,360 - httpx - INFO - HTTP Request: POST http://localhost:55896/heap/mark-all-merged "HTTP/1.1 200 OK"
2026-04-21 23:06:03,361 - httpx - INFO - HTTP Request: POST http://localhost:55907/heap/mark-all-merged "HTTP/1.1 200 OK"
2026-04-21 23:06:03,361 - httpx - INFO - HTTP Request: POST http://localhost:56056/heap/mark-all-merged "HTTP/1.1 200 OK"
2026-04-21 23:06:03,362 - httpx - INFO - HTTP Request: POST http://localhost:55882/heap/mark-all-merged "HTTP/1.1 200 OK"
2026-04-21 23:06:03,362 - httpx - INFO - HTTP Request: POST http://localhost:55930/heap/mark-all-merged "HTTP/1.1 200 OK"
2026-04-21 23:06:03,362 - httpx - INFO - HTTP Request: POST http://localhost:55986/heap/mark-all-merged "HTTP/1.1 200 OK"
2026-04-21 23:06:03,363 - httpx - INFO - HTTP Request: POST http://localhost:13564/heap/mark-all-merged "HTTP/1.1 200 OK"
2026-04-21 23:06:03,363 - httpx - INFO - HTTP Request: POST http://localhost:55910/heap/mark-all-merged "HTTP/1.1 200 OK"
2026-04-21 23:06:03,363 - httpx - INFO - HTTP Request: POST http://localhost:55940/heap/mark-all-merged "HTTP/1.1 200 OK"
2026-04-21 23:06:03,364 - httpx - INFO - HTTP Request: POST http://localhost:55982/heap/mark-all-merged "HTTP/1.1 200 OK"
2026-04-21 23:06:03,364 - httpx - INFO - HTTP Request: POST http://localhost:56015/heap/mark-all-merged "HTTP/1.1 200 OK"
2026-04-21 23:06:03,365 - httpx - INFO - HTTP Request: POST http://localhost:56021/heap/mark-all-merged "HTTP/1.1 200 OK"
2026-04-21 23:06:03,365 - httpx - INFO - HTTP Request: POST http://localhost:55957/heap/mark-all-merged "HTTP/1.1 200 OK"
2026-04-21 23:06:03,366 - httpx - INFO - HTTP Request: POST http://localhost:55955/heap/mark-all-merged "HTTP/1.1 200 OK"
2026-04-21 23:06:03,366 - httpx - INFO - HTTP Request: POST http://localhost:56066/heap/mark-all-merged "HTTP/1.1 200 OK"
2026-04-21 23:06:03,520 - httpx - INFO - HTTP Request: POST http://localhost:13564/execute_merge "HTTP/1.1 200 OK"
2026-04-21 23:06:03,536 - httpx - INFO - HTTP Request: POST http://localhost:55862/allocate_page "HTTP/1.1 200 OK"
2026-04-21 23:06:03,537 - httpx - INFO - HTTP Request: POST http://localhost:55862/allocate_page "HTTP/1.1 200 OK"
2026-04-21 23:06:03,638 - httpx - INFO - HTTP Request: GET http://localhost:55866/heap/unmerged "HTTP/1.1 200 OK"
2026-04-21 23:06:03,939 - httpx - INFO - HTTP Request: GET http://localhost:55865/heap/unmerged "HTTP/1.1 200 OK"
2026-04-21 23:06:03,940 - httpx - INFO - HTTP Request: POST http://localhost:55870/heap/append "HTTP/1.1 200 OK"
2026-04-21 23:06:04,069 - httpx - INFO - HTTP Request: POST http://localhost:55882/heap/append "HTTP/1.1 200 OK"
2026-04-21 23:06:04,424 - httpx - INFO - HTTP Request: POST http://localhost:55862/heap-written "HTTP/1.1 200 OK"
2026-04-21 23:06:04,427 - httpx - INFO - HTTP Request: POST http://localhost:55862/heap-written "HTTP/1.1 200 OK"
2026-04-21 23:06:04,431 - httpx - INFO - HTTP Request: GET http://localhost:55869/heap/unmerged "HTTP/1.1 200 OK"
2026-04-21 23:06:04,834 - httpx - INFO - HTTP Request: POST http://localhost:55862/allocate_page "HTTP/1.1 200 OK"
2026-04-21 23:06:04,838 - httpx - INFO - HTTP Request: POST http://localhost:55862/allocate_page "HTTP/1.1 200 OK"
2026-04-21 23:06:04,842 - httpx - INFO - HTTP Request: GET http://localhost:55870/heap/unmerged "HTTP/1.1 200 OK"
2026-04-21 23:06:04,942 - httpx - INFO - HTTP Request: POST http://localhost:55862/allocate_page "HTTP/1.1 200 OK"
2026-04-21 23:06:04,951 - httpx - INFO - HTTP Request: GET http://localhost:55882/heap/unmerged "HTTP/1.1 200 OK"
2026-04-21 23:06:05,425 - httpx - INFO - HTTP Request: GET http://localhost:55878/heap/unmerged "HTTP/1.1 200 OK"
2026-04-21 23:06:05,522 - httpx - INFO - HTTP Request: POST http://localhost:55870/heap/append "HTTP/1.1 200 OK"
2026-04-21 23:06:05,523 - httpx - INFO - HTTP Request: POST http://localhost:55882/heap/append "HTTP/1.1 200 OK"
2026-04-21 23:06:05,759 - httpx - INFO - HTTP Request: POST http://localhost:56056/heap/append "HTTP/1.1 200 OK"
2026-04-21 23:06:05,958 - httpx - INFO - HTTP Request: GET http://localhost:55890/heap/unmerged "HTTP/1.1 200 OK"
2026-04-21 23:06:06,366 - httpx - INFO - HTTP Request: POST http://localhost:55862/heap-written "HTTP/1.1 200 OK"
2026-04-21 23:06:06,367 - httpx - INFO - HTTP Request: POST http://localhost:55862/heap-written "HTTP/1.1 200 OK"
2026-04-21 23:06:06,372 - httpx - INFO - HTTP Request: POST http://localhost:55862/heap-written "HTTP/1.1 200 OK"
2026-04-21 23:06:06,374 - httpx - INFO - HTTP Request: GET http://localhost:55862/task?agent_id=a644674e "HTTP/1.1 200 OK"
2026-04-21 23:06:06,389 - httpx - INFO - HTTP Request: GET http://localhost:55862/task?agent_id=8e7d85d0 "HTTP/1.1 200 OK"
2026-04-21 23:06:06,513 - httpx - INFO - HTTP Request: GET http://localhost:55896/heap/unmerged "HTTP/1.1 200 OK"
2026-04-21 23:06:06,925 - httpx - INFO - HTTP Request: POST http://localhost:55862/allocate_page "HTTP/1.1 200 OK"
2026-04-21 23:06:06,926 - httpx - INFO - HTTP Request: POST http://localhost:55862/allocate_page "HTTP/1.1 200 OK"
2026-04-21 23:06:07,046 - httpx - INFO - HTTP Request: GET http://localhost:55907/heap/unmerged "HTTP/1.1 200 OK"
2026-04-21 23:06:07,554 - httpx - INFO - HTTP Request: GET http://localhost:55862/active_pages "HTTP/1.1 200 OK"
2026-04-21 23:06:07,558 - httpx - INFO - HTTP Request: GET http://localhost:55862/active_pages "HTTP/1.1 200 OK"
2026-04-21 23:06:07,561 - httpx - INFO - HTTP Request: GET http://localhost:55862/active_pages "HTTP/1.1 200 OK"
2026-04-21 23:06:07,561 - httpx - INFO - HTTP Request: GET http://localhost:55910/heap/unmerged "HTTP/1.1 200 OK"
2026-04-21 23:06:07,717 - httpx - INFO - HTTP Request: POST http://localhost:56056/heap/append "HTTP/1.1 200 OK"
2026-04-21 23:06:07,719 - httpx - INFO - HTTP Request: POST http://localhost:55955/heap/append "HTTP/1.1 200 OK"
2026-04-21 23:06:08,192 - httpx - INFO - HTTP Request: GET http://localhost:55930/heap/unmerged "HTTP/1.1 200 OK"
2026-04-21 23:06:08,421 - httpx - INFO - HTTP Request: POST http://localhost:55862/heap-written "HTTP/1.1 200 OK"
2026-04-21 23:06:08,464 - httpx - INFO - HTTP Request: POST http://localhost:55862/heap-written "HTTP/1.1 200 OK"
2026-04-21 23:06:08,471 - httpx - INFO - HTTP Request: POST http://localhost:55862/allocate_page "HTTP/1.1 200 OK"
2026-04-21 23:06:08,473 - httpx - INFO - HTTP Request: GET http://localhost:55862/task?agent_id=3e8335de "HTTP/1.1 200 OK"
2026-04-21 23:06:08,652 - httpx - INFO - HTTP Request: POST http://localhost:55862/allocate_page "HTTP/1.1 200 OK"
2026-04-21 23:06:08,653 - httpx - INFO - HTTP Request: GET http://localhost:55940/heap/unmerged "HTTP/1.1 200 OK"
2026-04-21 23:06:08,888 - httpx - INFO - HTTP Request: POST http://localhost:55957/heap/append "HTTP/1.1 200 OK"
2026-04-21 23:06:08,891 - httpx - INFO - HTTP Request: GET http://localhost:55955/heap/unmerged "HTTP/1.1 200 OK"
2026-04-21 23:06:09,525 - httpx - INFO - HTTP Request: GET http://localhost:55957/heap/unmerged "HTTP/1.1 200 OK"
2026-04-21 23:06:09,760 - httpx - INFO - HTTP Request: POST http://localhost:55862/heap-written "HTTP/1.1 200 OK"
2026-04-21 23:06:09,881 - httpx - INFO - HTTP Request: POST http://localhost:55862/allocate_page "HTTP/1.1 200 OK"
2026-04-21 23:06:09,888 - httpx - INFO - HTTP Request: POST http://localhost:55862/mark_pages_merged "HTTP/1.1 200 OK"
2026-04-21 23:06:09,894 - httpx - INFO - HTTP Request: POST http://localhost:55862/mark_pages_merged "HTTP/1.1 200 OK"
2026-04-21 23:06:09,896 - httpx - INFO - HTTP Request: POST http://localhost:55862/mark_pages_merged "HTTP/1.1 200 OK"
2026-04-21 23:06:09,998 - httpx - INFO - HTTP Request: GET http://localhost:55982/heap/unmerged "HTTP/1.1 200 OK"
2026-04-21 23:06:11,083 - httpx - INFO - HTTP Request: POST http://localhost:55955/heap/append "HTTP/1.1 200 OK"
2026-04-21 23:06:12,057 - httpx - INFO - HTTP Request: POST http://localhost:55870/heap/mark-merged "HTTP/1.1 200 OK"
2026-04-21 23:06:12,215 - httpx - INFO - HTTP Request: POST http://localhost:55870/heap/mark-merged "HTTP/1.1 200 OK"
2026-04-21 23:06:12,218 - httpx - INFO - HTTP Request: POST http://localhost:55862/allocate_page "HTTP/1.1 200 OK"
2026-04-21 23:06:12,220 - httpx - INFO - HTTP Request: POST http://localhost:55957/heap/append "HTTP/1.1 200 OK"
2026-04-21 23:06:12,221 - httpx - INFO - HTTP Request: GET http://localhost:55986/heap/unmerged "HTTP/1.1 200 OK"
2026-04-21 23:06:12,222 - httpx - INFO - HTTP Request: POST http://localhost:55870/heap/mark-merged "HTTP/1.1 200 OK"
2026-04-21 23:06:12,223 - httpx - INFO - HTTP Request: POST http://localhost:55882/heap/mark-merged "HTTP/1.1 200 OK"
2026-04-21 23:06:12,223 - httpx - INFO - HTTP Request: POST http://localhost:55955/heap/mark-merged "HTTP/1.1 200 OK"
2026-04-21 23:06:12,224 - httpx - INFO - HTTP Request: POST http://localhost:56056/heap/mark-merged "HTTP/1.1 200 OK"
2026-04-21 23:06:12,225 - httpx - INFO - HTTP Request: POST http://localhost:55882/heap/mark-merged "HTTP/1.1 200 OK"
2026-04-21 23:06:12,226 - httpx - INFO - HTTP Request: POST http://localhost:55955/heap/mark-merged "HTTP/1.1 200 OK"
2026-04-21 23:06:12,227 - httpx - INFO - HTTP Request: POST http://localhost:56056/heap/mark-merged "HTTP/1.1 200 OK"
2026-04-21 23:06:12,388 - httpx - INFO - HTTP Request: POST http://localhost:55862/heap-written "HTTP/1.1 200 OK"
2026-04-21 23:06:12,589 - httpx - INFO - HTTP Request: POST http://localhost:55955/heap/mark-merged "HTTP/1.1 200 OK"
2026-04-21 23:06:12,590 - httpx - INFO - HTTP Request: POST http://localhost:56056/heap/mark-merged "HTTP/1.1 200 OK"
2026-04-21 23:06:12,590 - httpx - INFO - HTTP Request: POST http://localhost:55882/heap/mark-merged "HTTP/1.1 200 OK"
2026-04-21 23:06:12,591 - httpx - INFO - HTTP Request: POST http://localhost:13564/execute_merge "HTTP/1.1 200 OK"
2026-04-21 23:06:12,593 - httpx - INFO - HTTP Request: POST http://localhost:55862/allocate_page "HTTP/1.1 200 OK"
2026-04-21 23:06:12,594 - httpx - INFO - HTTP Request: POST http://localhost:13564/execute_merge "HTTP/1.1 200 OK"
2026-04-21 23:06:12,610 - httpx - INFO - HTTP Request: GET http://localhost:55862/task?agent_id=d3ce66a2 "HTTP/1.1 200 OK"
2026-04-21 23:06:12,613 - httpx - INFO - HTTP Request: POST http://localhost:55862/allocate_page "HTTP/1.1 200 OK"
2026-04-21 23:06:12,614 - httpx - INFO - HTTP Request: POST http://localhost:55862/allocate_page "HTTP/1.1 200 OK"
2026-04-21 23:06:12,615 - httpx - INFO - HTTP Request: POST http://localhost:13564/execute_merge "HTTP/1.1 200 OK"
2026-04-21 23:06:13,176 - httpx - INFO - HTTP Request: POST http://localhost:55862/allocate_page "HTTP/1.1 200 OK"
2026-04-21 23:06:13,182 - httpx - INFO - HTTP Request: POST http://localhost:55862/heap-written "HTTP/1.1 200 OK"
2026-04-21 23:06:13,183 - httpx - INFO - HTTP Request: POST http://localhost:55862/allocate_page "HTTP/1.1 200 OK"
2026-04-21 23:06:13,184 - httpx - INFO - HTTP Request: GET http://localhost:56015/heap/unmerged "HTTP/1.1 200 OK"
2026-04-21 23:06:13,327 - httpx - INFO - HTTP Request: GET http://localhost:55862/task?agent_id=f62b7569 "HTTP/1.1 200 OK"
2026-04-21 23:06:13,329 - httpx - INFO - HTTP Request: POST http://localhost:55862/allocate_page "HTTP/1.1 200 OK"
2026-04-21 23:06:13,333 - httpx - INFO - HTTP Request: POST http://localhost:56021/heap/append "HTTP/1.1 200 OK"
2026-04-21 23:06:13,340 - httpx - INFO - HTTP Request: POST http://localhost:55862/allocate_page "HTTP/1.1 200 OK"
2026-04-21 23:06:13,340 - httpx - INFO - HTTP Request: POST http://localhost:55878/heap/append "HTTP/1.1 200 OK"
2026-04-21 23:06:13,735 - httpx - INFO - HTTP Request: GET http://localhost:56021/heap/unmerged "HTTP/1.1 200 OK"
2026-04-21 23:06:15,016 - httpx - INFO - HTTP Request: POST http://localhost:55862/heap-written "HTTP/1.1 200 OK"
2026-04-21 23:06:15,017 - httpx - INFO - HTTP Request: POST http://localhost:55907/heap/append "HTTP/1.1 200 OK"
2026-04-21 23:06:15,024 - httpx - INFO - HTTP Request: POST http://localhost:55862/heap-written "HTTP/1.1 200 OK"
2026-04-21 23:06:15,141 - httpx - INFO - HTTP Request: POST http://localhost:55940/heap/append "HTTP/1.1 200 OK"
2026-04-21 23:06:15,141 - httpx - INFO - HTTP Request: POST http://localhost:55910/heap/append "HTTP/1.1 200 OK"
2026-04-21 23:06:15,143 - httpx - INFO - HTTP Request: GET http://localhost:56056/heap/unmerged "HTTP/1.1 200 OK"
2026-04-21 23:06:15,250 - httpx - INFO - HTTP Request: POST http://localhost:55862/allocate_page "HTTP/1.1 200 OK"
2026-04-21 23:06:15,251 - httpx - INFO - HTTP Request: POST http://localhost:55869/heap/append "HTTP/1.1 200 OK"
2026-04-21 23:06:15,252 - httpx - INFO - HTTP Request: POST http://localhost:55982/heap/append "HTTP/1.1 200 OK"
2026-04-21 23:06:15,347 - httpx - INFO - HTTP Request: POST http://localhost:55862/allocate_page "HTTP/1.1 200 OK"
2026-04-21 23:06:15,347 - httpx - INFO - HTTP Request: POST http://localhost:55890/heap/append "HTTP/1.1 200 OK"
2026-04-21 23:06:15,998 - httpx - INFO - HTTP Request: POST http://localhost:55862/allocate_page "HTTP/1.1 200 OK"
2026-04-21 23:06:16,469 - httpx - INFO - HTTP Request: POST http://localhost:55862/heap-written "HTTP/1.1 200 OK"
2026-04-21 23:06:16,882 - httpx - INFO - HTTP Request: POST http://localhost:55862/allocate_page "HTTP/1.1 200 OK"
2026-04-21 23:06:16,999 - httpx - INFO - HTTP Request: POST http://localhost:55862/heap-written "HTTP/1.1 200 OK"
2026-04-21 23:06:17,003 - httpx - INFO - HTTP Request: POST http://localhost:55862/heap-written "HTTP/1.1 200 OK"
2026-04-21 23:06:17,004 - httpx - INFO - HTTP Request: GET http://localhost:56066/heap/unmerged "HTTP/1.1 200 OK"
2026-04-21 23:06:17,016 - httpx - INFO - HTTP Request: POST http://localhost:55862/heap-written "HTTP/1.1 200 OK"
2026-04-21 23:06:17,017 - httpx - INFO - HTTP Request: POST http://localhost:55862/heap-written "HTTP/1.1 200 OK"
2026-04-21 23:06:17,019 - httpx - INFO - HTTP Request: POST http://localhost:55862/heap-written "HTTP/1.1 200 OK"
2026-04-21 23:06:17,020 - httpx - INFO - HTTP Request: POST http://localhost:55862/allocate_page "HTTP/1.1 200 OK"
2026-04-21 23:06:17,021 - httpx - INFO - HTTP Request: POST http://localhost:55862/allocate_page "HTTP/1.1 200 OK"
2026-04-21 23:06:17,044 - httpx - INFO - HTTP Request: POST http://localhost:55862/allocate_page "HTTP/1.1 200 OK"
2026-04-21 23:06:17,046 - httpx - INFO - HTTP Request: POST http://localhost:55878/heap/append "HTTP/1.1 200 OK"
2026-04-21 23:06:17,046 - httpx - INFO - HTTP Request: POST http://localhost:55862/allocate_page "HTTP/1.1 200 OK"
2026-04-21 23:06:17,047 - httpx - INFO - HTTP Request: POST http://localhost:56021/heap/append "HTTP/1.1 200 OK"
2026-04-21 23:06:17,048 - httpx - INFO - HTTP Request: POST http://localhost:55862/allocate_page "HTTP/1.1 200 OK"
2026-04-21 23:06:17,304 - httpx - INFO - HTTP Request: POST http://localhost:55866/heap/append "HTTP/1.1 200 OK"
2026-04-21 23:06:18,399 - httpx - INFO - HTTP Request: POST http://localhost:55862/heap-written "HTTP/1.1 200 OK"
2026-04-21 23:06:18,399 - httpx - INFO - HTTP Request: POST http://localhost:55862/heap-written "HTTP/1.1 200 OK"
2026-04-21 23:06:18,409 - httpx - INFO - HTTP Request: POST http://localhost:55862/heap-written "HTTP/1.1 200 OK"
2026-04-21 23:06:18,411 - httpx - INFO - HTTP Request: POST http://localhost:55907/heap/append "HTTP/1.1 200 OK"
2026-04-21 23:06:18,411 - httpx - INFO - HTTP Request: POST http://localhost:55890/heap/append "HTTP/1.1 200 OK"
2026-04-21 23:06:18,424 - httpx - INFO - HTTP Request: POST http://localhost:55940/heap/append "HTTP/1.1 200 OK"
2026-04-21 23:06:18,639 - httpx - INFO - HTTP Request: POST http://localhost:55862/allocate_page "HTTP/1.1 200 OK"
2026-04-21 23:06:18,640 - httpx - INFO - HTTP Request: POST http://localhost:55982/heap/append "HTTP/1.1 200 OK"
2026-04-21 23:06:18,641 - httpx - INFO - HTTP Request: POST http://localhost:55869/heap/append "HTTP/1.1 200 OK"
2026-04-21 23:06:18,642 - httpx - INFO - HTTP Request: POST http://localhost:55910/heap/append "HTTP/1.1 200 OK"
2026-04-21 23:06:18,643 - httpx - INFO - HTTP Request: POST http://localhost:55862/allocate_page "HTTP/1.1 200 OK"
2026-04-21 23:06:19,353 - httpx - INFO - HTTP Request: POST http://localhost:55862/heap-written "HTTP/1.1 200 OK"
2026-04-21 23:06:19,354 - httpx - INFO - HTTP Request: POST http://localhost:55862/heap-written "HTTP/1.1 200 OK"
2026-04-21 23:06:19,360 - httpx - INFO - HTTP Request: POST http://localhost:55862/heap-written "HTTP/1.1 200 OK"
2026-04-21 23:06:19,360 - httpx - INFO - HTTP Request: POST http://localhost:55862/heap-written "HTTP/1.1 200 OK"
2026-04-21 23:06:19,361 - httpx - INFO - HTTP Request: POST http://localhost:55862/heap-written "HTTP/1.1 200 OK"
2026-04-21 23:06:19,362 - httpx - INFO - HTTP Request: POST http://localhost:55862/heap-written "HTTP/1.1 200 OK"
2026-04-21 23:06:19,375 - httpx - INFO - HTTP Request: POST http://localhost:55862/allocate_page "HTTP/1.1 200 OK"
2026-04-21 23:06:19,379 - httpx - INFO - HTTP Request: POST http://localhost:56066/heap/append "HTTP/1.1 200 OK"
2026-04-21 23:06:19,380 - httpx - INFO - HTTP Request: POST http://localhost:55866/heap/append "HTTP/1.1 200 OK"
2026-04-21 23:06:20,071 - httpx - INFO - HTTP Request: POST http://localhost:55862/heap-written "HTTP/1.1 200 OK"
2026-04-21 23:06:20,072 - httpx - INFO - HTTP Request: POST http://localhost:55862/heap-written "HTTP/1.1 200 OK"
2026-04-21 23:06:20,080 - httpx - INFO - HTTP Request: POST http://localhost:55862/allocate_page "HTTP/1.1 200 OK"
2026-04-21 23:06:20,081 - httpx - INFO - HTTP Request: POST http://localhost:55930/heap/append "HTTP/1.1 200 OK"
2026-04-21 23:06:20,275 - httpx - INFO - HTTP Request: POST http://localhost:55862/heap-written "HTTP/1.1 200 OK"
2026-04-21 23:06:20,596 - httpx - INFO - HTTP Request: POST http://localhost:55862/allocate_page "HTTP/1.1 200 OK"
2026-04-21 23:06:20,599 - httpx - INFO - HTTP Request: POST http://localhost:56066/heap/append "HTTP/1.1 200 OK"
2026-04-21 23:06:20,692 - httpx - INFO - HTTP Request: POST http://localhost:55862/heap-written "HTTP/1.1 200 OK"
2026-04-21 23:06:21,002 - httpx - INFO - HTTP Request: POST http://localhost:55862/allocate_page "HTTP/1.1 200 OK"
2026-04-21 23:06:21,006 - httpx - INFO - HTTP Request: POST http://localhost:55930/heap/append "HTTP/1.1 200 OK"
2026-04-21 23:06:21,099 - httpx - INFO - HTTP Request: POST http://localhost:55862/heap-written "HTTP/1.1 200 OK"
2026-04-21 23:06:21,199 - httpx - INFO - HTTP Request: POST http://localhost:55865/heap/append "HTTP/1.1 200 OK"
2026-04-21 23:06:21,423 - httpx - INFO - HTTP Request: POST http://localhost:55862/heap-written "HTTP/1.1 200 OK"
2026-04-21 23:06:21,430 - httpx - INFO - HTTP Request: POST http://localhost:55862/allocate_page "HTTP/1.1 200 OK"
2026-04-21 23:06:21,622 - httpx - INFO - HTTP Request: POST http://localhost:55865/heap/append "HTTP/1.1 200 OK"
2026-04-21 23:06:21,713 - httpx - INFO - HTTP Request: POST http://localhost:55862/heap-written "HTTP/1.1 200 OK"
2026-04-21 23:06:23,275 - httpx - INFO - HTTP Request: POST http://localhost:55862/allocate_page "HTTP/1.1 200 OK"
2026-04-21 23:06:23,462 - httpx - INFO - HTTP Request: POST http://localhost:55896/heap/append "HTTP/1.1 200 OK"
2026-04-21 23:06:23,665 - httpx - INFO - HTTP Request: POST http://localhost:55862/heap-written "HTTP/1.1 200 OK"
2026-04-21 23:06:23,668 - httpx - INFO - HTTP Request: POST http://localhost:55862/allocate_page "HTTP/1.1 200 OK"
2026-04-21 23:06:23,847 - httpx - INFO - HTTP Request: POST http://localhost:55896/heap/append "HTTP/1.1 200 OK"
2026-04-21 23:06:23,850 - httpx - INFO - HTTP Request: GET http://localhost:55866/heap/unmerged "HTTP/1.1 200 OK"
2026-04-21 23:06:24,055 - httpx - INFO - HTTP Request: POST http://localhost:55862/heap-written "HTTP/1.1 200 OK"
2026-04-21 23:06:24,058 - httpx - INFO - HTTP Request: GET http://localhost:55865/heap/unmerged "HTTP/1.1 200 OK"
2026-04-21 23:06:24,151 - httpx - INFO - HTTP Request: GET http://localhost:55869/heap/unmerged "HTTP/1.1 200 OK"
2026-04-21 23:06:24,234 - httpx - INFO - HTTP Request: GET http://localhost:55870/heap/unmerged "HTTP/1.1 200 OK"
2026-04-21 23:06:24,373 - httpx - INFO - HTTP Request: GET http://localhost:55882/heap/unmerged "HTTP/1.1 200 OK"
2026-04-21 23:06:24,501 - httpx - INFO - HTTP Request: GET http://localhost:55878/heap/unmerged "HTTP/1.1 200 OK"
2026-04-21 23:06:24,618 - httpx - INFO - HTTP Request: GET http://localhost:55890/heap/unmerged "HTTP/1.1 200 OK"
2026-04-21 23:06:24,743 - httpx - INFO - HTTP Request: GET http://localhost:55896/heap/unmerged "HTTP/1.1 200 OK"
2026-04-21 23:06:24,913 - httpx - INFO - HTTP Request: GET http://localhost:55907/heap/unmerged "HTTP/1.1 200 OK"
2026-04-21 23:06:25,058 - httpx - INFO - HTTP Request: GET http://localhost:55910/heap/unmerged "HTTP/1.1 200 OK"
2026-04-21 23:06:25,351 - httpx - INFO - HTTP Request: GET http://localhost:55930/heap/unmerged "HTTP/1.1 200 OK"
2026-04-21 23:06:25,469 - httpx - INFO - HTTP Request: GET http://localhost:55940/heap/unmerged "HTTP/1.1 200 OK"
2026-04-21 23:06:25,557 - httpx - INFO - HTTP Request: GET http://localhost:55955/heap/unmerged "HTTP/1.1 200 OK"
2026-04-21 23:06:25,645 - httpx - INFO - HTTP Request: GET http://localhost:55957/heap/unmerged "HTTP/1.1 200 OK"
2026-04-21 23:06:25,761 - httpx - INFO - HTTP Request: GET http://localhost:55982/heap/unmerged "HTTP/1.1 200 OK"
2026-04-21 23:06:25,896 - httpx - INFO - HTTP Request: GET http://localhost:55986/heap/unmerged "HTTP/1.1 200 OK"
2026-04-21 23:06:26,022 - httpx - INFO - HTTP Request: GET http://localhost:56015/heap/unmerged "HTTP/1.1 200 OK"
2026-04-21 23:06:26,121 - httpx - INFO - HTTP Request: GET http://localhost:56021/heap/unmerged "HTTP/1.1 200 OK"
2026-04-21 23:06:26,216 - httpx - INFO - HTTP Request: GET http://localhost:56056/heap/unmerged "HTTP/1.1 200 OK"
2026-04-21 23:06:26,314 - httpx - INFO - HTTP Request: GET http://localhost:56066/heap/unmerged "HTTP/1.1 200 OK"
2026-04-21 23:06:27,293 - httpx - INFO - HTTP Request: POST http://localhost:55862/allocate_page "HTTP/1.1 200 OK"
2026-04-21 23:06:27,802 - httpx - INFO - HTTP Request: POST http://localhost:55862/allocate_page "HTTP/1.1 200 OK"
2026-04-21 23:06:27,804 - httpx - INFO - HTTP Request: POST http://localhost:55986/heap/append "HTTP/1.1 200 OK"
2026-04-21 23:06:28,003 - httpx - INFO - HTTP Request: POST http://localhost:55862/heap-written "HTTP/1.1 200 OK"
2026-04-21 23:06:28,334 - httpx - INFO - HTTP Request: POST http://localhost:55862/allocate_page "HTTP/1.1 200 OK"
2026-04-21 23:06:28,338 - httpx - INFO - HTTP Request: POST http://localhost:55882/heap/append "HTTP/1.1 200 OK"
2026-04-21 23:06:28,459 - httpx - INFO - HTTP Request: POST http://localhost:55862/heap-written "HTTP/1.1 200 OK"
2026-04-21 23:06:29,136 - httpx - INFO - HTTP Request: POST http://localhost:55862/allocate_page "HTTP/1.1 200 OK"
2026-04-21 23:06:29,139 - httpx - INFO - HTTP Request: POST http://localhost:55986/heap/append "HTTP/1.1 200 OK"
2026-04-21 23:06:29,246 - httpx - INFO - HTTP Request: POST http://localhost:55862/heap-written "HTTP/1.1 200 OK"
2026-04-21 23:06:29,373 - httpx - INFO - HTTP Request: POST http://localhost:55882/heap/append "HTTP/1.1 200 OK"
2026-04-21 23:06:29,509 - httpx - INFO - HTTP Request: POST http://localhost:55862/heap-written "HTTP/1.1 200 OK"
2026-04-21 23:06:31,256 - httpx - INFO - HTTP Request: GET http://localhost:1703/health "HTTP/1.1 200 OK"
2026-04-21 23:06:31,534 - httpx - INFO - HTTP Request: GET http://localhost:55862/active_pages "HTTP/1.1 200 OK"
2026-04-21 23:06:33,325 - httpx - INFO - HTTP Request: POST http://localhost:55862/allocate_page "HTTP/1.1 200 OK"
2026-04-21 23:06:33,329 - httpx - INFO - HTTP Request: POST http://localhost:55862/mark_pages_merged "HTTP/1.1 200 OK"
2026-04-21 23:06:35,203 - httpx - INFO - HTTP Request: POST http://localhost:55957/heap/mark-merged "HTTP/1.1 200 OK"
2026-04-21 23:06:35,223 - httpx - INFO - HTTP Request: POST http://localhost:55982/heap/mark-merged "HTTP/1.1 200 OK"
2026-04-21 23:06:35,224 - httpx - INFO - HTTP Request: POST http://localhost:56021/heap/mark-merged "HTTP/1.1 200 OK"
2026-04-21 23:06:35,225 - httpx - INFO - HTTP Request: POST http://localhost:55878/heap/mark-merged "HTTP/1.1 200 OK"
2026-04-21 23:06:35,226 - httpx - INFO - HTTP Request: POST http://localhost:55910/heap/mark-merged "HTTP/1.1 200 OK"
2026-04-21 23:06:35,227 - httpx - INFO - HTTP Request: POST http://localhost:55869/heap/mark-merged "HTTP/1.1 200 OK"
2026-04-21 23:06:35,227 - httpx - INFO - HTTP Request: POST http://localhost:56066/heap/mark-merged "HTTP/1.1 200 OK"
2026-04-21 23:06:35,228 - httpx - INFO - HTTP Request: POST http://localhost:55930/heap/mark-merged "HTTP/1.1 200 OK"
2026-04-21 23:06:35,228 - httpx - INFO - HTTP Request: POST http://localhost:55896/heap/mark-merged "HTTP/1.1 200 OK"
2026-04-21 23:06:35,229 - httpx - INFO - HTTP Request: POST http://localhost:55882/heap/mark-merged "HTTP/1.1 200 OK"
2026-04-21 23:06:35,229 - httpx - INFO - HTTP Request: POST http://localhost:55955/heap/mark-merged "HTTP/1.1 200 OK"
2026-04-21 23:06:35,230 - httpx - INFO - HTTP Request: POST http://localhost:56056/heap/append "HTTP/1.1 200 OK"
2026-04-21 23:06:35,230 - httpx - INFO - HTTP Request: POST http://localhost:55907/heap/mark-merged "HTTP/1.1 200 OK"
2026-04-21 23:06:35,231 - httpx - INFO - HTTP Request: POST http://localhost:55890/heap/mark-merged "HTTP/1.1 200 OK"
2026-04-21 23:06:35,231 - httpx - INFO - HTTP Request: POST http://localhost:55940/heap/mark-merged "HTTP/1.1 200 OK"
2026-04-21 23:06:35,232 - httpx - INFO - HTTP Request: POST http://localhost:55866/heap/mark-merged "HTTP/1.1 200 OK"
2026-04-21 23:06:35,232 - httpx - INFO - HTTP Request: POST http://localhost:55865/heap/mark-merged "HTTP/1.1 200 OK"
2026-04-21 23:06:35,233 - httpx - INFO - HTTP Request: POST http://localhost:55986/heap/mark-merged "HTTP/1.1 200 OK"
2026-04-21 23:06:35,464 - httpx - INFO - HTTP Request: POST http://localhost:1703/execute_merge "HTTP/1.1 200 OK"
2026-04-21 23:06:35,960 - httpx - INFO - HTTP Request: POST http://localhost:55862/heap-written "HTTP/1.1 200 OK"
2026-04-21 23:06:35,982 - httpx - INFO - HTTP Request: POST http://localhost:55862/allocate_page "HTTP/1.1 200 OK"
2026-04-21 23:06:35,997 - httpx - INFO - HTTP Request: POST http://localhost:55862/allocate_page "HTTP/1.1 200 OK"
2026-04-21 23:06:35,998 - httpx - INFO - HTTP Request: POST http://localhost:55862/allocate_page "HTTP/1.1 200 OK"
2026-04-21 23:06:36,004 - httpx - INFO - HTTP Request: GET http://localhost:55866/heap/unmerged "HTTP/1.1 200 OK"
2026-04-21 23:06:36,498 - httpx - INFO - HTTP Request: GET http://localhost:55865/heap/unmerged "HTTP/1.1 200 OK"
2026-04-21 23:06:36,588 - httpx - INFO - HTTP Request: POST http://localhost:55957/heap/append "HTTP/1.1 200 OK"
2026-04-21 23:06:36,773 - httpx - INFO - HTTP Request: POST http://localhost:56056/heap/append "HTTP/1.1 200 OK"
2026-04-21 23:06:36,773 - httpx - INFO - HTTP Request: POST http://localhost:55955/heap/append "HTTP/1.1 200 OK"
2026-04-21 23:06:37,172 - httpx - INFO - HTTP Request: GET http://localhost:55869/heap/unmerged "HTTP/1.1 200 OK"
2026-04-21 23:06:37,287 - httpx - INFO - HTTP Request: GET http://localhost:55862/active_pages "HTTP/1.1 200 OK"
2026-04-21 23:06:37,402 - httpx - INFO - HTTP Request: POST http://localhost:55862/heap-written "HTTP/1.1 200 OK"
2026-04-21 23:06:37,438 - httpx - INFO - HTTP Request: POST http://localhost:55862/heap-written "HTTP/1.1 200 OK"
2026-04-21 23:06:37,440 - httpx - INFO - HTTP Request: POST http://localhost:55862/heap-written "HTTP/1.1 200 OK"
2026-04-21 23:06:37,442 - httpx - INFO - HTTP Request: POST http://localhost:55862/allocate_page "HTTP/1.1 200 OK"
2026-04-21 23:06:37,447 - httpx - INFO - HTTP Request: POST http://localhost:55862/allocate_page "HTTP/1.1 200 OK"
2026-04-21 23:06:37,450 - httpx - INFO - HTTP Request: GET http://localhost:55870/heap/unmerged "HTTP/1.1 200 OK"
2026-04-21 23:06:37,774 - httpx - INFO - HTTP Request: POST http://localhost:55957/heap/append "HTTP/1.1 200 OK"
2026-04-21 23:06:37,775 - httpx - INFO - HTTP Request: POST http://localhost:55955/heap/append "HTTP/1.1 200 OK"
2026-04-21 23:06:37,786 - httpx - INFO - HTTP Request: GET http://localhost:55882/heap/unmerged "HTTP/1.1 200 OK"
[BFF] 原子替换PublicMemory: 160 条记录 -> /mnt/d/collections2026/phd_application/nanobot1/milestone2/data/public_memory/public_memory.jsonl
[BFF] all-unmerged 命中缓存: 25 条 (缓存剩余 0.2s)
[BFF] Consolidator合并完成: {'status': 'ok', 'original_count': 185, 'deduped_count': 160, 'removed_count': 25, 'pages_marked': 25, 'source': 'heap_unmerged'}
[BFF] 获取Agent 3c9c549e 堆段: 0 条
[BFF] 获取Agent 27f408a7 堆段: 0 条
[BFF] 获取Agent fac495b1 堆段: 0 条
[BFF] 获取Agent a644674e 堆段: 1 条
[BFF] 获取Agent 8e7d85d0 堆段: 1 条
[BFF] 获取Agent ed15a95a 堆段: 0 条
[BFF] 获取Agent a01ebd78 堆段: 0 条
[BFF] all-unmerged 请求正在进行，等待完成...
[BFF] all-unmerged 请求正在进行，等待完成...
[BFF] all-unmerged 请求正在进行，等待完成...
[BFF] Consolidator容器已存在: b11d5438
[BFF] 转发合并请求到Consolidator: http://localhost:13564/execute_merge
[BFF] 获取Agent 1ae104b5 堆段: 0 条
[BFF] Consolidator容器已存在: b11d5438
[BFF] 转发合并请求到Consolidator: http://localhost:13564/execute_merge
[BFF] Consolidator容器已存在: b11d5438
[BFF] 转发合并请求到Consolidator: http://localhost:13564/execute_merge
[BFF] 读取PublicMemory (物理路径): /mnt/d/collections2026/phd_application/nanobot1/milestone2/data/public_memory/public_memory.jsonl, top_k=2
[BFF] 读取PublicMemory完成: 160 条记录
[BFF] 读取PublicMemory (物理路径): /mnt/d/collections2026/phd_application/nanobot1/milestone2/data/public_memory/public_memory.jsonl, top_k=2
[BFF] 读取PublicMemory完成: 160 条记录
[BFF] 获取Agent a9f080cc 堆段: 0 条
[BFF] 获取Agent f415bc94 堆段: 0 条
[BFF] 读取PublicMemory (物理路径): /mnt/d/collections2026/phd_application/nanobot1/milestone2/data/public_memory/public_memory.jsonl, top_k=10000
[BFF] 读取PublicMemory完成: 160 条记录
[BFF] 读取PublicMemory (物理路径): /mnt/d/collections2026/phd_application/nanobot1/milestone2/data/public_memory/public_memory.jsonl, top_k=10000
[BFF] 读取PublicMemory完成: 160 条记录
[BFF] 读取PublicMemory (物理路径): /mnt/d/collections2026/phd_application/nanobot1/milestone2/data/public_memory/public_memory.jsonl, top_k=10000
[BFF] 读取PublicMemory完成: 160 条记录
[BFF] 获取Agent 82415672 堆段: 0 条
[BFF] 获取Agent 01658064 堆段: 0 条
[BFF] 获取Agent d3ce66a2 堆段: 1 条
[BFF] 写入PublicMemory (物理路径): /mnt/d/collections2026/phd_application/nanobot1/milestone2/data/public_memory/public_memory.jsonl
[BFF] 原子替换PublicMemory: 163 条记录 -> /mnt/d/collections2026/phd_application/nanobot1/milestone2/data/public_memory/public_memory.jsonl
[BFF] 写入PublicMemory (物理路径): /mnt/d/collections2026/phd_application/nanobot1/milestone2/data/public_memory/public_memory.jsonl
[BFF] 原子替换PublicMemory: 163 条记录 -> /mnt/d/collections2026/phd_application/nanobot1/milestone2/data/public_memory/public_memory.jsonl
[BFF] 写入PublicMemory (物理路径): /mnt/d/collections2026/phd_application/nanobot1/milestone2/data/public_memory/public_memory.jsonl
[BFF] 原子替换PublicMemory: 163 条记录 -> /mnt/d/collections2026/phd_application/nanobot1/milestone2/data/public_memory/public_memory.jsonl
[BFF] 获取Agent f62b7569 堆段: 1 条
[BFF] 读取PublicMemory (物理路径): /mnt/d/collections2026/phd_application/nanobot1/milestone2/data/public_memory/public_memory.jsonl, top_k=2
[BFF] 读取PublicMemory完成: 163 条记录
[BFF] 获取Agent c1645623 堆段: 0 条
[BFF] 获取Agent 5e90dbec 堆段: 0 条
[BFF] Consolidator合并完成: {'status': 'ok', 'original_count': 167, 'deduped_count': 163, 'removed_count': 4, 'pages_marked': 7, 'source': 'km_page_table'}
[BFF] Consolidator合并完成: {'status': 'ok', 'original_count': 167, 'deduped_count': 163, 'removed_count': 4, 'pages_marked': 7, 'source': 'km_page_table'}
[BFF] Consolidator合并完成: {'status': 'ok', 'original_count': 167, 'deduped_count': 163, 'removed_count': 4, 'pages_marked': 7, 'source': 'km_page_table'}
[BFF] all-unmerged 请求正在进行，等待完成...
[BFF] all-unmerged 请求正在进行，等待完成...
[BFF] all-unmerged 请求正在进行，等待完成...
[BFF] 获取Agent 9a3eae56 堆段: 0 条
[BFF] 获取Agent 10944fd8 堆段: 1 条
[BFF] 读取PublicMemory (物理路径): /mnt/d/collections2026/phd_application/nanobot1/milestone2/data/public_memory/public_memory.jsonl, top_k=2
[BFF] 读取PublicMemory完成: 163 条记录
[BFF] 邻居发现: 所有父子关系已建立
[BFF] 读取PublicMemory (物理路径): /mnt/d/collections2026/phd_application/nanobot1/milestone2/data/public_memory/public_memory.jsonl, top_k=2
[BFF] 读取PublicMemory完成: 163 条记录
[BFF] 获取Agent 3e8335de 堆段: 0 条
[BFF] 容器不存在 b11d5438，清理中...
[BFF] 健康检查: 已清理 1 个无效容器
[BFF] 获取Agent e7bfb79d 堆段: 0 条
[BFF] all-unmerged 获取完成: 5 条
[BFF] all-unmerged 命中缓存: 5 条 (缓存剩余 1.9s)
[BFF] all-unmerged 命中缓存: 5 条 (缓存剩余 1.9s)
[BFF] all-unmerged 命中缓存: 5 条 (缓存剩余 1.7s)
[BFF] all-unmerged 命中缓存: 5 条 (缓存剩余 1.3s)
[BFF] all-unmerged 命中缓存: 5 条 (缓存剩余 0.9s)
[BFF] all-unmerged 命中缓存: 5 条 (缓存剩余 0.6s)
[BFF] all-unmerged 命中缓存: 5 条 (缓存剩余 0.3s)
[BFF] 获取Agent 3c9c549e 堆段: 2 条
[BFF] 获取Agent 27f408a7 堆段: 2 条
[BFF] all-unmerged 请求正在进行，等待完成...
[BFF] 获取Agent fac495b1 堆段: 2 条
[BFF] 获取Agent a644674e 堆段: 0 条
[BFF] 获取Agent 8e7d85d0 堆段: 0 条
[BFF] 获取Agent ed15a95a 堆段: 2 条
[BFF] 获取Agent a01ebd78 堆段: 2 条
[BFF] 获取Agent 1ae104b5 堆段: 2 条
[BFF] 获取Agent a9f080cc 堆段: 2 条
[BFF] 获取Agent f415bc94 堆段: 2 条
[BFF] 获取Agent 82415672 堆段: 2 条
[BFF] 获取Agent 01658064 堆段: 2 条
[BFF] 获取Agent d3ce66a2 堆段: 1 条
[BFF] 获取Agent f62b7569 堆段: 2 条
[BFF] 获取Agent c1645623 堆段: 2 条
[BFF] 获取Agent 5e90dbec 堆段: 0 条
[BFF] 获取Agent 9a3eae56 堆段: 0 条
[BFF] 获取Agent 10944fd8 堆段: 2 条
[BFF] 获取Agent 3e8335de 堆段: 0 条
[BFF] 获取Agent e7bfb79d 堆段: 2 条
[BFF] all-unmerged 获取完成: 29 条
[BFF] 创建Consolidator容器...
[Orchestrator] Container consolidator_c8aaa24a is ready
[Orchestrator] Created container consolidator_c8aaa24a
[BFF] Consolidator容器已创建: c8aaa24a
[BFF] Consolidator容器已创建: c8aaa24a
[BFF] Consolidator容器已创建: c8aaa24a
[BFF] 转发合并请求到Consolidator: http://localhost:1703/execute_merge
[BFF] 读取PublicMemory (物理路径): /mnt/d/collections2026/phd_application/nanobot1/milestone2/data/public_memory/public_memory.jsonl, top_k=10000
[BFF] 读取PublicMemory完成: 163 条记录
[BFF] 写入PublicMemory (物理路径): /mnt/d/collections2026/phd_application/nanobot1/milestone2/data/public_memory/public_memory.jsonl
[BFF] 原子替换PublicMemory: 175 条记录 -> /mnt/d/collections2026/phd_application/nanobot1/milestone2/data/public_memory/public_memory.jsonl
[BFF] Consolidator合并完成: {'status': 'ok', 'original_count': 196, 'deduped_count': 175, 'removed_count': 21, 'pages_marked': 33, 'source': 'km_page_table'}
[BFF] all-unmerged 请求正在进行，等待完成...
[BFF] 获取Agent 3c9c549e 堆段: 0 条
[BFF] Consolidator容器已存在: c8aaa24a
[BFF] 转发合并请求到Consolidator: http://localhost:1703/execute_merge
[BFF] 获取Agent 27f408a7 堆段: 0 条
[BFF] 获取Agent fac495b1 堆段: 0 条
[BFF] 读取PublicMemory (物理路径): /mnt/d/collections2026/phd_application/nanobot1/milestone2/data/public_memory/public_memory.jsonl, top_k=10000
[BFF] 读取PublicMemory完成: 175 条记录
[BFF] 获取Agent a644674e 堆段: 0 条
[BFF] 获取Agent 8e7d85d0 堆段: 0 条
[BFF] 写入PublicMemory (物理路径): /mnt/d/collections2026/phd_application/nanobot1/milestone2/data/public_memory/public_memory.jsonl
[BFF] 原子替换PublicMemory: 176 条记录 -> /mnt/d/collections2026/phd_application/nanobot1/milestone2/data/public_memory/public_memory.jsonl
2026-04-21 23:06:38,518 - httpx - INFO - HTTP Request: POST http://localhost:55862/heap-written "HTTP/1.1 200 OK"
2026-04-21 23:06:38,519 - httpx - INFO - HTTP Request: POST http://localhost:55862/heap-written "HTTP/1.1 200 OK"
2026-04-21 23:06:38,521 - httpx - INFO - HTTP Request: GET http://localhost:55878/heap/unmerged "HTTP/1.1 200 OK"
2026-04-21 23:06:38,652 - httpx - INFO - HTTP Request: POST http://localhost:55862/mark_pages_merged "HTTP/1.1 200 OK"
2026-04-21 23:06:38,656 - httpx - INFO - HTTP Request: GET http://localhost:55890/heap/unmerged "HTTP/1.1 200 OK"
2026-04-21 23:06:39,138 - httpx - INFO - HTTP Request: GET http://localhost:55896/heap/unmerged "HTTP/1.1 200 OK"
2026-04-21 23:06:39,232 - httpx - INFO - HTTP Request: POST http://localhost:55955/heap/mark-merged "HTTP/1.1 200 OK"
2026-04-21 23:06:39,235 - httpx - INFO - HTTP Request: POST http://localhost:55957/heap/mark-merged "HTTP/1.1 200 OK"
2026-04-21 23:06:39,236 - httpx - INFO - HTTP Request: POST http://localhost:56056/heap/mark-merged "HTTP/1.1 200 OK"
2026-04-21 23:06:39,243 - httpx - INFO - HTTP Request: POST http://localhost:1703/execute_merge "HTTP/1.1 200 OK"
2026-04-21 23:06:39,247 - httpx - INFO - HTTP Request: GET http://localhost:55907/heap/unmerged "HTTP/1.1 200 OK"
2026-04-21 23:06:39,393 - httpx - INFO - HTTP Request: GET http://localhost:55910/heap/unmerged "HTTP/1.1 200 OK"
2026-04-21 23:06:39,513 - httpx - INFO - HTTP Request: GET http://localhost:55930/heap/unmerged "HTTP/1.1 200 OK"
2026-04-21 23:06:39,606 - httpx - INFO - HTTP Request: GET http://localhost:55940/heap/unmerged "HTTP/1.1 200 OK"
2026-04-21 23:06:39,694 - httpx - INFO - HTTP Request: GET http://localhost:55955/heap/unmerged "HTTP/1.1 200 OK"
2026-04-21 23:06:39,790 - httpx - INFO - HTTP Request: GET http://localhost:55957/heap/unmerged "HTTP/1.1 200 OK"
2026-04-21 23:06:39,880 - httpx - INFO - HTTP Request: GET http://localhost:55982/heap/unmerged "HTTP/1.1 200 OK"
2026-04-21 23:06:39,967 - httpx - INFO - HTTP Request: GET http://localhost:55986/heap/unmerged "HTTP/1.1 200 OK"
2026-04-21 23:06:40,064 - httpx - INFO - HTTP Request: GET http://localhost:56015/heap/unmerged "HTTP/1.1 200 OK"
2026-04-21 23:06:40,157 - httpx - INFO - HTTP Request: GET http://localhost:56021/heap/unmerged "HTTP/1.1 200 OK"
2026-04-21 23:06:40,314 - httpx - INFO - HTTP Request: GET http://localhost:56056/heap/unmerged "HTTP/1.1 200 OK"
2026-04-21 23:06:40,410 - httpx - INFO - HTTP Request: GET http://localhost:56066/heap/unmerged "HTTP/1.1 200 OK"
2026-04-21 23:06:40,518 - httpx - INFO - HTTP Request: GET http://localhost:1703/heap/unmerged "HTTP/1.1 200 OK"
2026-04-21 23:06:44,916 - httpx - INFO - HTTP Request: POST http://localhost:55862/allocate_page "HTTP/1.1 200 OK"
2026-04-21 23:06:45,212 - httpx - INFO - HTTP Request: POST http://localhost:55870/heap/append "HTTP/1.1 200 OK"
2026-04-21 23:06:45,481 - httpx - INFO - HTTP Request: POST http://localhost:55862/heap-written "HTTP/1.1 200 OK"
2026-04-21 23:06:45,486 - httpx - INFO - HTTP Request: POST http://localhost:55862/allocate_page "HTTP/1.1 200 OK"
2026-04-21 23:06:45,670 - httpx - INFO - HTTP Request: POST http://localhost:55870/heap/append "HTTP/1.1 200 OK"
2026-04-21 23:06:45,759 - httpx - INFO - HTTP Request: POST http://localhost:55862/heap-written "HTTP/1.1 200 OK"
2026-04-21 23:06:45,858 - httpx - INFO - HTTP Request: GET http://localhost:55866/heap/unmerged "HTTP/1.1 200 OK"
2026-04-21 23:06:46,247 - httpx - INFO - HTTP Request: GET http://localhost:55865/heap/unmerged "HTTP/1.1 200 OK"
2026-04-21 23:06:46,377 - httpx - INFO - HTTP Request: GET http://localhost:55869/heap/unmerged "HTTP/1.1 200 OK"
2026-04-21 23:06:46,489 - httpx - INFO - HTTP Request: GET http://localhost:55870/heap/unmerged "HTTP/1.1 200 OK"
2026-04-21 23:06:46,593 - httpx - INFO - HTTP Request: GET http://localhost:55882/heap/unmerged "HTTP/1.1 200 OK"
2026-04-21 23:06:46,684 - httpx - INFO - HTTP Request: GET http://localhost:55878/heap/unmerged "HTTP/1.1 200 OK"
2026-04-21 23:06:46,771 - httpx - INFO - HTTP Request: GET http://localhost:55890/heap/unmerged "HTTP/1.1 200 OK"
2026-04-21 23:06:46,909 - httpx - INFO - HTTP Request: GET http://localhost:55896/heap/unmerged "HTTP/1.1 200 OK"
2026-04-21 23:06:46,998 - httpx - INFO - HTTP Request: GET http://localhost:55907/heap/unmerged "HTTP/1.1 200 OK"
2026-04-21 23:06:47,110 - httpx - INFO - HTTP Request: GET http://localhost:55910/heap/unmerged "HTTP/1.1 200 OK"
2026-04-21 23:06:47,201 - httpx - INFO - HTTP Request: GET http://localhost:55930/heap/unmerged "HTTP/1.1 200 OK"
2026-04-21 23:06:47,325 - httpx - INFO - HTTP Request: GET http://localhost:55940/heap/unmerged "HTTP/1.1 200 OK"
2026-04-21 23:06:47,417 - httpx - INFO - HTTP Request: GET http://localhost:55955/heap/unmerged "HTTP/1.1 200 OK"
2026-04-21 23:06:47,526 - httpx - INFO - HTTP Request: GET http://localhost:55957/heap/unmerged "HTTP/1.1 200 OK"
2026-04-21 23:06:47,618 - httpx - INFO - HTTP Request: GET http://localhost:55982/heap/unmerged "HTTP/1.1 200 OK"
2026-04-21 23:06:47,705 - httpx - INFO - HTTP Request: GET http://localhost:55986/heap/unmerged "HTTP/1.1 200 OK"
2026-04-21 23:06:47,791 - httpx - INFO - HTTP Request: GET http://localhost:56015/heap/unmerged "HTTP/1.1 200 OK"
2026-04-21 23:06:47,888 - httpx - INFO - HTTP Request: GET http://localhost:56021/heap/unmerged "HTTP/1.1 200 OK"
2026-04-21 23:06:47,991 - httpx - INFO - HTTP Request: GET http://localhost:56056/heap/unmerged "HTTP/1.1 200 OK"
2026-04-21 23:06:48,119 - httpx - INFO - HTTP Request: GET http://localhost:56066/heap/unmerged "HTTP/1.1 200 OK"
2026-04-21 23:06:48,271 - httpx - INFO - HTTP Request: GET http://localhost:1703/heap/unmerged "HTTP/1.1 200 OK"
2026-04-21 23:06:54,753 - httpx - INFO - HTTP Request: GET http://localhost:55866/heap/unmerged "HTTP/1.1 200 OK"
2026-04-21 23:06:54,872 - httpx - INFO - HTTP Request: GET http://localhost:55865/heap/unmerged "HTTP/1.1 200 OK"
2026-04-21 23:06:54,996 - httpx - INFO - HTTP Request: GET http://localhost:55869/heap/unmerged "HTTP/1.1 200 OK"
2026-04-21 23:06:55,131 - httpx - INFO - HTTP Request: GET http://localhost:55870/heap/unmerged "HTTP/1.1 200 OK"
2026-04-21 23:06:55,246 - httpx - INFO - HTTP Request: GET http://localhost:55882/heap/unmerged "HTTP/1.1 200 OK"
2026-04-21 23:06:55,358 - httpx - INFO - HTTP Request: GET http://localhost:55878/heap/unmerged "HTTP/1.1 200 OK"
2026-04-21 23:06:55,454 - httpx - INFO - HTTP Request: GET http://localhost:55890/heap/unmerged "HTTP/1.1 200 OK"
2026-04-21 23:06:55,604 - httpx - INFO - HTTP Request: GET http://localhost:55896/heap/unmerged "HTTP/1.1 200 OK"
2026-04-21 23:06:55,697 - httpx - INFO - HTTP Request: GET http://localhost:55907/heap/unmerged "HTTP/1.1 200 OK"
2026-04-21 23:06:55,784 - httpx - INFO - HTTP Request: GET http://localhost:55910/heap/unmerged "HTTP/1.1 200 OK"
2026-04-21 23:06:55,879 - httpx - INFO - HTTP Request: GET http://localhost:55930/heap/unmerged "HTTP/1.1 200 OK"
2026-04-21 23:06:55,972 - httpx - INFO - HTTP Request: GET http://localhost:55940/heap/unmerged "HTTP/1.1 200 OK"
2026-04-21 23:06:56,060 - httpx - INFO - HTTP Request: GET http://localhost:55955/heap/unmerged "HTTP/1.1 200 OK"
2026-04-21 23:06:56,157 - httpx - INFO - HTTP Request: GET http://localhost:55957/heap/unmerged "HTTP/1.1 200 OK"
2026-04-21 23:06:56,492 - httpx - INFO - HTTP Request: GET http://localhost:55982/heap/unmerged "HTTP/1.1 200 OK"
2026-04-21 23:06:56,613 - httpx - INFO - HTTP Request: GET http://localhost:55986/heap/unmerged "HTTP/1.1 200 OK"
2026-04-21 23:06:56,711 - httpx - INFO - HTTP Request: GET http://localhost:56015/heap/unmerged "HTTP/1.1 200 OK"
2026-04-21 23:06:56,815 - httpx - INFO - HTTP Request: GET http://localhost:56021/heap/unmerged "HTTP/1.1 200 OK"
2026-04-21 23:06:56,947 - httpx - INFO - HTTP Request: GET http://localhost:56056/heap/unmerged "HTTP/1.1 200 OK"
2026-04-21 23:06:57,034 - httpx - INFO - HTTP Request: GET http://localhost:56066/heap/unmerged "HTTP/1.1 200 OK"
2026-04-21 23:06:57,137 - httpx - INFO - HTTP Request: GET http://localhost:1703/heap/unmerged "HTTP/1.1 200 OK"
2026-04-21 23:07:03,775 - httpx - INFO - HTTP Request: GET http://localhost:55866/heap/unmerged "HTTP/1.1 200 OK"
2026-04-21 23:07:03,957 - httpx - INFO - HTTP Request: GET http://localhost:55865/heap/unmerged "HTTP/1.1 200 OK"
2026-04-21 23:07:04,058 - httpx - INFO - HTTP Request: GET http://localhost:55869/heap/unmerged "HTTP/1.1 200 OK"
2026-04-21 23:07:04,147 - httpx - INFO - HTTP Request: GET http://localhost:55870/heap/unmerged "HTTP/1.1 200 OK"
2026-04-21 23:07:04,238 - httpx - INFO - HTTP Request: GET http://localhost:55882/heap/unmerged "HTTP/1.1 200 OK"
2026-04-21 23:07:04,329 - httpx - INFO - HTTP Request: GET http://localhost:55878/heap/unmerged "HTTP/1.1 200 OK"
2026-04-21 23:07:04,477 - httpx - INFO - HTTP Request: GET http://localhost:55890/heap/unmerged "HTTP/1.1 200 OK"
2026-04-21 23:07:04,604 - httpx - INFO - HTTP Request: GET http://localhost:55896/heap/unmerged "HTTP/1.1 200 OK"
2026-04-21 23:07:04,728 - httpx - INFO - HTTP Request: GET http://localhost:55907/heap/unmerged "HTTP/1.1 200 OK"
2026-04-21 23:07:04,908 - httpx - INFO - HTTP Request: GET http://localhost:55910/heap/unmerged "HTTP/1.1 200 OK"
2026-04-21 23:07:05,040 - httpx - INFO - HTTP Request: GET http://localhost:55930/heap/unmerged "HTTP/1.1 200 OK"
2026-04-21 23:07:05,187 - httpx - INFO - HTTP Request: GET http://localhost:55940/heap/unmerged "HTTP/1.1 200 OK"
2026-04-21 23:07:05,328 - httpx - INFO - HTTP Request: GET http://localhost:55955/heap/unmerged "HTTP/1.1 200 OK"
2026-04-21 23:07:05,485 - httpx - INFO - HTTP Request: GET http://localhost:55957/heap/unmerged "HTTP/1.1 200 OK"
2026-04-21 23:07:05,597 - httpx - INFO - HTTP Request: GET http://localhost:55982/heap/unmerged "HTTP/1.1 200 OK"
2026-04-21 23:07:05,757 - httpx - INFO - HTTP Request: GET http://localhost:55986/heap/unmerged "HTTP/1.1 200 OK"
2026-04-21 23:07:05,854 - httpx - INFO - HTTP Request: GET http://localhost:56015/heap/unmerged "HTTP/1.1 200 OK"
2026-04-21 23:07:05,944 - httpx - INFO - HTTP Request: GET http://localhost:56021/heap/unmerged "HTTP/1.1 200 OK"
2026-04-21 23:07:06,032 - httpx - INFO - HTTP Request: GET http://localhost:56056/heap/unmerged "HTTP/1.1 200 OK"
2026-04-21 23:07:06,268 - httpx - INFO - HTTP Request: GET http://localhost:56066/heap/unmerged "HTTP/1.1 200 OK"
2026-04-21 23:07:06,355 - httpx - INFO - HTTP Request: GET http://localhost:1703/heap/unmerged "HTTP/1.1 200 OK"
2026-04-21 23:07:12,616 - httpx - INFO - HTTP Request: GET http://localhost:55866/heap/unmerged "HTTP/1.1 200 OK"
2026-04-21 23:07:12,740 - httpx - INFO - HTTP Request: GET http://localhost:55865/heap/unmerged "HTTP/1.1 200 OK"
2026-04-21 23:07:12,832 - httpx - INFO - HTTP Request: GET http://localhost:55869/heap/unmerged "HTTP/1.1 200 OK"
2026-04-21 23:07:12,920 - httpx - INFO - HTTP Request: GET http://localhost:55870/heap/unmerged "HTTP/1.1 200 OK"
2026-04-21 23:07:13,015 - httpx - INFO - HTTP Request: GET http://localhost:55882/heap/unmerged "HTTP/1.1 200 OK"
2026-04-21 23:07:13,104 - httpx - INFO - HTTP Request: GET http://localhost:55878/heap/unmerged "HTTP/1.1 200 OK"
2026-04-21 23:07:13,241 - httpx - INFO - HTTP Request: GET http://localhost:55890/heap/unmerged "HTTP/1.1 200 OK"
2026-04-21 23:07:13,412 - httpx - INFO - HTTP Request: GET http://localhost:55896/heap/unmerged "HTTP/1.1 200 OK"
2026-04-21 23:07:13,522 - httpx - INFO - HTTP Request: GET http://localhost:55907/heap/unmerged "HTTP/1.1 200 OK"
2026-04-21 23:07:13,618 - httpx - INFO - HTTP Request: GET http://localhost:55910/heap/unmerged "HTTP/1.1 200 OK"
2026-04-21 23:07:13,728 - httpx - INFO - HTTP Request: GET http://localhost:55930/heap/unmerged "HTTP/1.1 200 OK"
2026-04-21 23:07:13,863 - httpx - INFO - HTTP Request: GET http://localhost:55940/heap/unmerged "HTTP/1.1 200 OK"
2026-04-21 23:07:14,067 - httpx - INFO - HTTP Request: GET http://localhost:55955/heap/unmerged "HTTP/1.1 200 OK"
2026-04-21 23:07:14,176 - httpx - INFO - HTTP Request: GET http://localhost:55957/heap/unmerged "HTTP/1.1 200 OK"
2026-04-21 23:07:14,266 - httpx - INFO - HTTP Request: GET http://localhost:55982/heap/unmerged "HTTP/1.1 200 OK"
2026-04-21 23:07:14,358 - httpx - INFO - HTTP Request: GET http://localhost:55986/heap/unmerged "HTTP/1.1 200 OK"
2026-04-21 23:07:14,499 - httpx - INFO - HTTP Request: GET http://localhost:56015/heap/unmerged "HTTP/1.1 200 OK"
2026-04-21 23:07:14,608 - httpx - INFO - HTTP Request: GET http://localhost:56021/heap/unmerged "HTTP/1.1 200 OK"
2026-04-21 23:07:14,723 - httpx - INFO - HTTP Request: GET http://localhost:56056/heap/unmerged "HTTP/1.1 200 OK"
2026-04-21 23:07:14,826 - httpx - INFO - HTTP Request: GET http://localhost:56066/heap/unmerged "HTTP/1.1 200 OK"
2026-04-21 23:07:14,957 - httpx - INFO - HTTP Request: GET http://localhost:1703/heap/unmerged "HTTP/1.1 200 OK"
2026-04-21 23:07:21,695 - httpx - INFO - HTTP Request: GET http://localhost:55866/heap/unmerged "HTTP/1.1 200 OK"
2026-04-21 23:07:21,880 - httpx - INFO - HTTP Request: GET http://localhost:55865/heap/unmerged "HTTP/1.1 200 OK"
2026-04-21 23:07:21,992 - httpx - INFO - HTTP Request: GET http://localhost:55869/heap/unmerged "HTTP/1.1 200 OK"
2026-04-21 23:07:22,091 - httpx - INFO - HTTP Request: GET http://localhost:55870/heap/unmerged "HTTP/1.1 200 OK"
2026-04-21 23:07:22,218 - httpx - INFO - HTTP Request: GET http://localhost:55882/heap/unmerged "HTTP/1.1 200 OK"
2026-04-21 23:07:22,395 - httpx - INFO - HTTP Request: GET http://localhost:55878/heap/unmerged "HTTP/1.1 200 OK"
2026-04-21 23:07:22,578 - httpx - INFO - HTTP Request: GET http://localhost:55890/heap/unmerged "HTTP/1.1 200 OK"
2026-04-21 23:07:22,687 - httpx - INFO - HTTP Request: GET http://localhost:55896/heap/unmerged "HTTP/1.1 200 OK"
2026-04-21 23:07:22,805 - httpx - INFO - HTTP Request: GET http://localhost:55907/heap/unmerged "HTTP/1.1 200 OK"
2026-04-21 23:07:22,892 - httpx - INFO - HTTP Request: GET http://localhost:55910/heap/unmerged "HTTP/1.1 200 OK"
2026-04-21 23:07:22,979 - httpx - INFO - HTTP Request: GET http://localhost:55930/heap/unmerged "HTTP/1.1 200 OK"
2026-04-21 23:07:23,070 - httpx - INFO - HTTP Request: GET http://localhost:55940/heap/unmerged "HTTP/1.1 200 OK"
2026-04-21 23:07:23,160 - httpx - INFO - HTTP Request: GET http://localhost:55955/heap/unmerged "HTTP/1.1 200 OK"
2026-04-21 23:07:23,274 - httpx - INFO - HTTP Request: GET http://localhost:55957/heap/unmerged "HTTP/1.1 200 OK"
2026-04-21 23:07:23,428 - httpx - INFO - HTTP Request: GET http://localhost:55982/heap/unmerged "HTTP/1.1 200 OK"
2026-04-21 23:07:23,539 - httpx - INFO - HTTP Request: GET http://localhost:55986/heap/unmerged "HTTP/1.1 200 OK"
2026-04-21 23:07:23,671 - httpx - INFO - HTTP Request: GET http://localhost:56015/heap/unmerged "HTTP/1.1 200 OK"
2026-04-21 23:07:23,771 - httpx - INFO - HTTP Request: GET http://localhost:56021/heap/unmerged "HTTP/1.1 200 OK"
2026-04-21 23:07:23,864 - httpx - INFO - HTTP Request: GET http://localhost:56056/heap/unmerged "HTTP/1.1 200 OK"
2026-04-21 23:07:24,004 - httpx - INFO - HTTP Request: GET http://localhost:56066/heap/unmerged "HTTP/1.1 200 OK"
2026-04-21 23:07:30,182 - httpx - INFO - HTTP Request: GET http://localhost:55866/heap/unmerged "HTTP/1.1 200 OK"
2026-04-21 23:07:30,294 - httpx - INFO - HTTP Request: GET http://localhost:55865/heap/unmerged "HTTP/1.1 200 OK"
2026-04-21 23:07:30,421 - httpx - INFO - HTTP Request: GET http://localhost:55869/heap/unmerged "HTTP/1.1 200 OK"
2026-04-21 23:07:30,521 - httpx - INFO - HTTP Request: GET http://localhost:55870/heap/unmerged "HTTP/1.1 200 OK"
2026-04-21 23:07:30,638 - httpx - INFO - HTTP Request: GET http://localhost:55882/heap/unmerged "HTTP/1.1 200 OK"
2026-04-21 23:07:30,749 - httpx - INFO - HTTP Request: GET http://localhost:55878/heap/unmerged "HTTP/1.1 200 OK"
2026-04-21 23:07:30,872 - httpx - INFO - HTTP Request: GET http://localhost:55890/heap/unmerged "HTTP/1.1 200 OK"
2026-04-21 23:07:31,024 - httpx - INFO - HTTP Request: GET http://localhost:55896/heap/unmerged "HTTP/1.1 200 OK"
2026-04-21 23:07:31,124 - httpx - INFO - HTTP Request: GET http://localhost:55907/heap/unmerged "HTTP/1.1 200 OK"
2026-04-21 23:07:31,226 - httpx - INFO - HTTP Request: GET http://localhost:55910/heap/unmerged "HTTP/1.1 200 OK"
2026-04-21 23:07:31,323 - httpx - INFO - HTTP Request: GET http://localhost:55930/heap/unmerged "HTTP/1.1 200 OK"
2026-04-21 23:07:31,444 - httpx - INFO - HTTP Request: GET http://localhost:55940/heap/unmerged "HTTP/1.1 200 OK"
2026-04-21 23:07:31,560 - httpx - INFO - HTTP Request: GET http://localhost:55955/heap/unmerged "HTTP/1.1 200 OK"
[BFF] all-unmerged 请求正在进行，等待完成...
[BFF] 获取Agent ed15a95a 堆段: 0 条
[BFF] 获取Agent a01ebd78 堆段: 0 条
[BFF] 获取Agent 1ae104b5 堆段: 0 条
[BFF] Consolidator合并完成: {'status': 'ok', 'original_count': 179, 'deduped_count': 176, 'removed_count': 3, 'pages_marked': 4, 'source': 'km_page_table'}
[BFF] 获取Agent a9f080cc 堆段: 0 条
[BFF] all-unmerged 请求正在进行，等待完成...
[BFF] 获取Agent f415bc94 堆段: 0 条
[BFF] 获取Agent 82415672 堆段: 0 条
[BFF] 获取Agent 01658064 堆段: 0 条
[BFF] 获取Agent d3ce66a2 堆段: 1 条
[BFF] 获取Agent f62b7569 堆段: 1 条
[BFF] 获取Agent c1645623 堆段: 0 条
[BFF] 获取Agent 5e90dbec 堆段: 0 条
[BFF] 获取Agent 9a3eae56 堆段: 0 条
[BFF] 获取Agent 10944fd8 堆段: 0 条
[BFF] 获取Agent 3e8335de 堆段: 0 条
[BFF] all-unmerged 请求正在进行，等待完成...
[BFF] 获取Agent e7bfb79d 堆段: 0 条
[BFF] 获取Agent c8aaa24a 堆段: 0 条
[BFF] all-unmerged 获取完成: 2 条
[BFF] all-unmerged 命中缓存: 2 条 (缓存剩余 3.0s)
[BFF] all-unmerged 命中缓存: 2 条 (缓存剩余 0.8s)
[BFF] all-unmerged 命中缓存: 2 条 (缓存剩余 0.3s)
[BFF] all-unmerged 请求正在进行，等待完成...
[BFF] 获取Agent 3c9c549e 堆段: 0 条
[BFF] 获取Agent 27f408a7 堆段: 0 条
[BFF] 获取Agent fac495b1 堆段: 0 条
[BFF] 获取Agent a644674e 堆段: 2 条
[BFF] 获取Agent 8e7d85d0 堆段: 0 条
[BFF] 获取Agent ed15a95a 堆段: 0 条
[BFF] all-unmerged 请求正在进行，等待完成...
[BFF] 获取Agent a01ebd78 堆段: 0 条
[BFF] 获取Agent 1ae104b5 堆段: 0 条
[BFF] 获取Agent a9f080cc 堆段: 0 条
[BFF] 获取Agent f415bc94 堆段: 0 条
[BFF] 获取Agent 82415672 堆段: 0 条
[BFF] 获取Agent 01658064 堆段: 0 条
[BFF] 获取Agent d3ce66a2 堆段: 1 条
[BFF] 获取Agent f62b7569 堆段: 1 条
[BFF] 获取Agent c1645623 堆段: 0 条
[BFF] 获取Agent 5e90dbec 堆段: 0 条
[BFF] 获取Agent 9a3eae56 堆段: 0 条
[BFF] 获取Agent 10944fd8 堆段: 0 条
[BFF] 获取Agent 3e8335de 堆段: 0 条
[BFF] 获取Agent e7bfb79d 堆段: 0 条
[BFF] 获取Agent c8aaa24a 堆段: 0 条
[BFF] all-unmerged 获取完成: 4 条
[BFF] all-unmerged 命中缓存: 4 条 (缓存剩余 4.4s)
[BFF] all-unmerged 命中缓存: 4 条 (缓存剩余 2.9s)
[BFF] all-unmerged 命中缓存: 4 条 (缓存剩余 2.3s)
[BFF] all-unmerged 命中缓存: 4 条 (缓存剩余 0.8s)
[BFF] all-unmerged 命中缓存: 4 条 (缓存剩余 0.2s)
[BFF] 获取Agent 3c9c549e 堆段: 0 条
[BFF] 获取Agent 27f408a7 堆段: 0 条
[BFF] 获取Agent fac495b1 堆段: 0 条
[BFF] 获取Agent a644674e 堆段: 2 条
[BFF] all-unmerged 请求正在进行，等待完成...
[BFF] 获取Agent 8e7d85d0 堆段: 0 条
[BFF] 获取Agent ed15a95a 堆段: 0 条
[BFF] 获取Agent a01ebd78 堆段: 0 条
[BFF] 获取Agent 1ae104b5 堆段: 0 条
[BFF] 获取Agent a9f080cc 堆段: 0 条
[BFF] 获取Agent f415bc94 堆段: 0 条
[BFF] 获取Agent 82415672 堆段: 0 条
[BFF] 获取Agent 01658064 堆段: 0 条
[BFF] 获取Agent d3ce66a2 堆段: 1 条
[BFF] 获取Agent f62b7569 堆段: 1 条
[BFF] 获取Agent c1645623 堆段: 0 条
[BFF] 获取Agent 5e90dbec 堆段: 0 条
[BFF] 获取Agent 9a3eae56 堆段: 0 条
[BFF] 获取Agent 10944fd8 堆段: 0 条
[BFF] 获取Agent 3e8335de 堆段: 0 条
[BFF] 获取Agent e7bfb79d 堆段: 0 条
[BFF] 获取Agent c8aaa24a 堆段: 0 条
[BFF] all-unmerged 获取完成: 4 条
[BFF] all-unmerged 命中缓存: 4 条 (缓存剩余 4.8s)
[BFF] all-unmerged 命中缓存: 4 条 (缓存剩余 2.9s)
[BFF] all-unmerged 命中缓存: 4 条 (缓存剩余 2.6s)
[BFF] all-unmerged 命中缓存: 4 条 (缓存剩余 0.7s)
[BFF] all-unmerged 命中缓存: 4 条 (缓存剩余 0.4s)
[BFF] 获取Agent 3c9c549e 堆段: 0 条
[BFF] all-unmerged 请求正在进行，等待完成...
[BFF] 获取Agent 27f408a7 堆段: 0 条
[BFF] 获取Agent fac495b1 堆段: 0 条
[BFF] 获取Agent a644674e 堆段: 2 条
[BFF] 获取Agent 8e7d85d0 堆段: 0 条
[BFF] 获取Agent ed15a95a 堆段: 0 条
[BFF] 获取Agent a01ebd78 堆段: 0 条
[BFF] 获取Agent 1ae104b5 堆段: 0 条
[BFF] 获取Agent a9f080cc 堆段: 0 条
[BFF] 获取Agent f415bc94 堆段: 0 条
[BFF] 获取Agent 82415672 堆段: 0 条
[BFF] 获取Agent 01658064 堆段: 0 条
[BFF] 获取Agent d3ce66a2 堆段: 1 条
[BFF] 获取Agent f62b7569 堆段: 1 条
[BFF] 获取Agent c1645623 堆段: 0 条
[BFF] 获取Agent 5e90dbec 堆段: 0 条
[BFF] 获取Agent 9a3eae56 堆段: 0 条
[BFF] 获取Agent 10944fd8 堆段: 0 条
[BFF] all-unmerged 请求正在进行，等待完成...
[BFF] 获取Agent 3e8335de 堆段: 0 条
[BFF] 获取Agent e7bfb79d 堆段: 0 条
[BFF] 获取Agent c8aaa24a 堆段: 0 条
[BFF] all-unmerged 获取完成: 4 条
[BFF] all-unmerged 命中缓存: 4 条 (缓存剩余 3.2s)
[BFF] all-unmerged 命中缓存: 4 条 (缓存剩余 2.9s)
[BFF] all-unmerged 命中缓存: 4 条 (缓存剩余 1.1s)
[BFF] all-unmerged 命中缓存: 4 条 (缓存剩余 0.8s)
[BFF] 获取Agent 3c9c549e 堆段: 0 条
[BFF] all-unmerged 请求正在进行，等待完成...
[BFF] 获取Agent 27f408a7 堆段: 0 条
[BFF] 获取Agent fac495b1 堆段: 0 条
[BFF] 获取Agent a644674e 堆段: 2 条
[BFF] 获取Agent 8e7d85d0 堆段: 0 条
[BFF] 获取Agent ed15a95a 堆段: 0 条
[BFF] 获取Agent a01ebd78 堆段: 0 条
[BFF] 获取Agent 1ae104b5 堆段: 0 条
[BFF] 获取Agent a9f080cc 堆段: 0 条
[BFF] 获取Agent f415bc94 堆段: 0 条
[BFF] 获取Agent 82415672 堆段: 0 条
[BFF] 获取Agent 01658064 堆段: 0 条
[BFF] 邻居发现: 所有父子关系已建立
[BFF] 获取Agent d3ce66a2 堆段: 1 条
[BFF] 获取Agent f62b7569 堆段: 1 条
[BFF] 获取Agent c1645623 堆段: 0 条
[BFF] 获取Agent 5e90dbec 堆段: 0 条
[BFF] 获取Agent 9a3eae56 堆段: 0 条
[BFF] 获取Agent 10944fd8 堆段: 0 条
[BFF] 获取Agent 3e8335de 堆段: 0 条
[BFF] 获取Agent e7bfb79d 堆段: 0 条
[BFF] all-unmerged 请求正在进行，等待完成...
[BFF] 获取Agent c8aaa24a 堆段: 0 条
[BFF] all-unmerged 获取完成: 4 条
[BFF] 容器不存在 c8aaa24a，清理中...
[BFF] 健康检查: 已清理 1 个无效容器
[BFF] all-unmerged 命中缓存: 4 条 (缓存剩余 2.6s)
[BFF] all-unmerged 命中缓存: 4 条 (缓存剩余 2.6s)
[BFF] all-unmerged 命中缓存: 4 条 (缓存剩余 0.5s)
[BFF] all-unmerged 命中缓存: 4 条 (缓存剩余 0.5s)
[BFF] all-unmerged 请求正在进行，等待完成...
[BFF] 获取Agent 3c9c549e 堆段: 0 条
[BFF] 获取Agent 27f408a7 堆段: 0 条
[BFF] 获取Agent fac495b1 堆段: 0 条
[BFF] 获取Agent a644674e 堆段: 2 条
[BFF] 获取Agent 8e7d85d0 堆段: 0 条
[BFF] 获取Agent ed15a95a 堆段: 0 条
[BFF] 获取Agent a01ebd78 堆段: 0 条
[BFF] 获取Agent 1ae104b5 堆段: 0 条
[BFF] 获取Agent a9f080cc 堆段: 0 条
[BFF] 获取Agent f415bc94 堆段: 0 条
[BFF] 获取Agent 82415672 堆段: 0 条
[BFF] 获取Agent 01658064 堆段: 0 条
[BFF] 获取Agent d3ce66a2 堆段: 1 条
[BFF] 获取Agent f62b7569 堆段: 1 条
[BFF] 获取Agent c1645623 堆段: 0 条
[BFF] 获取Agent 5e90dbec 堆段: 0 条
[BFF] 获取Agent 9a3eae56 堆段: 0 条
[BFF] all-unmerged 请求正在进行，等待完成...
[BFF] 获取Agent 10944fd8 堆段: 0 条
[BFF] 获取Agent 3e8335de 堆段: 0 条
[BFF] 获取Agent e7bfb79d 堆段: 0 条
[BFF] all-unmerged 获取完成: 4 条
[BFF] all-unmerged 命中缓存: 4 条 (缓存剩余 3.1s)
[BFF] all-unmerged 命中缓存: 4 条 (缓存剩余 2.9s)
[BFF] all-unmerged 命中缓存: 4 条 (缓存剩余 1.0s)
[BFF] all-unmerged 命中缓存: 4 条 (缓存剩余 0.8s)
[BFF] 获取Agent 3c9c549e 堆段: 0 条
[BFF] 获取Agent 27f408a7 堆段: 0 条
[BFF] all-unmerged 请求正在进行，等待完成...
[BFF] 获取Agent fac495b1 堆段: 0 条
[BFF] 获取Agent a644674e 堆段: 2 条
[BFF] 获取Agent 8e7d85d0 堆段: 0 条
[BFF] 获取Agent ed15a95a 堆段: 0 条
[BFF] 获取Agent a01ebd78 堆段: 0 条
[BFF] 获取Agent 1ae104b5 堆段: 0 条
[BFF] 获取Agent a9f080cc 堆段: 0 条
[BFF] 获取Agent f415bc94 堆段: 0 条
[BFF] 获取Agent 82415672 堆段: 0 条
[BFF] 获取Agent 01658064 堆段: 0 条
[BFF] 获取Agent d3ce66a2 堆段: 1 条
2026-04-21 23:07:31,669 - httpx - INFO - HTTP Request: GET http://localhost:55957/heap/unmerged "HTTP/1.1 200 OK"
2026-04-21 23:07:31,813 - httpx - INFO - HTTP Request: GET http://localhost:55982/heap/unmerged "HTTP/1.1 200 OK"
2026-04-21 23:07:32,042 - httpx - INFO - HTTP Request: GET http://localhost:55986/heap/unmerged "HTTP/1.1 200 OK"
2026-04-21 23:07:32,160 - httpx - INFO - HTTP Request: GET http://localhost:56015/heap/unmerged "HTTP/1.1 200 OK"
2026-04-21 23:07:32,333 - httpx - INFO - HTTP Request: GET http://localhost:56021/heap/unmerged "HTTP/1.1 200 OK"
2026-04-21 23:07:32,456 - httpx - INFO - HTTP Request: GET http://localhost:56056/heap/unmerged "HTTP/1.1 200 OK"
2026-04-21 23:07:32,565 - httpx - INFO - HTTP Request: GET http://localhost:56066/heap/unmerged "HTTP/1.1 200 OK"
2026-04-21 23:07:39,025 - httpx - INFO - HTTP Request: GET http://localhost:55866/heap/unmerged "HTTP/1.1 200 OK"
2026-04-21 23:07:39,181 - httpx - INFO - HTTP Request: GET http://localhost:55865/heap/unmerged "HTTP/1.1 200 OK"
2026-04-21 23:07:39,351 - httpx - INFO - HTTP Request: GET http://localhost:55869/heap/unmerged "HTTP/1.1 200 OK"
2026-04-21 23:07:39,451 - httpx - INFO - HTTP Request: GET http://localhost:55870/heap/unmerged "HTTP/1.1 200 OK"
2026-04-21 23:07:39,559 - httpx - INFO - HTTP Request: GET http://localhost:55882/heap/unmerged "HTTP/1.1 200 OK"
2026-04-21 23:07:39,651 - httpx - INFO - HTTP Request: GET http://localhost:55878/heap/unmerged "HTTP/1.1 200 OK"
2026-04-21 23:07:39,742 - httpx - INFO - HTTP Request: GET http://localhost:55890/heap/unmerged "HTTP/1.1 200 OK"
2026-04-21 23:07:39,831 - httpx - INFO - HTTP Request: GET http://localhost:55896/heap/unmerged "HTTP/1.1 200 OK"
2026-04-21 23:07:39,940 - httpx - INFO - HTTP Request: GET http://localhost:55907/heap/unmerged "HTTP/1.1 200 OK"
2026-04-21 23:07:40,035 - httpx - INFO - HTTP Request: GET http://localhost:55910/heap/unmerged "HTTP/1.1 200 OK"
2026-04-21 23:07:40,130 - httpx - INFO - HTTP Request: GET http://localhost:55930/heap/unmerged "HTTP/1.1 200 OK"
2026-04-21 23:07:40,223 - httpx - INFO - HTTP Request: GET http://localhost:55940/heap/unmerged "HTTP/1.1 200 OK"
2026-04-21 23:07:40,314 - httpx - INFO - HTTP Request: GET http://localhost:55955/heap/unmerged "HTTP/1.1 200 OK"
2026-04-21 23:07:40,429 - httpx - INFO - HTTP Request: GET http://localhost:55957/heap/unmerged "HTTP/1.1 200 OK"
2026-04-21 23:07:40,549 - httpx - INFO - HTTP Request: GET http://localhost:55982/heap/unmerged "HTTP/1.1 200 OK"
2026-04-21 23:07:40,663 - httpx - INFO - HTTP Request: GET http://localhost:55986/heap/unmerged "HTTP/1.1 200 OK"
2026-04-21 23:07:40,779 - httpx - INFO - HTTP Request: GET http://localhost:56015/heap/unmerged "HTTP/1.1 200 OK"
2026-04-21 23:07:40,869 - httpx - INFO - HTTP Request: GET http://localhost:56021/heap/unmerged "HTTP/1.1 200 OK"
2026-04-21 23:07:40,973 - httpx - INFO - HTTP Request: GET http://localhost:56056/heap/unmerged "HTTP/1.1 200 OK"
2026-04-21 23:07:41,132 - httpx - INFO - HTTP Request: GET http://localhost:56066/heap/unmerged "HTTP/1.1 200 OK"
2026-04-21 23:07:47,908 - httpx - INFO - HTTP Request: GET http://localhost:55866/heap/unmerged "HTTP/1.1 200 OK"
2026-04-21 23:07:48,024 - httpx - INFO - HTTP Request: GET http://localhost:55865/heap/unmerged "HTTP/1.1 200 OK"
2026-04-21 23:07:48,129 - httpx - INFO - HTTP Request: GET http://localhost:55869/heap/unmerged "HTTP/1.1 200 OK"
2026-04-21 23:07:48,321 - httpx - INFO - HTTP Request: GET http://localhost:55870/heap/unmerged "HTTP/1.1 200 OK"
2026-04-21 23:07:48,505 - httpx - INFO - HTTP Request: GET http://localhost:55882/heap/unmerged "HTTP/1.1 200 OK"
2026-04-21 23:07:48,620 - httpx - INFO - HTTP Request: GET http://localhost:55878/heap/unmerged "HTTP/1.1 200 OK"
2026-04-21 23:07:48,745 - httpx - INFO - HTTP Request: GET http://localhost:55890/heap/unmerged "HTTP/1.1 200 OK"
2026-04-21 23:07:48,940 - httpx - INFO - HTTP Request: GET http://localhost:55896/heap/unmerged "HTTP/1.1 200 OK"
2026-04-21 23:07:49,050 - httpx - INFO - HTTP Request: GET http://localhost:55907/heap/unmerged "HTTP/1.1 200 OK"
2026-04-21 23:07:49,168 - httpx - INFO - HTTP Request: GET http://localhost:55910/heap/unmerged "HTTP/1.1 200 OK"
2026-04-21 23:07:49,386 - httpx - INFO - HTTP Request: GET http://localhost:55930/heap/unmerged "HTTP/1.1 200 OK"
2026-04-21 23:07:49,552 - httpx - INFO - HTTP Request: GET http://localhost:55940/heap/unmerged "HTTP/1.1 200 OK"
2026-04-21 23:07:49,656 - httpx - INFO - HTTP Request: GET http://localhost:55955/heap/unmerged "HTTP/1.1 200 OK"
2026-04-21 23:07:49,780 - httpx - INFO - HTTP Request: GET http://localhost:55957/heap/unmerged "HTTP/1.1 200 OK"
2026-04-21 23:07:49,893 - httpx - INFO - HTTP Request: GET http://localhost:55982/heap/unmerged "HTTP/1.1 200 OK"
2026-04-21 23:07:50,084 - httpx - INFO - HTTP Request: GET http://localhost:55986/heap/unmerged "HTTP/1.1 200 OK"
INFO:     Shutting down
INFO:     Waiting for application shutdown.
INFO:     Application shutdown complete.
INFO:     Finished server process [30605]
