/mnt/d/collections2026/phd_application/nanobot1/milestone2/bff/bff_service.py:712: DeprecationWarning: 
        on_event is deprecated, use lifespan event handlers instead.

        Read more about it in the
        [FastAPI docs for Lifespan Events](https://fastapi.tiangolo.com/advanced/events/).
        
  @app.on_event("startup")
INFO:     Started server process [29651]
INFO:     Waiting for application startup.
INFO:     Application startup complete.
ERROR:    [Errno 98] error while attempting to bind on address ('0.0.0.02026-04-21 22:53:10,276 - httpx - INFO - HTTP Request: GET http://localhost:54186/health "HTTP/1.1 200 OK"
2026-04-21 22:53:10,656 - httpx - INFO - HTTP Request: GET http://localhost:54186/stats "HTTP/1.1 200 OK"
2026-04-21 22:53:10,661 - httpx - INFO - HTTP Request: GET http://localhost:54186/stats "HTTP/1.1 200 OK"
2026-04-21 22:53:10,987 - httpx - INFO - HTTP Request: GET http://localhost:54186/stats "HTTP/1.1 200 OK"
2026-04-21 22:53:10,990 - httpx - INFO - HTTP Request: GET http://localhost:54186/stats "HTTP/1.1 200 OK"
2026-04-21 22:53:11,404 - httpx - INFO - HTTP Request: POST http://localhost:54186/preset-skill-0 "HTTP/1.1 200 OK"
2026-04-21 22:53:11,424 - httpx - INFO - HTTP Request: POST http://localhost:54186/preset-skill-0 "HTTP/1.1 200 OK"
2026-04-21 22:53:14,690 - httpx - INFO - HTTP Request: GET http://localhost:1437/health "HTTP/1.1 200 OK"
2026-04-21 22:53:16,830 - httpx - INFO - HTTP Request: GET http://localhost:59793/health "HTTP/1.1 200 OK"
2026-04-21 22:53:19,856 - httpx - INFO - HTTP Request: GET http://localhost:59794/health "HTTP/1.1 200 OK"
2026-04-21 22:53:21,999 - httpx - INFO - HTTP Request: GET http://localhost:59797/health "HTTP/1.1 200 OK"
2026-04-21 22:53:25,032 - httpx - INFO - HTTP Request: GET http://localhost:59802/health "HTTP/1.1 200 OK"
2026-04-21 22:53:27,186 - httpx - INFO - HTTP Request: GET http://localhost:59807/health "HTTP/1.1 200 OK"
2026-04-21 22:53:30,100 - httpx - INFO - HTTP Request: GET http://localhost:59814/health "HTTP/1.1 200 OK"
2026-04-21 22:53:32,245 - httpx - INFO - HTTP Request: GET http://localhost:59821/health "HTTP/1.1 200 OK"
2026-04-21 22:53:35,202 - httpx - INFO - HTTP Request: GET http://localhost:59830/health "HTTP/1.1 200 OK"
2026-04-21 22:53:37,330 - httpx - INFO - HTTP Request: GET http://localhost:59840/health "HTTP/1.1 200 OK"
2026-04-21 22:53:40,475 - httpx - INFO - HTTP Request: GET http://localhost:59851/health "HTTP/1.1 200 OK"
2026-04-21 22:53:41,155 - httpx - INFO - HTTP Request: GET http://localhost:1437/heap/unmerged "HTTP/1.1 200 OK"
2026-04-21 22:53:41,266 - httpx - INFO - HTTP Request: GET http://localhost:59793/heap/unmerged "HTTP/1.1 200 OK"
2026-04-21 22:53:41,422 - httpx - INFO - HTTP Request: GET http://localhost:59794/heap/unmerged "HTTP/1.1 200 OK"
2026-04-21 22:53:41,525 - httpx - INFO - HTTP Request: GET http://localhost:59797/heap/unmerged "HTTP/1.1 200 OK"
2026-04-21 22:53:41,635 - httpx - INFO - HTTP Request: GET http://localhost:59802/heap/unmerged "HTTP/1.1 200 OK"
2026-04-21 22:53:41,747 - httpx - INFO - HTTP Request: GET http://localhost:59807/heap/unmerged "HTTP/1.1 200 OK"
2026-04-21 22:53:41,853 - httpx - INFO - HTTP Request: GET http://localhost:59814/heap/unmerged "HTTP/1.1 200 OK"
2026-04-21 22:53:41,951 - httpx - INFO - HTTP Request: GET http://localhost:59821/heap/unmerged "HTTP/1.1 200 OK"
2026-04-21 22:53:42,055 - httpx - INFO - HTTP Request: GET http://localhost:59830/heap/unmerged "HTTP/1.1 200 OK"
2026-04-21 22:53:42,163 - httpx - INFO - HTTP Request: GET http://localhost:59840/heap/unmerged "HTTP/1.1 200 OK"
2026-04-21 22:53:42,282 - httpx - INFO - HTTP Request: GET http://localhost:59851/heap/unmerged "HTTP/1.1 200 OK"
2026-04-21 22:53:42,601 - httpx - INFO - HTTP Request: GET http://localhost:59872/health "HTTP/1.1 200 OK"
2026-04-21 22:53:45,694 - httpx - INFO - HTTP Request: GET http://localhost:59887/health "HTTP/1.1 200 OK"
2026-04-21 22:53:47,859 - httpx - INFO - HTTP Request: GET http://localhost:59900/health "HTTP/1.1 200 OK"
2026-04-21 22:53:51,062 - httpx - INFO - HTTP Request: GET http://localhost:59917/health "HTTP/1.1 200 OK"
2026-04-21 22:53:53,195 - httpx - INFO - HTTP Request: GET http://localhost:59933/health "HTTP/1.1 200 OK"
2026-04-21 22:53:56,285 - httpx - INFO - HTTP Request: GET http://localhost:59952/health "HTTP/1.1 200 OK"
2026-04-21 22:53:58,417 - httpx - INFO - HTTP Request: GET http://localhost:59967/health "HTTP/1.1 200 OK"
2026-04-21 22:54:01,698 - httpx - INFO - HTTP Request: GET http://localhost:59992/health "HTTP/1.1 200 OK"
2026-04-21 22:54:04,305 - httpx - INFO - HTTP Request: GET http://localhost:54186/task?agent_id=0f8f3855 "HTTP/1.1 200 OK"
2026-04-21 22:54:04,306 - httpx - INFO - HTTP Request: GET http://localhost:1028/health "HTTP/1.1 200 OK"
2026-04-21 22:54:04,306 - httpx - INFO - HTTP Request: GET http://localhost:54186/task?agent_id=0a0141ac "HTTP/1.1 200 OK"
2026-04-21 22:54:04,307 - httpx - INFO - HTTP Request: GET http://localhost:54186/task?agent_id=ecd67206 "HTTP/1.1 200 OK"
2026-04-21 22:54:04,307 - httpx - INFO - HTTP Request: GET http://localhost:54186/task?agent_id=67943fe2 "HTTP/1.1 200 OK"
2026-04-21 22:54:04,308 - httpx - INFO - HTTP Request: GET http://localhost:54186/task?agent_id=2ff18b1f "HTTP/1.1 200 OK"
2026-04-21 22:54:04,308 - httpx - INFO - HTTP Request: GET http://localhost:54186/task?agent_id=e0a2a819 "HTTP/1.1 200 OK"
2026-04-21 22:54:04,309 - httpx - INFO - HTTP Request: GET http://localhost:54186/task?agent_id=fdf7f99f "HTTP/1.1 200 OK"
2026-04-21 22:54:04,309 - httpx - INFO - HTTP Request: GET http://localhost:54186/task?agent_id=b85e8ec9 "HTTP/1.1 200 OK"
2026-04-21 22:54:04,309 - httpx - INFO - HTTP Request: GET http://localhost:54186/task?agent_id=099c20e8 "HTTP/1.1 200 OK"
2026-04-21 22:54:04,310 - httpx - INFO - HTTP Request: GET http://localhost:54186/task?agent_id=8251b4d7 "HTTP/1.1 200 OK"
2026-04-21 22:54:06,754 - httpx - INFO - HTTP Request: GET http://localhost:54186/task?agent_id=f392378b "HTTP/1.1 200 OK"
2026-04-21 22:54:06,757 - httpx - INFO - HTTP Request: GET http://localhost:54186/task?agent_id=32947614 "HTTP/1.1 200 OK"
2026-04-21 22:54:06,758 - httpx - INFO - HTTP Request: GET http://localhost:54186/task?agent_id=24154eb6 "HTTP/1.1 200 OK"
2026-04-21 22:54:06,759 - httpx - INFO - HTTP Request: GET http://localhost:54186/task?agent_id=17c44107 "HTTP/1.1 200 OK"
2026-04-21 22:54:06,763 - httpx - INFO - HTTP Request: GET http://localhost:54186/task?agent_id=0b416973 "HTTP/1.1 200 OK"
2026-04-21 22:54:06,764 - httpx - INFO - HTTP Request: GET http://localhost:54186/task?agent_id=cdd1ee18 "HTTP/1.1 200 OK"
2026-04-21 22:54:06,764 - httpx - INFO - HTTP Request: GET http://localhost:54186/task?agent_id=313eb1aa "HTTP/1.1 200 OK"
2026-04-21 22:54:06,765 - httpx - INFO - HTTP Request: GET http://localhost:54186/task?agent_id=7f58fa44 "HTTP/1.1 200 OK"
2026-04-21 22:54:06,766 - httpx - INFO - HTTP Request: GET http://localhost:54186/task?agent_id=65eb0cf8 "HTTP/1.1 200 OK"
2026-04-21 22:54:06,766 - httpx - INFO - HTTP Request: GET http://localhost:54186/task?agent_id=c348c646 "HTTP/1.1 200 OK"
2026-04-21 22:54:59,754 - httpx - INFO - HTTP Request: GET http://localhost:59793/heap/unmerged "HTTP/1.1 200 OK"
2026-04-21 22:54:59,894 - httpx - INFO - HTTP Request: GET http://localhost:59794/heap/unmerged "HTTP/1.1 200 OK"
2026-04-21 22:55:00,056 - httpx - INFO - HTTP Request: GET http://localhost:59797/heap/unmerged "HTTP/1.1 200 OK"
2026-04-21 22:55:00,188 - httpx - INFO - HTTP Request: GET http://localhost:59802/heap/unmerged "HTTP/1.1 200 OK"
2026-04-21 22:55:00,305 - httpx - INFO - HTTP Request: GET http://localhost:59807/heap/unmerged "HTTP/1.1 200 OK"
2026-04-21 22:55:00,437 - httpx - INFO - HTTP Request: GET http://localhost:59814/heap/unmerged "HTTP/1.1 200 OK"
2026-04-21 22:55:00,578 - httpx - INFO - HTTP Request: GET http://localhost:59821/heap/unmerged "HTTP/1.1 200 OK"
2026-04-21 22:55:00,682 - httpx - INFO - HTTP Request: GET http://localhost:59830/heap/unmerged "HTTP/1.1 200 OK"
2026-04-21 22:55:00,830 - httpx - INFO - HTTP Request: GET http://localhost:59840/heap/unmerged "HTTP/1.1 200 OK"
[BFF] 初始化数据库...
[DB] usage 字段已存在，跳过迁移
[DB] 数据库初始化完成
[BFF] 启动时清理无效对话...
[BFF] 清理完成，剩余对话: 0
[BFF] 开始迁移对话数据，补充 Power 机制字段...
[BFF] 迁移完成，共处理 0 个对话
[BFF] 启动定时邻居发现任务
[BFF] 启动容器健康监控任务
[BFF] 邻居发现: 节点数量不足 (0)，跳过
[BFF] KM容器不存在，创建中...
[Orchestrator] PUBLIC_MEMORY_HOST_PATH from env: None
[Orchestrator] Using fallback path: /mnt/d/collections2026/phd_application/nanobot1/data/public_memory
[Orchestrator] KM容器挂载PublicMemory: /mnt/d/collections2026/phd_application/nanobot1/data/public_memory -> /app/public_memory
[Orchestrator] KM合并阈值: 20, 间隔: 30秒
[Orchestrator] KM的BFF_BASE_URL: http://host.docker.internal:8000
[Orchestrator] Container nanobot_conv_420e26aa is ready
[Orchestrator] Created container nanobot_conv_420e26aa
[BFF] KM容器已创建: 420e26aa, 端口: 54186
[KM] 预置0号Skill，转发到KM容器
[KM] 预置0号Skill，转发到KM容器
[Orchestrator] Container nanobot_conv_0a0141ac is ready
[Orchestrator] Created container nanobot_conv_0a0141ac
[Orchestrator] Container nanobot_conv_f392378b is ready
[Orchestrator] Created container nanobot_conv_f392378b
[Orchestrator] Container nanobot_conv_0f8f3855 is ready
[Orchestrator] Created container nanobot_conv_0f8f3855
[Orchestrator] Container nanobot_conv_32947614 is ready
[Orchestrator] Created container nanobot_conv_32947614
[Orchestrator] Container nanobot_conv_ecd67206 is ready
[Orchestrator] Created container nanobot_conv_ecd67206
[Orchestrator] Container nanobot_conv_0b416973 is ready
[Orchestrator] Created container nanobot_conv_0b416973
[Orchestrator] Container nanobot_conv_099c20e8 is ready
[Orchestrator] Created container nanobot_conv_099c20e8
[Orchestrator] Container nanobot_conv_17c44107 is ready
[Orchestrator] Created container nanobot_conv_17c44107
[Orchestrator] Container nanobot_conv_b85e8ec9 is ready
[Orchestrator] Created container nanobot_conv_b85e8ec9
[Orchestrator] Container nanobot_conv_24154eb6 is ready
[Orchestrator] Created container nanobot_conv_24154eb6
[Orchestrator] Container nanobot_conv_2ff18b1f is ready
[Orchestrator] Created container nanobot_conv_2ff18b1f
[BFF] 获取Agent 0a0141ac 堆段: 0 条
[BFF] 获取Agent f392378b 堆段: 0 条
[BFF] 获取Agent 0f8f3855 堆段: 0 条
[BFF] 获取Agent 32947614 堆段: 0 条
[BFF] 获取Agent ecd67206 堆段: 0 条
[BFF] 获取Agent 0b416973 堆段: 0 条
[BFF] 获取Agent 099c20e8 堆段: 0 条
[BFF] 获取Agent 17c44107 堆段: 0 条
[BFF] 获取Agent b85e8ec9 堆段: 0 条
[BFF] 获取Agent 24154eb6 堆段: 0 条
[BFF] 获取Agent 2ff18b1f 堆段: 0 条
[BFF] all-unmerged 获取完成: 0 条
[Orchestrator] Container nanobot_conv_cdd1ee18 is ready
[Orchestrator] Created container nanobot_conv_cdd1ee18
[Orchestrator] Container nanobot_conv_67943fe2 is ready
[Orchestrator] Created container nanobot_conv_67943fe2
[Orchestrator] Container nanobot_conv_7f58fa44 is ready
[Orchestrator] Created container nanobot_conv_7f58fa44
[Orchestrator] Container nanobot_conv_fdf7f99f is ready
[Orchestrator] Created container nanobot_conv_fdf7f99f
[Orchestrator] Container nanobot_conv_65eb0cf8 is ready
[Orchestrator] Created container nanobot_conv_65eb0cf8
[Orchestrator] Container nanobot_conv_e0a2a819 is ready
[Orchestrator] Created container nanobot_conv_e0a2a819
[Orchestrator] Container nanobot_conv_313eb1aa is ready
[Orchestrator] Created container nanobot_conv_313eb1aa
[Orchestrator] Container nanobot_conv_8251b4d7 is ready
[Orchestrator] Created container nanobot_conv_8251b4d7
[BFF] 邻居发现: 所有父子关系已建立
[Orchestrator] Container nanobot_conv_c348c646 is ready
[Orchestrator] Created container nanobot_conv_c348c646
[BFF] 读取PublicMemory (物理路径): /mnt/d/collections2026/phd_application/nanobot1/milestone2/data/public_memory/public_memory.jsonl, top_k=2
[BFF] 读取PublicMemory完成: 0 条记录
[BFF] 读取PublicMemory (物理路径): /mnt/d/collections2026/phd_application/nanobot1/milestone2/data/public_memory/public_memory.jsonl, top_k=2
[BFF] 读取PublicMemory完成: 0 条记录
[BFF] 读取PublicMemory (物理路径): /mnt/d/collections2026/phd_application/nanobot1/milestone2/data/public_memory/public_memory.jsonl, top_k=2
[BFF] 读取PublicMemory完成: 0 条记录
[BFF] 读取PublicMemory (物理路径): /mnt/d/collections2026/phd_application/nanobot1/milestone2/data/public_memory/public_memory.jsonl, top_k=2
[BFF] 读取PublicMemory完成: 0 条记录
[BFF] 读取PublicMemory (物理路径): /mnt/d/collections2026/phd_application/nanobot1/milestone2/data/public_memory/public_memory.jsonl, top_k=2
[BFF] 读取PublicMemory完成: 0 条记录
[BFF] 读取PublicMemory (物理路径): /mnt/d/collections2026/phd_application/nanobot1/milestone2/data/public_memory/public_memory.jsonl, top_k=2
[BFF] 读取PublicMemory完成: 0 条记录
[BFF] 读取PublicMemory (物理路径): /mnt/d/collections2026/phd_application/nanobot1/milestone2/data/public_memory/public_memory.jsonl, top_k=2
[BFF] 读取PublicMemory完成: 0 条记录
[BFF] 读取PublicMemory (物理路径): /mnt/d/collections2026/phd_application/nanobot1/milestone2/data/public_memory/public_memory.jsonl, top_k=2
[BFF] 读取PublicMemory完成: 0 条记录
[BFF] 读取PublicMemory (物理路径): /mnt/d/collections2026/phd_application/nanobot1/milestone2/data/public_memory/public_memory.jsonl, top_k=2
[BFF] 读取PublicMemory完成: 0 条记录
[BFF] 读取PublicMemory (物理路径): /mnt/d/collections2026/phd_application/nanobot1/milestone2/data/public_memory/public_memory.jsonl, top_k=2
[BFF] 读取PublicMemory完成: 0 条记录
[BFF] 读取PublicMemory (物理路径): /mnt/d/collections2026/phd_application/nanobot1/milestone2/data/public_memory/public_memory.jsonl, top_k=2
[BFF] 读取PublicMemory完成: 0 条记录
[BFF] 读取PublicMemory (物理路径): /mnt/d/collections2026/phd_application/nanobot1/milestone2/data/public_memory/public_memory.jsonl, top_k=2
[BFF] 读取PublicMemory完成: 0 条记录
[BFF] 读取PublicMemory (物理路径): /mnt/d/collections2026/phd_application/nanobot1/milestone2/data/public_memory/public_memory.jsonl, top_k=2
[BFF] 读取PublicMemory完成: 0 条记录
[BFF] 读取PublicMemory (物理路径): /mnt/d/collections2026/phd_application/nanobot1/milestone2/data/public_memory/public_memory.jsonl, top_k=2
[BFF] 读取PublicMemory完成: 0 条记录
[BFF] 读取PublicMemory (物理路径): /mnt/d/collections2026/phd_application/nanobot1/milestone2/data/public_memory/public_memory.jsonl, top_k=2
[BFF] 读取PublicMemory完成: 0 条记录
[BFF] 读取PublicMemory (物理路径): /mnt/d/collections2026/phd_application/nanobot1/milestone2/data/public_memory/public_memory.jsonl, top_k=2
[BFF] 读取PublicMemory完成: 0 条记录
[BFF] 读取PublicMemory (物理路径): /mnt/d/collections2026/phd_application/nanobot1/milestone2/data/public_memory/public_memory.jsonl, top_k=2
[BFF] 读取PublicMemory完成: 0 条记录
[BFF] 读取PublicMemory (物理路径): /mnt/d/collections2026/phd_application/nanobot1/milestone2/data/public_memory/public_memory.jsonl, top_k=2
[BFF] 读取PublicMemory完成: 0 条记录
[BFF] 读取PublicMemory (物理路径): /mnt/d/collections2026/phd_application/nanobot1/milestone2/data/public_memory/public_memory.jsonl, top_k=2
[BFF] 读取PublicMemory完成: 0 条记录
[BFF] 读取PublicMemory (物理路径): /mnt/d/collections2026/phd_application/nanobot1/milestone2/data/public_memory/public_memory.jsonl, top_k=2
[BFF] 读取PublicMemory完成: 0 条记录
[BFF] all-unmerged 请求正在进行，等待完成...
[BFF] 获取Agent 0a0141ac 堆段失败: 
[BFF] all-unmerged 请求正在进行，等待完成...
[BFF] 获取Agent f392378b 堆段: 0 条
[BFF] 获取Agent 0f8f3855 堆段: 0 条
[BFF] 获取Agent 32947614 堆段: 0 条
[BFF] 获取Agent ecd67206 堆段: 0 条
[BFF] 获取Agent 0b416973 堆段: 0 条
[BFF] 获取Agent 099c20e8 堆段: 0 条
[BFF] 获取Agent 17c44107 堆段: 0 条
[BFF] 获取Agent b85e8ec9 堆段: 0 条
2026-04-21 22:55:00,945 - httpx - INFO - HTTP Request: GET http://localhost:59851/heap/unmerged "HTTP/1.1 200 OK"
2026-04-21 22:55:01,067 - httpx - INFO - HTTP Request: GET http://localhost:59872/heap/unmerged "HTTP/1.1 200 OK"
2026-04-21 22:55:01,175 - httpx - INFO - HTTP Request: GET http://localhost:59887/heap/unmerged "HTTP/1.1 200 OK"
2026-04-21 22:55:01,267 - httpx - INFO - HTTP Request: GET http://localhost:59900/heap/unmerged "HTTP/1.1 200 OK"
2026-04-21 22:55:01,376 - httpx - INFO - HTTP Request: GET http://localhost:59917/heap/unmerged "HTTP/1.1 200 OK"
2026-04-21 22:55:01,493 - httpx - INFO - HTTP Request: GET http://localhost:59933/heap/unmerged "HTTP/1.1 200 OK"
2026-04-21 22:55:01,612 - httpx - INFO - HTTP Request: GET http://localhost:59952/heap/unmerged "HTTP/1.1 200 OK"
2026-04-21 22:55:01,722 - httpx - INFO - HTTP Request: GET http://localhost:59967/heap/unmerged "HTTP/1.1 200 OK"
2026-04-21 22:55:01,834 - httpx - INFO - HTTP Request: GET http://localhost:59992/heap/unmerged "HTTP/1.1 200 OK"
2026-04-21 22:55:01,938 - httpx - INFO - HTTP Request: GET http://localhost:1028/heap/unmerged "HTTP/1.1 200 OK"
2026-04-21 22:55:27,694 - httpx - INFO - HTTP Request: GET http://localhost:1437/heap/unmerged "HTTP/1.1 200 OK"
2026-04-21 22:55:27,809 - httpx - INFO - HTTP Request: GET http://localhost:59793/heap/unmerged "HTTP/1.1 200 OK"
2026-04-21 22:55:27,930 - httpx - INFO - HTTP Request: GET http://localhost:59794/heap/unmerged "HTTP/1.1 200 OK"
2026-04-21 22:55:28,028 - httpx - INFO - HTTP Request: GET http://localhost:59797/heap/unmerged "HTTP/1.1 200 OK"
2026-04-21 22:55:28,122 - httpx - INFO - HTTP Request: GET http://localhost:59802/heap/unmerged "HTTP/1.1 200 OK"
2026-04-21 22:55:28,205 - httpx - INFO - HTTP Request: GET http://localhost:59807/heap/unmerged "HTTP/1.1 200 OK"
2026-04-21 22:55:28,325 - httpx - INFO - HTTP Request: GET http://localhost:59814/heap/unmerged "HTTP/1.1 200 OK"
2026-04-21 22:55:28,420 - httpx - INFO - HTTP Request: GET http://localhost:59821/heap/unmerged "HTTP/1.1 200 OK"
2026-04-21 22:55:28,507 - httpx - INFO - HTTP Request: GET http://localhost:59830/heap/unmerged "HTTP/1.1 200 OK"
2026-04-21 22:55:28,613 - httpx - INFO - HTTP Request: GET http://localhost:59840/heap/unmerged "HTTP/1.1 200 OK"
2026-04-21 22:55:28,702 - httpx - INFO - HTTP Request: GET http://localhost:59851/heap/unmerged "HTTP/1.1 200 OK"
2026-04-21 22:55:28,802 - httpx - INFO - HTTP Request: GET http://localhost:59872/heap/unmerged "HTTP/1.1 200 OK"
2026-04-21 22:55:28,960 - httpx - INFO - HTTP Request: GET http://localhost:59887/heap/unmerged "HTTP/1.1 200 OK"
2026-04-21 22:55:29,118 - httpx - INFO - HTTP Request: GET http://localhost:59900/heap/unmerged "HTTP/1.1 200 OK"
2026-04-21 22:55:29,209 - httpx - INFO - HTTP Request: GET http://localhost:59917/heap/unmerged "HTTP/1.1 200 OK"
2026-04-21 22:55:29,333 - httpx - INFO - HTTP Request: GET http://localhost:59933/heap/unmerged "HTTP/1.1 200 OK"
2026-04-21 22:55:29,437 - httpx - INFO - HTTP Request: GET http://localhost:59952/heap/unmerged "HTTP/1.1 200 OK"
2026-04-21 22:55:29,543 - httpx - INFO - HTTP Request: GET http://localhost:59967/heap/unmerged "HTTP/1.1 200 OK"
2026-04-21 22:55:29,789 - httpx - INFO - HTTP Request: GET http://localhost:59992/heap/unmerged "HTTP/1.1 200 OK"
2026-04-21 22:55:29,967 - httpx - INFO - HTTP Request: GET http://localhost:1028/heap/unmerged "HTTP/1.1 200 OK"
2026-04-21 22:55:40,854 - httpx - INFO - HTTP Request: POST http://localhost:54186/allocate_page "HTTP/1.1 200 OK"
2026-04-21 22:55:41,130 - httpx - INFO - HTTP Request: POST http://localhost:59802/heap/append "HTTP/1.1 200 OK"
2026-04-21 22:55:41,232 - httpx - INFO - HTTP Request: POST http://localhost:54186/heap-written "HTTP/1.1 200 OK"
2026-04-21 22:55:41,458 - httpx - INFO - HTTP Request: GET http://localhost:1437/heap/unmerged "HTTP/1.1 200 OK"
2026-04-21 22:55:41,459 - httpx - INFO - HTTP Request: POST http://localhost:54186/allocate_page "HTTP/1.1 200 OK"
2026-04-21 22:55:41,592 - httpx - INFO - HTTP Request: GET http://localhost:59793/heap/unmerged "HTTP/1.1 200 OK"
2026-04-21 22:55:41,700 - httpx - INFO - HTTP Request: GET http://localhost:59794/heap/unmerged "HTTP/1.1 200 OK"
2026-04-21 22:55:41,991 - httpx - INFO - HTTP Request: GET http://localhost:59797/heap/unmerged "HTTP/1.1 200 OK"
2026-04-21 22:55:42,105 - httpx - INFO - HTTP Request: POST http://localhost:59802/heap/append "HTTP/1.1 200 OK"
2026-04-21 22:55:42,218 - httpx - INFO - HTTP Request: POST http://localhost:54186/heap-written "HTTP/1.1 200 OK"
2026-04-21 22:55:42,222 - httpx - INFO - HTTP Request: GET http://localhost:59802/heap/unmerged "HTTP/1.1 200 OK"
2026-04-21 22:55:42,543 - httpx - INFO - HTTP Request: GET http://localhost:59807/heap/unmerged "HTTP/1.1 200 OK"
2026-04-21 22:55:42,665 - httpx - INFO - HTTP Request: GET http://localhost:54186/task?agent_id=ecd67206 "HTTP/1.1 200 OK"
2026-04-21 22:55:42,666 - httpx - INFO - HTTP Request: POST http://localhost:54186/allocate_page "HTTP/1.1 200 OK"
2026-04-21 22:55:42,671 - httpx - INFO - HTTP Request: GET http://localhost:59814/heap/unmerged "HTTP/1.1 200 OK"
2026-04-21 22:55:42,776 - httpx - INFO - HTTP Request: GET http://localhost:59821/heap/unmerged "HTTP/1.1 200 OK"
2026-04-21 22:55:42,876 - httpx - INFO - HTTP Request: GET http://localhost:59830/heap/unmerged "HTTP/1.1 200 OK"
2026-04-21 22:55:43,131 - httpx - INFO - HTTP Request: GET http://localhost:59840/heap/unmerged "HTTP/1.1 200 OK"
2026-04-21 22:55:43,249 - httpx - INFO - HTTP Request: POST http://localhost:59992/heap/append "HTTP/1.1 200 OK"
2026-04-21 22:55:43,482 - httpx - INFO - HTTP Request: GET http://localhost:59851/heap/unmerged "HTTP/1.1 200 OK"
2026-04-21 22:55:43,619 - httpx - INFO - HTTP Request: POST http://localhost:54186/heap-written "HTTP/1.1 200 OK"
2026-04-21 22:55:43,624 - httpx - INFO - HTTP Request: POST http://localhost:54186/allocate_page "HTTP/1.1 200 OK"
2026-04-21 22:55:43,629 - httpx - INFO - HTTP Request: GET http://localhost:59872/heap/unmerged "HTTP/1.1 200 OK"
2026-04-21 22:55:43,832 - httpx - INFO - HTTP Request: GET http://localhost:59887/heap/unmerged "HTTP/1.1 200 OK"
2026-04-21 22:55:43,979 - httpx - INFO - HTTP Request: GET http://localhost:59900/heap/unmerged "HTTP/1.1 200 OK"
2026-04-21 22:55:44,098 - httpx - INFO - HTTP Request: POST http://localhost:59992/heap/append "HTTP/1.1 200 OK"
2026-04-21 22:55:44,414 - httpx - INFO - HTTP Request: GET http://localhost:59917/heap/unmerged "HTTP/1.1 200 OK"
2026-04-21 22:55:44,542 - httpx - INFO - HTTP Request: POST http://localhost:54186/heap-written "HTTP/1.1 200 OK"
2026-04-21 22:55:44,553 - httpx - INFO - HTTP Request: GET http://localhost:54186/task?agent_id=8251b4d7 "HTTP/1.1 200 OK"
2026-04-21 22:55:44,557 - httpx - INFO - HTTP Request: GET http://localhost:59933/heap/unmerged "HTTP/1.1 200 OK"
2026-04-21 22:55:44,669 - httpx - INFO - HTTP Request: GET http://localhost:59952/heap/unmerged "HTTP/1.1 200 OK"
2026-04-21 22:55:44,769 - httpx - INFO - HTTP Request: GET http://localhost:59967/heap/unmerged "HTTP/1.1 200 OK"
2026-04-21 22:55:44,928 - httpx - INFO - HTTP Request: GET http://localhost:59992/heap/unmerged "HTTP/1.1 200 OK"
2026-04-21 22:55:45,232 - httpx - INFO - HTTP Request: GET http://localhost:1028/heap/unmerged "HTTP/1.1 200 OK"
2026-04-21 22:55:47,832 - httpx - INFO - HTTP Request: POST http://localhost:54186/allocate_page "HTTP/1.1 200 OK"
2026-04-21 22:55:48,045 - httpx - INFO - HTTP Request: POST http://localhost:59851/heap/append "HTTP/1.1 200 OK"
2026-04-21 22:55:48,288 - httpx - INFO - HTTP Request: POST http://localhost:54186/heap-written "HTTP/1.1 200 OK"
2026-04-21 22:55:48,293 - httpx - INFO - HTTP Request: POST http://localhost:54186/allocate_page "HTTP/1.1 200 OK"
2026-04-21 22:55:48,529 - httpx - INFO - HTTP Request: POST http://localhost:59851/heap/append "HTTP/1.1 200 OK"
2026-04-21 22:55:48,631 - httpx - INFO - HTTP Request: POST http://localhost:54186/heap-written "HTTP/1.1 200 OK"
2026-04-21 22:55:48,741 - httpx - INFO - HTTP Request: GET http://localhost:54186/task?agent_id=2ff18b1f "HTTP/1.1 200 OK"
2026-04-21 22:55:49,654 - httpx - INFO - HTTP Request: POST http://localhost:54186/allocate_page "HTTP/1.1 200 OK"
2026-04-21 22:55:49,896 - httpx - INFO - HTTP Request: POST http://localhost:59794/heap/append "HTTP/1.1 200 OK"
2026-04-21 22:55:50,196 - httpx - INFO - HTTP Request: POST http://localhost:54186/heap-written "HTTP/1.1 200 OK"
2026-04-21 22:55:50,208 - httpx - INFO - HTTP Request: POST http://localhost:54186/allocate_page "HTTP/1.1 200 OK"
2026-04-21 22:55:50,420 - httpx - INFO - HTTP Request: POST http://localhost:59794/heap/append "HTTP/1.1 200 OK"
2026-04-21 22:55:50,529 - httpx - INFO - HTTP Request: POST http://localhost:54186/heap-written "HTTP/1.1 200 OK"
2026-04-21 22:55:50,785 - httpx - INFO - HTTP Request: GET http://localhost:1437/heap/unmerged "HTTP/1.1 200 OK"
2026-04-21 22:55:50,901 - httpx - INFO - HTTP Request: GET http://localhost:54186/task?agent_id=0f8f3855 "HTTP/1.1 200 OK"
2026-04-21 22:55:50,916 - httpx - INFO - HTTP Request: GET http://localhost:59793/heap/unmerged "HTTP/1.1 200 OK"
2026-04-21 22:55:51,017 - httpx - INFO - HTTP Request: GET http://localhost:59794/heap/unmerged "HTTP/1.1 200 OK"
2026-04-21 22:55:51,139 - httpx - INFO - HTTP Request: GET http://localhost:59797/heap/unmerged "HTTP/1.1 200 OK"
2026-04-21 22:55:51,262 - httpx - INFO - HTTP Request: GET http://localhost:59802/heap/unmerged "HTTP/1.1 200 OK"
2026-04-21 22:55:51,462 - httpx - INFO - HTTP Request: GET http://localhost:59807/heap/unmerged "HTTP/1.1 200 OK"
2026-04-21 22:55:51,593 - httpx - INFO - HTTP Request: POST http://localhost:54186/allocate_page "HTTP/1.1 200 OK"
2026-04-21 22:55:51,598 - httpx - INFO - HTTP Request: GET http://localhost:59814/heap/unmerged "HTTP/1.1 200 OK"
2026-04-21 22:55:51,695 - httpx - INFO - HTTP Request: GET http://localhost:59821/heap/unmerged "HTTP/1.1 200 OK"
2026-04-21 22:55:51,959 - httpx - INFO - HTTP Request: GET http://localhost:59830/heap/unmerged "HTTP/1.1 200 OK"
2026-04-21 22:55:52,110 - httpx - INFO - HTTP Request: POST http://localhost:59793/heap/append "HTTP/1.1 200 OK"
2026-04-21 22:55:52,227 - httpx - INFO - HTTP Request: GET http://localhost:59840/heap/unmerged "HTTP/1.1 200 OK"
2026-04-21 22:55:52,228 - httpx - INFO - HTTP Request: POST http://localhost:54186/heap-written "HTTP/1.1 200 OK"
2026-04-21 22:55:52,442 - httpx - INFO - HTTP Request: POST http://localhost:54186/allocate_page "HTTP/1.1 200 OK"
2026-04-21 22:55:52,445 - httpx - INFO - HTTP Request: GET http://localhost:59851/heap/unmerged "HTTP/1.1 200 OK"
2026-04-21 22:55:52,546 - httpx - INFO - HTTP Request: GET http://localhost:59872/heap/unmerged "HTTP/1.1 200 OK"
2026-04-21 22:55:52,799 - httpx - INFO - HTTP Request: GET http://localhost:59887/heap/unmerged "HTTP/1.1 200 OK"
2026-04-21 22:55:52,910 - httpx - INFO - HTTP Request: POST http://localhost:59793/heap/append "HTTP/1.1 200 OK"
2026-04-21 22:55:53,160 - httpx - INFO - HTTP Request: GET http://localhost:59900/heap/unmerged "HTTP/1.1 200 OK"
2026-04-21 22:55:53,301 - httpx - INFO - HTTP Request: POST http://localhost:54186/heap-written "HTTP/1.1 200 OK"
2026-04-21 22:55:53,332 - httpx - INFO - HTTP Request: GET http://localhost:54186/task?agent_id=f392378b "HTTP/1.1 200 OK"
2026-04-21 22:55:53,343 - httpx - INFO - HTTP Request: GET http://localhost:59917/heap/unmerged "HTTP/1.1 200 OK"
2026-04-21 22:55:53,444 - httpx - INFO - HTTP Request: GET http://localhost:59933/heap/unmerged "HTTP/1.1 200 OK"
2026-04-21 22:55:53,558 - httpx - INFO - HTTP Request: GET http://localhost:59952/heap/unmerged "HTTP/1.1 200 OK"
2026-04-21 22:55:53,679 - httpx - INFO - HTTP Request: GET http://localhost:59967/heap/unmerged "HTTP/1.1 200 OK"
2026-04-21 22:55:53,781 - httpx - INFO - HTTP Request: GET http://localhost:59992/heap/unmerged "HTTP/1.1 200 OK"
2026-04-21 22:55:53,920 - httpx - INFO - HTTP Request: GET http://localhost:1028/heap/unmerged "HTTP/1.1 200 OK"
2026-04-21 22:55:54,767 - httpx - INFO - HTTP Request: POST http://localhost:54186/allocate_page "HTTP/1.1 200 OK"
2026-04-21 22:55:54,991 - httpx - INFO - HTTP Request: POST http://localhost:59917/heap/append "HTTP/1.1 200 OK"
2026-04-21 22:55:55,091 - httpx - INFO - HTTP Request: POST http://localhost:54186/heap-written "HTTP/1.1 200 OK"
2026-04-21 22:55:55,551 - httpx - INFO - HTTP Request: POST http://localhost:54186/allocate_page "HTTP/1.1 200 OK"
2026-04-21 22:55:55,551 - httpx - INFO - HTTP Request: POST http://localhost:54186/allocate_page "HTTP/1.1 200 OK"
2026-04-21 22:55:56,027 - httpx - INFO - HTTP Request: POST http://localhost:59917/heap/append "HTTP/1.1 200 OK"
2026-04-21 22:55:56,030 - httpx - INFO - HTTP Request: POST http://localhost:1437/heap/append "HTTP/1.1 200 OK"
2026-04-21 22:55:56,498 - httpx - INFO - HTTP Request: POST http://localhost:54186/heap-written "HTTP/1.1 200 OK"
2026-04-21 22:55:56,501 - httpx - INFO - HTTP Request: POST http://localhost:54186/heap-written "HTTP/1.1 200 OK"
2026-04-21 22:55:56,509 - httpx - INFO - HTTP Request: GET http://localhost:54186/task?agent_id=fdf7f99f "HTTP/1.1 200 OK"
2026-04-21 22:55:56,513 - httpx - INFO - HTTP Request: POST http://localhost:54186/allocate_page "HTTP/1.1 200 OK"
2026-04-21 22:55:56,685 - httpx - INFO - HTTP Request: POST http://localhost:54186/allocate_page "HTTP/1.1 200 OK"
2026-04-21 22:55:56,918 - httpx - INFO - HTTP Request: POST http://localhost:1437/heap/append "HTTP/1.1 200 OK"
2026-04-21 22:55:56,920 - httpx - INFO - HTTP Request: POST http://localhost:59807/heap/append "HTTP/1.1 200 OK"
2026-04-21 22:55:57,457 - httpx - INFO - HTTP Request: POST http://localhost:54186/heap-written "HTTP/1.1 200 OK"
2026-04-21 22:55:57,461 - httpx - INFO - HTTP Request: POST http://localhost:54186/heap-written "HTTP/1.1 200 OK"
2026-04-21 22:55:57,464 - httpx - INFO - HTTP Request: GET http://localhost:54186/task?agent_id=0a0141ac "HTTP/1.1 200 OK"
2026-04-21 22:55:57,467 - httpx - INFO - HTTP Request: POST http://localhost:54186/allocate_page "HTTP/1.1 200 OK"
2026-04-21 22:55:57,672 - httpx - INFO - HTTP Request: POST http://localhost:59807/heap/append "HTTP/1.1 200 OK"
2026-04-21 22:55:57,773 - httpx - INFO - HTTP Request: POST http://localhost:54186/heap-written "HTTP/1.1 200 OK"
2026-04-21 22:55:57,876 - httpx - INFO - HTTP Request: GET http://localhost:54186/task?agent_id=0b416973 "HTTP/1.1 200 OK"
2026-04-21 22:55:59,429 - httpx - INFO - HTTP Request: POST http://localhost:54186/allocate_page "HTTP/1.1 200 OK"
2026-04-21 22:55:59,735 - httpx - INFO - HTTP Request: POST http://localhost:59933/heap/append "HTTP/1.1 200 OK"
2026-04-21 22:56:00,112 - httpx - INFO - HTTP Request: POST http://localhost:54186/heap-written "HTTP/1.1 200 OK"
2026-04-21 22:56:00,117 - httpx - INFO - HTTP Request: POST http://localhost:54186/allocate_page "HTTP/1.1 200 OK"
2026-04-21 22:56:00,120 - httpx - INFO - HTTP Request: GET http://localhost:1437/heap/unmerged "HTTP/1.1 200 OK"
2026-04-21 22:56:00,755 - httpx - INFO - HTTP Request: GET http://localhost:59793/heap/unmerged "HTTP/1.1 200 OK"
2026-04-21 22:56:00,934 - httpx - INFO - HTTP Request: POST http://localhost:54186/allocate_page "HTTP/1.1 200 OK"
2026-04-21 22:56:00,935 - httpx - INFO - HTTP Request: POST http://localhost:54186/allocate_page "HTTP/1.1 200 OK"
2026-04-21 22:56:00,946 - httpx - INFO - HTTP Request: POST http://localhost:59933/heap/append "HTTP/1.1 200 OK"
2026-04-21 22:56:01,063 - httpx - INFO - HTTP Request: POST http://localhost:54186/allocate_page "HTTP/1.1 200 OK"
2026-04-21 22:56:01,074 - httpx - INFO - HTTP Request: GET http://localhost:59794/heap/unmerged "HTTP/1.1 200 OK"
2026-04-21 22:56:01,282 - httpx - INFO - HTTP Request: POST http://localhost:54186/heap-written "HTTP/1.1 200 OK"
2026-04-21 22:56:01,287 - httpx - INFO - HTTP Request: GET http://localhost:59797/heap/unmerged "HTTP/1.1 200 OK"
2026-04-21 22:56:01,288 - httpx - INFO - HTTP Request: GET http://localhost:54186/task?agent_id=65eb0cf8 "HTTP/1.1 200 OK"
2026-04-21 22:56:01,863 - httpx - INFO - HTTP Request: POST http://localhost:54186/allocate_page "HTTP/1.1 200 OK"
2026-04-21 22:56:01,867 - httpx - INFO - HTTP Request: GET http://localhost:59802/heap/unmerged "HTTP/1.1 200 OK"
2026-04-21 22:56:01,868 - httpx - INFO - HTTP Request: POST http://localhost:59887/heap/append "HTTP/1.1 200 OK"
2026-04-21 22:56:01,871 - httpx - INFO - HTTP Request: POST http://localhost:59830/heap/append "HTTP/1.1 200 OK"
2026-04-21 22:56:01,873 - httpx - INFO - HTTP Request: POST http://localhost:59802/heap/append "HTTP/1.1 200 OK"
2026-04-21 22:56:02,780 - httpx - INFO - HTTP Request: POST http://localhost:54186/heap-written "HTTP/1.1 200 OK"
2026-04-21 22:56:02,784 - httpx - INFO - HTTP Request: GET http://localhost:59807/heap/unmerged "HTTP/1.1 200 OK"
2026-04-21 22:56:02,785 - httpx - INFO - HTTP Request: POST http://localhost:54186/heap-written "HTTP/1.1 200 OK"
2026-04-21 22:56:02,786 - httpx - INFO - HTTP Request: POST http://localhost:54186/heap-written "HTTP/1.1 200 OK"
2026-04-21 22:56:02,957 - httpx - INFO - HTTP Request: POST http://localhost:59952/heap/append "HTTP/1.1 200 OK"
2026-04-21 22:56:02,965 - httpx - INFO - HTTP Request: POST http://localhost:54186/allocate_page "HTTP/1.1 200 OK"
2026-04-21 22:56:02,967 - httpx - INFO - HTTP Request: POST http://localhost:54186/allocate_page "HTTP/1.1 200 OK"
2026-04-21 22:56:02,968 - httpx - INFO - HTTP Request: POST http://localhost:54186/allocate_page "HTTP/1.1 200 OK"
2026-04-21 22:56:03,692 - httpx - INFO - HTTP Request: GET http://localhost:59814/heap/unmerged "HTTP/1.1 200 OK"
2026-04-21 22:56:04,275 - httpx - INFO - HTTP Request: POST http://localhost:54186/heap-written "HTTP/1.1 200 OK"
2026-04-21 22:56:04,307 - httpx - INFO - HTTP Request: POST http://localhost:54186/allocate_page "HTTP/1.1 200 OK"
2026-04-21 22:56:04,326 - httpx - INFO - HTTP Request: POST http://localhost:54186/allocate_page "HTTP/1.1 200 OK"
2026-04-21 22:56:04,340 - httpx - INFO - HTTP Request: GET http://localhost:59821/heap/unmerged "HTTP/1.1 200 OK"
2026-04-21 22:56:04,341 - httpx - INFO - HTTP Request: POST http://localhost:59802/heap/append "HTTP/1.1 200 OK"
2026-04-21 22:56:04,342 - httpx - INFO - HTTP Request: POST http://localhost:59830/heap/append "HTTP/1.1 200 OK"
2026-04-21 22:56:04,343 - httpx - INFO - HTTP Request: POST http://localhost:59887/heap/append "HTTP/1.1 200 OK"
2026-04-21 22:56:05,629 - httpx - INFO - HTTP Request: GET http://localhost:59830/heap/unmerged "HTTP/1.1 200 OK"
2026-04-21 22:56:05,761 - httpx - INFO - HTTP Request: POST http://localhost:54186/heap-written "HTTP/1.1 200 OK"
2026-04-21 22:56:05,761 - httpx - INFO - HTTP Request: POST http://localhost:54186/heap-written "HTTP/1.1 200 OK"
2026-04-21 22:56:05,762 - httpx - INFO - HTTP Request: POST http://localhost:54186/heap-written "HTTP/1.1 200 OK"
2026-04-21 22:56:05,771 - httpx - INFO - HTTP Request: POST http://localhost:59952/heap/append "HTTP/1.1 200 OK"
2026-04-21 22:56:05,772 - httpx - INFO - HTTP Request: POST http://localhost:59967/heap/append "HTTP/1.1 200 OK"
2026-04-21 22:56:05,783 - httpx - INFO - HTTP Request: POST http://localhost:54186/allocate_page "HTTP/1.1 200 OK"
2026-04-21 22:56:05,787 - httpx - INFO - HTTP Request: GET http://localhost:54186/task?agent_id=67943fe2 "HTTP/1.1 200 OK"
2026-04-21 22:56:05,787 - httpx - INFO - HTTP Request: GET http://localhost:54186/task?agent_id=ecd67206 "HTTP/1.1 200 OK"
2026-04-21 22:56:05,788 - httpx - INFO - HTTP Request: GET http://localhost:54186/task?agent_id=b85e8ec9 "HTTP/1.1 200 OK"
2026-04-21 22:56:06,317 - httpx - INFO - HTTP Request: GET http://localhost:59840/heap/unmerged "HTTP/1.1 200 OK"
2026-04-21 22:56:07,020 - httpx - INFO - HTTP Request: POST http://localhost:54186/heap-written "HTTP/1.1 200 OK"
2026-04-21 22:56:07,021 - httpx - INFO - HTTP Request: POST http://localhost:54186/heap-written "HTTP/1.1 200 OK"
2026-04-21 22:56:07,032 - httpx - INFO - HTTP Request: GET http://localhost:54186/task?agent_id=e0a2a819 "HTTP/1.1 200 OK"
2026-04-21 22:56:07,037 - httpx - INFO - HTTP Request: GET http://localhost:59851/heap/unmerged "HTTP/1.1 200 OK"
2026-04-21 22:56:07,297 - httpx - INFO - HTTP Request: POST http://localhost:54186/allocate_page "HTTP/1.1 200 OK"
2026-04-21 22:56:07,299 - httpx - INFO - HTTP Request: POST http://localhost:54186/allocate_page "HTTP/1.1 200 OK"
2026-04-21 22:56:07,308 - httpx - INFO - HTTP Request: POST http://localhost:59840/heap/append "HTTP/1.1 200 OK"
2026-04-21 22:56:07,460 - httpx - INFO - HTTP Request: GET http://localhost:59872/heap/unmerged "HTTP/1.1 200 OK"
2026-04-21 22:56:07,599 - httpx - INFO - HTTP Request: POST http://localhost:54186/heap-written "HTTP/1.1 200 OK"
2026-04-21 22:56:07,608 - httpx - INFO - HTTP Request: GET http://localhost:59887/heap/unmerged "HTTP/1.1 200 OK"
2026-04-21 22:56:07,721 - httpx - INFO - HTTP Request: GET http://localhost:59900/heap/unmerged "HTTP/1.1 200 OK"
2026-04-21 22:56:08,426 - httpx - INFO - HTTP Request: POST http://localhost:59967/heap/append "HTTP/1.1 200 OK"
2026-04-21 22:56:08,432 - httpx - INFO - HTTP Request: GET http://localhost:59917/heap/unmerged "HTTP/1.1 200 OK"
2026-04-21 22:56:08,433 - httpx - INFO - HTTP Request: POST http://localhost:54186/allocate_page "HTTP/1.1 200 OK"
2026-04-21 22:56:08,535 - httpx - INFO - HTTP Request: POST http://localhost:1028/heap/append "HTTP/1.1 200 OK"
2026-04-21 22:56:08,750 - httpx - INFO - HTTP Request: POST http://localhost:54186/heap-written "HTTP/1.1 200 OK"
2026-04-21 22:56:08,755 - httpx - INFO - HTTP Request: POST http://localhost:54186/heap-written "HTTP/1.1 200 OK"
2026-04-21 22:56:08,756 - httpx - INFO - HTTP Request: GET http://localhost:59933/heap/unmerged "HTTP/1.1 200 OK"
2026-04-21 22:56:09,478 - httpx - INFO - HTTP Request: GET http://localhost:54186/task?agent_id=313eb1aa "HTTP/1.1 200 OK"
2026-04-21 22:56:09,479 - httpx - INFO - HTTP Request: GET http://localhost:59952/heap/unmerged "HTTP/1.1 200 OK"
2026-04-21 22:56:09,612 - httpx - INFO - HTTP Request: POST http://localhost:54186/allocate_page "HTTP/1.1 200 OK"
2026-04-21 22:56:09,612 - httpx - INFO - HTTP Request: POST http://localhost:59840/heap/append "HTTP/1.1 200 OK"
2026-04-21 22:56:09,732 - httpx - INFO - HTTP Request: POST http://localhost:54186/allocate_page "HTTP/1.1 200 OK"
2026-04-21 22:56:09,748 - httpx - INFO - HTTP Request: POST http://localhost:54186/heap-written "HTTP/1.1 200 OK"
2026-04-21 22:56:09,751 - httpx - INFO - HTTP Request: GET http://localhost:59967/heap/unmerged "HTTP/1.1 200 OK"
[BFF] 获取Agent 24154eb6 堆段: 0 条
[BFF] 获取Agent 2ff18b1f 堆段: 0 条
[BFF] 获取Agent cdd1ee18 堆段: 0 条
[BFF] 获取Agent 67943fe2 堆段: 0 条
[BFF] 获取Agent 7f58fa44 堆段: 0 条
[BFF] 获取Agent fdf7f99f 堆段: 0 条
[BFF] 获取Agent 65eb0cf8 堆段: 0 条
[BFF] 获取Agent e0a2a819 堆段: 0 条
[BFF] 获取Agent 313eb1aa 堆段: 0 条
[BFF] 获取Agent 8251b4d7 堆段: 0 条
[BFF] 获取Agent c348c646 堆段: 0 条
[BFF] all-unmerged 获取完成: 0 条
[BFF] 邻居发现: 所有父子关系已建立
[BFF] 获取Agent 0a0141ac 堆段: 0 条
[BFF] 获取Agent f392378b 堆段: 0 条
[BFF] 获取Agent 0f8f3855 堆段: 0 条
[BFF] 获取Agent 32947614 堆段: 0 条
[BFF] 获取Agent ecd67206 堆段: 0 条
[BFF] 获取Agent 0b416973 堆段: 0 条
[BFF] 获取Agent 099c20e8 堆段: 0 条
[BFF] 获取Agent 17c44107 堆段: 0 条
[BFF] 获取Agent b85e8ec9 堆段: 0 条
[BFF] 获取Agent 24154eb6 堆段: 0 条
[BFF] 获取Agent 2ff18b1f 堆段: 0 条
[BFF] 获取Agent cdd1ee18 堆段: 0 条
[BFF] 获取Agent 67943fe2 堆段: 0 条
[BFF] 获取Agent 7f58fa44 堆段: 0 条
[BFF] 获取Agent fdf7f99f 堆段: 0 条
[BFF] 获取Agent 65eb0cf8 堆段: 0 条
[BFF] 获取Agent e0a2a819 堆段: 0 条
[BFF] 获取Agent 313eb1aa 堆段: 0 条
[BFF] 获取Agent 8251b4d7 堆段: 0 条
[BFF] 获取Agent c348c646 堆段: 0 条
[BFF] all-unmerged 获取完成: 0 条
[BFF] 获取Agent 0a0141ac 堆段: 0 条
[BFF] 获取Agent f392378b 堆段: 0 条
[BFF] 获取Agent 0f8f3855 堆段: 0 条
[BFF] 获取Agent 32947614 堆段: 0 条
[BFF] 获取Agent ecd67206 堆段: 2 条
[BFF] all-unmerged 请求正在进行，等待完成...
[BFF] 获取Agent 0b416973 堆段: 0 条
[BFF] 获取Agent 099c20e8 堆段: 0 条
[BFF] 获取Agent 17c44107 堆段: 0 条
[BFF] 获取Agent b85e8ec9 堆段: 0 条
[BFF] 读取PublicMemory (物理路径): /mnt/d/collections2026/phd_application/nanobot1/milestone2/data/public_memory/public_memory.jsonl, top_k=2
[BFF] 读取PublicMemory完成: 0 条记录
[BFF] 获取Agent 24154eb6 堆段: 0 条
[BFF] 获取Agent 2ff18b1f 堆段: 0 条
[BFF] all-unmerged 请求正在进行，等待完成...
[BFF] 获取Agent cdd1ee18 堆段: 0 条
[BFF] 获取Agent 67943fe2 堆段: 0 条
[BFF] 获取Agent 7f58fa44 堆段: 0 条
[BFF] 获取Agent fdf7f99f 堆段: 0 条
[BFF] all-unmerged 请求正在进行，等待完成...
[BFF] 获取Agent 65eb0cf8 堆段: 0 条
[BFF] 读取PublicMemory (物理路径): /mnt/d/collections2026/phd_application/nanobot1/milestone2/data/public_memory/public_memory.jsonl, top_k=2
[BFF] 读取PublicMemory完成: 0 条记录
[BFF] 获取Agent e0a2a819 堆段: 0 条
[BFF] 获取Agent 313eb1aa 堆段: 0 条
[BFF] 获取Agent 8251b4d7 堆段: 2 条
[BFF] 获取Agent c348c646 堆段: 0 条
[BFF] all-unmerged 获取完成: 4 条
[BFF] all-unmerged 命中缓存: 4 条 (缓存剩余 1.9s)
[BFF] all-unmerged 命中缓存: 4 条 (缓存剩余 1.5s)
[BFF] 读取PublicMemory (物理路径): /mnt/d/collections2026/phd_application/nanobot1/milestone2/data/public_memory/public_memory.jsonl, top_k=2
[BFF] 读取PublicMemory完成: 0 条记录
[BFF] all-unmerged 命中缓存: 4 条 (缓存剩余 0.0s)
[BFF] 获取Agent 0a0141ac 堆段: 0 条
[BFF] 获取Agent f392378b 堆段: 0 条
[BFF] 读取PublicMemory (物理路径): /mnt/d/collections2026/phd_application/nanobot1/milestone2/data/public_memory/public_memory.jsonl, top_k=2
[BFF] 读取PublicMemory完成: 0 条记录
[BFF] 获取Agent 0f8f3855 堆段: 2 条
[BFF] 获取Agent 32947614 堆段: 0 条
[BFF] 获取Agent ecd67206 堆段: 2 条
[BFF] 获取Agent 0b416973 堆段: 0 条
[BFF] 获取Agent 099c20e8 堆段: 0 条
[BFF] 获取Agent 17c44107 堆段: 0 条
[BFF] 获取Agent b85e8ec9 堆段: 0 条
[BFF] 获取Agent 24154eb6 堆段: 0 条
[BFF] all-unmerged 请求正在进行，等待完成...
[BFF] 获取Agent 2ff18b1f 堆段: 2 条
[BFF] 获取Agent cdd1ee18 堆段: 0 条
[BFF] 获取Agent 67943fe2 堆段: 0 条
[BFF] 获取Agent 7f58fa44 堆段: 0 条
[BFF] all-unmerged 请求正在进行，等待完成...
[BFF] 获取Agent fdf7f99f 堆段: 0 条
[BFF] 读取PublicMemory (物理路径): /mnt/d/collections2026/phd_application/nanobot1/milestone2/data/public_memory/public_memory.jsonl, top_k=2
[BFF] 读取PublicMemory完成: 0 条记录
[BFF] 获取Agent 65eb0cf8 堆段: 0 条
[BFF] 获取Agent e0a2a819 堆段: 0 条
[BFF] 获取Agent 313eb1aa 堆段: 0 条
[BFF] 获取Agent 8251b4d7 堆段: 2 条
[BFF] 获取Agent c348c646 堆段: 0 条
[BFF] all-unmerged 获取完成: 8 条
[BFF] all-unmerged 命中缓存: 8 条 (缓存剩余 3.8s)
[BFF] all-unmerged 命中缓存: 8 条 (缓存剩余 2.4s)
[BFF] all-unmerged 命中缓存: 8 条 (缓存剩余 2.4s)
[BFF] 读取PublicMemory (物理路径): /mnt/d/collections2026/phd_application/nanobot1/milestone2/data/public_memory/public_memory.jsonl, top_k=2
[BFF] 读取PublicMemory完成: 0 条记录
[BFF] all-unmerged 命中缓存: 8 条 (缓存剩余 1.5s)
[BFF] all-unmerged 命中缓存: 8 条 (缓存剩余 1.5s)
[BFF] 读取PublicMemory (物理路径): /mnt/d/collections2026/phd_application/nanobot1/milestone2/data/public_memory/public_memory.jsonl, top_k=2
[BFF] 读取PublicMemory完成: 0 条记录
[BFF] all-unmerged 命中缓存: 8 条 (缓存剩余 1.1s)
[BFF] 读取PublicMemory (物理路径): /mnt/d/collections2026/phd_application/nanobot1/milestone2/data/public_memory/public_memory.jsonl, top_k=2
[BFF] 读取PublicMemory完成: 0 条记录
[BFF] all-unmerged 请求正在进行，等待完成...
[BFF] 获取Agent 0a0141ac 堆段: 2 条
[BFF] 获取Agent f392378b 堆段: 2 条
[BFF] 获取Agent 0f8f3855 堆段: 2 条
[BFF] all-unmerged 请求正在进行，等待完成...
[BFF] 获取Agent 32947614 堆段: 0 条
[BFF] 读取PublicMemory (物理路径): /mnt/d/collections2026/phd_application/nanobot1/milestone2/data/public_memory/public_memory.jsonl, top_k=2
[BFF] 读取PublicMemory完成: 0 条记录
[BFF] 获取Agent ecd67206 堆段: 2 条
[BFF] 邻居发现: 所有父子关系已建立
[BFF] 获取Agent 0b416973 堆段: 2 条
[BFF] all-unmerged 请求正在进行，等待完成...
[BFF] all-unmerged 请求正在进行，等待完成...
[BFF] all-unmerged 请求正在进行，等待完成...
[BFF] 获取Agent 099c20e8 堆段: 0 条
[BFF] all-unmerged 请求正在进行，等待完成...
[BFF] 获取Agent 17c44107 堆段: 0 条
[BFF] 获取Agent b85e8ec9 堆段: 2 条
[BFF] all-unmerged 请求正在进行，等待完成...
[BFF] all-unmerged 请求正在进行，等待完成...
[BFF] all-unmerged 请求正在进行，等待完成...
[BFF] 获取Agent 24154eb6 堆段: 0 条
[BFF] 读取PublicMemory (物理路径): /mnt/d/collections2026/phd_application/nanobot1/milestone2/data/public_memory/public_memory.jsonl, top_k=2
[BFF] 读取PublicMemory完成: 0 条记录
[BFF] 读取PublicMemory (物理路径): /mnt/d/collections2026/phd_application/nanobot1/milestone2/data/public_memory/public_memory.jsonl, top_k=2
[BFF] 读取PublicMemory完成: 0 条记录
[BFF] 读取PublicMemory (物理路径): /mnt/d/collections2026/phd_application/nanobot1/milestone2/data/public_memory/public_memory.jsonl, top_k=2
[BFF] 读取PublicMemory完成: 0 条记录
[BFF] all-unmerged 请求正在进行，等待完成...
[BFF] all-unmerged 请求正在进行，等待完成...
[BFF] 获取Agent 2ff18b1f 堆段: 2 条
[BFF] 获取Agent cdd1ee18 堆段: 0 条
[BFF] all-unmerged 请求正在进行，等待完成...
[BFF] 获取Agent 67943fe2 堆段: 2 条
[BFF] 获取Agent 7f58fa44 堆段: 0 条
[BFF] 读取PublicMemory (物理路径): /mnt/d/collections2026/phd_application/nanobot1/milestone2/data/public_memory/public_memory.jsonl, top_k=2
[BFF] 读取PublicMemory完成: 0 条记录
[BFF] 获取Agent fdf7f99f 堆段: 2 条
[BFF] 获取Agent 65eb0cf8 堆段: 2 条
[BFF] all-unmerged 请求正在进行，等待完成...
[BFF] all-unmerged 请求正在进行，等待完成...
[BFF] 获取Agent e0a2a819 堆段: 2 条
[BFF] 读取PublicMemory (物理路径): /mnt/d/collections2026/phd_application/nanobot1/milestone2/data/public_memory/public_memory.jsonl, top_k=2
[BFF] 读取PublicMemory完成: 0 条记录
[BFF] 获取Agent 313eb1aa 堆段: 2 条
2026-04-21 22:56:10,612 - httpx - INFO - HTTP Request: GET http://localhost:59992/heap/unmerged "HTTP/1.1 200 OK"
2026-04-21 22:56:10,741 - httpx - INFO - HTTP Request: POST http://localhost:59992/heap/append "HTTP/1.1 200 OK"
2026-04-21 22:56:10,745 - httpx - INFO - HTTP Request: POST http://localhost:1028/heap/append "HTTP/1.1 200 OK"
2026-04-21 22:56:10,756 - httpx - INFO - HTTP Request: GET http://localhost:54186/task?agent_id=24154eb6 "HTTP/1.1 200 OK"
2026-04-21 22:56:11,440 - httpx - INFO - HTTP Request: GET http://localhost:1028/heap/unmerged "HTTP/1.1 200 OK"
2026-04-21 22:56:11,446 - httpx - INFO - HTTP Request: POST http://localhost:54186/heap-written "HTTP/1.1 200 OK"
2026-04-21 22:56:11,447 - httpx - INFO - HTTP Request: POST http://localhost:54186/allocate_page "HTTP/1.1 200 OK"
2026-04-21 22:56:11,448 - httpx - INFO - HTTP Request: POST http://localhost:54186/heap-written "HTTP/1.1 200 OK"
2026-04-21 22:56:11,458 - httpx - INFO - HTTP Request: GET http://localhost:54186/task?agent_id=c348c646 "HTTP/1.1 200 OK"
2026-04-21 22:56:11,459 - httpx - INFO - HTTP Request: POST http://localhost:54186/allocate_page "HTTP/1.1 200 OK"
2026-04-21 22:56:12,393 - httpx - INFO - HTTP Request: POST http://localhost:59992/heap/append "HTTP/1.1 200 OK"
2026-04-21 22:56:12,396 - httpx - INFO - HTTP Request: POST http://localhost:59851/heap/append "HTTP/1.1 200 OK"
2026-04-21 22:56:12,599 - httpx - INFO - HTTP Request: POST http://localhost:54186/heap-written "HTTP/1.1 200 OK"
2026-04-21 22:56:12,601 - httpx - INFO - HTTP Request: POST http://localhost:54186/heap-written "HTTP/1.1 200 OK"
2026-04-21 22:56:12,830 - httpx - INFO - HTTP Request: GET http://localhost:54186/task?agent_id=8251b4d7 "HTTP/1.1 200 OK"
2026-04-21 22:56:12,833 - httpx - INFO - HTTP Request: POST http://localhost:54186/allocate_page "HTTP/1.1 200 OK"
2026-04-21 22:56:13,260 - httpx - INFO - HTTP Request: POST http://localhost:59851/heap/append "HTTP/1.1 200 OK"
2026-04-21 22:56:13,376 - httpx - INFO - HTTP Request: POST http://localhost:54186/heap-written "HTTP/1.1 200 OK"
2026-04-21 22:56:13,499 - httpx - INFO - HTTP Request: GET http://localhost:54186/task?agent_id=2ff18b1f "HTTP/1.1 200 OK"
2026-04-21 22:56:16,761 - httpx - INFO - HTTP Request: GET http://localhost:59305/health "HTTP/1.1 200 OK"
2026-04-21 22:56:17,593 - httpx - INFO - HTTP Request: GET http://localhost:54186/active_pages "HTTP/1.1 200 OK"
2026-04-21 22:56:17,594 - httpx - INFO - HTTP Request: GET http://localhost:54186/active_pages "HTTP/1.1 200 OK"
2026-04-21 22:56:17,594 - httpx - INFO - HTTP Request: GET http://localhost:54186/active_pages "HTTP/1.1 200 OK"
2026-04-21 22:56:17,972 - httpx - INFO - HTTP Request: POST http://localhost:54186/allocate_page "HTTP/1.1 200 OK"
2026-04-21 22:56:18,332 - httpx - INFO - HTTP Request: POST http://localhost:59793/heap/append "HTTP/1.1 200 OK"
2026-04-21 22:56:18,443 - httpx - INFO - HTTP Request: POST http://localhost:54186/heap-written "HTTP/1.1 200 OK"
2026-04-21 22:56:18,557 - httpx - INFO - HTTP Request: POST http://localhost:54186/allocate_page "HTTP/1.1 200 OK"
2026-04-21 22:56:18,781 - httpx - INFO - HTTP Request: POST http://localhost:59793/heap/append "HTTP/1.1 200 OK"
2026-04-21 22:56:18,874 - httpx - INFO - HTTP Request: POST http://localhost:54186/heap-written "HTTP/1.1 200 OK"
2026-04-21 22:56:19,394 - httpx - INFO - HTTP Request: GET http://localhost:54186/task?agent_id=f392378b "HTTP/1.1 200 OK"
2026-04-21 22:56:19,398 - httpx - INFO - HTTP Request: POST http://localhost:54186/mark_pages_merged "HTTP/1.1 200 OK"
2026-04-21 22:56:19,401 - httpx - INFO - HTTP Request: POST http://localhost:54186/mark_pages_merged "HTTP/1.1 200 OK"
2026-04-21 22:56:19,404 - httpx - INFO - HTTP Request: POST http://localhost:54186/mark_pages_merged "HTTP/1.1 200 OK"
2026-04-21 22:56:26,288 - httpx - INFO - HTTP Request: POST http://localhost:59802/heap/mark-merged "HTTP/1.1 200 OK"
2026-04-21 22:56:26,292 - httpx - INFO - HTTP Request: POST http://localhost:59802/heap/mark-merged "HTTP/1.1 200 OK"
2026-04-21 22:56:26,297 - httpx - INFO - HTTP Request: POST http://localhost:59802/heap/mark-merged "HTTP/1.1 200 OK"
2026-04-21 22:56:26,305 - httpx - INFO - HTTP Request: POST http://localhost:59851/heap/mark-merged "HTTP/1.1 200 OK"
2026-04-21 22:56:26,306 - httpx - INFO - HTTP Request: POST http://localhost:59917/heap/mark-merged "HTTP/1.1 200 OK"
2026-04-21 22:56:26,307 - httpx - INFO - HTTP Request: POST http://localhost:59794/heap/mark-merged "HTTP/1.1 200 OK"
2026-04-21 22:56:26,308 - httpx - INFO - HTTP Request: POST http://localhost:59830/heap/mark-merged "HTTP/1.1 200 OK"
2026-04-21 22:56:26,309 - httpx - INFO - HTTP Request: POST http://localhost:59933/heap/mark-merged "HTTP/1.1 200 OK"
2026-04-21 22:56:26,309 - httpx - INFO - HTTP Request: POST http://localhost:59887/heap/mark-merged "HTTP/1.1 200 OK"
2026-04-21 22:56:26,310 - httpx - INFO - HTTP Request: POST http://localhost:59967/heap/mark-merged "HTTP/1.1 200 OK"
2026-04-21 22:56:26,311 - httpx - INFO - HTTP Request: POST http://localhost:1437/heap/mark-merged "HTTP/1.1 200 OK"
2026-04-21 22:56:26,312 - httpx - INFO - HTTP Request: POST http://localhost:59840/heap/mark-merged "HTTP/1.1 200 OK"
2026-04-21 22:56:26,312 - httpx - INFO - HTTP Request: POST http://localhost:59794/heap/mark-merged "HTTP/1.1 200 OK"
2026-04-21 22:56:26,313 - httpx - INFO - HTTP Request: POST http://localhost:59952/heap/mark-merged "HTTP/1.1 200 OK"
2026-04-21 22:56:26,313 - httpx - INFO - HTTP Request: POST http://localhost:59917/heap/mark-merged "HTTP/1.1 200 OK"
2026-04-21 22:56:26,314 - httpx - INFO - HTTP Request: POST http://localhost:59807/heap/mark-merged "HTTP/1.1 200 OK"
2026-04-21 22:56:26,314 - httpx - INFO - HTTP Request: POST http://localhost:59851/heap/mark-merged "HTTP/1.1 200 OK"
2026-04-21 22:56:26,315 - httpx - INFO - HTTP Request: POST http://localhost:1437/heap/mark-merged "HTTP/1.1 200 OK"
2026-04-21 22:56:26,315 - httpx - INFO - HTTP Request: POST http://localhost:59830/heap/mark-merged "HTTP/1.1 200 OK"
2026-04-21 22:56:26,316 - httpx - INFO - HTTP Request: POST http://localhost:59840/heap/mark-merged "HTTP/1.1 200 OK"
2026-04-21 22:56:26,316 - httpx - INFO - HTTP Request: POST http://localhost:59793/heap/mark-merged "HTTP/1.1 200 OK"
2026-04-21 22:56:26,317 - httpx - INFO - HTTP Request: POST http://localhost:59887/heap/mark-merged "HTTP/1.1 200 OK"
2026-04-21 22:56:26,317 - httpx - INFO - HTTP Request: POST http://localhost:59933/heap/mark-merged "HTTP/1.1 200 OK"
2026-04-21 22:56:26,318 - httpx - INFO - HTTP Request: POST http://localhost:59794/heap/mark-merged "HTTP/1.1 200 OK"
2026-04-21 22:56:26,318 - httpx - INFO - HTTP Request: POST http://localhost:1028/heap/mark-merged "HTTP/1.1 200 OK"
2026-04-21 22:56:26,319 - httpx - INFO - HTTP Request: POST http://localhost:59952/heap/mark-merged "HTTP/1.1 200 OK"
2026-04-21 22:56:26,319 - httpx - INFO - HTTP Request: POST http://localhost:59807/heap/mark-merged "HTTP/1.1 200 OK"
2026-04-21 22:56:26,320 - httpx - INFO - HTTP Request: POST http://localhost:59840/heap/mark-merged "HTTP/1.1 200 OK"
2026-04-21 22:56:26,320 - httpx - INFO - HTTP Request: POST http://localhost:59992/heap/mark-merged "HTTP/1.1 200 OK"
2026-04-21 22:56:26,323 - httpx - INFO - HTTP Request: POST http://localhost:59851/heap/mark-merged "HTTP/1.1 200 OK"
2026-04-21 22:56:26,324 - httpx - INFO - HTTP Request: POST http://localhost:59933/heap/mark-merged "HTTP/1.1 200 OK"
2026-04-21 22:56:26,325 - httpx - INFO - HTTP Request: POST http://localhost:59793/heap/mark-merged "HTTP/1.1 200 OK"
2026-04-21 22:56:26,325 - httpx - INFO - HTTP Request: POST http://localhost:59967/heap/mark-merged "HTTP/1.1 200 OK"
2026-04-21 22:56:26,326 - httpx - INFO - HTTP Request: POST http://localhost:1437/heap/mark-merged "HTTP/1.1 200 OK"
2026-04-21 22:56:26,326 - httpx - INFO - HTTP Request: POST http://localhost:59952/heap/mark-merged "HTTP/1.1 200 OK"
2026-04-21 22:56:26,327 - httpx - INFO - HTTP Request: POST http://localhost:59917/heap/mark-merged "HTTP/1.1 200 OK"
2026-04-21 22:56:26,328 - httpx - INFO - HTTP Request: POST http://localhost:59887/heap/mark-merged "HTTP/1.1 200 OK"
2026-04-21 22:56:26,328 - httpx - INFO - HTTP Request: POST http://localhost:59830/heap/mark-merged "HTTP/1.1 200 OK"
2026-04-21 22:56:26,329 - httpx - INFO - HTTP Request: POST http://localhost:1028/heap/mark-merged "HTTP/1.1 200 OK"
2026-04-21 22:56:26,329 - httpx - INFO - HTTP Request: POST http://localhost:59992/heap/mark-merged "HTTP/1.1 200 OK"
2026-04-21 22:56:26,330 - httpx - INFO - HTTP Request: POST http://localhost:59967/heap/mark-merged "HTTP/1.1 200 OK"
2026-04-21 22:56:26,330 - httpx - INFO - HTTP Request: POST http://localhost:59793/heap/mark-merged "HTTP/1.1 200 OK"
2026-04-21 22:56:26,330 - httpx - INFO - HTTP Request: POST http://localhost:59807/heap/mark-merged "HTTP/1.1 200 OK"
2026-04-21 22:56:26,368 - httpx - INFO - HTTP Request: POST http://localhost:1028/heap/mark-merged "HTTP/1.1 200 OK"
2026-04-21 22:56:26,368 - httpx - INFO - HTTP Request: POST http://localhost:59992/heap/mark-merged "HTTP/1.1 200 OK"
2026-04-21 22:56:26,393 - httpx - INFO - HTTP Request: POST http://localhost:54186/allocate_page "HTTP/1.1 200 OK"
2026-04-21 22:56:26,402 - httpx - INFO - HTTP Request: POST http://localhost:54186/allocate_page "HTTP/1.1 200 OK"
2026-04-21 22:56:26,403 - httpx - INFO - HTTP Request: POST http://localhost:54186/allocate_page "HTTP/1.1 200 OK"
2026-04-21 22:56:26,403 - httpx - INFO - HTTP Request: POST http://localhost:54186/allocate_page "HTTP/1.1 200 OK"
2026-04-21 22:56:26,404 - httpx - INFO - HTTP Request: POST http://localhost:54186/allocate_page "HTTP/1.1 200 OK"
2026-04-21 22:56:26,404 - httpx - INFO - HTTP Request: POST http://localhost:54186/allocate_page "HTTP/1.1 200 OK"
2026-04-21 22:56:26,405 - httpx - INFO - HTTP Request: POST http://localhost:59305/execute_merge "HTTP/1.1 200 OK"
2026-04-21 22:56:26,406 - httpx - INFO - HTTP Request: POST http://localhost:59305/execute_merge "HTTP/1.1 200 OK"
2026-04-21 22:56:26,418 - httpx - INFO - HTTP Request: POST http://localhost:59305/execute_merge "HTTP/1.1 200 OK"
2026-04-21 22:56:26,421 - httpx - INFO - HTTP Request: POST http://localhost:54186/allocate_page "HTTP/1.1 200 OK"
2026-04-21 22:56:26,522 - httpx - INFO - HTTP Request: GET http://localhost:1437/heap/unmerged "HTTP/1.1 200 OK"
2026-04-21 22:56:26,617 - httpx - INFO - HTTP Request: GET http://localhost:59793/heap/unmerged "HTTP/1.1 200 OK"
2026-04-21 22:56:27,735 - httpx - INFO - HTTP Request: GET http://localhost:59794/heap/unmerged "HTTP/1.1 200 OK"
2026-04-21 22:56:27,875 - httpx - INFO - HTTP Request: POST http://localhost:59933/heap/append "HTTP/1.1 200 OK"
2026-04-21 22:56:27,876 - httpx - INFO - HTTP Request: POST http://localhost:59807/heap/append "HTTP/1.1 200 OK"
2026-04-21 22:56:27,876 - httpx - INFO - HTTP Request: POST http://localhost:59821/heap/append "HTTP/1.1 200 OK"
2026-04-21 22:56:28,219 - httpx - INFO - HTTP Request: POST http://localhost:1437/heap/append "HTTP/1.1 200 OK"
2026-04-21 22:56:28,220 - httpx - INFO - HTTP Request: POST http://localhost:59794/heap/append "HTTP/1.1 200 OK"
2026-04-21 22:56:28,220 - httpx - INFO - HTTP Request: POST http://localhost:59802/heap/append "HTTP/1.1 200 OK"
2026-04-21 22:56:28,225 - httpx - INFO - HTTP Request: POST http://localhost:54186/allocate_page "HTTP/1.1 200 OK"
2026-04-21 22:56:28,226 - httpx - INFO - HTTP Request: POST http://localhost:59917/heap/append "HTTP/1.1 200 OK"
2026-04-21 22:56:28,651 - httpx - INFO - HTTP Request: POST http://localhost:54186/allocate_page "HTTP/1.1 200 OK"
2026-04-21 22:56:28,963 - httpx - INFO - HTTP Request: GET http://localhost:59797/heap/unmerged "HTTP/1.1 200 OK"
2026-04-21 22:56:29,751 - httpx - INFO - HTTP Request: POST http://localhost:54186/heap-written "HTTP/1.1 200 OK"
2026-04-21 22:56:29,752 - httpx - INFO - HTTP Request: POST http://localhost:54186/heap-written "HTTP/1.1 200 OK"
2026-04-21 22:56:29,752 - httpx - INFO - HTTP Request: POST http://localhost:54186/heap-written "HTTP/1.1 200 OK"
2026-04-21 22:56:29,864 - httpx - INFO - HTTP Request: POST http://localhost:54186/heap-written "HTTP/1.1 200 OK"
2026-04-21 22:56:29,864 - httpx - INFO - HTTP Request: POST http://localhost:54186/heap-written "HTTP/1.1 200 OK"
2026-04-21 22:56:29,865 - httpx - INFO - HTTP Request: POST http://localhost:54186/heap-written "HTTP/1.1 200 OK"
2026-04-21 22:56:29,866 - httpx - INFO - HTTP Request: POST http://localhost:54186/heap-written "HTTP/1.1 200 OK"
2026-04-21 22:56:29,877 - httpx - INFO - HTTP Request: POST http://localhost:54186/allocate_page "HTTP/1.1 200 OK"
2026-04-21 22:56:29,878 - httpx - INFO - HTTP Request: POST http://localhost:54186/allocate_page "HTTP/1.1 200 OK"
2026-04-21 22:56:29,879 - httpx - INFO - HTTP Request: POST http://localhost:54186/allocate_page "HTTP/1.1 200 OK"
2026-04-21 22:56:29,885 - httpx - INFO - HTTP Request: POST http://localhost:54186/allocate_page "HTTP/1.1 200 OK"
2026-04-21 22:56:29,886 - httpx - INFO - HTTP Request: GET http://localhost:59802/heap/unmerged "HTTP/1.1 200 OK"
2026-04-21 22:56:29,989 - httpx - INFO - HTTP Request: POST http://localhost:54186/allocate_page "HTTP/1.1 200 OK"
2026-04-21 22:56:29,989 - httpx - INFO - HTTP Request: POST http://localhost:54186/allocate_page "HTTP/1.1 200 OK"
2026-04-21 22:56:29,991 - httpx - INFO - HTTP Request: POST http://localhost:54186/allocate_page "HTTP/1.1 200 OK"
2026-04-21 22:56:29,995 - httpx - INFO - HTTP Request: POST http://localhost:59952/heap/append "HTTP/1.1 200 OK"
2026-04-21 22:56:29,995 - httpx - INFO - HTTP Request: POST http://localhost:59887/heap/append "HTTP/1.1 200 OK"
2026-04-21 22:56:30,001 - httpx - INFO - HTTP Request: POST http://localhost:54186/allocate_page "HTTP/1.1 200 OK"
2026-04-21 22:56:30,723 - httpx - INFO - HTTP Request: GET http://localhost:59807/heap/unmerged "HTTP/1.1 200 OK"
2026-04-21 22:56:31,414 - httpx - INFO - HTTP Request: POST http://localhost:54186/heap-written "HTTP/1.1 200 OK"
2026-04-21 22:56:31,738 - httpx - INFO - HTTP Request: POST http://localhost:54186/heap-written "HTTP/1.1 200 OK"
2026-04-21 22:56:31,742 - httpx - INFO - HTTP Request: POST http://localhost:1437/heap/append "HTTP/1.1 200 OK"
2026-04-21 22:56:31,743 - httpx - INFO - HTTP Request: POST http://localhost:59933/heap/append "HTTP/1.1 200 OK"
2026-04-21 22:56:31,756 - httpx - INFO - HTTP Request: POST http://localhost:59821/heap/append "HTTP/1.1 200 OK"
2026-04-21 22:56:31,757 - httpx - INFO - HTTP Request: POST http://localhost:59807/heap/append "HTTP/1.1 200 OK"
2026-04-21 22:56:32,157 - httpx - INFO - HTTP Request: POST http://localhost:59794/heap/append "HTTP/1.1 200 OK"
2026-04-21 22:56:32,533 - httpx - INFO - HTTP Request: POST http://localhost:54186/allocate_page "HTTP/1.1 200 OK"
2026-04-21 22:56:32,533 - httpx - INFO - HTTP Request: POST http://localhost:54186/allocate_page "HTTP/1.1 200 OK"
2026-04-21 22:56:32,535 - httpx - INFO - HTTP Request: POST http://localhost:59830/heap/append "HTTP/1.1 200 OK"
2026-04-21 22:56:32,535 - httpx - INFO - HTTP Request: POST http://localhost:59917/heap/append "HTTP/1.1 200 OK"
2026-04-21 22:56:32,535 - httpx - INFO - HTTP Request: POST http://localhost:59802/heap/append "HTTP/1.1 200 OK"
2026-04-21 22:56:32,537 - httpx - INFO - HTTP Request: GET http://localhost:59814/heap/unmerged "HTTP/1.1 200 OK"
2026-04-21 22:56:33,282 - httpx - INFO - HTTP Request: POST http://localhost:54186/allocate_page "HTTP/1.1 200 OK"
2026-04-21 22:56:33,899 - httpx - INFO - HTTP Request: POST http://localhost:54186/heap-written "HTTP/1.1 200 OK"
2026-04-21 22:56:33,901 - httpx - INFO - HTTP Request: POST http://localhost:54186/heap-written "HTTP/1.1 200 OK"
2026-04-21 22:56:33,907 - httpx - INFO - HTTP Request: GET http://localhost:54186/task?agent_id=65eb0cf8 "HTTP/1.1 200 OK"
2026-04-21 22:56:33,909 - httpx - INFO - HTTP Request: GET http://localhost:54186/task?agent_id=0a0141ac "HTTP/1.1 200 OK"
2026-04-21 22:56:33,911 - httpx - INFO - HTTP Request: POST http://localhost:54186/heap-written "HTTP/1.1 200 OK"
2026-04-21 22:56:33,912 - httpx - INFO - HTTP Request: POST http://localhost:54186/heap-written "HTTP/1.1 200 OK"
2026-04-21 22:56:34,035 - httpx - INFO - HTTP Request: POST http://localhost:54186/heap-written "HTTP/1.1 200 OK"
2026-04-21 22:56:34,037 - httpx - INFO - HTTP Request: GET http://localhost:59821/heap/unmerged "HTTP/1.1 200 OK"
2026-04-21 22:56:34,039 - httpx - INFO - HTTP Request: GET http://localhost:54186/task?agent_id=17c44107 "HTTP/1.1 200 OK"
2026-04-21 22:56:34,040 - httpx - INFO - HTTP Request: GET http://localhost:54186/task?agent_id=0b416973 "HTTP/1.1 200 OK"
2026-04-21 22:56:34,324 - httpx - INFO - HTTP Request: POST http://localhost:54186/heap-written "HTTP/1.1 200 OK"
2026-04-21 22:56:34,324 - httpx - INFO - HTTP Request: POST http://localhost:54186/heap-written "HTTP/1.1 200 OK"
2026-04-21 22:56:34,325 - httpx - INFO - HTTP Request: POST http://localhost:54186/heap-written "HTTP/1.1 200 OK"
2026-04-21 22:56:34,341 - httpx - INFO - HTTP Request: GET http://localhost:54186/task?agent_id=0f8f3855 "HTTP/1.1 200 OK"
2026-04-21 22:56:34,341 - httpx - INFO - HTTP Request: GET http://localhost:54186/task?agent_id=fdf7f99f "HTTP/1.1 200 OK"
2026-04-21 22:56:34,342 - httpx - INFO - HTTP Request: GET http://localhost:54186/task?agent_id=ecd67206 "HTTP/1.1 200 OK"
2026-04-21 22:56:34,682 - httpx - INFO - HTTP Request: POST http://localhost:59887/heap/append "HTTP/1.1 200 OK"
2026-04-21 22:56:34,683 - httpx - INFO - HTTP Request: POST http://localhost:54186/allocate_page "HTTP/1.1 200 OK"
2026-04-21 22:56:34,686 - httpx - INFO - HTTP Request: POST http://localhost:59952/heap/append "HTTP/1.1 200 OK"
2026-04-21 22:56:34,917 - httpx - INFO - HTTP Request: POST http://localhost:59967/heap/append "HTTP/1.1 200 OK"
2026-04-21 22:56:35,014 - httpx - INFO - HTTP Request: GET http://localhost:59830/heap/unmerged "HTTP/1.1 200 OK"
2026-04-21 22:56:35,720 - httpx - INFO - HTTP Request: POST http://localhost:54186/heap-written "HTTP/1.1 200 OK"
2026-04-21 22:56:35,721 - httpx - INFO - HTTP Request: POST http://localhost:54186/heap-written "HTTP/1.1 200 OK"
2026-04-21 22:56:36,228 - httpx - INFO - HTTP Request: POST http://localhost:54186/heap-written "HTTP/1.1 200 OK"
2026-04-21 22:56:36,544 - httpx - INFO - HTTP Request: GET http://localhost:59840/heap/unmerged "HTTP/1.1 200 OK"
2026-04-21 22:56:36,655 - httpx - INFO - HTTP Request: GET http://localhost:54186/active_pages "HTTP/1.1 200 OK"
2026-04-21 22:56:36,658 - httpx - INFO - HTTP Request: GET http://localhost:54186/active_pages "HTTP/1.1 200 OK"
2026-04-21 22:56:36,667 - httpx - INFO - HTTP Request: GET http://localhost:54186/active_pages "HTTP/1.1 200 OK"
2026-04-21 22:56:36,669 - httpx - INFO - HTTP Request: GET http://localhost:54186/active_pages "HTTP/1.1 200 OK"
2026-04-21 22:56:36,692 - httpx - INFO - HTTP Request: POST http://localhost:54186/allocate_page "HTTP/1.1 200 OK"
2026-04-21 22:56:36,693 - httpx - INFO - HTTP Request: POST http://localhost:54186/allocate_page "HTTP/1.1 200 OK"
2026-04-21 22:56:36,737 - httpx - INFO - HTTP Request: GET http://localhost:54186/task?agent_id=67943fe2 "HTTP/1.1 200 OK"
2026-04-21 22:56:36,738 - httpx - INFO - HTTP Request: GET http://localhost:54186/task?agent_id=e0a2a819 "HTTP/1.1 200 OK"
2026-04-21 22:56:36,738 - httpx - INFO - HTTP Request: POST http://localhost:59830/heap/append "HTTP/1.1 200 OK"
2026-04-21 22:56:36,843 - httpx - INFO - HTTP Request: POST http://localhost:54186/allocate_page "HTTP/1.1 200 OK"
2026-04-21 22:56:36,844 - httpx - INFO - HTTP Request: POST http://localhost:54186/allocate_page "HTTP/1.1 200 OK"
2026-04-21 22:56:36,848 - httpx - INFO - HTTP Request: GET http://localhost:59851/heap/unmerged "HTTP/1.1 200 OK"
2026-04-21 22:56:37,172 - httpx - INFO - HTTP Request: POST http://localhost:54186/heap-written "HTTP/1.1 200 OK"
[BFF] all-unmerged 请求正在进行，等待完成...
[BFF] 获取Agent 8251b4d7 堆段: 2 条
[BFF] 读取PublicMemory (物理路径): /mnt/d/collections2026/phd_application/nanobot1/milestone2/data/public_memory/public_memory.jsonl, top_k=2
[BFF] 读取PublicMemory完成: 0 条记录
[BFF] 获取Agent c348c646 堆段: 2 条
[BFF] all-unmerged 获取完成: 28 条
[BFF] all-unmerged 命中缓存: 28 条 (缓存剩余 5.0s)
[BFF] all-unmerged 命中缓存: 28 条 (缓存剩余 5.0s)
[BFF] 创建Consolidator容器...
[BFF] 读取PublicMemory (物理路径): /mnt/d/collections2026/phd_application/nanobot1/milestone2/data/public_memory/public_memory.jsonl, top_k=2
[BFF] 读取PublicMemory完成: 0 条记录
[BFF] 读取PublicMemory (物理路径): /mnt/d/collections2026/phd_application/nanobot1/milestone2/data/public_memory/public_memory.jsonl, top_k=2
[BFF] 读取PublicMemory完成: 0 条记录
[BFF] 读取PublicMemory (物理路径): /mnt/d/collections2026/phd_application/nanobot1/milestone2/data/public_memory/public_memory.jsonl, top_k=2
[BFF] 读取PublicMemory完成: 0 条记录
[BFF] all-unmerged 命中缓存: 28 条 (缓存剩余 0.9s)
[Orchestrator] Container consolidator_28a4438e is ready
[Orchestrator] Created container consolidator_28a4438e
[BFF] Consolidator容器已创建: 28a4438e
[BFF] Consolidator容器已创建: 28a4438e
[BFF] Consolidator容器已创建: 28a4438e
[BFF] 转发合并请求到Consolidator: http://localhost:59305/execute_merge
[BFF] Consolidator容器已存在（双重检查）: 28a4438e
[BFF] 转发合并请求到Consolidator: http://localhost:59305/execute_merge
[BFF] Consolidator容器已存在（双重检查）: 28a4438e
[BFF] 转发合并请求到Consolidator: http://localhost:59305/execute_merge
[BFF] 读取PublicMemory (物理路径): /mnt/d/collections2026/phd_application/nanobot1/milestone2/data/public_memory/public_memory.jsonl, top_k=10000
[BFF] 读取PublicMemory完成: 0 条记录
[BFF] 读取PublicMemory (物理路径): /mnt/d/collections2026/phd_application/nanobot1/milestone2/data/public_memory/public_memory.jsonl, top_k=10000
[BFF] 读取PublicMemory完成: 0 条记录
[BFF] 读取PublicMemory (物理路径): /mnt/d/collections2026/phd_application/nanobot1/milestone2/data/public_memory/public_memory.jsonl, top_k=10000
[BFF] 读取PublicMemory完成: 0 条记录
[BFF] 写入PublicMemory (物理路径): /mnt/d/collections2026/phd_application/nanobot1/milestone2/data/public_memory/public_memory.jsonl
[BFF] 原子替换PublicMemory: 36 条记录 -> /mnt/d/collections2026/phd_application/nanobot1/milestone2/data/public_memory/public_memory.jsonl
[BFF] 写入PublicMemory (物理路径): /mnt/d/collections2026/phd_application/nanobot1/milestone2/data/public_memory/public_memory.jsonl
[BFF] 原子替换PublicMemory: 36 条记录 -> /mnt/d/collections2026/phd_application/nanobot1/milestone2/data/public_memory/public_memory.jsonl
[BFF] 写入PublicMemory (物理路径): /mnt/d/collections2026/phd_application/nanobot1/milestone2/data/public_memory/public_memory.jsonl
[BFF] 原子替换PublicMemory: 36 条记录 -> /mnt/d/collections2026/phd_application/nanobot1/milestone2/data/public_memory/public_memory.jsonl
[BFF] 读取PublicMemory (物理路径): /mnt/d/collections2026/phd_application/nanobot1/milestone2/data/public_memory/public_memory.jsonl, top_k=2
[BFF] 读取PublicMemory完成: 36 条记录
[BFF] Consolidator合并完成: {'status': 'ok', 'original_count': 36, 'deduped_count': 36, 'removed_count': 0, 'pages_marked': 36, 'source': 'km_page_table'}
[BFF] Consolidator合并完成: {'status': 'ok', 'original_count': 36, 'deduped_count': 36, 'removed_count': 0, 'pages_marked': 36, 'source': 'km_page_table'}
[BFF] Consolidator合并完成: {'status': 'ok', 'original_count': 36, 'deduped_count': 36, 'removed_count': 0, 'pages_marked': 36, 'source': 'km_page_table'}
[BFF] all-unmerged 请求正在进行，等待完成...
[BFF] all-unmerged 请求正在进行，等待完成...
[BFF] 获取Agent 0a0141ac 堆段: 0 条
[BFF] 获取Agent f392378b 堆段: 2 条
[BFF] 获取Agent 0f8f3855 堆段: 0 条
[BFF] 获取Agent 32947614 堆段: 0 条
[BFF] 获取Agent ecd67206 堆段: 1 条
[BFF] 获取Agent 0b416973 堆段: 1 条
[BFF] 获取Agent 099c20e8 堆段: 0 条
[BFF] all-unmerged 请求正在进行，等待完成...
[BFF] all-unmerged 请求正在进行，等待完成...
[BFF] 获取Agent 17c44107 堆段: 2 条
[BFF] all-unmerged 请求正在进行，等待完成...
[BFF] all-unmerged 请求正在进行，等待完成...
[BFF] Consolidator容器已存在: 28a4438e
[BFF] 转发合并请求到Consolidator: http://localhost:59305/execute_merge
[BFF] Consolidator容器已存在: 28a4438e
[BFF] 转发合并请求到Consolidator: http://localhost:59305/execute_merge
[BFF] Consolidator容器已存在: 28a4438e
[BFF] 转发合并请求到Consolidator: http://localhost:59305/execute_merge
[BFF] Consolidator容器已存在: 28a4438e
[BFF] 转发合并请求到Consolidator: http://localhost:59305/execute_merge
[BFF] 读取PublicMemory (物理路径): /mnt/d/collections2026/phd_application/nanobot1/milestone2/data/public_memory/public_memory.jsonl, top_k=2
[BFF] 读取PublicMemory完成: 36 条记录
[BFF] 读取PublicMemory (物理路径): /mnt/d/collections2026/phd_application/nanobot1/milestone2/data/public_memory/public_memory.jsonl, top_k=2
[BFF] 读取PublicMemory完成: 36 条记录
[BFF] 读取PublicMemory (物理路径): /mnt/d/collections2026/phd_application/nanobot1/milestone2/data/public_memory/public_memory.jsonl, top_k=2
[BFF] 读取PublicMemory完成: 36 条记录
[BFF] 读取PublicMemory (物理路径): /mnt/d/collections2026/phd_application/nanobot1/milestone2/data/public_memory/public_memory.jsonl, top_k=2
[BFF] 读取PublicMemory完成: 36 条记录
[BFF] 获取Agent b85e8ec9 堆段: 1 条
[BFF] 读取PublicMemory (物理路径): /mnt/d/collections2026/phd_application/nanobot1/milestone2/data/public_memory/public_memory.jsonl, top_k=2
[BFF] 读取PublicMemory完成: 36 条记录
[BFF] 读取PublicMemory (物理路径): /mnt/d/collections2026/phd_application/nanobot1/milestone2/data/public_memory/public_memory.jsonl, top_k=2
[BFF] 读取PublicMemory完成: 36 条记录
[BFF] 读取PublicMemory (物理路径): /mnt/d/collections2026/phd_application/nanobot1/milestone2/data/public_memory/public_memory.jsonl, top_k=2
[BFF] 读取PublicMemory完成: 36 条记录
[BFF] 获取Agent 24154eb6 堆段: 0 条
[BFF] 读取PublicMemory (物理路径): /mnt/d/collections2026/phd_application/nanobot1/milestone2/data/public_memory/public_memory.jsonl, top_k=10000
[BFF] 读取PublicMemory完成: 36 条记录
[BFF] 读取PublicMemory (物理路径): /mnt/d/collections2026/phd_application/nanobot1/milestone2/data/public_memory/public_memory.jsonl, top_k=10000
[BFF] 读取PublicMemory完成: 36 条记录
[BFF] 读取PublicMemory (物理路径): /mnt/d/collections2026/phd_application/nanobot1/milestone2/data/public_memory/public_memory.jsonl, top_k=10000
[BFF] 读取PublicMemory完成: 36 条记录
[BFF] 读取PublicMemory (物理路径): /mnt/d/collections2026/phd_application/nanobot1/milestone2/data/public_memory/public_memory.jsonl, top_k=10000
[BFF] 读取PublicMemory完成: 36 条记录
[BFF] 获取Agent 2ff18b1f 堆段: 0 条
[BFF] 写入PublicMemory (物理路径): /mnt/d/collections2026/phd_application/nanobot1/milestone2/data/public_memory/public_memory.jsonl
[BFF] 原子替换PublicMemory: 59 条记录 -> /mnt/d/collections2026/phd_application/nanobot1/milestone2/data/public_memory/public_memory.jsonl
[BFF] 写入PublicMemory (物理路径): /mnt/d/collections2026/phd_application/nanobot1/milestone2/data/public_memory/public_memory.jsonl
[BFF] 原子替换PublicMemory: 59 条记录 -> /mnt/d/collections2026/phd_application/nanobot1/milestone2/data/public_memory/public_memory.jsonl
[BFF] 写入PublicMemory (物理路径): /mnt/d/collections2026/phd_application/nanobot1/milestone2/data/public_memory/public_memory.jsonl
[BFF] 原子替换PublicMemory: 59 条记录 -> /mnt/d/collections2026/phd_application/nanobot1/milestone2/data/public_memory/public_memory.jsonl
2026-04-21 22:56:38,317 - httpx - INFO - HTTP Request: GET http://localhost:59872/heap/unmerged "HTTP/1.1 200 OK"
2026-04-21 22:56:38,434 - httpx - INFO - HTTP Request: POST http://localhost:59840/heap/append "HTTP/1.1 200 OK"
2026-04-21 22:56:38,435 - httpx - INFO - HTTP Request: POST http://localhost:59967/heap/append "HTTP/1.1 200 OK"
2026-04-21 22:56:39,031 - httpx - INFO - HTTP Request: GET http://localhost:54186/task?agent_id=b85e8ec9 "HTTP/1.1 200 OK"
2026-04-21 22:56:39,033 - httpx - INFO - HTTP Request: POST http://localhost:54186/allocate_page "HTTP/1.1 200 OK"
2026-04-21 22:56:39,041 - httpx - INFO - HTTP Request: POST http://localhost:59851/heap/append "HTTP/1.1 200 OK"
2026-04-21 22:56:39,043 - httpx - INFO - HTTP Request: POST http://localhost:59992/heap/append "HTTP/1.1 200 OK"
2026-04-21 22:56:39,054 - httpx - INFO - HTTP Request: GET http://localhost:59887/heap/unmerged "HTTP/1.1 200 OK"
2026-04-21 22:56:39,147 - httpx - INFO - HTTP Request: POST http://localhost:54186/mark_pages_merged "HTTP/1.1 200 OK"
2026-04-21 22:56:39,148 - httpx - INFO - HTTP Request: POST http://localhost:54186/mark_pages_merged "HTTP/1.1 200 OK"
2026-04-21 22:56:39,148 - httpx - INFO - HTTP Request: POST http://localhost:54186/mark_pages_merged "HTTP/1.1 200 OK"
2026-04-21 22:56:39,149 - httpx - INFO - HTTP Request: POST http://localhost:54186/mark_pages_merged "HTTP/1.1 200 OK"
2026-04-21 22:56:39,375 - httpx - INFO - HTTP Request: POST http://localhost:54186/heap-written "HTTP/1.1 200 OK"
2026-04-21 22:56:39,378 - httpx - INFO - HTTP Request: POST http://localhost:54186/heap-written "HTTP/1.1 200 OK"
2026-04-21 22:56:45,327 - httpx - INFO - HTTP Request: GET http://localhost:59900/heap/unmerged "HTTP/1.1 200 OK"
2026-04-21 22:56:45,746 - httpx - INFO - HTTP Request: POST http://localhost:54186/heap-written "HTTP/1.1 200 OK"
2026-04-21 22:56:45,747 - httpx - INFO - HTTP Request: POST http://localhost:54186/heap-written "HTTP/1.1 200 OK"
2026-04-21 22:56:45,763 - httpx - INFO - HTTP Request: GET http://localhost:54186/task?agent_id=313eb1aa "HTTP/1.1 200 OK"
2026-04-21 22:56:45,763 - httpx - INFO - HTTP Request: POST http://localhost:59793/heap/mark-merged "HTTP/1.1 200 OK"
2026-04-21 22:56:45,936 - httpx - INFO - HTTP Request: POST http://localhost:54186/allocate_page "HTTP/1.1 200 OK"
2026-04-21 22:56:45,937 - httpx - INFO - HTTP Request: POST http://localhost:59793/heap/mark-merged "HTTP/1.1 200 OK"
2026-04-21 22:56:45,937 - httpx - INFO - HTTP Request: POST http://localhost:1028/heap/append "HTTP/1.1 200 OK"
2026-04-21 22:56:45,938 - httpx - INFO - HTTP Request: POST http://localhost:59793/heap/mark-merged "HTTP/1.1 200 OK"
2026-04-21 22:56:45,950 - httpx - INFO - HTTP Request: POST http://localhost:59793/heap/mark-merged "HTTP/1.1 200 OK"
2026-04-21 22:56:45,974 - httpx - INFO - HTTP Request: POST http://localhost:59821/heap/mark-merged "HTTP/1.1 200 OK"
2026-04-21 22:56:45,975 - httpx - INFO - HTTP Request: POST http://localhost:59802/heap/mark-merged "HTTP/1.1 200 OK"
2026-04-21 22:56:45,976 - httpx - INFO - HTTP Request: POST http://localhost:1437/heap/mark-merged "HTTP/1.1 200 OK"
2026-04-21 22:56:45,977 - httpx - INFO - HTTP Request: POST http://localhost:59917/heap/mark-merged "HTTP/1.1 200 OK"
2026-04-21 22:56:45,978 - httpx - INFO - HTTP Request: POST http://localhost:59794/heap/mark-merged "HTTP/1.1 200 OK"
2026-04-21 22:56:45,978 - httpx - INFO - HTTP Request: POST http://localhost:59807/heap/mark-merged "HTTP/1.1 200 OK"
2026-04-21 22:56:45,979 - httpx - INFO - HTTP Request: POST http://localhost:59933/heap/mark-merged "HTTP/1.1 200 OK"
2026-04-21 22:56:45,980 - httpx - INFO - HTTP Request: POST http://localhost:59887/heap/mark-merged "HTTP/1.1 200 OK"
2026-04-21 22:56:45,980 - httpx - INFO - HTTP Request: POST http://localhost:59794/heap/mark-merged "HTTP/1.1 200 OK"
2026-04-21 22:56:46,085 - httpx - INFO - HTTP Request: POST http://localhost:59887/heap/mark-merged "HTTP/1.1 200 OK"
2026-04-21 22:56:46,086 - httpx - INFO - HTTP Request: POST http://localhost:59917/heap/mark-merged "HTTP/1.1 200 OK"
2026-04-21 22:56:46,087 - httpx - INFO - HTTP Request: POST http://localhost:1437/heap/mark-merged "HTTP/1.1 200 OK"
2026-04-21 22:56:46,087 - httpx - INFO - HTTP Request: POST http://localhost:59933/heap/mark-merged "HTTP/1.1 200 OK"
2026-04-21 22:56:46,088 - httpx - INFO - HTTP Request: POST http://localhost:59807/heap/mark-merged "HTTP/1.1 200 OK"
2026-04-21 22:56:46,088 - httpx - INFO - HTTP Request: POST http://localhost:54186/allocate_page "HTTP/1.1 200 OK"
2026-04-21 22:56:46,088 - httpx - INFO - HTTP Request: POST http://localhost:59802/heap/mark-merged "HTTP/1.1 200 OK"
2026-04-21 22:56:46,089 - httpx - INFO - HTTP Request: POST http://localhost:59830/heap/mark-merged "HTTP/1.1 200 OK"
2026-04-21 22:56:46,089 - httpx - INFO - HTTP Request: POST http://localhost:59952/heap/mark-merged "HTTP/1.1 200 OK"
2026-04-21 22:56:46,090 - httpx - INFO - HTTP Request: POST http://localhost:54186/allocate_page "HTTP/1.1 200 OK"
2026-04-21 22:56:46,090 - httpx - INFO - HTTP Request: POST http://localhost:59821/heap/mark-merged "HTTP/1.1 200 OK"
2026-04-21 22:56:46,091 - httpx - INFO - HTTP Request: POST http://localhost:59917/heap/mark-merged "HTTP/1.1 200 OK"
2026-04-21 22:56:46,091 - httpx - INFO - HTTP Request: POST http://localhost:1437/heap/mark-merged "HTTP/1.1 200 OK"
2026-04-21 22:56:46,091 - httpx - INFO - HTTP Request: POST http://localhost:59887/heap/mark-merged "HTTP/1.1 200 OK"
2026-04-21 22:56:46,092 - httpx - INFO - HTTP Request: POST http://localhost:59830/heap/mark-merged "HTTP/1.1 200 OK"
2026-04-21 22:56:46,093 - httpx - INFO - HTTP Request: POST http://localhost:59821/heap/mark-merged "HTTP/1.1 200 OK"
2026-04-21 22:56:46,093 - httpx - INFO - HTTP Request: POST http://localhost:59807/heap/mark-merged "HTTP/1.1 200 OK"
2026-04-21 22:56:46,093 - httpx - INFO - HTTP Request: POST http://localhost:59933/heap/mark-merged "HTTP/1.1 200 OK"
2026-04-21 22:56:46,094 - httpx - INFO - HTTP Request: POST http://localhost:59794/heap/mark-merged "HTTP/1.1 200 OK"
2026-04-21 22:56:46,094 - httpx - INFO - HTTP Request: POST http://localhost:59952/heap/mark-merged "HTTP/1.1 200 OK"
2026-04-21 22:56:46,094 - httpx - INFO - HTTP Request: POST http://localhost:59967/heap/mark-merged "HTTP/1.1 200 OK"
2026-04-21 22:56:46,095 - httpx - INFO - HTTP Request: POST http://localhost:59917/heap/mark-merged "HTTP/1.1 200 OK"
2026-04-21 22:56:46,095 - httpx - INFO - HTTP Request: POST http://localhost:59821/heap/mark-merged "HTTP/1.1 200 OK"
2026-04-21 22:56:46,096 - httpx - INFO - HTTP Request: POST http://localhost:59830/heap/mark-merged "HTTP/1.1 200 OK"
2026-04-21 22:56:46,096 - httpx - INFO - HTTP Request: POST http://localhost:59887/heap/mark-merged "HTTP/1.1 200 OK"
2026-04-21 22:56:46,097 - httpx - INFO - HTTP Request: POST http://localhost:59933/heap/mark-merged "HTTP/1.1 200 OK"
2026-04-21 22:56:46,098 - httpx - INFO - HTTP Request: POST http://localhost:59794/heap/mark-merged "HTTP/1.1 200 OK"
2026-04-21 22:56:46,098 - httpx - INFO - HTTP Request: POST http://localhost:59952/heap/mark-merged "HTTP/1.1 200 OK"
2026-04-21 22:56:46,099 - httpx - INFO - HTTP Request: POST http://localhost:59807/heap/mark-merged "HTTP/1.1 200 OK"
2026-04-21 22:56:46,099 - httpx - INFO - HTTP Request: POST http://localhost:59802/heap/mark-merged "HTTP/1.1 200 OK"
2026-04-21 22:56:46,100 - httpx - INFO - HTTP Request: POST http://localhost:59967/heap/mark-merged "HTTP/1.1 200 OK"
2026-04-21 22:56:46,100 - httpx - INFO - HTTP Request: POST http://localhost:1437/heap/mark-merged "HTTP/1.1 200 OK"
2026-04-21 22:56:46,101 - httpx - INFO - HTTP Request: POST http://localhost:59830/heap/mark-merged "HTTP/1.1 200 OK"
2026-04-21 22:56:46,101 - httpx - INFO - HTTP Request: POST http://localhost:59952/heap/mark-merged "HTTP/1.1 200 OK"
2026-04-21 22:56:46,101 - httpx - INFO - HTTP Request: POST http://localhost:59967/heap/mark-merged "HTTP/1.1 200 OK"
2026-04-21 22:56:46,102 - httpx - INFO - HTTP Request: POST http://localhost:59802/heap/mark-merged "HTTP/1.1 200 OK"
2026-04-21 22:56:46,123 - httpx - INFO - HTTP Request: POST http://localhost:59967/heap/mark-merged "HTTP/1.1 200 OK"
2026-04-21 22:56:46,202 - httpx - INFO - HTTP Request: POST http://localhost:59305/execute_merge "HTTP/1.1 200 OK"
2026-04-21 22:56:46,206 - httpx - INFO - HTTP Request: POST http://localhost:59305/execute_merge "HTTP/1.1 200 OK"
2026-04-21 22:56:46,207 - httpx - INFO - HTTP Request: POST http://localhost:59305/execute_merge "HTTP/1.1 200 OK"
2026-04-21 22:56:46,208 - httpx - INFO - HTTP Request: POST http://localhost:54186/allocate_page "HTTP/1.1 200 OK"
2026-04-21 22:56:46,217 - httpx - INFO - HTTP Request: POST http://localhost:59305/execute_merge "HTTP/1.1 200 OK"
2026-04-21 22:56:46,218 - httpx - INFO - HTTP Request: GET http://localhost:59917/heap/unmerged "HTTP/1.1 200 OK"
2026-04-21 22:56:46,328 - httpx - INFO - HTTP Request: POST http://localhost:54186/heap-written "HTTP/1.1 200 OK"
2026-04-21 22:56:46,339 - httpx - INFO - HTTP Request: GET http://localhost:59933/heap/unmerged "HTTP/1.1 200 OK"
2026-04-21 22:56:47,474 - httpx - INFO - HTTP Request: GET http://localhost:59952/heap/unmerged "HTTP/1.1 200 OK"
2026-04-21 22:56:47,475 - httpx - INFO - HTTP Request: POST http://localhost:59840/heap/append "HTTP/1.1 200 OK"
2026-04-21 22:56:47,598 - httpx - INFO - HTTP Request: POST http://localhost:59851/heap/append "HTTP/1.1 200 OK"
2026-04-21 22:56:47,599 - httpx - INFO - HTTP Request: POST http://localhost:59992/heap/append "HTTP/1.1 200 OK"
2026-04-21 22:56:47,607 - httpx - INFO - HTTP Request: POST http://localhost:54186/allocate_page "HTTP/1.1 200 OK"
2026-04-21 22:56:47,608 - httpx - INFO - HTTP Request: POST http://localhost:59797/heap/append "HTTP/1.1 200 OK"
2026-04-21 22:56:48,651 - httpx - INFO - HTTP Request: GET http://localhost:54186/active_pages "HTTP/1.1 200 OK"
2026-04-21 22:56:48,655 - httpx - INFO - HTTP Request: POST http://localhost:54186/heap-written "HTTP/1.1 200 OK"
2026-04-21 22:56:48,657 - httpx - INFO - HTTP Request: POST http://localhost:54186/heap-written "HTTP/1.1 200 OK"
2026-04-21 22:56:48,660 - httpx - INFO - HTTP Request: POST http://localhost:54186/heap-written "HTTP/1.1 200 OK"
2026-04-21 22:56:48,661 - httpx - INFO - HTTP Request: POST http://localhost:54186/heap-written "HTTP/1.1 200 OK"
2026-04-21 22:56:48,661 - httpx - INFO - HTTP Request: GET http://localhost:59967/heap/unmerged "HTTP/1.1 200 OK"
2026-04-21 22:56:48,662 - httpx - INFO - HTTP Request: GET http://localhost:54186/task?agent_id=2ff18b1f "HTTP/1.1 200 OK"
2026-04-21 22:56:48,668 - httpx - INFO - HTTP Request: GET http://localhost:54186/task?agent_id=8251b4d7 "HTTP/1.1 200 OK"
2026-04-21 22:56:48,669 - httpx - INFO - HTTP Request: POST http://localhost:54186/allocate_page "HTTP/1.1 200 OK"
2026-04-21 22:56:48,669 - httpx - INFO - HTTP Request: GET http://localhost:54186/task?agent_id=24154eb6 "HTTP/1.1 200 OK"
2026-04-21 22:56:48,670 - httpx - INFO - HTTP Request: POST http://localhost:54186/allocate_page "HTTP/1.1 200 OK"
2026-04-21 22:56:48,671 - httpx - INFO - HTTP Request: POST http://localhost:1028/heap/append "HTTP/1.1 200 OK"
2026-04-21 22:56:48,934 - httpx - INFO - HTTP Request: POST http://localhost:54186/heap-written "HTTP/1.1 200 OK"
2026-04-21 22:56:48,938 - httpx - INFO - HTTP Request: GET http://localhost:59992/heap/unmerged "HTTP/1.1 200 OK"
2026-04-21 22:56:49,790 - httpx - INFO - HTTP Request: GET http://localhost:1028/heap/unmerged "HTTP/1.1 200 OK"
2026-04-21 22:56:49,916 - httpx - INFO - HTTP Request: POST http://localhost:54186/mark_pages_merged "HTTP/1.1 200 OK"
2026-04-21 22:56:49,920 - httpx - INFO - HTTP Request: POST http://localhost:54186/allocate_page "HTTP/1.1 200 OK"
2026-04-21 22:56:49,924 - httpx - INFO - HTTP Request: GET http://localhost:54186/task?agent_id=c348c646 "HTTP/1.1 200 OK"
2026-04-21 22:56:49,932 - httpx - INFO - HTTP Request: POST http://localhost:59793/heap/append "HTTP/1.1 200 OK"
2026-04-21 22:56:50,088 - httpx - INFO - HTTP Request: POST http://localhost:59797/heap/append "HTTP/1.1 200 OK"
2026-04-21 22:56:50,095 - httpx - INFO - HTTP Request: GET http://localhost:59305/heap/unmerged "HTTP/1.1 200 OK"
2026-04-21 22:56:51,701 - httpx - INFO - HTTP Request: POST http://localhost:59967/heap/mark-merged "HTTP/1.1 200 OK"
2026-04-21 22:56:51,709 - httpx - INFO - HTTP Request: POST http://localhost:59840/heap/mark-merged "HTTP/1.1 200 OK"
2026-04-21 22:56:51,710 - httpx - INFO - HTTP Request: POST http://localhost:54186/heap-written "HTTP/1.1 200 OK"
2026-04-21 22:56:51,711 - httpx - INFO - HTTP Request: POST http://localhost:54186/heap-written "HTTP/1.1 200 OK"
2026-04-21 22:56:51,711 - httpx - INFO - HTTP Request: POST http://localhost:59851/heap/mark-merged "HTTP/1.1 200 OK"
2026-04-21 22:56:51,712 - httpx - INFO - HTTP Request: POST http://localhost:59814/heap/append "HTTP/1.1 200 OK"
2026-04-21 22:56:51,712 - httpx - INFO - HTTP Request: POST http://localhost:59797/heap/mark-merged "HTTP/1.1 200 OK"
2026-04-21 22:56:51,713 - httpx - INFO - HTTP Request: POST http://localhost:1028/heap/mark-merged "HTTP/1.1 200 OK"
2026-04-21 22:56:51,713 - httpx - INFO - HTTP Request: POST http://localhost:59992/heap/mark-merged "HTTP/1.1 200 OK"
2026-04-21 22:56:51,728 - httpx - INFO - HTTP Request: GET http://localhost:54186/task?agent_id=32947614 "HTTP/1.1 200 OK"
2026-04-21 22:56:51,731 - httpx - INFO - HTTP Request: POST http://localhost:54186/allocate_page "HTTP/1.1 200 OK"
2026-04-21 22:56:51,834 - httpx - INFO - HTTP Request: POST http://localhost:59305/execute_merge "HTTP/1.1 200 OK"
2026-04-21 22:56:51,947 - httpx - INFO - HTTP Request: POST http://localhost:54186/heap-written "HTTP/1.1 200 OK"
2026-04-21 22:56:51,950 - httpx - INFO - HTTP Request: POST http://localhost:54186/allocate_page "HTTP/1.1 200 OK"
2026-04-21 22:56:52,168 - httpx - INFO - HTTP Request: POST http://localhost:59793/heap/append "HTTP/1.1 200 OK"
2026-04-21 22:56:52,171 - httpx - INFO - HTTP Request: POST http://localhost:59814/heap/append "HTTP/1.1 200 OK"
2026-04-21 22:56:52,733 - httpx - INFO - HTTP Request: POST http://localhost:54186/heap-written "HTTP/1.1 200 OK"
2026-04-21 22:56:52,737 - httpx - INFO - HTTP Request: POST http://localhost:54186/heap-written "HTTP/1.1 200 OK"
2026-04-21 22:56:52,738 - httpx - INFO - HTTP Request: GET http://localhost:54186/task?agent_id=f392378b "HTTP/1.1 200 OK"
2026-04-21 22:56:52,740 - httpx - INFO - HTTP Request: GET http://localhost:54186/task?agent_id=099c20e8 "HTTP/1.1 200 OK"
2026-04-21 22:56:53,563 - httpx - INFO - HTTP Request: POST http://localhost:54186/allocate_page "HTTP/1.1 200 OK"
2026-04-21 22:56:53,761 - httpx - INFO - HTTP Request: POST http://localhost:59802/heap/append "HTTP/1.1 200 OK"
2026-04-21 22:56:53,876 - httpx - INFO - HTTP Request: POST http://localhost:54186/heap-written "HTTP/1.1 200 OK"
2026-04-21 22:56:53,978 - httpx - INFO - HTTP Request: POST http://localhost:54186/allocate_page "HTTP/1.1 200 OK"
2026-04-21 22:56:54,182 - httpx - INFO - HTTP Request: POST http://localhost:59802/heap/append "HTTP/1.1 200 OK"
2026-04-21 22:56:54,471 - httpx - INFO - HTTP Request: POST http://localhost:54186/heap-written "HTTP/1.1 200 OK"
2026-04-21 22:56:54,474 - httpx - INFO - HTTP Request: GET http://localhost:54186/task?agent_id=ecd67206 "HTTP/1.1 200 OK"
2026-04-21 22:56:56,073 - httpx - INFO - HTTP Request: POST http://localhost:54186/allocate_page "HTTP/1.1 200 OK"
2026-04-21 22:56:56,266 - httpx - INFO - HTTP Request: POST http://localhost:59794/heap/append "HTTP/1.1 200 OK"
2026-04-21 22:56:56,552 - httpx - INFO - HTTP Request: POST http://localhost:54186/heap-written "HTTP/1.1 200 OK"
2026-04-21 22:56:56,555 - httpx - INFO - HTTP Request: POST http://localhost:54186/allocate_page "HTTP/1.1 200 OK"
2026-04-21 22:56:56,556 - httpx - INFO - HTTP Request: POST http://localhost:54186/allocate_page "HTTP/1.1 200 OK"
2026-04-21 22:56:57,148 - httpx - INFO - HTTP Request: POST http://localhost:59794/heap/append "HTTP/1.1 200 OK"
2026-04-21 22:56:57,151 - httpx - INFO - HTTP Request: POST http://localhost:59872/heap/append "HTTP/1.1 200 OK"
2026-04-21 22:56:58,016 - httpx - INFO - HTTP Request: POST http://localhost:54186/heap-written "HTTP/1.1 200 OK"
2026-04-21 22:56:58,016 - httpx - INFO - HTTP Request: POST http://localhost:54186/heap-written "HTTP/1.1 200 OK"
2026-04-21 22:56:58,112 - httpx - INFO - HTTP Request: POST http://localhost:54186/allocate_page "HTTP/1.1 200 OK"
2026-04-21 22:56:58,119 - httpx - INFO - HTTP Request: POST http://localhost:54186/allocate_page "HTTP/1.1 200 OK"
2026-04-21 22:56:58,120 - httpx - INFO - HTTP Request: GET http://localhost:54186/task?agent_id=0f8f3855 "HTTP/1.1 200 OK"
2026-04-21 22:56:58,122 - httpx - INFO - HTTP Request: POST http://localhost:54186/allocate_page "HTTP/1.1 200 OK"
2026-04-21 22:56:58,126 - httpx - INFO - HTTP Request: GET http://localhost:1437/heap/unmerged "HTTP/1.1 200 OK"
2026-04-21 22:56:58,235 - httpx - INFO - HTTP Request: GET http://localhost:59793/heap/unmerged "HTTP/1.1 200 OK"
2026-04-21 22:56:58,432 - httpx - INFO - HTTP Request: GET http://localhost:59794/heap/unmerged "HTTP/1.1 200 OK"
2026-04-21 22:56:58,859 - httpx - INFO - HTTP Request: POST http://localhost:59887/heap/append "HTTP/1.1 200 OK"
2026-04-21 22:56:58,863 - httpx - INFO - HTTP Request: POST http://localhost:59872/heap/append "HTTP/1.1 200 OK"
2026-04-21 22:56:58,869 - httpx - INFO - HTTP Request: POST http://localhost:54186/allocate_page "HTTP/1.1 200 OK"
2026-04-21 22:56:58,875 - httpx - INFO - HTTP Request: POST http://localhost:59933/heap/append "HTTP/1.1 200 OK"
2026-04-21 22:56:58,879 - httpx - INFO - HTTP Request: GET http://localhost:59797/heap/unmerged "HTTP/1.1 200 OK"
2026-04-21 22:57:00,415 - httpx - INFO - HTTP Request: GET http://localhost:59802/heap/unmerged "HTTP/1.1 200 OK"
2026-04-21 22:57:00,530 - httpx - INFO - HTTP Request: POST http://localhost:54186/heap-written "HTTP/1.1 200 OK"
2026-04-21 22:57:00,532 - httpx - INFO - HTTP Request: POST http://localhost:54186/heap-written "HTTP/1.1 200 OK"
2026-04-21 22:57:00,533 - httpx - INFO - HTTP Request: POST http://localhost:54186/heap-written "HTTP/1.1 200 OK"
2026-04-21 22:57:00,546 - httpx - INFO - HTTP Request: POST http://localhost:54186/allocate_page "HTTP/1.1 200 OK"
2026-04-21 22:57:00,547 - httpx - INFO - HTTP Request: GET http://localhost:54186/task?agent_id=cdd1ee18 "HTTP/1.1 200 OK"
2026-04-21 22:57:00,553 - httpx - INFO - HTTP Request: POST http://localhost:54186/allocate_page "HTTP/1.1 200 OK"
2026-04-21 22:57:00,554 - httpx - INFO - HTTP Request: POST http://localhost:54186/allocate_page "HTTP/1.1 200 OK"
2026-04-21 22:57:00,555 - httpx - INFO - HTTP Request: POST http://localhost:59952/heap/append "HTTP/1.1 200 OK"
2026-04-21 22:57:00,563 - httpx - INFO - HTTP Request: POST http://localhost:54186/allocate_page "HTTP/1.1 200 OK"
2026-04-21 22:57:00,661 - httpx - INFO - HTTP Request: GET http://localhost:59807/heap/unmerged "HTTP/1.1 200 OK"
2026-04-21 22:57:00,757 - httpx - INFO - HTTP Request: POST http://localhost:54186/heap-written "HTTP/1.1 200 OK"
2026-04-21 22:57:00,760 - httpx - INFO - HTTP Request: GET http://localhost:59814/heap/unmerged "HTTP/1.1 200 OK"
2026-04-21 22:57:01,584 - httpx - INFO - HTTP Request: GET http://localhost:59821/heap/unmerged "HTTP/1.1 200 OK"
2026-04-21 22:57:01,692 - httpx - INFO - HTTP Request: POST http://localhost:59887/heap/append "HTTP/1.1 200 OK"
2026-04-21 22:57:01,814 - httpx - INFO - HTTP Request: POST http://localhost:54186/allocate_page "HTTP/1.1 200 OK"
2026-04-21 22:57:01,815 - httpx - INFO - HTTP Request: POST http://localhost:59807/heap/append "HTTP/1.1 200 OK"
2026-04-21 22:57:01,818 - httpx - INFO - HTTP Request: POST http://localhost:59933/heap/append "HTTP/1.1 200 OK"
2026-04-21 22:57:01,829 - httpx - INFO - HTTP Request: POST http://localhost:59821/heap/append "HTTP/1.1 200 OK"
2026-04-21 22:57:02,218 - httpx - INFO - HTTP Request: POST http://localhost:54186/allocate_page "HTTP/1.1 200 OK"
2026-04-21 22:57:02,363 - httpx - INFO - HTTP Request: GET http://localhost:59830/heap/unmerged "HTTP/1.1 200 OK"
2026-04-21 22:57:03,602 - httpx - INFO - HTTP Request: POST http://localhost:54186/heap-written "HTTP/1.1 200 OK"
2026-04-21 22:57:03,609 - httpx - INFO - HTTP Request: GET http://localhost:54186/task?agent_id=67943fe2 "HTTP/1.1 200 OK"
2026-04-21 22:57:03,615 - httpx - INFO - HTTP Request: POST http://localhost:54186/heap-written "HTTP/1.1 200 OK"
2026-04-21 22:57:03,622 - httpx - INFO - HTTP Request: POST http://localhost:54186/heap-written "HTTP/1.1 200 OK"
2026-04-21 22:57:03,629 - httpx - INFO - HTTP Request: POST http://localhost:54186/heap-written "HTTP/1.1 200 OK"
2026-04-21 22:57:03,632 - httpx - INFO - HTTP Request: GET http://localhost:54186/task?agent_id=65eb0cf8 "HTTP/1.1 200 OK"
2026-04-21 22:57:03,638 - httpx - INFO - HTTP Request: POST http://localhost:54186/allocate_page "HTTP/1.1 200 OK"
2026-04-21 22:57:03,639 - httpx - INFO - HTTP Request: POST http://localhost:59952/heap/append "HTTP/1.1 200 OK"
2026-04-21 22:57:03,644 - httpx - INFO - HTTP Request: GET http://localhost:59840/heap/unmerged "HTTP/1.1 200 OK"
2026-04-21 22:57:03,750 - httpx - INFO - HTTP Request: POST http://localhost:54186/allocate_page "HTTP/1.1 200 OK"
2026-04-21 22:57:03,753 - httpx - INFO - HTTP Request: POST http://localhost:1437/heap/append "HTTP/1.1 200 OK"
2026-04-21 22:57:05,085 - httpx - INFO - HTTP Request: GET http://localhost:59851/heap/unmerged "HTTP/1.1 200 OK"
2026-04-21 22:57:05,246 - httpx - INFO - HTTP Request: POST http://localhost:54186/heap-written "HTTP/1.1 200 OK"
2026-04-21 22:57:05,250 - httpx - INFO - HTTP Request: POST http://localhost:54186/heap-written "HTTP/1.1 200 OK"
2026-04-21 22:57:05,255 - httpx - INFO - HTTP Request: GET http://localhost:54186/task?agent_id=e0a2a819 "HTTP/1.1 200 OK"
2026-04-21 22:57:05,349 - httpx - INFO - HTTP Request: POST http://localhost:59807/heap/append "HTTP/1.1 200 OK"
2026-04-21 22:57:05,350 - httpx - INFO - HTTP Request: POST http://localhost:59821/heap/append "HTTP/1.1 200 OK"
2026-04-21 22:57:05,357 - httpx - INFO - HTTP Request: POST http://localhost:54186/allocate_page "HTTP/1.1 200 OK"
2026-04-21 22:57:05,572 - httpx - INFO - HTTP Request: POST http://localhost:54186/allocate_page "HTTP/1.1 200 OK"
2026-04-21 22:57:05,578 - httpx - INFO - HTTP Request: GET http://localhost:59872/heap/unmerged "HTTP/1.1 200 OK"
2026-04-21 22:57:06,074 - httpx - INFO - HTTP Request: POST http://localhost:54186/allocate_page "HTTP/1.1 200 OK"
2026-04-21 22:57:06,087 - httpx - INFO - HTTP Request: POST http://localhost:54186/heap-written "HTTP/1.1 200 OK"
2026-04-21 22:57:06,093 - httpx - INFO - HTTP Request: POST http://localhost:54186/heap-written "HTTP/1.1 200 OK"
2026-04-21 22:57:06,110 - httpx - INFO - HTTP Request: GET http://localhost:54186/task?agent_id=0b416973 "HTTP/1.1 200 OK"
2026-04-21 22:57:06,116 - httpx - INFO - HTTP Request: GET http://localhost:54186/task?agent_id=17c44107 "HTTP/1.1 200 OK"
2026-04-21 22:57:06,121 - httpx - INFO - HTTP Request: GET http://localhost:59887/heap/unmerged "HTTP/1.1 200 OK"
2026-04-21 22:57:06,749 - httpx - INFO - HTTP Request: GET http://localhost:59900/heap/unmerged "HTTP/1.1 200 OK"
2026-04-21 22:57:06,749 - httpx - INFO - HTTP Request: POST http://localhost:54186/allocate_page "HTTP/1.1 200 OK"
2026-04-21 22:57:06,869 - httpx - INFO - HTTP Request: POST http://localhost:1437/heap/append "HTTP/1.1 200 OK"
2026-04-21 22:57:06,870 - httpx - INFO - HTTP Request: POST http://localhost:59830/heap/append "HTTP/1.1 200 OK"
2026-04-21 22:57:06,870 - httpx - INFO - HTTP Request: POST http://localhost:59917/heap/append "HTTP/1.1 200 OK"
2026-04-21 22:57:07,657 - httpx - INFO - HTTP Request: GET http://localhost:59917/heap/unmerged "HTTP/1.1 200 OK"
2026-04-21 22:57:07,774 - httpx - INFO - HTTP Request: POST http://localhost:54186/heap-written "HTTP/1.1 200 OK"
2026-04-21 22:57:07,775 - httpx - INFO - HTTP Request: POST http://localhost:54186/heap-written "HTTP/1.1 200 OK"
2026-04-21 22:57:07,776 - httpx - INFO - HTTP Request: POST http://localhost:54186/heap-written "HTTP/1.1 200 OK"
2026-04-21 22:57:07,798 - httpx - INFO - HTTP Request: POST http://localhost:59967/heap/append "HTTP/1.1 200 OK"
2026-04-21 22:57:07,805 - httpx - INFO - HTTP Request: GET http://localhost:54186/task?agent_id=0a0141ac "HTTP/1.1 200 OK"
2026-04-21 22:57:07,935 - httpx - INFO - HTTP Request: POST http://localhost:54186/allocate_page "HTTP/1.1 200 OK"
2026-04-21 22:57:07,937 - httpx - INFO - HTTP Request: POST http://localhost:54186/allocate_page "HTTP/1.1 200 OK"
2026-04-21 22:57:07,941 - httpx - INFO - HTTP Request: GET http://localhost:59933/heap/unmerged "HTTP/1.1 200 OK"
2026-04-21 22:57:08,276 - httpx - INFO - HTTP Request: POST http://localhost:54186/heap-written "HTTP/1.1 200 OK"
2026-04-21 22:57:08,291 - httpx - INFO - HTTP Request: POST http://localhost:54186/allocate_page "HTTP/1.1 200 OK"
2026-04-21 22:57:08,295 - httpx - INFO - HTTP Request: GET http://localhost:59952/heap/unmerged "HTTP/1.1 200 OK"
[BFF] 写入PublicMemory (物理路径): /mnt/d/collections2026/phd_application/nanobot1/milestone2/data/public_memory/public_memory.jsonl
[BFF] 原子替换PublicMemory: 59 条记录 -> /mnt/d/collections2026/phd_application/nanobot1/milestone2/data/public_memory/public_memory.jsonl
[BFF] 读取PublicMemory (物理路径): /mnt/d/collections2026/phd_application/nanobot1/milestone2/data/public_memory/public_memory.jsonl, top_k=2
[BFF] 读取PublicMemory完成: 59 条记录
[BFF] 读取PublicMemory (物理路径): /mnt/d/collections2026/phd_application/nanobot1/milestone2/data/public_memory/public_memory.jsonl, top_k=2
[BFF] 读取PublicMemory完成: 59 条记录
[BFF] 获取Agent cdd1ee18 堆段: 0 条
[BFF] 获取Agent 67943fe2 堆段: 2 条
[BFF] 读取PublicMemory (物理路径): /mnt/d/collections2026/phd_application/nanobot1/milestone2/data/public_memory/public_memory.jsonl, top_k=2
[BFF] 读取PublicMemory完成: 59 条记录
[BFF] 获取Agent 7f58fa44 堆段: 0 条
[BFF] Consolidator合并完成: {'status': 'ok', 'original_count': 59, 'deduped_count': 59, 'removed_count': 0, 'pages_marked': 23, 'source': 'km_page_table'}
[BFF] Consolidator合并完成: {'status': 'ok', 'original_count': 59, 'deduped_count': 59, 'removed_count': 0, 'pages_marked': 23, 'source': 'km_page_table'}
[BFF] Consolidator合并完成: {'status': 'ok', 'original_count': 59, 'deduped_count': 59, 'removed_count': 0, 'pages_marked': 23, 'source': 'km_page_table'}
[BFF] Consolidator合并完成: {'status': 'ok', 'original_count': 59, 'deduped_count': 59, 'removed_count': 0, 'pages_marked': 23, 'source': 'km_page_table'}
[BFF] 获取Agent fdf7f99f 堆段: 0 条
[BFF] all-unmerged 请求正在进行，等待完成...
[BFF] all-unmerged 请求正在进行，等待完成...
[BFF] all-unmerged 请求正在进行，等待完成...
[BFF] all-unmerged 请求正在进行，等待完成...
[BFF] all-unmerged 请求正在进行，等待完成...
[BFF] 获取Agent 65eb0cf8 堆段: 0 条
[BFF] 读取PublicMemory (物理路径): /mnt/d/collections2026/phd_application/nanobot1/milestone2/data/public_memory/public_memory.jsonl, top_k=2
[BFF] 读取PublicMemory完成: 59 条记录
[BFF] Consolidator容器已存在: 28a4438e
[BFF] 转发合并请求到Consolidator: http://localhost:59305/execute_merge
[BFF] 获取Agent e0a2a819 堆段: 0 条
[BFF] 获取Agent 313eb1aa 堆段: 1 条
[BFF] 读取PublicMemory (物理路径): /mnt/d/collections2026/phd_application/nanobot1/milestone2/data/public_memory/public_memory.jsonl, top_k=10000
[BFF] 读取PublicMemory完成: 59 条记录
[BFF] 写入PublicMemory (物理路径): /mnt/d/collections2026/phd_application/nanobot1/milestone2/data/public_memory/public_memory.jsonl
[BFF] 原子替换PublicMemory: 68 条记录 -> /mnt/d/collections2026/phd_application/nanobot1/milestone2/data/public_memory/public_memory.jsonl
[BFF] 获取Agent 8251b4d7 堆段: 2 条
[BFF] 读取PublicMemory (物理路径): /mnt/d/collections2026/phd_application/nanobot1/milestone2/data/public_memory/public_memory.jsonl, top_k=2
[BFF] 读取PublicMemory完成: 68 条记录
[BFF] 读取PublicMemory (物理路径): /mnt/d/collections2026/phd_application/nanobot1/milestone2/data/public_memory/public_memory.jsonl, top_k=2
[BFF] 读取PublicMemory完成: 68 条记录
[BFF] 读取PublicMemory (物理路径): /mnt/d/collections2026/phd_application/nanobot1/milestone2/data/public_memory/public_memory.jsonl, top_k=2
[BFF] 读取PublicMemory完成: 68 条记录
[BFF] 获取Agent c348c646 堆段: 2 条
[BFF] 获取Agent 28a4438e 堆段: 0 条
[BFF] all-unmerged 获取完成: 14 条
[BFF] 读取PublicMemory (物理路径): /mnt/d/collections2026/phd_application/nanobot1/milestone2/data/public_memory/public_memory.jsonl, top_k=2
[BFF] 读取PublicMemory完成: 68 条记录
[BFF] Consolidator合并完成: {'status': 'ok', 'original_count': 69, 'deduped_count': 68, 'removed_count': 1, 'pages_marked': 10, 'source': 'km_page_table'}
[BFF] all-unmerged 命中缓存: 14 条 (缓存剩余 3.4s)
[BFF] 读取PublicMemory (物理路径): /mnt/d/collections2026/phd_application/nanobot1/milestone2/data/public_memory/public_memory.jsonl, top_k=2
[BFF] 读取PublicMemory完成: 68 条记录
[BFF] all-unmerged 命中缓存: 14 条 (缓存剩余 3.2s)
[BFF] 读取PublicMemory (物理路径): /mnt/d/collections2026/phd_application/nanobot1/milestone2/data/public_memory/public_memory.jsonl, top_k=2
[BFF] 读取PublicMemory完成: 68 条记录
[BFF] 读取PublicMemory (物理路径): /mnt/d/collections2026/phd_application/nanobot1/milestone2/data/public_memory/public_memory.jsonl, top_k=2
[BFF] 读取PublicMemory完成: 68 条记录
[BFF] 读取PublicMemory (物理路径): /mnt/d/collections2026/phd_application/nanobot1/milestone2/data/public_memory/public_memory.jsonl, top_k=2
[BFF] 读取PublicMemory完成: 68 条记录
[BFF] all-unmerged 请求正在进行，等待完成...
[BFF] 获取Agent 0a0141ac 堆段: 0 条
[BFF] 获取Agent f392378b 堆段: 2 条
[BFF] 读取PublicMemory (物理路径): /mnt/d/collections2026/phd_application/nanobot1/milestone2/data/public_memory/public_memory.jsonl, top_k=2
[BFF] 读取PublicMemory完成: 68 条记录
[BFF] 获取Agent 0f8f3855 堆段: 2 条
[BFF] 获取Agent 32947614 堆段: 1 条
[BFF] 获取Agent ecd67206 堆段: 2 条
[BFF] all-unmerged 请求正在进行，等待完成...
[BFF] all-unmerged 请求正在进行，等待完成...
[BFF] all-unmerged 请求正在进行，等待完成...
[BFF] 获取Agent 0b416973 堆段: 0 条
[BFF] 获取Agent 099c20e8 堆段: 2 条
[BFF] all-unmerged 请求正在进行，等待完成...
[BFF] 读取PublicMemory (物理路径): /mnt/d/collections2026/phd_application/nanobot1/milestone2/data/public_memory/public_memory.jsonl, top_k=2
[BFF] 读取PublicMemory完成: 68 条记录
[BFF] 获取Agent 17c44107 堆段: 0 条
[BFF] 获取Agent b85e8ec9 堆段: 0 条
[BFF] 邻居发现: 所有父子关系已建立
[BFF] all-unmerged 请求正在进行，等待完成...
[BFF] all-unmerged 请求正在进行，等待完成...
[BFF] all-unmerged 请求正在进行，等待完成...
[BFF] all-unmerged 请求正在进行，等待完成...
[BFF] 获取Agent 24154eb6 堆段: 0 条
[BFF] 容器不存在 28a4438e，清理中...
[BFF] 健康检查: 已清理 1 个无效容器
[BFF] 读取PublicMemory (物理路径): /mnt/d/collections2026/phd_application/nanobot1/milestone2/data/public_memory/public_memory.jsonl, top_k=2
[BFF] 读取PublicMemory完成: 68 条记录
[BFF] 读取PublicMemory (物理路径): /mnt/d/collections2026/phd_application/nanobot1/milestone2/data/public_memory/public_memory.jsonl, top_k=2
[BFF] 读取PublicMemory完成: 68 条记录
[BFF] 获取Agent 2ff18b1f 堆段: 0 条
[BFF] all-unmerged 请求正在进行，等待完成...
[BFF] all-unmerged 请求正在进行，等待完成...
[BFF] 获取Agent cdd1ee18 堆段: 2 条
[BFF] 读取PublicMemory (物理路径): /mnt/d/collections2026/phd_application/nanobot1/milestone2/data/public_memory/public_memory.jsonl, top_k=2
[BFF] 读取PublicMemory完成: 68 条记录
[BFF] all-unmerged 请求正在进行，等待完成...
[BFF] all-unmerged 请求正在进行，等待完成...
[BFF] 获取Agent 67943fe2 堆段: 2 条
[BFF] 读取PublicMemory (物理路径): /mnt/d/collections2026/phd_application/nanobot1/milestone2/data/public_memory/public_memory.jsonl, top_k=2
[BFF] 读取PublicMemory完成: 68 条记录
[BFF] 读取PublicMemory (物理路径): /mnt/d/collections2026/phd_application/nanobot1/milestone2/data/public_memory/public_memory.jsonl, top_k=2
[BFF] 读取PublicMemory完成: 68 条记录
[BFF] all-unmerged 请求正在进行，等待完成...
[BFF] 获取Agent 7f58fa44 堆段: 0 条
[BFF] 获取Agent fdf7f99f 堆段: 1 条
[BFF] all-unmerged 请求正在进行，等待完成...
[BFF] all-unmerged 请求正在进行，等待完成...
[BFF] all-unmerged 请求正在进行，等待完成...
[BFF] 获取Agent 65eb0cf8 堆段: 2 条
[BFF] all-unmerged 请求正在进行，等待完成...
[BFF] 获取Agent e0a2a819 堆段: 2 条
2026-04-21 22:57:09,156 - httpx - INFO - HTTP Request: GET http://localhost:59967/heap/unmerged "HTTP/1.1 200 OK"
2026-04-21 22:57:09,289 - httpx - INFO - HTTP Request: POST http://localhost:59917/heap/append "HTTP/1.1 200 OK"
2026-04-21 22:57:09,290 - httpx - INFO - HTTP Request: POST http://localhost:59830/heap/append "HTTP/1.1 200 OK"
2026-04-21 22:57:09,290 - httpx - INFO - HTTP Request: POST http://localhost:59967/heap/append "HTTP/1.1 200 OK"
2026-04-21 22:57:10,242 - httpx - INFO - HTTP Request: POST http://localhost:54186/allocate_page "HTTP/1.1 200 OK"
2026-04-21 22:57:10,248 - httpx - INFO - HTTP Request: GET http://localhost:59992/heap/unmerged "HTTP/1.1 200 OK"
2026-04-21 22:57:10,390 - httpx - INFO - HTTP Request: POST http://localhost:54186/heap-written "HTTP/1.1 200 OK"
2026-04-21 22:57:10,391 - httpx - INFO - HTTP Request: POST http://localhost:54186/allocate_page "HTTP/1.1 200 OK"
2026-04-21 22:57:10,392 - httpx - INFO - HTTP Request: POST http://localhost:54186/heap-written "HTTP/1.1 200 OK"
2026-04-21 22:57:10,400 - httpx - INFO - HTTP Request: POST http://localhost:54186/heap-written "HTTP/1.1 200 OK"
2026-04-21 22:57:10,595 - httpx - INFO - HTTP Request: GET http://localhost:54186/task?agent_id=313eb1aa "HTTP/1.1 200 OK"
2026-04-21 22:57:10,596 - httpx - INFO - HTTP Request: GET http://localhost:54186/task?agent_id=fdf7f99f "HTTP/1.1 200 OK"
2026-04-21 22:57:10,597 - httpx - INFO - HTTP Request: GET http://localhost:54186/task?agent_id=b85e8ec9 "HTTP/1.1 200 OK"
2026-04-21 22:57:10,761 - httpx - INFO - HTTP Request: GET http://localhost:1028/heap/unmerged "HTTP/1.1 200 OK"
2026-04-21 22:57:10,765 - httpx - INFO - HTTP Request: POST http://localhost:54186/allocate_page "HTTP/1.1 200 OK"
2026-04-21 22:57:10,768 - httpx - INFO - HTTP Request: POST http://localhost:59900/heap/append "HTTP/1.1 200 OK"
2026-04-21 22:57:10,772 - httpx - INFO - HTTP Request: POST http://localhost:59802/heap/append "HTTP/1.1 200 OK"
2026-04-21 22:57:11,476 - httpx - INFO - HTTP Request: POST http://localhost:54186/heap-written "HTTP/1.1 200 OK"
2026-04-21 22:57:11,480 - httpx - INFO - HTTP Request: POST http://localhost:54186/heap-written "HTTP/1.1 200 OK"
2026-04-21 22:57:11,485 - httpx - INFO - HTTP Request: POST http://localhost:54186/allocate_page "HTTP/1.1 200 OK"
2026-04-21 22:57:11,492 - httpx - INFO - HTTP Request: POST http://localhost:54186/allocate_page "HTTP/1.1 200 OK"
2026-04-21 22:57:11,496 - httpx - INFO - HTTP Request: POST http://localhost:59851/heap/append "HTTP/1.1 200 OK"
2026-04-21 22:57:12,104 - httpx - INFO - HTTP Request: POST http://localhost:54186/heap-written "HTTP/1.1 200 OK"
2026-04-21 22:57:12,110 - httpx - INFO - HTTP Request: POST http://localhost:54186/allocate_page "HTTP/1.1 200 OK"
2026-04-21 22:57:12,114 - httpx - INFO - HTTP Request: POST http://localhost:54186/allocate_page "HTTP/1.1 200 OK"
2026-04-21 22:57:12,118 - httpx - INFO - HTTP Request: POST http://localhost:59900/heap/append "HTTP/1.1 200 OK"
2026-04-21 22:57:12,122 - httpx - INFO - HTTP Request: POST http://localhost:59802/heap/append "HTTP/1.1 200 OK"
2026-04-21 22:57:12,335 - httpx - INFO - HTTP Request: POST http://localhost:54186/heap-written "HTTP/1.1 200 OK"
2026-04-21 22:57:12,338 - httpx - INFO - HTTP Request: POST http://localhost:54186/heap-written "HTTP/1.1 200 OK"
2026-04-21 22:57:12,847 - httpx - INFO - HTTP Request: GET http://localhost:54186/task?agent_id=ecd67206 "HTTP/1.1 200 OK"
2026-04-21 22:57:12,847 - httpx - INFO - HTTP Request: POST http://localhost:59851/heap/append "HTTP/1.1 200 OK"
2026-04-21 22:57:12,854 - httpx - INFO - HTTP Request: GET http://localhost:54186/task?agent_id=7f58fa44 "HTTP/1.1 200 OK"
2026-04-21 22:57:12,976 - httpx - INFO - HTTP Request: POST http://localhost:59840/heap/append "HTTP/1.1 200 OK"
2026-04-21 22:57:13,318 - httpx - INFO - HTTP Request: POST http://localhost:54186/heap-written "HTTP/1.1 200 OK"
2026-04-21 22:57:13,331 - httpx - INFO - HTTP Request: POST http://localhost:54186/heap-written "HTTP/1.1 200 OK"
2026-04-21 22:57:13,422 - httpx - INFO - HTTP Request: GET http://localhost:54186/task?agent_id=2ff18b1f "HTTP/1.1 200 OK"
2026-04-21 22:57:13,435 - httpx - INFO - HTTP Request: POST http://localhost:54186/allocate_page "HTTP/1.1 200 OK"
2026-04-21 22:57:13,876 - httpx - INFO - HTTP Request: POST http://localhost:54186/allocate_page "HTTP/1.1 200 OK"
2026-04-21 22:57:13,880 - httpx - INFO - HTTP Request: POST http://localhost:59840/heap/append "HTTP/1.1 200 OK"
2026-04-21 22:57:14,459 - httpx - INFO - HTTP Request: POST http://localhost:54186/heap-written "HTTP/1.1 200 OK"
2026-04-21 22:57:14,482 - httpx - INFO - HTTP Request: GET http://localhost:54186/task?agent_id=24154eb6 "HTTP/1.1 200 OK"
2026-04-21 22:57:14,557 - httpx - INFO - HTTP Request: POST http://localhost:59992/heap/append "HTTP/1.1 200 OK"
2026-04-21 22:57:14,822 - httpx - INFO - HTTP Request: POST http://localhost:54186/heap-written "HTTP/1.1 200 OK"
2026-04-21 22:57:14,828 - httpx - INFO - HTTP Request: POST http://localhost:54186/allocate_page "HTTP/1.1 200 OK"
2026-04-21 22:57:15,339 - httpx - INFO - HTTP Request: POST http://localhost:54186/allocate_page "HTTP/1.1 200 OK"
2026-04-21 22:57:15,340 - httpx - INFO - HTTP Request: POST http://localhost:59992/heap/append "HTTP/1.1 200 OK"
2026-04-21 22:57:15,609 - httpx - INFO - HTTP Request: POST http://localhost:54186/heap-written "HTTP/1.1 200 OK"
2026-04-21 22:57:15,760 - httpx - INFO - HTTP Request: GET http://localhost:54186/task?agent_id=8251b4d7 "HTTP/1.1 200 OK"
2026-04-21 22:57:15,763 - httpx - INFO - HTTP Request: POST http://localhost:1028/heap/append "HTTP/1.1 200 OK"
2026-04-21 22:57:15,949 - httpx - INFO - HTTP Request: POST http://localhost:54186/heap-written "HTTP/1.1 200 OK"
2026-04-21 22:57:15,952 - httpx - INFO - HTTP Request: POST http://localhost:54186/allocate_page "HTTP/1.1 200 OK"
2026-04-21 22:57:16,171 - httpx - INFO - HTTP Request: POST http://localhost:1028/heap/append "HTTP/1.1 200 OK"
2026-04-21 22:57:16,174 - httpx - INFO - HTTP Request: GET http://localhost:1437/heap/unmerged "HTTP/1.1 200 OK"
2026-04-21 22:57:16,604 - httpx - INFO - HTTP Request: POST http://localhost:54186/heap-written "HTTP/1.1 200 OK"
2026-04-21 22:57:16,608 - httpx - INFO - HTTP Request: GET http://localhost:54186/task?agent_id=c348c646 "HTTP/1.1 200 OK"
2026-04-21 22:57:16,609 - httpx - INFO - HTTP Request: POST http://localhost:54186/allocate_page "HTTP/1.1 200 OK"
2026-04-21 22:57:16,615 - httpx - INFO - HTTP Request: GET http://localhost:59793/heap/unmerged "HTTP/1.1 200 OK"
2026-04-21 22:57:16,848 - httpx - INFO - HTTP Request: GET http://localhost:59794/heap/unmerged "HTTP/1.1 200 OK"
2026-04-21 22:57:16,964 - httpx - INFO - HTTP Request: POST http://localhost:59794/heap/append "HTTP/1.1 200 OK"
2026-04-21 22:57:17,050 - httpx - INFO - HTTP Request: POST http://localhost:54186/heap-written "HTTP/1.1 200 OK"
2026-04-21 22:57:17,055 - httpx - INFO - HTTP Request: GET http://localhost:59797/heap/unmerged "HTTP/1.1 200 OK"
2026-04-21 22:57:17,465 - httpx - INFO - HTTP Request: POST http://localhost:54186/allocate_page "HTTP/1.1 200 OK"
2026-04-21 22:57:17,467 - httpx - INFO - HTTP Request: GET http://localhost:59802/heap/unmerged "HTTP/1.1 200 OK"
2026-04-21 22:57:17,661 - httpx - INFO - HTTP Request: GET http://localhost:59807/heap/unmerged "HTTP/1.1 200 OK"
2026-04-21 22:57:17,757 - httpx - INFO - HTTP Request: POST http://localhost:59794/heap/append "HTTP/1.1 200 OK"
2026-04-21 22:57:17,760 - httpx - INFO - HTTP Request: GET http://localhost:59814/heap/unmerged "HTTP/1.1 200 OK"
2026-04-21 22:57:18,065 - httpx - INFO - HTTP Request: GET http://localhost:59821/heap/unmerged "HTTP/1.1 200 OK"
2026-04-21 22:57:18,193 - httpx - INFO - HTTP Request: POST http://localhost:54186/heap-written "HTTP/1.1 200 OK"
2026-04-21 22:57:18,205 - httpx - INFO - HTTP Request: GET http://localhost:54186/task?agent_id=0f8f3855 "HTTP/1.1 200 OK"
2026-04-21 22:57:18,215 - httpx - INFO - HTTP Request: GET http://localhost:59830/heap/unmerged "HTTP/1.1 200 OK"
2026-04-21 22:57:18,326 - httpx - INFO - HTTP Request: GET http://localhost:59840/heap/unmerged "HTTP/1.1 200 OK"
2026-04-21 22:57:18,508 - httpx - INFO - HTTP Request: GET http://localhost:59851/heap/unmerged "HTTP/1.1 200 OK"
2026-04-21 22:57:18,627 - httpx - INFO - HTTP Request: GET http://localhost:59872/heap/unmerged "HTTP/1.1 200 OK"
2026-04-21 22:57:18,910 - httpx - INFO - HTTP Request: GET http://localhost:59887/heap/unmerged "HTTP/1.1 200 OK"
2026-04-21 22:57:19,015 - httpx - INFO - HTTP Request: GET http://localhost:59900/heap/unmerged "HTTP/1.1 200 OK"
2026-04-21 22:57:19,107 - httpx - INFO - HTTP Request: GET http://localhost:59917/heap/unmerged "HTTP/1.1 200 OK"
2026-04-21 22:57:19,220 - httpx - INFO - HTTP Request: GET http://localhost:59933/heap/unmerged "HTTP/1.1 200 OK"
2026-04-21 22:57:19,316 - httpx - INFO - HTTP Request: GET http://localhost:59952/heap/unmerged "HTTP/1.1 200 OK"
2026-04-21 22:57:19,448 - httpx - INFO - HTTP Request: GET http://localhost:59967/heap/unmerged "HTTP/1.1 200 OK"
2026-04-21 22:57:19,869 - httpx - INFO - HTTP Request: GET http://localhost:59992/heap/unmerged "HTTP/1.1 200 OK"
2026-04-21 22:57:19,970 - httpx - INFO - HTTP Request: POST http://localhost:54186/allocate_page "HTTP/1.1 200 OK"
2026-04-21 22:57:19,976 - httpx - INFO - HTTP Request: GET http://localhost:1028/heap/unmerged "HTTP/1.1 200 OK"
2026-04-21 22:57:20,607 - httpx - INFO - HTTP Request: POST http://localhost:59793/heap/append "HTTP/1.1 200 OK"
2026-04-21 22:57:20,867 - httpx - INFO - HTTP Request: POST http://localhost:54186/heap-written "HTTP/1.1 200 OK"
2026-04-21 22:57:20,869 - httpx - INFO - HTTP Request: POST http://localhost:54186/allocate_page "HTTP/1.1 200 OK"
2026-04-21 22:57:21,096 - httpx - INFO - HTTP Request: POST http://localhost:59793/heap/append "HTTP/1.1 200 OK"
2026-04-21 22:57:21,220 - httpx - INFO - HTTP Request: POST http://localhost:54186/heap-written "HTTP/1.1 200 OK"
2026-04-21 22:57:21,336 - httpx - INFO - HTTP Request: GET http://localhost:54186/task?agent_id=f392378b "HTTP/1.1 200 OK"
2026-04-21 22:57:21,758 - httpx - INFO - HTTP Request: POST http://localhost:54186/allocate_page "HTTP/1.1 200 OK"
2026-04-21 22:57:22,038 - httpx - INFO - HTTP Request: POST http://localhost:59872/heap/append "HTTP/1.1 200 OK"
2026-04-21 22:57:22,287 - httpx - INFO - HTTP Request: POST http://localhost:54186/heap-written "HTTP/1.1 200 OK"
2026-04-21 22:57:22,289 - httpx - INFO - HTTP Request: POST http://localhost:54186/allocate_page "HTTP/1.1 200 OK"
2026-04-21 22:57:22,527 - httpx - INFO - HTTP Request: POST http://localhost:59872/heap/append "HTTP/1.1 200 OK"
2026-04-21 22:57:22,915 - httpx - INFO - HTTP Request: POST http://localhost:54186/heap-written "HTTP/1.1 200 OK"
2026-04-21 22:57:22,916 - httpx - INFO - HTTP Request: GET http://localhost:54186/task?agent_id=cdd1ee18 "HTTP/1.1 200 OK"
2026-04-21 22:57:23,790 - httpx - INFO - HTTP Request: POST http://localhost:54186/allocate_page "HTTP/1.1 200 OK"
2026-04-21 22:57:24,002 - httpx - INFO - HTTP Request: POST http://localhost:59933/heap/append "HTTP/1.1 200 OK"
2026-04-21 22:57:24,191 - httpx - INFO - HTTP Request: POST http://localhost:54186/heap-written "HTTP/1.1 200 OK"
2026-04-21 22:57:24,196 - httpx - INFO - HTTP Request: POST http://localhost:54186/allocate_page "HTTP/1.1 200 OK"
2026-04-21 22:57:24,381 - httpx - INFO - HTTP Request: POST http://localhost:59933/heap/append "HTTP/1.1 200 OK"
2026-04-21 22:57:24,617 - httpx - INFO - HTTP Request: POST http://localhost:54186/heap-written "HTTP/1.1 200 OK"
2026-04-21 22:57:24,620 - httpx - INFO - HTTP Request: GET http://localhost:54186/task?agent_id=65eb0cf8 "HTTP/1.1 200 OK"
2026-04-21 22:57:25,267 - httpx - INFO - HTTP Request: GET http://localhost:1166/health "HTTP/1.1 200 OK"
2026-04-21 22:57:25,578 - httpx - INFO - HTTP Request: GET http://localhost:54186/active_pages "HTTP/1.1 200 OK"
2026-04-21 22:57:26,398 - httpx - INFO - HTTP Request: POST http://localhost:54186/allocate_page "HTTP/1.1 200 OK"
2026-04-21 22:57:26,401 - httpx - INFO - HTTP Request: POST http://localhost:54186/allocate_page "HTTP/1.1 200 OK"
2026-04-21 22:57:26,949 - httpx - INFO - HTTP Request: POST http://localhost:59802/heap/append "HTTP/1.1 200 OK"
2026-04-21 22:57:27,146 - httpx - INFO - HTTP Request: POST http://localhost:59887/heap/append "HTTP/1.1 200 OK"
2026-04-21 22:57:27,547 - httpx - INFO - HTTP Request: POST http://localhost:54186/mark_pages_merged "HTTP/1.1 200 OK"
2026-04-21 22:57:27,551 - httpx - INFO - HTTP Request: POST http://localhost:54186/heap-written "HTTP/1.1 200 OK"
2026-04-21 22:57:27,559 - httpx - INFO - HTTP Request: POST http://localhost:54186/heap-written "HTTP/1.1 200 OK"
2026-04-21 22:57:27,563 - httpx - INFO - HTTP Request: POST http://localhost:54186/allocate_page "HTTP/1.1 200 OK"
2026-04-21 22:57:27,671 - httpx - INFO - HTTP Request: POST http://localhost:54186/allocate_page "HTTP/1.1 200 OK"
2026-04-21 22:57:30,281 - httpx - INFO - HTTP Request: POST http://localhost:59793/heap/mark-merged "HTTP/1.1 200 OK"
2026-04-21 22:57:30,381 - httpx - INFO - HTTP Request: POST http://localhost:59797/heap/mark-merged "HTTP/1.1 200 OK"
2026-04-21 22:57:30,383 - httpx - INFO - HTTP Request: POST http://localhost:59821/heap/mark-merged "HTTP/1.1 200 OK"
2026-04-21 22:57:30,384 - httpx - INFO - HTTP Request: POST http://localhost:1028/heap/mark-merged "HTTP/1.1 200 OK"
2026-04-21 22:57:30,384 - httpx - INFO - HTTP Request: POST http://localhost:59952/heap/mark-merged "HTTP/1.1 200 OK"
2026-04-21 22:57:30,385 - httpx - INFO - HTTP Request: POST http://localhost:59802/heap/mark-merged "HTTP/1.1 200 OK"
2026-04-21 22:57:30,386 - httpx - INFO - HTTP Request: POST http://localhost:59814/heap/mark-merged "HTTP/1.1 200 OK"
2026-04-21 22:57:30,386 - httpx - INFO - HTTP Request: POST http://localhost:59872/heap/mark-merged "HTTP/1.1 200 OK"
2026-04-21 22:57:30,387 - httpx - INFO - HTTP Request: POST http://localhost:59887/heap/mark-merged "HTTP/1.1 200 OK"
2026-04-21 22:57:30,387 - httpx - INFO - HTTP Request: POST http://localhost:59830/heap/mark-merged "HTTP/1.1 200 OK"
2026-04-21 22:57:30,388 - httpx - INFO - HTTP Request: POST http://localhost:59917/heap/mark-merged "HTTP/1.1 200 OK"
2026-04-21 22:57:30,388 - httpx - INFO - HTTP Request: POST http://localhost:59900/heap/mark-merged "HTTP/1.1 200 OK"
2026-04-21 22:57:30,389 - httpx - INFO - HTTP Request: POST http://localhost:59933/heap/mark-merged "HTTP/1.1 200 OK"
2026-04-21 22:57:30,389 - httpx - INFO - HTTP Request: POST http://localhost:59807/heap/mark-merged "HTTP/1.1 200 OK"
2026-04-21 22:57:30,390 - httpx - INFO - HTTP Request: POST http://localhost:1437/heap/mark-merged "HTTP/1.1 200 OK"
2026-04-21 22:57:30,394 - httpx - INFO - HTTP Request: POST http://localhost:59992/heap/mark-merged "HTTP/1.1 200 OK"
2026-04-21 22:57:30,394 - httpx - INFO - HTTP Request: POST http://localhost:59851/heap/mark-merged "HTTP/1.1 200 OK"
2026-04-21 22:57:30,395 - httpx - INFO - HTTP Request: POST http://localhost:59840/heap/mark-merged "HTTP/1.1 200 OK"
2026-04-21 22:57:30,395 - httpx - INFO - HTTP Request: POST http://localhost:59967/heap/mark-merged "HTTP/1.1 200 OK"
2026-04-21 22:57:30,396 - httpx - INFO - HTTP Request: POST http://localhost:59794/heap/mark-merged "HTTP/1.1 200 OK"
2026-04-21 22:57:30,424 - httpx - INFO - HTTP Request: POST http://localhost:54186/allocate_page "HTTP/1.1 200 OK"
2026-04-21 22:57:30,429 - httpx - INFO - HTTP Request: POST http://localhost:54186/allocate_page "HTTP/1.1 200 OK"
2026-04-21 22:57:30,430 - httpx - INFO - HTTP Request: POST http://localhost:59802/heap/append "HTTP/1.1 200 OK"
2026-04-21 22:57:30,483 - httpx - INFO - HTTP Request: POST http://localhost:1166/execute_merge "HTTP/1.1 200 OK"
2026-04-21 22:57:30,665 - httpx - INFO - HTTP Request: POST http://localhost:59887/heap/append "HTTP/1.1 200 OK"
2026-04-21 22:57:31,562 - httpx - INFO - HTTP Request: POST http://localhost:54186/allocate_page "HTTP/1.1 200 OK"
2026-04-21 22:57:31,669 - httpx - INFO - HTTP Request: POST http://localhost:54186/heap-written "HTTP/1.1 200 OK"
2026-04-21 22:57:31,678 - httpx - INFO - HTTP Request: POST http://localhost:54186/heap-written "HTTP/1.1 200 OK"
2026-04-21 22:57:31,679 - httpx - INFO - HTTP Request: POST http://localhost:59821/heap/append "HTTP/1.1 200 OK"
2026-04-21 22:57:31,796 - httpx - INFO - HTTP Request: POST http://localhost:54186/allocate_page "HTTP/1.1 200 OK"
2026-04-21 22:57:31,796 - httpx - INFO - HTTP Request: GET http://localhost:54186/task?agent_id=ecd67206 "HTTP/1.1 200 OK"
2026-04-21 22:57:31,797 - httpx - INFO - HTTP Request: GET http://localhost:54186/task?agent_id=67943fe2 "HTTP/1.1 200 OK"
2026-04-21 22:57:31,798 - httpx - INFO - HTTP Request: POST http://localhost:59952/heap/append "HTTP/1.1 200 OK"
2026-04-21 22:57:31,798 - httpx - INFO - HTTP Request: GET http://localhost:1437/heap/unmerged "HTTP/1.1 200 OK"
2026-04-21 22:57:31,913 - httpx - INFO - HTTP Request: POST http://localhost:54186/allocate_page "HTTP/1.1 200 OK"
2026-04-21 22:57:32,123 - httpx - INFO - HTTP Request: POST http://localhost:54186/allocate_page "HTTP/1.1 200 OK"
2026-04-21 22:57:33,065 - httpx - INFO - HTTP Request: POST http://localhost:54186/heap-written "HTTP/1.1 200 OK"
2026-04-21 22:57:33,070 - httpx - INFO - HTTP Request: GET http://localhost:59793/heap/unmerged "HTTP/1.1 200 OK"
2026-04-21 22:57:33,072 - httpx - INFO - HTTP Request: POST http://localhost:54186/heap-written "HTTP/1.1 200 OK"
2026-04-21 22:57:33,073 - httpx - INFO - HTTP Request: POST http://localhost:54186/allocate_page "HTTP/1.1 200 OK"
2026-04-21 22:57:33,074 - httpx - INFO - HTTP Request: POST http://localhost:59794/heap/append "HTTP/1.1 200 OK"
2026-04-21 22:57:33,200 - httpx - INFO - HTTP Request: POST http://localhost:54186/allocate_page "HTTP/1.1 200 OK"
2026-04-21 22:57:33,200 - httpx - INFO - HTTP Request: POST http://localhost:59967/heap/append "HTTP/1.1 200 OK"
2026-04-21 22:57:33,948 - httpx - INFO - HTTP Request: POST http://localhost:59807/heap/append "HTTP/1.1 200 OK"
2026-04-21 22:57:33,949 - httpx - INFO - HTTP Request: POST http://localhost:59851/heap/append "HTTP/1.1 200 OK"
2026-04-21 22:57:33,956 - httpx - INFO - HTTP Request: GET http://localhost:59794/heap/unmerged "HTTP/1.1 200 OK"
2026-04-21 22:57:34,532 - httpx - INFO - HTTP Request: GET http://localhost:54186/active_pages "HTTP/1.1 200 OK"
2026-04-21 22:57:34,533 - httpx - INFO - HTTP Request: GET http://localhost:54186/active_pages "HTTP/1.1 200 OK"
2026-04-21 22:57:34,839 - httpx - INFO - HTTP Request: POST http://localhost:54186/heap-written "HTTP/1.1 200 OK"
2026-04-21 22:57:34,843 - httpx - INFO - HTTP Request: POST http://localhost:54186/heap-written "HTTP/1.1 200 OK"
2026-04-21 22:57:34,917 - httpx - INFO - HTTP Request: POST http://localhost:54186/allocate_page "HTTP/1.1 200 OK"
2026-04-21 22:57:34,918 - httpx - INFO - HTTP Request: POST http://localhost:59821/heap/append "HTTP/1.1 200 OK"
2026-04-21 22:57:35,124 - httpx - INFO - HTTP Request: POST http://localhost:54186/heap-written "HTTP/1.1 200 OK"
2026-04-21 22:57:35,125 - httpx - INFO - HTTP Request: POST http://localhost:54186/allocate_page "HTTP/1.1 200 OK"
2026-04-21 22:57:35,125 - httpx - INFO - HTTP Request: POST http://localhost:54186/heap-written "HTTP/1.1 200 OK"
2026-04-21 22:57:35,126 - httpx - INFO - HTTP Request: POST http://localhost:59952/heap/append "HTTP/1.1 200 OK"
2026-04-21 22:57:35,135 - httpx - INFO - HTTP Request: GET http://localhost:59797/heap/unmerged "HTTP/1.1 200 OK"
2026-04-21 22:57:35,541 - httpx - INFO - HTTP Request: POST http://localhost:54186/allocate_page "HTTP/1.1 200 OK"
2026-04-21 22:57:35,544 - httpx - INFO - HTTP Request: POST http://localhost:54186/allocate_page "HTTP/1.1 200 OK"
2026-04-21 22:57:35,546 - httpx - INFO - HTTP Request: POST http://localhost:54186/allocate_page "HTTP/1.1 200 OK"
2026-04-21 22:57:36,356 - httpx - INFO - HTTP Request: POST http://localhost:54186/allocate_page "HTTP/1.1 200 OK"
2026-04-21 22:57:36,961 - httpx - INFO - HTTP Request: POST http://localhost:54186/heap-written "HTTP/1.1 200 OK"
2026-04-21 22:57:37,156 - httpx - INFO - HTTP Request: POST http://localhost:54186/heap-written "HTTP/1.1 200 OK"
2026-04-21 22:57:37,156 - httpx - INFO - HTTP Request: POST http://localhost:59794/heap/append "HTTP/1.1 200 OK"
2026-04-21 22:57:37,434 - httpx - INFO - HTTP Request: GET http://localhost:59802/heap/unmerged "HTTP/1.1 200 OK"
2026-04-21 22:57:37,540 - httpx - INFO - HTTP Request: GET http://localhost:54186/task?agent_id=e0a2a819 "HTTP/1.1 200 OK"
2026-04-21 22:57:37,541 - httpx - INFO - HTTP Request: GET http://localhost:54186/task?agent_id=17c44107 "HTTP/1.1 200 OK"
2026-04-21 22:57:37,543 - httpx - INFO - HTTP Request: POST http://localhost:54186/allocate_page "HTTP/1.1 200 OK"
2026-04-21 22:57:37,543 - httpx - INFO - HTTP Request: POST http://localhost:54186/allocate_page "HTTP/1.1 200 OK"
2026-04-21 22:57:37,544 - httpx - INFO - HTTP Request: POST http://localhost:59967/heap/append "HTTP/1.1 200 OK"
2026-04-21 22:57:38,193 - httpx - INFO - HTTP Request: POST http://localhost:59851/heap/append "HTTP/1.1 200 OK"
2026-04-21 22:57:38,193 - httpx - INFO - HTTP Request: POST http://localhost:59807/heap/append "HTTP/1.1 200 OK"
2026-04-21 22:57:38,194 - httpx - INFO - HTTP Request: POST http://localhost:59992/heap/append "HTTP/1.1 200 OK"
2026-04-21 22:57:38,203 - httpx - INFO - HTTP Request: POST http://localhost:54186/mark_pages_merged "HTTP/1.1 200 OK"
2026-04-21 22:57:38,557 - httpx - INFO - HTTP Request: POST http://localhost:54186/mark_pages_merged "HTTP/1.1 200 OK"
2026-04-21 22:57:38,560 - httpx - INFO - HTTP Request: POST http://localhost:59830/heap/append "HTTP/1.1 200 OK"
2026-04-21 22:57:38,668 - httpx - INFO - HTTP Request: GET http://localhost:59807/heap/unmerged "HTTP/1.1 200 OK"
[BFF] 读取PublicMemory (物理路径): /mnt/d/collections2026/phd_application/nanobot1/milestone2/data/public_memory/public_memory.jsonl, top_k=2
[BFF] 读取PublicMemory完成: 68 条记录
[BFF] 获取Agent 313eb1aa 堆段: 1 条
[BFF] 获取Agent 8251b4d7 堆段: 0 条
[BFF] all-unmerged 请求正在进行，等待完成...
[BFF] all-unmerged 请求正在进行，等待完成...
[BFF] all-unmerged 请求正在进行，等待完成...
[BFF] 读取PublicMemory (物理路径): /mnt/d/collections2026/phd_application/nanobot1/milestone2/data/public_memory/public_memory.jsonl, top_k=2
[BFF] 读取PublicMemory完成: 68 条记录
[BFF] 获取Agent c348c646 堆段: 0 条
[BFF] all-unmerged 获取完成: 19 条
[BFF] 读取PublicMemory (物理路径): /mnt/d/collections2026/phd_application/nanobot1/milestone2/data/public_memory/public_memory.jsonl, top_k=2
[BFF] 读取PublicMemory完成: 68 条记录
[BFF] 读取PublicMemory (物理路径): /mnt/d/collections2026/phd_application/nanobot1/milestone2/data/public_memory/public_memory.jsonl, top_k=2
[BFF] 读取PublicMemory完成: 68 条记录
[BFF] all-unmerged 命中缓存: 19 条 (缓存剩余 4.3s)
[BFF] all-unmerged 命中缓存: 19 条 (缓存剩余 4.3s)
[BFF] all-unmerged 命中缓存: 19 条 (缓存剩余 3.7s)
[BFF] all-unmerged 命中缓存: 19 条 (缓存剩余 3.0s)
[BFF] all-unmerged 命中缓存: 19 条 (缓存剩余 3.0s)
[BFF] 读取PublicMemory (物理路径): /mnt/d/collections2026/phd_application/nanobot1/milestone2/data/public_memory/public_memory.jsonl, top_k=2
[BFF] 读取PublicMemory完成: 68 条记录
[BFF] 读取PublicMemory (物理路径): /mnt/d/collections2026/phd_application/nanobot1/milestone2/data/public_memory/public_memory.jsonl, top_k=2
[BFF] 读取PublicMemory完成: 68 条记录
[BFF] all-unmerged 命中缓存: 19 条 (缓存剩余 2.4s)
[BFF] all-unmerged 命中缓存: 19 条 (缓存剩余 2.4s)
[BFF] all-unmerged 命中缓存: 19 条 (缓存剩余 2.2s)
[BFF] 读取PublicMemory (物理路径): /mnt/d/collections2026/phd_application/nanobot1/milestone2/data/public_memory/public_memory.jsonl, top_k=2
[BFF] 读取PublicMemory完成: 68 条记录
[BFF] all-unmerged 命中缓存: 19 条 (缓存剩余 1.3s)
[BFF] 读取PublicMemory (物理路径): /mnt/d/collections2026/phd_application/nanobot1/milestone2/data/public_memory/public_memory.jsonl, top_k=2
[BFF] 读取PublicMemory完成: 68 条记录
[BFF] all-unmerged 命中缓存: 19 条 (缓存剩余 0.9s)
[BFF] all-unmerged 命中缓存: 19 条 (缓存剩余 0.0s)
[BFF] 读取PublicMemory (物理路径): /mnt/d/collections2026/phd_application/nanobot1/milestone2/data/public_memory/public_memory.jsonl, top_k=2
[BFF] 读取PublicMemory完成: 68 条记录
[BFF] 获取Agent 0a0141ac 堆段: 2 条
[BFF] 获取Agent f392378b 堆段: 2 条
[BFF] all-unmerged 请求正在进行，等待完成...
[BFF] 读取PublicMemory (物理路径): /mnt/d/collections2026/phd_application/nanobot1/milestone2/data/public_memory/public_memory.jsonl, top_k=2
[BFF] 读取PublicMemory完成: 68 条记录
[BFF] 获取Agent 0f8f3855 堆段: 2 条
[BFF] 获取Agent 32947614 堆段: 1 条
[BFF] all-unmerged 请求正在进行，等待完成...
[BFF] 获取Agent ecd67206 堆段: 4 条
[BFF] 获取Agent 0b416973 堆段: 2 条
[BFF] 获取Agent 099c20e8 堆段: 2 条
[BFF] 获取Agent 17c44107 堆段: 2 条
[BFF] all-unmerged 请求正在进行，等待完成...
[BFF] 获取Agent b85e8ec9 堆段: 2 条
[BFF] 读取PublicMemory (物理路径): /mnt/d/collections2026/phd_application/nanobot1/milestone2/data/public_memory/public_memory.jsonl, top_k=2
[BFF] 读取PublicMemory完成: 68 条记录
[BFF] 获取Agent 24154eb6 堆段: 2 条
[BFF] 获取Agent 2ff18b1f 堆段: 2 条
[BFF] 获取Agent cdd1ee18 堆段: 2 条
[BFF] 获取Agent 67943fe2 堆段: 2 条
[BFF] 获取Agent 7f58fa44 堆段: 2 条
[BFF] 获取Agent fdf7f99f 堆段: 2 条
[BFF] 获取Agent 65eb0cf8 堆段: 2 条
[BFF] 获取Agent e0a2a819 堆段: 2 条
[BFF] 获取Agent 313eb1aa 堆段: 2 条
[BFF] 获取Agent 8251b4d7 堆段: 2 条
[BFF] 获取Agent c348c646 堆段: 2 条
[BFF] all-unmerged 获取完成: 41 条
[BFF] 创建Consolidator容器...
[BFF] 读取PublicMemory (物理路径): /mnt/d/collections2026/phd_application/nanobot1/milestone2/data/public_memory/public_memory.jsonl, top_k=2
[BFF] 读取PublicMemory完成: 68 条记录
[BFF] 读取PublicMemory (物理路径): /mnt/d/collections2026/phd_application/nanobot1/milestone2/data/public_memory/public_memory.jsonl, top_k=2
[BFF] 读取PublicMemory完成: 68 条记录
[BFF] 读取PublicMemory (物理路径): /mnt/d/collections2026/phd_application/nanobot1/milestone2/data/public_memory/public_memory.jsonl, top_k=2
[BFF] 读取PublicMemory完成: 68 条记录
[Orchestrator] Container consolidator_30f2ea13 is ready
[Orchestrator] Created container consolidator_30f2ea13
[BFF] Consolidator容器已创建: 30f2ea13
[BFF] Consolidator容器已创建: 30f2ea13
[BFF] Consolidator容器已创建: 30f2ea13
[BFF] 转发合并请求到Consolidator: http://localhost:1166/execute_merge
[BFF] 读取PublicMemory (物理路径): /mnt/d/collections2026/phd_application/nanobot1/milestone2/data/public_memory/public_memory.jsonl, top_k=10000
[BFF] 读取PublicMemory完成: 68 条记录
[BFF] 写入PublicMemory (物理路径): /mnt/d/collections2026/phd_application/nanobot1/milestone2/data/public_memory/public_memory.jsonl
[BFF] 原子替换PublicMemory: 105 条记录 -> /mnt/d/collections2026/phd_application/nanobot1/milestone2/data/public_memory/public_memory.jsonl
[BFF] Consolidator合并完成: {'status': 'ok', 'original_count': 117, 'deduped_count': 105, 'removed_count': 12, 'pages_marked': 49, 'source': 'km_page_table'}
[BFF] all-unmerged 请求正在进行，等待完成...
[BFF] all-unmerged 请求正在进行，等待完成...
[BFF] 获取Agent 0a0141ac 堆段: 0 条
[BFF] Consolidator容器已存在: 30f2ea13
[BFF] 转发合并请求到Consolidator: http://localhost:1166/execute_merge
[BFF] Consolidator容器已存在: 30f2ea13
[BFF] 转发合并请求到Consolidator: http://localhost:1166/execute_merge
[BFF] 读取PublicMemory (物理路径): /mnt/d/collections2026/phd_application/nanobot1/milestone2/data/public_memory/public_memory.jsonl, top_k=2
[BFF] 读取PublicMemory完成: 105 条记录
[BFF] 读取PublicMemory (物理路径): /mnt/d/collections2026/phd_application/nanobot1/milestone2/data/public_memory/public_memory.jsonl, top_k=2
[BFF] 读取PublicMemory完成: 105 条记录
[BFF] 获取Agent f392378b 堆段: 0 条
[BFF] 获取Agent 0f8f3855 堆段: 1 条
[BFF] 读取PublicMemory (物理路径): /mnt/d/collections2026/phd_application/nanobot1/milestone2/data/public_memory/public_memory.jsonl, top_k=10000
[BFF] 读取PublicMemory完成: 105 条记录
[BFF] 读取PublicMemory (物理路径): /mnt/d/collections2026/phd_application/nanobot1/milestone2/data/public_memory/public_memory.jsonl, top_k=10000
[BFF] 读取PublicMemory完成: 105 条记录
[BFF] 获取Agent 32947614 堆段: 0 条
[BFF] 写入PublicMemory (物理路径): /mnt/d/collections2026/phd_application/nanobot1/milestone2/data/public_memory/public_memory.jsonl
[BFF] 原子替换PublicMemory: 113 条记录 -> /mnt/d/collections2026/phd_application/nanobot1/milestone2/data/public_memory/public_memory.jsonl
[BFF] 写入PublicMemory (物理路径): /mnt/d/collections2026/phd_application/nanobot1/milestone2/data/public_memory/public_memory.jsonl
[BFF] 原子替换PublicMemory: 113 条记录 -> /mnt/d/collections2026/phd_application/nanobot1/milestone2/data/public_memory/public_memory.jsonl
[BFF] all-unmerged 请求正在进行，等待完成...
[BFF] 获取Agent ecd67206 堆段: 2 条
[BFF] Consolidator容器已存在: 30f2ea13
[BFF] 转发合并请求到Consolidator: http://localhost:1166/execute_merge
[BFF] 读取PublicMemory (物理路径): /mnt/d/collections2026/phd_application/nanobot1/milestone2/data/public_memory/public_memory.jsonl, top_k=2
[BFF] 读取PublicMemory完成: 113 条记录
[BFF] 读取PublicMemory (物理路径): /mnt/d/collections2026/phd_application/nanobot1/milestone2/data/public_memory/public_memory.jsonl, top_k=2
2026-04-21 22:57:39,980 - httpx - INFO - HTTP Request: POST http://localhost:54186/heap-written "HTTP/1.1 200 OK"
2026-04-21 22:57:40,691 - httpx - INFO - HTTP Request: POST http://localhost:54186/allocate_page "HTTP/1.1 200 OK"
2026-04-21 22:57:40,692 - httpx - INFO - HTTP Request: POST http://localhost:54186/allocate_page "HTTP/1.1 200 OK"
2026-04-21 22:57:40,705 - httpx - INFO - HTTP Request: POST http://localhost:54186/heap-written "HTTP/1.1 200 OK"
2026-04-21 22:57:41,773 - httpx - INFO - HTTP Request: GET http://localhost:54186/task?agent_id=0f8f3855 "HTTP/1.1 200 OK"
2026-04-21 22:57:42,061 - httpx - INFO - HTTP Request: POST http://localhost:54186/allocate_page "HTTP/1.1 200 OK"
2026-04-21 22:57:42,071 - httpx - INFO - HTTP Request: POST http://localhost:54186/heap-written "HTTP/1.1 200 OK"
2026-04-21 22:57:42,072 - httpx - INFO - HTTP Request: POST http://localhost:54186/heap-written "HTTP/1.1 200 OK"
2026-04-21 22:57:42,072 - httpx - INFO - HTTP Request: POST http://localhost:54186/heap-written "HTTP/1.1 200 OK"
2026-04-21 22:57:42,439 - httpx - INFO - HTTP Request: GET http://localhost:54186/task?agent_id=2ff18b1f "HTTP/1.1 200 OK"
2026-04-21 22:57:42,440 - httpx - INFO - HTTP Request: GET http://localhost:54186/task?agent_id=0b416973 "HTTP/1.1 200 OK"
2026-04-21 22:57:42,441 - httpx - INFO - HTTP Request: GET http://localhost:54186/task?agent_id=313eb1aa "HTTP/1.1 200 OK"
2026-04-21 22:57:42,442 - httpx - INFO - HTTP Request: POST http://localhost:59802/heap/mark-merged "HTTP/1.1 200 OK"
2026-04-21 22:57:42,572 - httpx - INFO - HTTP Request: POST http://localhost:59797/heap/append "HTTP/1.1 200 OK"
2026-04-21 22:57:42,573 - httpx - INFO - HTTP Request: POST http://localhost:59840/heap/append "HTTP/1.1 200 OK"
2026-04-21 22:57:42,582 - httpx - INFO - HTTP Request: POST http://localhost:54186/heap-written "HTTP/1.1 200 OK"
2026-04-21 22:57:42,582 - httpx - INFO - HTTP Request: GET http://localhost:59814/heap/unmerged "HTTP/1.1 200 OK"
2026-04-21 22:57:42,583 - httpx - INFO - HTTP Request: POST http://localhost:54186/allocate_page "HTTP/1.1 200 OK"
2026-04-21 22:57:42,583 - httpx - INFO - HTTP Request: POST http://localhost:54186/allocate_page "HTTP/1.1 200 OK"
2026-04-21 22:57:42,709 - httpx - INFO - HTTP Request: POST http://localhost:59821/heap/mark-merged "HTTP/1.1 200 OK"
2026-04-21 22:57:42,709 - httpx - INFO - HTTP Request: POST http://localhost:59967/heap/mark-merged "HTTP/1.1 200 OK"
2026-04-21 22:57:42,710 - httpx - INFO - HTTP Request: POST http://localhost:59851/heap/mark-merged "HTTP/1.1 200 OK"
2026-04-21 22:57:42,710 - httpx - INFO - HTTP Request: POST http://localhost:59794/heap/mark-merged "HTTP/1.1 200 OK"
2026-04-21 22:57:42,711 - httpx - INFO - HTTP Request: POST http://localhost:59807/heap/mark-merged "HTTP/1.1 200 OK"
2026-04-21 22:57:42,711 - httpx - INFO - HTTP Request: POST http://localhost:59952/heap/mark-merged "HTTP/1.1 200 OK"
2026-04-21 22:57:42,712 - httpx - INFO - HTTP Request: POST http://localhost:59802/heap/mark-merged "HTTP/1.1 200 OK"
2026-04-21 22:57:42,712 - httpx - INFO - HTTP Request: POST http://localhost:59887/heap/mark-merged "HTTP/1.1 200 OK"
2026-04-21 22:57:43,042 - httpx - INFO - HTTP Request: POST http://localhost:54186/allocate_page "HTTP/1.1 200 OK"
2026-04-21 22:57:43,043 - httpx - INFO - HTTP Request: POST http://localhost:54186/allocate_page "HTTP/1.1 200 OK"
2026-04-21 22:57:43,043 - httpx - INFO - HTTP Request: POST http://localhost:54186/allocate_page "HTTP/1.1 200 OK"
2026-04-21 22:57:43,044 - httpx - INFO - HTTP Request: POST http://localhost:59821/heap/mark-merged "HTTP/1.1 200 OK"
2026-04-21 22:57:43,044 - httpx - INFO - HTTP Request: POST http://localhost:59794/heap/mark-merged "HTTP/1.1 200 OK"
2026-04-21 22:57:43,044 - httpx - INFO - HTTP Request: POST http://localhost:59851/heap/mark-merged "HTTP/1.1 200 OK"
2026-04-21 22:57:43,045 - httpx - INFO - HTTP Request: POST http://localhost:59887/heap/mark-merged "HTTP/1.1 200 OK"
2026-04-21 22:57:43,045 - httpx - INFO - HTTP Request: POST http://localhost:59967/heap/mark-merged "HTTP/1.1 200 OK"
2026-04-21 22:57:43,046 - httpx - INFO - HTTP Request: POST http://localhost:59807/heap/mark-merged "HTTP/1.1 200 OK"
2026-04-21 22:57:43,047 - httpx - INFO - HTTP Request: POST http://localhost:59952/heap/mark-merged "HTTP/1.1 200 OK"
2026-04-21 22:57:43,048 - httpx - INFO - HTTP Request: GET http://localhost:54186/active_pages "HTTP/1.1 200 OK"
2026-04-21 22:57:43,049 - httpx - INFO - HTTP Request: POST http://localhost:1166/execute_merge "HTTP/1.1 200 OK"
2026-04-21 22:57:43,077 - httpx - INFO - HTTP Request: POST http://localhost:54186/allocate_page "HTTP/1.1 200 OK"
2026-04-21 22:57:43,166 - httpx - INFO - HTTP Request: POST http://localhost:1166/execute_merge "HTTP/1.1 200 OK"
2026-04-21 22:57:43,167 - httpx - INFO - HTTP Request: POST http://localhost:59814/heap/append "HTTP/1.1 200 OK"
2026-04-21 22:57:43,168 - httpx - INFO - HTTP Request: POST http://localhost:1437/heap/append "HTTP/1.1 200 OK"
2026-04-21 22:57:43,377 - httpx - INFO - HTTP Request: POST http://localhost:59917/heap/append "HTTP/1.1 200 OK"
2026-04-21 22:57:43,381 - httpx - INFO - HTTP Request: GET http://localhost:59821/heap/unmerged "HTTP/1.1 200 OK"
2026-04-21 22:57:43,569 - httpx - INFO - HTTP Request: POST http://localhost:54186/heap-written "HTTP/1.1 200 OK"
2026-04-21 22:57:43,570 - httpx - INFO - HTTP Request: POST http://localhost:54186/heap-written "HTTP/1.1 200 OK"
2026-04-21 22:57:44,483 - httpx - INFO - HTTP Request: POST http://localhost:59992/heap/append "HTTP/1.1 200 OK"
2026-04-21 22:57:45,055 - httpx - INFO - HTTP Request: POST http://localhost:54186/heap-written "HTTP/1.1 200 OK"
2026-04-21 22:57:45,055 - httpx - INFO - HTTP Request: POST http://localhost:54186/heap-written "HTTP/1.1 200 OK"
2026-04-21 22:57:45,173 - httpx - INFO - HTTP Request: POST http://localhost:54186/heap-written "HTTP/1.1 200 OK"
2026-04-21 22:57:45,174 - httpx - INFO - HTTP Request: GET http://localhost:59830/heap/unmerged "HTTP/1.1 200 OK"
2026-04-21 22:57:45,362 - httpx - INFO - HTTP Request: POST http://localhost:54186/allocate_page "HTTP/1.1 200 OK"
2026-04-21 22:57:45,363 - httpx - INFO - HTTP Request: POST http://localhost:54186/allocate_page "HTTP/1.1 200 OK"
2026-04-21 22:57:45,364 - httpx - INFO - HTTP Request: POST http://localhost:1028/heap/append "HTTP/1.1 200 OK"
2026-04-21 22:57:45,365 - httpx - INFO - HTTP Request: POST http://localhost:59830/heap/append "HTTP/1.1 200 OK"
2026-04-21 22:57:45,365 - httpx - INFO - HTTP Request: POST http://localhost:59793/heap/append "HTTP/1.1 200 OK"
2026-04-21 22:57:45,365 - httpx - INFO - HTTP Request: POST http://localhost:59872/heap/append "HTTP/1.1 200 OK"
2026-04-21 22:57:45,380 - httpx - INFO - HTTP Request: POST http://localhost:54186/allocate_page "HTTP/1.1 200 OK"
2026-04-21 22:57:45,381 - httpx - INFO - HTTP Request: POST http://localhost:54186/allocate_page "HTTP/1.1 200 OK"
2026-04-21 22:57:45,383 - httpx - INFO - HTTP Request: POST http://localhost:54186/allocate_page "HTTP/1.1 200 OK"
2026-04-21 22:57:45,383 - httpx - INFO - HTTP Request: POST http://localhost:59933/heap/append "HTTP/1.1 200 OK"
2026-04-21 22:57:46,013 - httpx - INFO - HTTP Request: POST http://localhost:54186/heap-written "HTTP/1.1 200 OK"
2026-04-21 22:57:46,218 - httpx - INFO - HTTP Request: GET http://localhost:54186/task?agent_id=8251b4d7 "HTTP/1.1 200 OK"
2026-04-21 22:57:46,223 - httpx - INFO - HTTP Request: POST http://localhost:54186/mark_pages_merged "HTTP/1.1 200 OK"
2026-04-21 22:57:46,228 - httpx - INFO - HTTP Request: GET http://localhost:59840/heap/unmerged "HTTP/1.1 200 OK"
2026-04-21 22:57:46,339 - httpx - INFO - HTTP Request: POST http://localhost:54186/heap-written "HTTP/1.1 200 OK"
2026-04-21 22:57:46,340 - httpx - INFO - HTTP Request: POST http://localhost:54186/heap-written "HTTP/1.1 200 OK"
2026-04-21 22:57:46,340 - httpx - INFO - HTTP Request: POST http://localhost:54186/heap-written "HTTP/1.1 200 OK"
2026-04-21 22:57:46,341 - httpx - INFO - HTTP Request: POST http://localhost:54186/heap-written "HTTP/1.1 200 OK"
2026-04-21 22:57:46,456 - httpx - INFO - HTTP Request: GET http://localhost:54186/task?agent_id=b85e8ec9 "HTTP/1.1 200 OK"
2026-04-21 22:57:46,989 - httpx - INFO - HTTP Request: POST http://localhost:54186/heap-written "HTTP/1.1 200 OK"
2026-04-21 22:57:49,381 - httpx - INFO - HTTP Request: GET http://localhost:59851/heap/unmerged "HTTP/1.1 200 OK"
2026-04-21 22:57:49,383 - httpx - INFO - HTTP Request: POST http://localhost:54186/allocate_page "HTTP/1.1 200 OK"
2026-04-21 22:57:49,384 - httpx - INFO - HTTP Request: POST http://localhost:54186/allocate_page "HTTP/1.1 200 OK"
2026-04-21 22:57:49,385 - httpx - INFO - HTTP Request: POST http://localhost:54186/allocate_page "HTTP/1.1 200 OK"
2026-04-21 22:57:49,385 - httpx - INFO - HTTP Request: POST http://localhost:59840/heap/append "HTTP/1.1 200 OK"
2026-04-21 22:57:49,386 - httpx - INFO - HTTP Request: POST http://localhost:59797/heap/append "HTTP/1.1 200 OK"
2026-04-21 22:57:49,386 - httpx - INFO - HTTP Request: POST http://localhost:59794/heap/mark-merged "HTTP/1.1 200 OK"
2026-04-21 22:57:49,559 - httpx - INFO - HTTP Request: POST http://localhost:54186/allocate_page "HTTP/1.1 200 OK"
2026-04-21 22:57:49,560 - httpx - INFO - HTTP Request: POST http://localhost:59967/heap/mark-merged "HTTP/1.1 200 OK"
2026-04-21 22:57:49,560 - httpx - INFO - HTTP Request: POST http://localhost:59830/heap/mark-merged "HTTP/1.1 200 OK"
2026-04-21 22:57:49,561 - httpx - INFO - HTTP Request: POST http://localhost:59872/heap/mark-merged "HTTP/1.1 200 OK"
2026-04-21 22:57:49,562 - httpx - INFO - HTTP Request: POST http://localhost:59814/heap/mark-merged "HTTP/1.1 200 OK"
2026-04-21 22:57:49,562 - httpx - INFO - HTTP Request: POST http://localhost:59917/heap/mark-merged "HTTP/1.1 200 OK"
2026-04-21 22:57:49,563 - httpx - INFO - HTTP Request: POST http://localhost:59807/heap/mark-merged "HTTP/1.1 200 OK"
2026-04-21 22:57:49,563 - httpx - INFO - HTTP Request: POST http://localhost:1437/heap/mark-merged "HTTP/1.1 200 OK"
2026-04-21 22:57:49,564 - httpx - INFO - HTTP Request: POST http://localhost:1437/heap/append "HTTP/1.1 200 OK"
2026-04-21 22:57:49,565 - httpx - INFO - HTTP Request: POST http://localhost:59851/heap/mark-merged "HTTP/1.1 200 OK"
2026-04-21 22:57:49,566 - httpx - INFO - HTTP Request: POST http://localhost:1028/heap/mark-merged "HTTP/1.1 200 OK"
2026-04-21 22:57:49,566 - httpx - INFO - HTTP Request: POST http://localhost:59797/heap/mark-merged "HTTP/1.1 200 OK"
2026-04-21 22:57:49,567 - httpx - INFO - HTTP Request: POST http://localhost:59933/heap/mark-merged "HTTP/1.1 200 OK"
2026-04-21 22:57:49,567 - httpx - INFO - HTTP Request: POST http://localhost:59840/heap/mark-merged "HTTP/1.1 200 OK"
2026-04-21 22:57:49,568 - httpx - INFO - HTTP Request: POST http://localhost:59992/heap/mark-merged "HTTP/1.1 200 OK"
2026-04-21 22:57:49,793 - httpx - INFO - HTTP Request: POST http://localhost:54186/allocate_page "HTTP/1.1 200 OK"
2026-04-21 22:57:49,794 - httpx - INFO - HTTP Request: POST http://localhost:59917/heap/append "HTTP/1.1 200 OK"
2026-04-21 22:57:49,798 - httpx - INFO - HTTP Request: POST http://localhost:59814/heap/append "HTTP/1.1 200 OK"
2026-04-21 22:57:49,907 - httpx - INFO - HTTP Request: POST http://localhost:1166/execute_merge "HTTP/1.1 200 OK"
2026-04-21 22:57:50,117 - httpx - INFO - HTTP Request: POST http://localhost:54186/allocate_page "HTTP/1.1 200 OK"
2026-04-21 22:57:50,427 - httpx - INFO - HTTP Request: GET http://localhost:59872/heap/unmerged "HTTP/1.1 200 OK"
2026-04-21 22:57:51,370 - httpx - INFO - HTTP Request: POST http://localhost:54186/heap-written "HTTP/1.1 200 OK"
2026-04-21 22:57:51,371 - httpx - INFO - HTTP Request: POST http://localhost:54186/heap-written "HTTP/1.1 200 OK"
2026-04-21 22:57:51,380 - httpx - INFO - HTTP Request: POST http://localhost:54186/heap-written "HTTP/1.1 200 OK"
2026-04-21 22:57:51,401 - httpx - INFO - HTTP Request: POST http://localhost:54186/heap-written "HTTP/1.1 200 OK"
2026-04-21 22:57:51,402 - httpx - INFO - HTTP Request: POST http://localhost:54186/heap-written "HTTP/1.1 200 OK"
2026-04-21 22:57:51,409 - httpx - INFO - HTTP Request: GET http://localhost:54186/task?agent_id=0a0141ac "HTTP/1.1 200 OK"
2026-04-21 22:57:51,612 - httpx - INFO - HTTP Request: POST http://localhost:1028/heap/append "HTTP/1.1 200 OK"
2026-04-21 22:57:51,613 - httpx - INFO - HTTP Request: POST http://localhost:59793/heap/append "HTTP/1.1 200 OK"
2026-04-21 22:57:51,622 - httpx - INFO - HTTP Request: GET http://localhost:54186/task?agent_id=24154eb6 "HTTP/1.1 200 OK"
2026-04-21 22:57:51,624 - httpx - INFO - HTTP Request: GET http://localhost:54186/task?agent_id=32947614 "HTTP/1.1 200 OK"
2026-04-21 22:57:51,840 - httpx - INFO - HTTP Request: GET http://localhost:54186/task?agent_id=099c20e8 "HTTP/1.1 200 OK"
2026-04-21 22:57:51,842 - httpx - INFO - HTTP Request: GET http://localhost:54186/task?agent_id=fdf7f99f "HTTP/1.1 200 OK"
2026-04-21 22:57:51,842 - httpx - INFO - HTTP Request: POST http://localhost:59933/heap/append "HTTP/1.1 200 OK"
2026-04-21 22:57:51,843 - httpx - INFO - HTTP Request: POST http://localhost:59872/heap/append "HTTP/1.1 200 OK"
2026-04-21 22:57:51,843 - httpx - INFO - HTTP Request: POST http://localhost:59802/heap/append "HTTP/1.1 200 OK"
2026-04-21 22:57:51,844 - httpx - INFO - HTTP Request: GET http://localhost:59887/heap/unmerged "HTTP/1.1 200 OK"
2026-04-21 22:57:51,845 - httpx - INFO - HTTP Request: POST http://localhost:59887/heap/append "HTTP/1.1 200 OK"
2026-04-21 22:57:53,533 - httpx - INFO - HTTP Request: POST http://localhost:54186/heap-written "HTTP/1.1 200 OK"
2026-04-21 22:57:53,533 - httpx - INFO - HTTP Request: POST http://localhost:54186/heap-written "HTTP/1.1 200 OK"
2026-04-21 22:57:53,540 - httpx - INFO - HTTP Request: GET http://localhost:59900/heap/unmerged "HTTP/1.1 200 OK"
2026-04-21 22:57:53,541 - httpx - INFO - HTTP Request: POST http://localhost:54186/heap-written "HTTP/1.1 200 OK"
2026-04-21 22:57:53,542 - httpx - INFO - HTTP Request: POST http://localhost:54186/heap-written "HTTP/1.1 200 OK"
2026-04-21 22:57:53,543 - httpx - INFO - HTTP Request: POST http://localhost:54186/heap-written "HTTP/1.1 200 OK"
2026-04-21 22:57:53,543 - httpx - INFO - HTTP Request: POST http://localhost:54186/heap-written "HTTP/1.1 200 OK"
2026-04-21 22:57:53,655 - httpx - INFO - HTTP Request: GET http://localhost:54186/task?agent_id=cdd1ee18 "HTTP/1.1 200 OK"
2026-04-21 22:57:53,656 - httpx - INFO - HTTP Request: GET http://localhost:54186/task?agent_id=f392378b "HTTP/1.1 200 OK"
2026-04-21 22:57:53,656 - httpx - INFO - HTTP Request: GET http://localhost:54186/task?agent_id=c348c646 "HTTP/1.1 200 OK"
2026-04-21 22:57:53,657 - httpx - INFO - HTTP Request: GET http://localhost:54186/task?agent_id=65eb0cf8 "HTTP/1.1 200 OK"
2026-04-21 22:57:53,658 - httpx - INFO - HTTP Request: POST http://localhost:54186/allocate_page "HTTP/1.1 200 OK"
2026-04-21 22:57:53,658 - httpx - INFO - HTTP Request: POST http://localhost:54186/allocate_page "HTTP/1.1 200 OK"
2026-04-21 22:57:53,671 - httpx - INFO - HTTP Request: GET http://localhost:54186/active_pages "HTTP/1.1 200 OK"
2026-04-21 22:57:53,672 - httpx - INFO - HTTP Request: GET http://localhost:54186/active_pages "HTTP/1.1 200 OK"
2026-04-21 22:57:53,711 - httpx - INFO - HTTP Request: GET http://localhost:59917/heap/unmerged "HTTP/1.1 200 OK"
2026-04-21 22:57:53,811 - httpx - INFO - HTTP Request: GET http://localhost:59933/heap/unmerged "HTTP/1.1 200 OK"
2026-04-21 22:57:54,231 - httpx - INFO - HTTP Request: GET http://localhost:59952/heap/unmerged "HTTP/1.1 200 OK"
2026-04-21 22:57:54,353 - httpx - INFO - HTTP Request: POST http://localhost:59887/heap/append "HTTP/1.1 200 OK"
2026-04-21 22:57:54,354 - httpx - INFO - HTTP Request: POST http://localhost:59802/heap/append "HTTP/1.1 200 OK"
2026-04-21 22:57:55,217 - httpx - INFO - HTTP Request: GET http://localhost:59967/heap/unmerged "HTTP/1.1 200 OK"
2026-04-21 22:57:55,508 - httpx - INFO - HTTP Request: POST http://localhost:54186/heap-written "HTTP/1.1 200 OK"
2026-04-21 22:57:55,508 - httpx - INFO - HTTP Request: POST http://localhost:54186/heap-written "HTTP/1.1 200 OK"
2026-04-21 22:57:55,516 - httpx - INFO - HTTP Request: GET http://localhost:54186/task?agent_id=67943fe2 "HTTP/1.1 200 OK"
2026-04-21 22:57:55,517 - httpx - INFO - HTTP Request: GET http://localhost:54186/task?agent_id=ecd67206 "HTTP/1.1 200 OK"
2026-04-21 22:57:55,525 - httpx - INFO - HTTP Request: POST http://localhost:54186/mark_pages_merged "HTTP/1.1 200 OK"
2026-04-21 22:57:55,528 - httpx - INFO - HTTP Request: POST http://localhost:54186/mark_pages_merged "HTTP/1.1 200 OK"
2026-04-21 22:57:55,531 - httpx - INFO - HTTP Request: GET http://localhost:59992/heap/unmerged "HTTP/1.1 200 OK"
2026-04-21 22:57:58,028 - httpx - INFO - HTTP Request: GET http://localhost:1028/heap/unmerged "HTTP/1.1 200 OK"
2026-04-21 22:57:58,148 - httpx - INFO - HTTP Request: POST http://localhost:59793/heap/mark-merged "HTTP/1.1 200 OK"
2026-04-21 22:57:58,150 - httpx - INFO - HTTP Request: POST http://localhost:59793/heap/mark-merged "HTTP/1.1 200 OK"
2026-04-21 22:57:58,163 - httpx - INFO - HTTP Request: POST http://localhost:1437/heap/mark-merged "HTTP/1.1 200 OK"
2026-04-21 22:57:58,164 - httpx - INFO - HTTP Request: POST http://localhost:59917/heap/mark-merged "HTTP/1.1 200 OK"
2026-04-21 22:57:58,166 - httpx - INFO - HTTP Request: POST http://localhost:59840/heap/mark-merged "HTTP/1.1 200 OK"
2026-04-21 22:57:58,171 - httpx - INFO - HTTP Request: POST http://localhost:59797/heap/mark-merged "HTTP/1.1 200 OK"
2026-04-21 22:57:58,171 - httpx - INFO - HTTP Request: POST http://localhost:59840/heap/mark-merged "HTTP/1.1 200 OK"
2026-04-21 22:57:58,172 - httpx - INFO - HTTP Request: POST http://localhost:1437/heap/mark-merged "HTTP/1.1 200 OK"
2026-04-21 22:57:58,173 - httpx - INFO - HTTP Request: POST http://localhost:59814/heap/mark-merged "HTTP/1.1 200 OK"
2026-04-21 22:57:58,173 - httpx - INFO - HTTP Request: POST http://localhost:59872/heap/mark-merged "HTTP/1.1 200 OK"
2026-04-21 22:57:58,174 - httpx - INFO - HTTP Request: POST http://localhost:59887/heap/mark-merged "HTTP/1.1 200 OK"
2026-04-21 22:57:58,174 - httpx - INFO - HTTP Request: POST http://localhost:59917/heap/mark-merged "HTTP/1.1 200 OK"
2026-04-21 22:57:58,175 - httpx - INFO - HTTP Request: POST http://localhost:59797/heap/mark-merged "HTTP/1.1 200 OK"
2026-04-21 22:57:58,175 - httpx - INFO - HTTP Request: POST http://localhost:59933/heap/mark-merged "HTTP/1.1 200 OK"
2026-04-21 22:57:58,176 - httpx - INFO - HTTP Request: POST http://localhost:59814/heap/mark-merged "HTTP/1.1 200 OK"
2026-04-21 22:57:58,176 - httpx - INFO - HTTP Request: POST http://localhost:1028/heap/mark-merged "HTTP/1.1 200 OK"
2026-04-21 22:57:58,177 - httpx - INFO - HTTP Request: POST http://localhost:59872/heap/mark-merged "HTTP/1.1 200 OK"
2026-04-21 22:57:58,177 - httpx - INFO - HTTP Request: POST http://localhost:59887/heap/mark-merged "HTTP/1.1 200 OK"
2026-04-21 22:57:58,177 - httpx - INFO - HTTP Request: POST http://localhost:59802/heap/mark-merged "HTTP/1.1 200 OK"
2026-04-21 22:57:58,178 - httpx - INFO - HTTP Request: POST http://localhost:1028/heap/mark-merged "HTTP/1.1 200 OK"
2026-04-21 22:57:58,178 - httpx - INFO - HTTP Request: POST http://localhost:59933/heap/mark-merged "HTTP/1.1 200 OK"
2026-04-21 22:57:58,183 - httpx - INFO - HTTP Request: POST http://localhost:54186/allocate_page "HTTP/1.1 200 OK"
2026-04-21 22:57:58,217 - httpx - INFO - HTTP Request: POST http://localhost:59802/heap/mark-merged "HTTP/1.1 200 OK"
2026-04-21 22:57:58,222 - httpx - INFO - HTTP Request: POST http://localhost:54186/allocate_page "HTTP/1.1 200 OK"
2026-04-21 22:57:58,226 - httpx - INFO - HTTP Request: POST http://localhost:1166/execute_merge "HTTP/1.1 200 OK"
2026-04-21 22:57:58,234 - httpx - INFO - HTTP Request: POST http://localhost:1166/execute_merge "HTTP/1.1 200 OK"
2026-04-21 22:57:58,242 - httpx - INFO - HTTP Request: GET http://localhost:1166/heap/unmerged "HTTP/1.1 200 OK"
2026-04-21 22:57:58,643 - httpx - INFO - HTTP Request: POST http://localhost:59952/heap/append "HTTP/1.1 200 OK"
2026-04-21 22:57:58,650 - httpx - INFO - HTTP Request: POST http://localhost:59794/heap/append "HTTP/1.1 200 OK"
2026-04-21 22:57:59,249 - httpx - INFO - HTTP Request: POST http://localhost:54186/heap-written "HTTP/1.1 200 OK"
2026-04-21 22:57:59,252 - httpx - INFO - HTTP Request: POST http://localhost:54186/heap-written "HTTP/1.1 200 OK"
2026-04-21 22:57:59,256 - httpx - INFO - HTTP Request: POST http://localhost:54186/allocate_page "HTTP/1.1 200 OK"
2026-04-21 22:57:59,257 - httpx - INFO - HTTP Request: POST http://localhost:54186/allocate_page "HTTP/1.1 200 OK"
2026-04-21 22:57:59,258 - httpx - INFO - HTTP Request: POST http://localhost:54186/allocate_page "HTTP/1.1 200 OK"
2026-04-21 22:57:59,851 - httpx - INFO - HTTP Request: POST http://localhost:59967/heap/append "HTTP/1.1 200 OK"
2026-04-21 22:57:59,854 - httpx - INFO - HTTP Request: POST http://localhost:59952/heap/append "HTTP/1.1 200 OK"
2026-04-21 22:57:59,855 - httpx - INFO - HTTP Request: POST http://localhost:59794/heap/append "HTTP/1.1 200 OK"
2026-04-21 22:58:01,044 - httpx - INFO - HTTP Request: POST http://localhost:54186/heap-written "HTTP/1.1 200 OK"
2026-04-21 22:58:01,046 - httpx - INFO - HTTP Request: POST http://localhost:54186/heap-written "HTTP/1.1 200 OK"
2026-04-21 22:58:01,049 - httpx - INFO - HTTP Request: POST http://localhost:54186/heap-written "HTTP/1.1 200 OK"
2026-04-21 22:58:01,055 - httpx - INFO - HTTP Request: POST http://localhost:54186/allocate_page "HTTP/1.1 200 OK"
2026-04-21 22:58:01,056 - httpx - INFO - HTTP Request: POST http://localhost:54186/allocate_page "HTTP/1.1 200 OK"
2026-04-21 22:58:01,056 - httpx - INFO - HTTP Request: GET http://localhost:54186/task?agent_id=0f8f3855 "HTTP/1.1 200 OK"
2026-04-21 22:58:01,057 - httpx - INFO - HTTP Request: GET http://localhost:54186/task?agent_id=e0a2a819 "HTTP/1.1 200 OK"
2026-04-21 22:58:01,065 - httpx - INFO - HTTP Request: POST http://localhost:54186/allocate_page "HTTP/1.1 200 OK"
2026-04-21 22:58:01,669 - httpx - INFO - HTTP Request: POST http://localhost:59807/heap/append "HTTP/1.1 200 OK"
2026-04-21 22:58:01,672 - httpx - INFO - HTTP Request: POST http://localhost:59967/heap/append "HTTP/1.1 200 OK"
2026-04-21 22:58:01,675 - httpx - INFO - HTTP Request: POST http://localhost:59821/heap/append "HTTP/1.1 200 OK"
2026-04-21 22:58:02,124 - httpx - INFO - HTTP Request: POST http://localhost:54186/heap-written "HTTP/1.1 200 OK"
2026-04-21 22:58:02,126 - httpx - INFO - HTTP Request: POST http://localhost:54186/heap-written "HTTP/1.1 200 OK"
2026-04-21 22:58:02,128 - httpx - INFO - HTTP Request: POST http://localhost:54186/heap-written "HTTP/1.1 200 OK"
2026-04-21 22:58:02,458 - httpx - INFO - HTTP Request: POST http://localhost:54186/allocate_page "HTTP/1.1 200 OK"
2026-04-21 22:58:02,461 - httpx - INFO - HTTP Request: GET http://localhost:54186/task?agent_id=313eb1aa "HTTP/1.1 200 OK"
2026-04-21 22:58:02,461 - httpx - INFO - HTTP Request: POST http://localhost:54186/allocate_page "HTTP/1.1 200 OK"
2026-04-21 22:58:02,958 - httpx - INFO - HTTP Request: POST http://localhost:59807/heap/append "HTTP/1.1 200 OK"
2026-04-21 22:58:02,961 - httpx - INFO - HTTP Request: POST http://localhost:59821/heap/append "HTTP/1.1 200 OK"
2026-04-21 22:58:03,653 - httpx - INFO - HTTP Request: POST http://localhost:54186/heap-written "HTTP/1.1 200 OK"
2026-04-21 22:58:03,655 - httpx - INFO - HTTP Request: POST http://localhost:54186/heap-written "HTTP/1.1 200 OK"
2026-04-21 22:58:03,867 - httpx - INFO - HTTP Request: GET http://localhost:54186/task?agent_id=0b416973 "HTTP/1.1 200 OK"
2026-04-21 22:58:03,871 - httpx - INFO - HTTP Request: GET http://localhost:54186/task?agent_id=17c44107 "HTTP/1.1 200 OK"
2026-04-21 22:58:03,877 - httpx - INFO - HTTP Request: GET http://localhost:1437/heap/unmerged "HTTP/1.1 200 OK"
2026-04-21 22:58:04,029 - httpx - INFO - HTTP Request: GET http://localhost:59793/heap/unmerged "HTTP/1.1 200 OK"
2026-04-21 22:58:04,155 - httpx - INFO - HTTP Request: GET http://localhost:59794/heap/unmerged "HTTP/1.1 200 OK"
2026-04-21 22:58:04,241 - httpx - INFO - HTTP Request: GET http://localhost:59797/heap/unmerged "HTTP/1.1 200 OK"
[BFF] 读取PublicMemory完成: 113 条记录
[BFF] 获取Agent 0b416973 堆段: 2 条
[BFF] 读取PublicMemory (物理路径): /mnt/d/collections2026/phd_application/nanobot1/milestone2/data/public_memory/public_memory.jsonl, top_k=2
[BFF] 读取PublicMemory完成: 113 条记录
[BFF] 获取Agent 099c20e8 堆段: 0 条
[BFF] Consolidator合并完成: {'status': 'ok', 'original_count': 117, 'deduped_count': 113, 'removed_count': 4, 'pages_marked': 12, 'source': 'km_page_table'}
[BFF] 读取PublicMemory (物理路径): /mnt/d/collections2026/phd_application/nanobot1/milestone2/data/public_memory/public_memory.jsonl, top_k=2
[BFF] 读取PublicMemory完成: 113 条记录
[BFF] Consolidator合并完成: {'status': 'ok', 'original_count': 117, 'deduped_count': 113, 'removed_count': 4, 'pages_marked': 12, 'source': 'km_page_table'}
[BFF] 读取PublicMemory (物理路径): /mnt/d/collections2026/phd_application/nanobot1/milestone2/data/public_memory/public_memory.jsonl, top_k=10000
[BFF] 读取PublicMemory完成: 113 条记录
[BFF] 读取PublicMemory (物理路径): /mnt/d/collections2026/phd_application/nanobot1/milestone2/data/public_memory/public_memory.jsonl, top_k=2
[BFF] 读取PublicMemory完成: 113 条记录
[BFF] all-unmerged 请求正在进行，等待完成...
[BFF] all-unmerged 请求正在进行，等待完成...
[BFF] 获取Agent 17c44107 堆段: 0 条
[BFF] 读取PublicMemory (物理路径): /mnt/d/collections2026/phd_application/nanobot1/milestone2/data/public_memory/public_memory.jsonl, top_k=2
[BFF] 读取PublicMemory完成: 113 条记录
[BFF] 写入PublicMemory (物理路径): /mnt/d/collections2026/phd_application/nanobot1/milestone2/data/public_memory/public_memory.jsonl
[BFF] 原子替换PublicMemory: 124 条记录 -> /mnt/d/collections2026/phd_application/nanobot1/milestone2/data/public_memory/public_memory.jsonl
[BFF] 获取Agent b85e8ec9 堆段: 1 条
[BFF] 获取Agent 24154eb6 堆段: 1 条
[BFF] 读取PublicMemory (物理路径): /mnt/d/collections2026/phd_application/nanobot1/milestone2/data/public_memory/public_memory.jsonl, top_k=2
[BFF] 读取PublicMemory完成: 124 条记录
[BFF] 读取PublicMemory (物理路径): /mnt/d/collections2026/phd_application/nanobot1/milestone2/data/public_memory/public_memory.jsonl, top_k=2
[BFF] 读取PublicMemory完成: 124 条记录
[BFF] 获取Agent 2ff18b1f 堆段: 1 条
[BFF] Consolidator合并完成: {'status': 'ok', 'original_count': 129, 'deduped_count': 124, 'removed_count': 5, 'pages_marked': 16, 'source': 'km_page_table'}
[BFF] 获取Agent cdd1ee18 堆段: 0 条
[BFF] all-unmerged 请求正在进行，等待完成...
[BFF] all-unmerged 请求正在进行，等待完成...
[BFF] all-unmerged 请求正在进行，等待完成...
[BFF] Consolidator容器已存在: 30f2ea13
[BFF] 转发合并请求到Consolidator: http://localhost:1166/execute_merge
[BFF] Consolidator容器已存在: 30f2ea13
[BFF] 转发合并请求到Consolidator: http://localhost:1166/execute_merge
[BFF] 获取Agent 67943fe2 堆段: 0 条
[BFF] 读取PublicMemory (物理路径): /mnt/d/collections2026/phd_application/nanobot1/milestone2/data/public_memory/public_memory.jsonl, top_k=2
[BFF] 读取PublicMemory完成: 124 条记录
[BFF] 读取PublicMemory (物理路径): /mnt/d/collections2026/phd_application/nanobot1/milestone2/data/public_memory/public_memory.jsonl, top_k=2
[BFF] 读取PublicMemory完成: 124 条记录
[BFF] 读取PublicMemory (物理路径): /mnt/d/collections2026/phd_application/nanobot1/milestone2/data/public_memory/public_memory.jsonl, top_k=2
[BFF] 读取PublicMemory完成: 124 条记录
[BFF] 读取PublicMemory (物理路径): /mnt/d/collections2026/phd_application/nanobot1/milestone2/data/public_memory/public_memory.jsonl, top_k=2
[BFF] 读取PublicMemory完成: 124 条记录
[BFF] 读取PublicMemory (物理路径): /mnt/d/collections2026/phd_application/nanobot1/milestone2/data/public_memory/public_memory.jsonl, top_k=2
[BFF] 读取PublicMemory完成: 124 条记录
[BFF] 获取Agent 7f58fa44 堆段: 0 条
[BFF] 读取PublicMemory (物理路径): /mnt/d/collections2026/phd_application/nanobot1/milestone2/data/public_memory/public_memory.jsonl, top_k=10000
[BFF] 读取PublicMemory完成: 124 条记录
[BFF] 读取PublicMemory (物理路径): /mnt/d/collections2026/phd_application/nanobot1/milestone2/data/public_memory/public_memory.jsonl, top_k=10000
[BFF] 读取PublicMemory完成: 124 条记录
[BFF] 获取Agent fdf7f99f 堆段: 1 条
[BFF] 获取Agent 65eb0cf8 堆段: 1 条
[BFF] 读取PublicMemory (物理路径): /mnt/d/collections2026/phd_application/nanobot1/milestone2/data/public_memory/public_memory.jsonl, top_k=2
[BFF] 读取PublicMemory完成: 124 条记录
[BFF] 读取PublicMemory (物理路径): /mnt/d/collections2026/phd_application/nanobot1/milestone2/data/public_memory/public_memory.jsonl, top_k=2
[BFF] 读取PublicMemory完成: 124 条记录
[BFF] 读取PublicMemory (物理路径): /mnt/d/collections2026/phd_application/nanobot1/milestone2/data/public_memory/public_memory.jsonl, top_k=2
[BFF] 读取PublicMemory完成: 124 条记录
[BFF] 读取PublicMemory (物理路径): /mnt/d/collections2026/phd_application/nanobot1/milestone2/data/public_memory/public_memory.jsonl, top_k=2
[BFF] 读取PublicMemory完成: 124 条记录
[BFF] 获取Agent e0a2a819 堆段: 0 条
[BFF] 写入PublicMemory (物理路径): /mnt/d/collections2026/phd_application/nanobot1/milestone2/data/public_memory/public_memory.jsonl
[BFF] 原子替换PublicMemory: 137 条记录 -> /mnt/d/collections2026/phd_application/nanobot1/milestone2/data/public_memory/public_memory.jsonl
[BFF] 写入PublicMemory (物理路径): /mnt/d/collections2026/phd_application/nanobot1/milestone2/data/public_memory/public_memory.jsonl
[BFF] 原子替换PublicMemory: 137 条记录 -> /mnt/d/collections2026/phd_application/nanobot1/milestone2/data/public_memory/public_memory.jsonl
[BFF] 获取Agent 313eb1aa 堆段: 0 条
[BFF] 获取Agent 8251b4d7 堆段: 0 条
[BFF] 读取PublicMemory (物理路径): /mnt/d/collections2026/phd_application/nanobot1/milestone2/data/public_memory/public_memory.jsonl, top_k=2
[BFF] 读取PublicMemory完成: 137 条记录
[BFF] 读取PublicMemory (物理路径): /mnt/d/collections2026/phd_application/nanobot1/milestone2/data/public_memory/public_memory.jsonl, top_k=2
[BFF] 读取PublicMemory完成: 137 条记录
[BFF] 获取Agent c348c646 堆段: 1 条
[BFF] Consolidator合并完成: {'status': 'ok', 'original_count': 138, 'deduped_count': 137, 'removed_count': 1, 'pages_marked': 14, 'source': 'km_page_table'}
[BFF] Consolidator合并完成: {'status': 'ok', 'original_count': 138, 'deduped_count': 137, 'removed_count': 1, 'pages_marked': 14, 'source': 'km_page_table'}
[BFF] 获取Agent 30f2ea13 堆段: 0 条
[BFF] all-unmerged 获取完成: 11 条
[BFF] all-unmerged 命中缓存: 11 条 (缓存剩余 5.0s)
[BFF] all-unmerged 命中缓存: 11 条 (缓存剩余 5.0s)
[BFF] 读取PublicMemory (物理路径): /mnt/d/collections2026/phd_application/nanobot1/milestone2/data/public_memory/public_memory.jsonl, top_k=2
[BFF] 读取PublicMemory完成: 137 条记录
[BFF] 读取PublicMemory (物理路径): /mnt/d/collections2026/phd_application/nanobot1/milestone2/data/public_memory/public_memory.jsonl, top_k=2
[BFF] 读取PublicMemory完成: 137 条记录
[BFF] 读取PublicMemory (物理路径): /mnt/d/collections2026/phd_application/nanobot1/milestone2/data/public_memory/public_memory.jsonl, top_k=2
[BFF] 读取PublicMemory完成: 137 条记录
[BFF] 邻居发现: 所有父子关系已建立
[BFF] all-unmerged 请求正在进行，等待完成...
[BFF] 获取Agent 0a0141ac 堆段: 0 条
[BFF] 获取Agent f392378b 堆段: 0 条
[BFF] 读取PublicMemory (物理路径): /mnt/d/collections2026/phd_application/nanobot1/milestone2/data/public_memory/public_memory.jsonl, top_k=2
[BFF] 读取PublicMemory完成: 137 条记录
[BFF] 读取PublicMemory (物理路径): /mnt/d/collections2026/phd_application/nanobot1/milestone2/data/public_memory/public_memory.jsonl, top_k=2
[BFF] 读取PublicMemory完成: 137 条记录
[BFF] 获取Agent 0f8f3855 堆段: 2 条
[BFF] 获取Agent 32947614 堆段: 0 条
2026-04-21 22:58:04,676 - httpx - INFO - HTTP Request: GET http://localhost:59802/heap/unmerged "HTTP/1.1 200 OK"
2026-04-21 22:58:04,965 - httpx - INFO - HTTP Request: GET http://localhost:59807/heap/unmerged "HTTP/1.1 200 OK"
2026-04-21 22:58:05,064 - httpx - INFO - HTTP Request: POST http://localhost:54186/allocate_page "HTTP/1.1 200 OK"
2026-04-21 22:58:05,070 - httpx - INFO - HTTP Request: GET http://localhost:59814/heap/unmerged "HTTP/1.1 200 OK"
2026-04-21 22:58:05,237 - httpx - INFO - HTTP Request: GET http://localhost:59821/heap/unmerged "HTTP/1.1 200 OK"
2026-04-21 22:58:05,325 - httpx - INFO - HTTP Request: POST http://localhost:59851/heap/append "HTTP/1.1 200 OK"
2026-04-21 22:58:05,327 - httpx - INFO - HTTP Request: GET http://localhost:59830/heap/unmerged "HTTP/1.1 200 OK"
2026-04-21 22:58:05,654 - httpx - INFO - HTTP Request: POST http://localhost:54186/heap-written "HTTP/1.1 200 OK"
2026-04-21 22:58:05,657 - httpx - INFO - HTTP Request: POST http://localhost:54186/allocate_page "HTTP/1.1 200 OK"
2026-04-21 22:58:05,660 - httpx - INFO - HTTP Request: GET http://localhost:59840/heap/unmerged "HTTP/1.1 200 OK"
2026-04-21 22:58:06,034 - httpx - INFO - HTTP Request: GET http://localhost:59851/heap/unmerged "HTTP/1.1 200 OK"
2026-04-21 22:58:06,171 - httpx - INFO - HTTP Request: POST http://localhost:59851/heap/append "HTTP/1.1 200 OK"
2026-04-21 22:58:06,529 - httpx - INFO - HTTP Request: POST http://localhost:54186/heap-written "HTTP/1.1 200 OK"
2026-04-21 22:58:06,533 - httpx - INFO - HTTP Request: GET http://localhost:54186/task?agent_id=2ff18b1f "HTTP/1.1 200 OK"
2026-04-21 22:58:06,534 - httpx - INFO - HTTP Request: GET http://localhost:59872/heap/unmerged "HTTP/1.1 200 OK"
2026-04-21 22:58:06,673 - httpx - INFO - HTTP Request: GET http://localhost:59887/heap/unmerged "HTTP/1.1 200 OK"
2026-04-21 22:58:06,770 - httpx - INFO - HTTP Request: GET http://localhost:59900/heap/unmerged "HTTP/1.1 200 OK"
2026-04-21 22:58:06,897 - httpx - INFO - HTTP Request: GET http://localhost:59917/heap/unmerged "HTTP/1.1 200 OK"
2026-04-21 22:58:07,035 - httpx - INFO - HTTP Request: GET http://localhost:59933/heap/unmerged "HTTP/1.1 200 OK"
2026-04-21 22:58:07,194 - httpx - INFO - HTTP Request: GET http://localhost:59952/heap/unmerged "HTTP/1.1 200 OK"
2026-04-21 22:58:07,351 - httpx - INFO - HTTP Request: GET http://localhost:59967/heap/unmerged "HTTP/1.1 200 OK"
2026-04-21 22:58:07,482 - httpx - INFO - HTTP Request: GET http://localhost:59992/heap/unmerged "HTTP/1.1 200 OK"
2026-04-21 22:58:07,587 - httpx - INFO - HTTP Request: GET http://localhost:1028/heap/unmerged "HTTP/1.1 200 OK"
2026-04-21 22:58:07,838 - httpx - INFO - HTTP Request: POST http://localhost:54186/allocate_page "HTTP/1.1 200 OK"
2026-04-21 22:58:08,410 - httpx - INFO - HTTP Request: POST http://localhost:54186/allocate_page "HTTP/1.1 200 OK"
2026-04-21 22:58:08,412 - httpx - INFO - HTTP Request: POST http://localhost:59830/heap/append "HTTP/1.1 200 OK"
2026-04-21 22:58:08,944 - httpx - INFO - HTTP Request: POST http://localhost:54186/heap-written "HTTP/1.1 200 OK"
2026-04-21 22:58:08,945 - httpx - INFO - HTTP Request: POST http://localhost:54186/allocate_page "HTTP/1.1 200 OK"
2026-04-21 22:58:08,951 - httpx - INFO - HTTP Request: POST http://localhost:54186/allocate_page "HTTP/1.1 200 OK"
2026-04-21 22:58:08,954 - httpx - INFO - HTTP Request: POST http://localhost:59992/heap/append "HTTP/1.1 200 OK"
2026-04-21 22:58:09,179 - httpx - INFO - HTTP Request: POST http://localhost:54186/heap-written "HTTP/1.1 200 OK"
2026-04-21 22:58:09,183 - httpx - INFO - HTTP Request: POST http://localhost:59840/heap/append "HTTP/1.1 200 OK"
2026-04-21 22:58:09,626 - httpx - INFO - HTTP Request: POST http://localhost:54186/allocate_page "HTTP/1.1 200 OK"
2026-04-21 22:58:09,629 - httpx - INFO - HTTP Request: POST http://localhost:59830/heap/append "HTTP/1.1 200 OK"
2026-04-21 22:58:09,631 - httpx - INFO - HTTP Request: POST http://localhost:54186/heap-written "HTTP/1.1 200 OK"
2026-04-21 22:58:09,635 - httpx - INFO - HTTP Request: POST http://localhost:54186/allocate_page "HTTP/1.1 200 OK"
2026-04-21 22:58:09,835 - httpx - INFO - HTTP Request: POST http://localhost:54186/heap-written "HTTP/1.1 200 OK"
2026-04-21 22:58:10,209 - httpx - INFO - HTTP Request: POST http://localhost:59840/heap/append "HTTP/1.1 200 OK"
2026-04-21 22:58:10,212 - httpx - INFO - HTTP Request: GET http://localhost:54186/task?agent_id=b85e8ec9 "HTTP/1.1 200 OK"
2026-04-21 22:58:10,306 - httpx - INFO - HTTP Request: POST http://localhost:59992/heap/append "HTTP/1.1 200 OK"
2026-04-21 22:58:10,494 - httpx - INFO - HTTP Request: POST http://localhost:54186/allocate_page "HTTP/1.1 200 OK"
2026-04-21 22:58:10,773 - httpx - INFO - HTTP Request: POST http://localhost:54186/heap-written "HTTP/1.1 200 OK"
2026-04-21 22:58:10,875 - httpx - INFO - HTTP Request: POST http://localhost:54186/heap-written "HTTP/1.1 200 OK"
2026-04-21 22:58:10,875 - httpx - INFO - HTTP Request: POST http://localhost:54186/allocate_page "HTTP/1.1 200 OK"
2026-04-21 22:58:10,880 - httpx - INFO - HTTP Request: GET http://localhost:54186/task?agent_id=24154eb6 "HTTP/1.1 200 OK"
2026-04-21 22:58:10,885 - httpx - INFO - HTTP Request: GET http://localhost:54186/task?agent_id=8251b4d7 "HTTP/1.1 200 OK"
2026-04-21 22:58:10,890 - httpx - INFO - HTTP Request: POST http://localhost:1028/heap/append "HTTP/1.1 200 OK"
2026-04-21 22:58:11,561 - httpx - INFO - HTTP Request: POST http://localhost:54186/heap-written "HTTP/1.1 200 OK"
2026-04-21 22:58:11,672 - httpx - INFO - HTTP Request: POST http://localhost:54186/allocate_page "HTTP/1.1 200 OK"
2026-04-21 22:58:11,673 - httpx - INFO - HTTP Request: POST http://localhost:59917/heap/append "HTTP/1.1 200 OK"
2026-04-21 22:58:11,769 - httpx - INFO - HTTP Request: POST http://localhost:54186/heap-written "HTTP/1.1 200 OK"
2026-04-21 22:58:12,147 - httpx - INFO - HTTP Request: POST http://localhost:54186/allocate_page "HTTP/1.1 200 OK"
2026-04-21 22:58:12,152 - httpx - INFO - HTTP Request: POST http://localhost:1028/heap/append "HTTP/1.1 200 OK"
2026-04-21 22:58:12,258 - httpx - INFO - HTTP Request: POST http://localhost:54186/heap-written "HTTP/1.1 200 OK"
2026-04-21 22:58:12,564 - httpx - INFO - HTTP Request: GET http://localhost:54186/task?agent_id=c348c646 "HTTP/1.1 200 OK"
2026-04-21 22:58:12,568 - httpx - INFO - HTTP Request: POST http://localhost:54186/allocate_page "HTTP/1.1 200 OK"
2026-04-21 22:58:12,573 - httpx - INFO - HTTP Request: POST http://localhost:59917/heap/append "HTTP/1.1 200 OK"
2026-04-21 22:58:12,686 - httpx - INFO - HTTP Request: POST http://localhost:54186/heap-written "HTTP/1.1 200 OK"
2026-04-21 22:58:13,087 - httpx - INFO - HTTP Request: GET http://localhost:54186/task?agent_id=fdf7f99f "HTTP/1.1 200 OK"
2026-04-21 22:58:13,092 - httpx - INFO - HTTP Request: POST http://localhost:59802/heap/append "HTTP/1.1 200 OK"
2026-04-21 22:58:13,102 - httpx - INFO - HTTP Request: GET http://localhost:1437/heap/unmerged "HTTP/1.1 200 OK"
2026-04-21 22:58:13,321 - httpx - INFO - HTTP Request: POST http://localhost:54186/heap-written "HTTP/1.1 200 OK"
2026-04-21 22:58:13,323 - httpx - INFO - HTTP Request: GET http://localhost:59793/heap/unmerged "HTTP/1.1 200 OK"
2026-04-21 22:58:13,442 - httpx - INFO - HTTP Request: GET http://localhost:59794/heap/unmerged "HTTP/1.1 200 OK"
2026-04-21 22:58:14,307 - httpx - INFO - HTTP Request: GET http://localhost:59797/heap/unmerged "HTTP/1.1 200 OK"
2026-04-21 22:58:14,448 - httpx - INFO - HTTP Request: POST http://localhost:54186/allocate_page "HTTP/1.1 200 OK"
2026-04-21 22:58:14,465 - httpx - INFO - HTTP Request: POST http://localhost:54186/allocate_page "HTTP/1.1 200 OK"
2026-04-21 22:58:14,466 - httpx - INFO - HTTP Request: POST http://localhost:54186/allocate_page "HTTP/1.1 200 OK"
2026-04-21 22:58:14,472 - httpx - INFO - HTTP Request: POST http://localhost:54186/allocate_page "HTTP/1.1 200 OK"
2026-04-21 22:58:14,473 - httpx - INFO - HTTP Request: POST http://localhost:54186/allocate_page "HTTP/1.1 200 OK"
2026-04-21 22:58:14,478 - httpx - INFO - HTTP Request: GET http://localhost:59802/heap/unmerged "HTTP/1.1 200 OK"
2026-04-21 22:58:14,576 - httpx - INFO - HTTP Request: GET http://localhost:59807/heap/unmerged "HTTP/1.1 200 OK"
2026-04-21 22:58:14,675 - httpx - INFO - HTTP Request: GET http://localhost:59814/heap/unmerged "HTTP/1.1 200 OK"
2026-04-21 22:58:15,645 - httpx - INFO - HTTP Request: GET http://localhost:59821/heap/unmerged "HTTP/1.1 200 OK"
2026-04-21 22:58:15,764 - httpx - INFO - HTTP Request: POST http://localhost:59802/heap/append "HTTP/1.1 200 OK"
2026-04-21 22:58:15,764 - httpx - INFO - HTTP Request: POST http://localhost:1437/heap/append "HTTP/1.1 200 OK"
2026-04-21 22:58:15,765 - httpx - INFO - HTTP Request: POST http://localhost:59887/heap/append "HTTP/1.1 200 OK"
2026-04-21 22:58:15,766 - httpx - INFO - HTTP Request: POST http://localhost:59933/heap/append "HTTP/1.1 200 OK"
2026-04-21 22:58:16,190 - httpx - INFO - HTTP Request: POST http://localhost:59872/heap/append "HTTP/1.1 200 OK"
2026-04-21 22:58:16,193 - httpx - INFO - HTTP Request: POST http://localhost:54186/allocate_page "HTTP/1.1 200 OK"
2026-04-21 22:58:16,938 - httpx - INFO - HTTP Request: GET http://localhost:59830/heap/unmerged "HTTP/1.1 200 OK"
2026-04-21 22:58:17,051 - httpx - INFO - HTTP Request: POST http://localhost:54186/heap-written "HTTP/1.1 200 OK"
2026-04-21 22:58:17,426 - httpx - INFO - HTTP Request: POST http://localhost:54186/heap-written "HTTP/1.1 200 OK"
2026-04-21 22:58:17,427 - httpx - INFO - HTTP Request: POST http://localhost:54186/heap-written "HTTP/1.1 200 OK"
2026-04-21 22:58:17,428 - httpx - INFO - HTTP Request: POST http://localhost:54186/heap-written "HTTP/1.1 200 OK"
2026-04-21 22:58:17,464 - httpx - INFO - HTTP Request: GET http://localhost:54186/task?agent_id=ecd67206 "HTTP/1.1 200 OK"
2026-04-21 22:58:17,467 - httpx - INFO - HTTP Request: POST http://localhost:54186/allocate_page "HTTP/1.1 200 OK"
2026-04-21 22:58:17,469 - httpx - INFO - HTTP Request: POST http://localhost:54186/heap-written "HTTP/1.1 200 OK"
2026-04-21 22:58:17,470 - httpx - INFO - HTTP Request: POST http://localhost:54186/allocate_page "HTTP/1.1 200 OK"
2026-04-21 22:58:17,471 - httpx - INFO - HTTP Request: POST http://localhost:54186/allocate_page "HTTP/1.1 200 OK"
2026-04-21 22:58:17,481 - httpx - INFO - HTTP Request: POST http://localhost:54186/allocate_page "HTTP/1.1 200 OK"
2026-04-21 22:58:17,487 - httpx - INFO - HTTP Request: GET http://localhost:59840/heap/unmerged "HTTP/1.1 200 OK"
2026-04-21 22:58:17,592 - httpx - INFO - HTTP Request: POST http://localhost:54186/allocate_page "HTTP/1.1 200 OK"
2026-04-21 22:58:17,593 - httpx - INFO - HTTP Request: POST http://localhost:59793/heap/append "HTTP/1.1 200 OK"
2026-04-21 22:58:17,691 - httpx - INFO - HTTP Request: POST http://localhost:54186/heap-written "HTTP/1.1 200 OK"
2026-04-21 22:58:17,694 - httpx - INFO - HTTP Request: GET http://localhost:59851/heap/unmerged "HTTP/1.1 200 OK"
2026-04-21 22:58:17,880 - httpx - INFO - HTTP Request: GET http://localhost:59872/heap/unmerged "HTTP/1.1 200 OK"
2026-04-21 22:58:18,529 - httpx - INFO - HTTP Request: POST http://localhost:54186/allocate_page "HTTP/1.1 200 OK"
2026-04-21 22:58:18,532 - httpx - INFO - HTTP Request: POST http://localhost:59933/heap/append "HTTP/1.1 200 OK"
2026-04-21 22:58:18,533 - httpx - INFO - HTTP Request: POST http://localhost:59872/heap/append "HTTP/1.1 200 OK"
2026-04-21 22:58:18,544 - httpx - INFO - HTTP Request: POST http://localhost:1437/heap/append "HTTP/1.1 200 OK"
2026-04-21 22:58:18,545 - httpx - INFO - HTTP Request: POST http://localhost:59794/heap/append "HTTP/1.1 200 OK"
2026-04-21 22:58:18,546 - httpx - INFO - HTTP Request: GET http://localhost:59887/heap/unmerged "HTTP/1.1 200 OK"
2026-04-21 22:58:18,548 - httpx - INFO - HTTP Request: POST http://localhost:59887/heap/append "HTTP/1.1 200 OK"
2026-04-21 22:58:19,874 - httpx - INFO - HTTP Request: GET http://localhost:59900/heap/unmerged "HTTP/1.1 200 OK"
2026-04-21 22:58:19,986 - httpx - INFO - HTTP Request: POST http://localhost:54186/heap-written "HTTP/1.1 200 OK"
2026-04-21 22:58:19,987 - httpx - INFO - HTTP Request: POST http://localhost:54186/heap-written "HTTP/1.1 200 OK"
2026-04-21 22:58:19,988 - httpx - INFO - HTTP Request: POST http://localhost:54186/heap-written "HTTP/1.1 200 OK"
2026-04-21 22:58:19,988 - httpx - INFO - HTTP Request: POST http://localhost:54186/heap-written "HTTP/1.1 200 OK"
2026-04-21 22:58:19,989 - httpx - INFO - HTTP Request: POST http://localhost:54186/heap-written "HTTP/1.1 200 OK"
2026-04-21 22:58:20,001 - httpx - INFO - HTTP Request: GET http://localhost:54186/task?agent_id=65eb0cf8 "HTTP/1.1 200 OK"
2026-04-21 22:58:20,002 - httpx - INFO - HTTP Request: GET http://localhost:54186/task?agent_id=0a0141ac "HTTP/1.1 200 OK"
2026-04-21 22:58:20,002 - httpx - INFO - HTTP Request: GET http://localhost:54186/task?agent_id=cdd1ee18 "HTTP/1.1 200 OK"
2026-04-21 22:58:20,003 - httpx - INFO - HTTP Request: GET http://localhost:54186/task?agent_id=67943fe2 "HTTP/1.1 200 OK"
2026-04-21 22:58:20,017 - httpx - INFO - HTTP Request: POST http://localhost:54186/allocate_page "HTTP/1.1 200 OK"
2026-04-21 22:58:20,018 - httpx - INFO - HTTP Request: POST http://localhost:54186/allocate_page "HTTP/1.1 200 OK"
2026-04-21 22:58:20,018 - httpx - INFO - HTTP Request: POST http://localhost:59793/heap/append "HTTP/1.1 200 OK"
2026-04-21 22:58:20,144 - httpx - INFO - HTTP Request: POST http://localhost:54186/heap-written "HTTP/1.1 200 OK"
2026-04-21 22:58:20,148 - httpx - INFO - HTTP Request: GET http://localhost:59917/heap/unmerged "HTTP/1.1 200 OK"
2026-04-21 22:58:20,252 - httpx - INFO - HTTP Request: GET http://localhost:59933/heap/unmerged "HTTP/1.1 200 OK"
2026-04-21 22:58:20,347 - httpx - INFO - HTTP Request: GET http://localhost:59952/heap/unmerged "HTTP/1.1 200 OK"
2026-04-21 22:58:21,104 - httpx - INFO - HTTP Request: GET http://localhost:59967/heap/unmerged "HTTP/1.1 200 OK"
2026-04-21 22:58:21,210 - httpx - INFO - HTTP Request: GET http://localhost:54186/task?agent_id=f392378b "HTTP/1.1 200 OK"
2026-04-21 22:58:21,220 - httpx - INFO - HTTP Request: POST http://localhost:54186/allocate_page "HTTP/1.1 200 OK"
2026-04-21 22:58:21,220 - httpx - INFO - HTTP Request: POST http://localhost:59794/heap/append "HTTP/1.1 200 OK"
2026-04-21 22:58:21,221 - httpx - INFO - HTTP Request: POST http://localhost:59952/heap/append "HTTP/1.1 200 OK"
2026-04-21 22:58:21,407 - httpx - INFO - HTTP Request: POST http://localhost:54186/heap-written "HTTP/1.1 200 OK"
2026-04-21 22:58:21,423 - httpx - INFO - HTTP Request: POST http://localhost:54186/heap-written "HTTP/1.1 200 OK"
2026-04-21 22:58:21,523 - httpx - INFO - HTTP Request: GET http://localhost:59992/heap/unmerged "HTTP/1.1 200 OK"
2026-04-21 22:58:22,360 - httpx - INFO - HTTP Request: POST http://localhost:59967/heap/append "HTTP/1.1 200 OK"
2026-04-21 22:58:22,364 - httpx - INFO - HTTP Request: GET http://localhost:54186/task?agent_id=0f8f3855 "HTTP/1.1 200 OK"
2026-04-21 22:58:22,500 - httpx - INFO - HTTP Request: POST http://localhost:54186/allocate_page "HTTP/1.1 200 OK"
2026-04-21 22:58:22,501 - httpx - INFO - HTTP Request: GET http://localhost:1028/heap/unmerged "HTTP/1.1 200 OK"
2026-04-21 22:58:23,285 - httpx - INFO - HTTP Request: POST http://localhost:54186/heap-written "HTTP/1.1 200 OK"
2026-04-21 22:58:23,289 - httpx - INFO - HTTP Request: POST http://localhost:54186/allocate_page "HTTP/1.1 200 OK"
2026-04-21 22:58:23,294 - httpx - INFO - HTTP Request: POST http://localhost:59952/heap/append "HTTP/1.1 200 OK"
2026-04-21 22:58:23,403 - httpx - INFO - HTTP Request: POST http://localhost:54186/heap-written "HTTP/1.1 200 OK"
2026-04-21 22:58:23,498 - httpx - INFO - HTTP Request: GET http://localhost:54186/task?agent_id=e0a2a819 "HTTP/1.1 200 OK"
2026-04-21 22:58:23,986 - httpx - INFO - HTTP Request: POST http://localhost:59967/heap/append "HTTP/1.1 200 OK"
2026-04-21 22:58:23,988 - httpx - INFO - HTTP Request: POST http://localhost:54186/allocate_page "HTTP/1.1 200 OK"
2026-04-21 22:58:23,989 - httpx - INFO - HTTP Request: POST http://localhost:54186/allocate_page "HTTP/1.1 200 OK"
2026-04-21 22:58:24,092 - httpx - INFO - HTTP Request: POST http://localhost:54186/heap-written "HTTP/1.1 200 OK"
2026-04-21 22:58:24,664 - httpx - INFO - HTTP Request: GET http://localhost:54186/task?agent_id=313eb1aa "HTTP/1.1 200 OK"
2026-04-21 22:58:24,667 - httpx - INFO - HTTP Request: POST http://localhost:59807/heap/append "HTTP/1.1 200 OK"
2026-04-21 22:58:24,668 - httpx - INFO - HTTP Request: POST http://localhost:59821/heap/append "HTTP/1.1 200 OK"
2026-04-21 22:58:24,871 - httpx - INFO - HTTP Request: POST http://localhost:54186/heap-written "HTTP/1.1 200 OK"
2026-04-21 22:58:24,873 - httpx - INFO - HTTP Request: POST http://localhost:54186/heap-written "HTTP/1.1 200 OK"
2026-04-21 22:58:25,477 - httpx - INFO - HTTP Request: POST http://localhost:54186/allocate_page "HTTP/1.1 200 OK"
2026-04-21 22:58:25,480 - httpx - INFO - HTTP Request: POST http://localhost:54186/allocate_page "HTTP/1.1 200 OK"
2026-04-21 22:58:25,481 - httpx - INFO - HTTP Request: POST http://localhost:54186/allocate_page "HTTP/1.1 200 OK"
2026-04-21 22:58:25,939 - httpx - INFO - HTTP Request: POST http://localhost:59807/heap/append "HTTP/1.1 200 OK"
2026-04-21 22:58:25,940 - httpx - INFO - HTTP Request: POST http://localhost:59851/heap/append "HTTP/1.1 200 OK"
2026-04-21 22:58:25,942 - httpx - INFO - HTTP Request: POST http://localhost:59821/heap/append "HTTP/1.1 200 OK"
2026-04-21 22:58:26,735 - httpx - INFO - HTTP Request: POST http://localhost:54186/heap-written "HTTP/1.1 200 OK"
2026-04-21 22:58:26,735 - httpx - INFO - HTTP Request: POST http://localhost:54186/heap-written "HTTP/1.1 200 OK"
2026-04-21 22:58:26,736 - httpx - INFO - HTTP Request: POST http://localhost:54186/heap-written "HTTP/1.1 200 OK"
2026-04-21 22:58:26,743 - httpx - INFO - HTTP Request: POST http://localhost:54186/allocate_page "HTTP/1.1 200 OK"
2026-04-21 22:58:26,744 - httpx - INFO - HTTP Request: GET http://localhost:54186/task?agent_id=17c44107 "HTTP/1.1 200 OK"
2026-04-21 22:58:26,744 - httpx - INFO - HTTP Request: GET http://localhost:54186/task?agent_id=0b416973 "HTTP/1.1 200 OK"
2026-04-21 22:58:26,957 - httpx - INFO - HTTP Request: POST http://localhost:59851/heap/append "HTTP/1.1 200 OK"
2026-04-21 22:58:27,185 - httpx - INFO - HTTP Request: POST http://localhost:54186/heap-written "HTTP/1.1 200 OK"
2026-04-21 22:58:27,188 - httpx - INFO - HTTP Request: GET http://localhost:54186/task?agent_id=2ff18b1f "HTTP/1.1 200 OK"
2026-04-21 22:58:27,930 - httpx - INFO - HTTP Request: GET http://localhost:38963/health "HTTP/1.1 200 OK"
2026-04-21 22:58:28,055 - httpx - INFO - HTTP Request: POST http://localhost:54186/allocate_page "HTTP/1.1 200 OK"
2026-04-21 22:58:28,374 - httpx - INFO - HTTP Request: GET http://localhost:54186/active_pages "HTTP/1.1 200 OK"
2026-04-21 22:58:28,379 - httpx - INFO - HTTP Request: POST http://localhost:59840/heap/append "HTTP/1.1 200 OK"
2026-04-21 22:58:28,622 - httpx - INFO - HTTP Request: POST http://localhost:54186/heap-written "HTTP/1.1 200 OK"
2026-04-21 22:58:28,625 - httpx - INFO - HTTP Request: POST http://localhost:54186/allocate_page "HTTP/1.1 200 OK"
2026-04-21 22:58:28,999 - httpx - INFO - HTTP Request: POST http://localhost:54186/allocate_page "HTTP/1.1 200 OK"
2026-04-21 22:58:29,002 - httpx - INFO - HTTP Request: POST http://localhost:59840/heap/append "HTTP/1.1 200 OK"
2026-04-21 22:58:29,117 - httpx - INFO - HTTP Request: POST http://localhost:54186/heap-written "HTTP/1.1 200 OK"
2026-04-21 22:58:29,479 - httpx - INFO - HTTP Request: GET http://localhost:54186/task?agent_id=24154eb6 "HTTP/1.1 200 OK"
2026-04-21 22:58:29,483 - httpx - INFO - HTTP Request: POST http://localhost:59797/heap/append "HTTP/1.1 200 OK"
2026-04-21 22:58:29,579 - httpx - INFO - HTTP Request: POST http://localhost:54186/heap-written "HTTP/1.1 200 OK"
2026-04-21 22:58:29,839 - httpx - INFO - HTTP Request: POST http://localhost:54186/allocate_page "HTTP/1.1 200 OK"
2026-04-21 22:58:30,184 - httpx - INFO - HTTP Request: POST http://localhost:54186/mark_pages_merged "HTTP/1.1 200 OK"
2026-04-21 22:58:30,187 - httpx - INFO - HTTP Request: POST http://localhost:59797/heap/append "HTTP/1.1 200 OK"
2026-04-21 22:58:32,720 - httpx - INFO - HTTP Request: POST http://localhost:54186/heap-written "HTTP/1.1 200 OK"
2026-04-21 22:58:32,721 - httpx - INFO - HTTP Request: POST http://localhost:59807/heap/mark-merged "HTTP/1.1 200 OK"
2026-04-21 22:58:32,722 - httpx - INFO - HTTP Request: POST http://localhost:59952/heap/mark-merged "HTTP/1.1 200 OK"
2026-04-21 22:58:32,722 - httpx - INFO - HTTP Request: POST http://localhost:59794/heap/mark-merged "HTTP/1.1 200 OK"
2026-04-21 22:58:32,723 - httpx - INFO - HTTP Request: POST http://localhost:59967/heap/mark-merged "HTTP/1.1 200 OK"
2026-04-21 22:58:32,772 - httpx - INFO - HTTP Request: GET http://localhost:54186/task?agent_id=32947614 "HTTP/1.1 200 OK"
2026-04-21 22:58:32,773 - httpx - INFO - HTTP Request: POST http://localhost:1437/heap/mark-merged "HTTP/1.1 200 OK"
2026-04-21 22:58:32,774 - httpx - INFO - HTTP Request: POST http://localhost:59821/heap/mark-merged "HTTP/1.1 200 OK"
2026-04-21 22:58:32,774 - httpx - INFO - HTTP Request: POST http://localhost:59917/heap/mark-merged "HTTP/1.1 200 OK"
2026-04-21 22:58:32,775 - httpx - INFO - HTTP Request: POST http://localhost:59830/heap/mark-merged "HTTP/1.1 200 OK"
2026-04-21 22:58:32,775 - httpx - INFO - HTTP Request: POST http://localhost:59840/heap/mark-merged "HTTP/1.1 200 OK"
2026-04-21 22:58:32,776 - httpx - INFO - HTTP Request: POST http://localhost:59872/heap/mark-merged "HTTP/1.1 200 OK"
2026-04-21 22:58:32,776 - httpx - INFO - HTTP Request: POST http://localhost:1028/heap/mark-merged "HTTP/1.1 200 OK"
2026-04-21 22:58:32,776 - httpx - INFO - HTTP Request: POST http://localhost:59992/heap/mark-merged "HTTP/1.1 200 OK"
2026-04-21 22:58:32,777 - httpx - INFO - HTTP Request: POST http://localhost:59887/heap/mark-merged "HTTP/1.1 200 OK"
2026-04-21 22:58:32,777 - httpx - INFO - HTTP Request: POST http://localhost:59851/heap/mark-merged "HTTP/1.1 200 OK"
2026-04-21 22:58:32,778 - httpx - INFO - HTTP Request: POST http://localhost:59793/heap/mark-merged "HTTP/1.1 200 OK"
2026-04-21 22:58:32,778 - httpx - INFO - HTTP Request: POST http://localhost:59933/heap/mark-merged "HTTP/1.1 200 OK"
2026-04-21 22:58:32,778 - httpx - INFO - HTTP Request: POST http://localhost:59802/heap/mark-merged "HTTP/1.1 200 OK"
2026-04-21 22:58:32,801 - httpx - INFO - HTTP Request: POST http://localhost:54186/allocate_page "HTTP/1.1 200 OK"
2026-04-21 22:58:32,802 - httpx - INFO - HTTP Request: POST http://localhost:54186/allocate_page "HTTP/1.1 200 OK"
2026-04-21 22:58:32,805 - httpx - INFO - HTTP Request: POST http://localhost:54186/allocate_page "HTTP/1.1 200 OK"
2026-04-21 22:58:32,833 - httpx - INFO - HTTP Request: POST http://localhost:38963/execute_merge "HTTP/1.1 200 OK"
2026-04-21 22:58:33,008 - httpx - INFO - HTTP Request: GET http://localhost:1437/heap/unmerged "HTTP/1.1 200 OK"
2026-04-21 22:58:33,494 - httpx - INFO - HTTP Request: GET http://localhost:59793/heap/unmerged "HTTP/1.1 200 OK"
2026-04-21 22:58:33,626 - httpx - INFO - HTTP Request: POST http://localhost:1028/heap/append "HTTP/1.1 200 OK"
2026-04-21 22:58:33,728 - httpx - INFO - HTTP Request: POST http://localhost:59992/heap/append "HTTP/1.1 200 OK"
2026-04-21 22:58:33,728 - httpx - INFO - HTTP Request: POST http://localhost:59830/heap/append "HTTP/1.1 200 OK"
2026-04-21 22:58:33,999 - httpx - INFO - HTTP Request: GET http://localhost:59794/heap/unmerged "HTTP/1.1 200 OK"
[BFF] 容器不存在 30f2ea13，清理中...
[BFF] 健康检查: 已清理 1 个无效容器
[BFF] 获取Agent ecd67206 堆段: 0 条
[BFF] 获取Agent 0b416973 堆段: 2 条
[BFF] 获取Agent 099c20e8 堆段: 0 条
[BFF] 获取Agent 17c44107 堆段: 2 条
[BFF] 获取Agent b85e8ec9 堆段: 0 条
[BFF] 获取Agent 24154eb6 堆段: 0 条
[BFF] all-unmerged 请求正在进行，等待完成...
[BFF] 获取Agent 2ff18b1f 堆段: 1 条
[BFF] 获取Agent cdd1ee18 堆段: 0 条
[BFF] all-unmerged 请求正在进行，等待完成...
[BFF] 读取PublicMemory (物理路径): /mnt/d/collections2026/phd_application/nanobot1/milestone2/data/public_memory/public_memory.jsonl, top_k=2
[BFF] 读取PublicMemory完成: 137 条记录
[BFF] 获取Agent 67943fe2 堆段: 0 条
[BFF] 获取Agent 7f58fa44 堆段: 0 条
[BFF] 获取Agent fdf7f99f 堆段: 0 条
[BFF] 获取Agent 65eb0cf8 堆段: 0 条
[BFF] 获取Agent e0a2a819 堆段: 2 条
[BFF] 获取Agent 313eb1aa 堆段: 2 条
[BFF] 获取Agent 8251b4d7 堆段: 0 条
[BFF] 获取Agent c348c646 堆段: 0 条
[BFF] all-unmerged 获取完成: 11 条
[BFF] all-unmerged 命中缓存: 11 条 (缓存剩余 3.6s)
[BFF] all-unmerged 命中缓存: 11 条 (缓存剩余 3.4s)
[BFF] all-unmerged 命中缓存: 11 条 (缓存剩余 2.9s)
[BFF] all-unmerged 命中缓存: 11 条 (缓存剩余 2.7s)
[BFF] 读取PublicMemory (物理路径): /mnt/d/collections2026/phd_application/nanobot1/milestone2/data/public_memory/public_memory.jsonl, top_k=2
[BFF] 读取PublicMemory完成: 137 条记录
[BFF] all-unmerged 命中缓存: 11 条 (缓存剩余 1.8s)
[BFF] all-unmerged 命中缓存: 11 条 (缓存剩余 1.7s)
[BFF] 读取PublicMemory (物理路径): /mnt/d/collections2026/phd_application/nanobot1/milestone2/data/public_memory/public_memory.jsonl, top_k=2
[BFF] 读取PublicMemory完成: 137 条记录
[BFF] 读取PublicMemory (物理路径): /mnt/d/collections2026/phd_application/nanobot1/milestone2/data/public_memory/public_memory.jsonl, top_k=2
[BFF] 读取PublicMemory完成: 137 条记录
[BFF] all-unmerged 命中缓存: 11 条 (缓存剩余 1.0s)
[BFF] all-unmerged 命中缓存: 11 条 (缓存剩余 0.4s)
[BFF] all-unmerged 命中缓存: 11 条 (缓存剩余 0.3s)
[BFF] 读取PublicMemory (物理路径): /mnt/d/collections2026/phd_application/nanobot1/milestone2/data/public_memory/public_memory.jsonl, top_k=2
[BFF] 读取PublicMemory完成: 137 条记录
[BFF] 获取Agent 0a0141ac 堆段: 0 条
[BFF] 获取Agent f392378b 堆段: 0 条
[BFF] all-unmerged 请求正在进行，等待完成...
[BFF] 获取Agent 0f8f3855 堆段: 2 条
[BFF] 读取PublicMemory (物理路径): /mnt/d/collections2026/phd_application/nanobot1/milestone2/data/public_memory/public_memory.jsonl, top_k=2
[BFF] 读取PublicMemory完成: 137 条记录
[BFF] 获取Agent 32947614 堆段: 0 条
[BFF] 获取Agent ecd67206 堆段: 1 条
[BFF] 获取Agent 0b416973 堆段: 2 条
[BFF] 获取Agent 099c20e8 堆段: 0 条
[BFF] 获取Agent 17c44107 堆段: 2 条
[BFF] 获取Agent b85e8ec9 堆段: 2 条
[BFF] all-unmerged 请求正在进行，等待完成...
[BFF] all-unmerged 请求正在进行，等待完成...
[BFF] all-unmerged 请求正在进行，等待完成...
[BFF] all-unmerged 请求正在进行，等待完成...
[BFF] all-unmerged 请求正在进行，等待完成...
[BFF] 获取Agent 24154eb6 堆段: 2 条
[BFF] 获取Agent 2ff18b1f 堆段: 2 条
[BFF] all-unmerged 请求正在进行，等待完成...
[BFF] 获取Agent cdd1ee18 堆段: 1 条
[BFF] 读取PublicMemory (物理路径): /mnt/d/collections2026/phd_application/nanobot1/milestone2/data/public_memory/public_memory.jsonl, top_k=2
[BFF] 读取PublicMemory完成: 137 条记录
[BFF] 获取Agent 67943fe2 堆段: 1 条
[BFF] 获取Agent 7f58fa44 堆段: 0 条
[BFF] all-unmerged 请求正在进行，等待完成...
[BFF] all-unmerged 请求正在进行，等待完成...
[BFF] all-unmerged 请求正在进行，等待完成...
[BFF] all-unmerged 请求正在进行，等待完成...
[BFF] all-unmerged 请求正在进行，等待完成...
[BFF] 获取Agent fdf7f99f 堆段: 2 条
[BFF] all-unmerged 请求正在进行，等待完成...
[BFF] 获取Agent 65eb0cf8 堆段: 2 条
[BFF] 获取Agent e0a2a819 堆段: 2 条
[BFF] 读取PublicMemory (物理路径): /mnt/d/collections2026/phd_application/nanobot1/milestone2/data/public_memory/public_memory.jsonl, top_k=2
[BFF] 读取PublicMemory完成: 137 条记录
[BFF] 读取PublicMemory (物理路径): /mnt/d/collections2026/phd_application/nanobot1/milestone2/data/public_memory/public_memory.jsonl, top_k=2
[BFF] 读取PublicMemory完成: 137 条记录
[BFF] 读取PublicMemory (物理路径): /mnt/d/collections2026/phd_application/nanobot1/milestone2/data/public_memory/public_memory.jsonl, top_k=2
[BFF] 读取PublicMemory完成: 137 条记录
[BFF] 读取PublicMemory (物理路径): /mnt/d/collections2026/phd_application/nanobot1/milestone2/data/public_memory/public_memory.jsonl, top_k=2
[BFF] 读取PublicMemory完成: 137 条记录
[BFF] all-unmerged 请求正在进行，等待完成...
[BFF] 获取Agent 313eb1aa 堆段: 2 条
[BFF] 读取PublicMemory (物理路径): /mnt/d/collections2026/phd_application/nanobot1/milestone2/data/public_memory/public_memory.jsonl, top_k=2
[BFF] 读取PublicMemory完成: 137 条记录
[BFF] 获取Agent 8251b4d7 堆段: 2 条
[BFF] all-unmerged 请求正在进行，等待完成...
[BFF] all-unmerged 请求正在进行，等待完成...
[BFF] 获取Agent c348c646 堆段: 2 条
[BFF] all-unmerged 获取完成: 27 条
[BFF] 创建Consolidator容器...
[BFF] 读取PublicMemory (物理路径): /mnt/d/collections2026/phd_application/nanobot1/milestone2/data/public_memory/public_memory.jsonl, top_k=2
[BFF] 读取PublicMemory完成: 137 条记录
[BFF] 读取PublicMemory (物理路径): /mnt/d/collections2026/phd_application/nanobot1/milestone2/data/public_memory/public_memory.jsonl, top_k=2
[BFF] 读取PublicMemory完成: 137 条记录
[BFF] 读取PublicMemory (物理路径): /mnt/d/collections2026/phd_application/nanobot1/milestone2/data/public_memory/public_memory.jsonl, top_k=2
[BFF] 读取PublicMemory完成: 137 条记录
[BFF] 读取PublicMemory (物理路径): /mnt/d/collections2026/phd_application/nanobot1/milestone2/data/public_memory/public_memory.jsonl, top_k=2
[BFF] 读取PublicMemory完成: 137 条记录
[BFF] 读取PublicMemory (物理路径): /mnt/d/collections2026/phd_application/nanobot1/milestone2/data/public_memory/public_memory.jsonl, top_k=2
[BFF] 读取PublicMemory完成: 137 条记录
[BFF] 读取PublicMemory (物理路径): /mnt/d/collections2026/phd_application/nanobot1/milestone2/data/public_memory/public_memory.jsonl, top_k=2
[BFF] 读取PublicMemory完成: 137 条记录
[Orchestrator] Container consolidator_30fb733d is ready
[Orchestrator] Created container consolidator_30fb733d
[BFF] Consolidator容器已创建: 30fb733d
[BFF] Consolidator容器已创建: 30fb733d
[BFF] Consolidator容器已创建: 30fb733d
[BFF] 转发合并请求到Consolidator: http://localhost:38963/execute_merge
[BFF] 读取PublicMemory (物理路径): /mnt/d/collections2026/phd_application/nanobot1/milestone2/data/public_memory/public_memory.jsonl, top_k=10000
[BFF] 读取PublicMemory完成: 137 条记录
[BFF] 读取PublicMemory (物理路径): /mnt/d/collections2026/phd_application/nanobot1/milestone2/data/public_memory/public_memory.jsonl, top_k=2
[BFF] 读取PublicMemory完成: 137 条记录
[BFF] 写入PublicMemory (物理路径): /mnt/d/collections2026/phd_application/nanobot1/milestone2/data/public_memory/public_memory.jsonl
[BFF] 原子替换PublicMemory: 167 条记录 -> /mnt/d/collections2026/phd_application/nanobot1/milestone2/data/public_memory/public_memory.jsonl
[BFF] Consolidator合并完成: {'status': 'ok', 'original_count': 184, 'deduped_count': 167, 'removed_count': 17, 'pages_marked': 47, 'source': 'km_page_table'}
[BFF] 获取Agent 0a0141ac 堆段: 0 条
[BFF] 读取PublicMemory (物理路径): /mnt/d/collections2026/phd_application/nanobot1/milestone2/data/public_memory/public_memory.jsonl, top_k=2
[BFF] 读取PublicMemory完成: 167 条记录
[BFF] 获取Agent f392378b 堆段: 0 条
2026-04-21 22:58:34,102 - httpx - INFO - HTTP Request: POST http://localhost:54186/heap-written "HTTP/1.1 200 OK"
2026-04-21 22:58:34,462 - httpx - INFO - HTTP Request: POST http://localhost:54186/heap-written "HTTP/1.1 200 OK"
2026-04-21 22:58:34,463 - httpx - INFO - HTTP Request: POST http://localhost:54186/heap-written "HTTP/1.1 200 OK"
2026-04-21 22:58:34,573 - httpx - INFO - HTTP Request: POST http://localhost:54186/allocate_page "HTTP/1.1 200 OK"
2026-04-21 22:58:34,882 - httpx - INFO - HTTP Request: POST http://localhost:54186/allocate_page "HTTP/1.1 200 OK"
2026-04-21 22:58:34,882 - httpx - INFO - HTTP Request: POST http://localhost:54186/allocate_page "HTTP/1.1 200 OK"
2026-04-21 22:58:34,883 - httpx - INFO - HTTP Request: GET http://localhost:59797/heap/unmerged "HTTP/1.1 200 OK"
2026-04-21 22:58:34,993 - httpx - INFO - HTTP Request: POST http://localhost:54186/allocate_page "HTTP/1.1 200 OK"
2026-04-21 22:58:35,080 - httpx - INFO - HTTP Request: POST http://localhost:54186/allocate_page "HTTP/1.1 200 OK"
2026-04-21 22:58:35,083 - httpx - INFO - HTTP Request: POST http://localhost:1028/heap/append "HTTP/1.1 200 OK"
2026-04-21 22:58:35,086 - httpx - INFO - HTTP Request: GET http://localhost:59802/heap/unmerged "HTTP/1.1 200 OK"
2026-04-21 22:58:36,131 - httpx - INFO - HTTP Request: GET http://localhost:59807/heap/unmerged "HTTP/1.1 200 OK"
2026-04-21 22:58:36,222 - httpx - INFO - HTTP Request: GET http://localhost:54186/active_pages "HTTP/1.1 200 OK"
2026-04-21 22:58:36,223 - httpx - INFO - HTTP Request: GET http://localhost:54186/active_pages "HTTP/1.1 200 OK"
2026-04-21 22:58:36,230 - httpx - INFO - HTTP Request: GET http://localhost:54186/active_pages "HTTP/1.1 200 OK"
2026-04-21 22:58:36,233 - httpx - INFO - HTTP Request: POST http://localhost:54186/heap-written "HTTP/1.1 200 OK"
2026-04-21 22:58:36,237 - httpx - INFO - HTTP Request: POST http://localhost:59992/heap/append "HTTP/1.1 200 OK"
2026-04-21 22:58:36,243 - httpx - INFO - HTTP Request: GET http://localhost:54186/task?agent_id=c348c646 "HTTP/1.1 200 OK"
2026-04-21 22:58:36,249 - httpx - INFO - HTTP Request: POST http://localhost:59802/heap/append "HTTP/1.1 200 OK"
2026-04-21 22:58:36,250 - httpx - INFO - HTTP Request: POST http://localhost:59830/heap/append "HTTP/1.1 200 OK"
2026-04-21 22:58:36,251 - httpx - INFO - HTTP Request: POST http://localhost:59814/heap/append "HTTP/1.1 200 OK"
2026-04-21 22:58:36,696 - httpx - INFO - HTTP Request: POST http://localhost:54186/allocate_page "HTTP/1.1 200 OK"
2026-04-21 22:58:37,252 - httpx - INFO - HTTP Request: GET http://localhost:59814/heap/unmerged "HTTP/1.1 200 OK"
2026-04-21 22:58:37,551 - httpx - INFO - HTTP Request: POST http://localhost:54186/heap-written "HTTP/1.1 200 OK"
2026-04-21 22:58:37,552 - httpx - INFO - HTTP Request: POST http://localhost:54186/heap-written "HTTP/1.1 200 OK"
2026-04-21 22:58:37,556 - httpx - INFO - HTTP Request: POST http://localhost:54186/heap-written "HTTP/1.1 200 OK"
2026-04-21 22:58:37,556 - httpx - INFO - HTTP Request: POST http://localhost:54186/heap-written "HTTP/1.1 200 OK"
2026-04-21 22:58:37,560 - httpx - INFO - HTTP Request: GET http://localhost:54186/task?agent_id=8251b4d7 "HTTP/1.1 200 OK"
2026-04-21 22:58:37,561 - httpx - INFO - HTTP Request: GET http://localhost:54186/task?agent_id=b85e8ec9 "HTTP/1.1 200 OK"
2026-04-21 22:58:37,566 - httpx - INFO - HTTP Request: POST http://localhost:54186/allocate_page "HTTP/1.1 200 OK"
2026-04-21 22:58:37,567 - httpx - INFO - HTTP Request: POST http://localhost:54186/allocate_page "HTTP/1.1 200 OK"
2026-04-21 22:58:37,567 - httpx - INFO - HTTP Request: POST http://localhost:54186/allocate_page "HTTP/1.1 200 OK"
2026-04-21 22:58:37,578 - httpx - INFO - HTTP Request: GET http://localhost:59821/heap/unmerged "HTTP/1.1 200 OK"
2026-04-21 22:58:37,677 - httpx - INFO - HTTP Request: POST http://localhost:59917/heap/append "HTTP/1.1 200 OK"
2026-04-21 22:58:38,198 - httpx - INFO - HTTP Request: GET http://localhost:59830/heap/unmerged "HTTP/1.1 200 OK"
2026-04-21 22:58:39,056 - httpx - INFO - HTTP Request: POST http://localhost:54186/heap-written "HTTP/1.1 200 OK"
2026-04-21 22:58:39,146 - httpx - INFO - HTTP Request: POST http://localhost:59872/heap/append "HTTP/1.1 200 OK"
2026-04-21 22:58:39,153 - httpx - INFO - HTTP Request: POST http://localhost:54186/mark_pages_merged "HTTP/1.1 200 OK"
2026-04-21 22:58:39,392 - httpx - INFO - HTTP Request: POST http://localhost:54186/allocate_page "HTTP/1.1 200 OK"
2026-04-21 22:58:39,399 - httpx - INFO - HTTP Request: POST http://localhost:59814/heap/append "HTTP/1.1 200 OK"
2026-04-21 22:58:39,399 - httpx - INFO - HTTP Request: POST http://localhost:59802/heap/append "HTTP/1.1 200 OK"
2026-04-21 22:58:39,402 - httpx - INFO - HTTP Request: POST http://localhost:54186/mark_pages_merged "HTTP/1.1 200 OK"
2026-04-21 22:58:39,403 - httpx - INFO - HTTP Request: GET http://localhost:59840/heap/unmerged "HTTP/1.1 200 OK"
2026-04-21 22:58:40,661 - httpx - INFO - HTTP Request: POST http://localhost:54186/mark_pages_merged "HTTP/1.1 200 OK"
2026-04-21 22:58:41,975 - httpx - INFO - HTTP Request: POST http://localhost:54186/heap-written "HTTP/1.1 200 OK"
2026-04-21 22:58:42,801 - httpx - INFO - HTTP Request: POST http://localhost:59840/heap/mark-merged "HTTP/1.1 200 OK"
2026-04-21 22:58:42,813 - httpx - INFO - HTTP Request: POST http://localhost:54186/heap-written "HTTP/1.1 200 OK"
2026-04-21 22:58:42,815 - httpx - INFO - HTTP Request: POST http://localhost:54186/allocate_page "HTTP/1.1 200 OK"
2026-04-21 22:58:42,815 - httpx - INFO - HTTP Request: POST http://localhost:54186/allocate_page "HTTP/1.1 200 OK"
2026-04-21 22:58:42,816 - httpx - INFO - HTTP Request: POST http://localhost:54186/allocate_page "HTTP/1.1 200 OK"
2026-04-21 22:58:42,817 - httpx - INFO - HTTP Request: POST http://localhost:54186/heap-written "HTTP/1.1 200 OK"
2026-04-21 22:58:42,818 - httpx - INFO - HTTP Request: GET http://localhost:59851/heap/unmerged "HTTP/1.1 200 OK"
2026-04-21 22:58:42,821 - httpx - INFO - HTTP Request: POST http://localhost:59797/heap/mark-merged "HTTP/1.1 200 OK"
2026-04-21 22:58:42,822 - httpx - INFO - HTTP Request: POST http://localhost:59814/heap/mark-merged "HTTP/1.1 200 OK"
2026-04-21 22:58:42,822 - httpx - INFO - HTTP Request: POST http://localhost:59830/heap/mark-merged "HTTP/1.1 200 OK"
2026-04-21 22:58:42,823 - httpx - INFO - HTTP Request: POST http://localhost:59992/heap/mark-merged "HTTP/1.1 200 OK"
2026-04-21 22:58:42,823 - httpx - INFO - HTTP Request: POST http://localhost:1028/heap/mark-merged "HTTP/1.1 200 OK"
2026-04-21 22:58:42,824 - httpx - INFO - HTTP Request: POST http://localhost:59802/heap/mark-merged "HTTP/1.1 200 OK"
2026-04-21 22:58:42,948 - httpx - INFO - HTTP Request: POST http://localhost:59840/heap/mark-merged "HTTP/1.1 200 OK"
2026-04-21 22:58:42,974 - httpx - INFO - HTTP Request: GET http://localhost:54186/task?agent_id=099c20e8 "HTTP/1.1 200 OK"
2026-04-21 22:58:42,975 - httpx - INFO - HTTP Request: GET http://localhost:54186/task?agent_id=ecd67206 "HTTP/1.1 200 OK"
2026-04-21 22:58:42,981 - httpx - INFO - HTTP Request: POST http://localhost:54186/allocate_page "HTTP/1.1 200 OK"
2026-04-21 22:58:42,982 - httpx - INFO - HTTP Request: POST http://localhost:59917/heap/append "HTTP/1.1 200 OK"
2026-04-21 22:58:42,983 - httpx - INFO - HTTP Request: POST http://localhost:1028/heap/mark-merged "HTTP/1.1 200 OK"
2026-04-21 22:58:42,983 - httpx - INFO - HTTP Request: POST http://localhost:59830/heap/mark-merged "HTTP/1.1 200 OK"
2026-04-21 22:58:42,984 - httpx - INFO - HTTP Request: POST http://localhost:59797/heap/mark-merged "HTTP/1.1 200 OK"
2026-04-21 22:58:42,984 - httpx - INFO - HTTP Request: POST http://localhost:59814/heap/mark-merged "HTTP/1.1 200 OK"
2026-04-21 22:58:42,985 - httpx - INFO - HTTP Request: POST http://localhost:59802/heap/mark-merged "HTTP/1.1 200 OK"
2026-04-21 22:58:42,985 - httpx - INFO - HTTP Request: POST http://localhost:59992/heap/mark-merged "HTTP/1.1 200 OK"
2026-04-21 22:58:42,991 - httpx - INFO - HTTP Request: POST http://localhost:59840/heap/mark-merged "HTTP/1.1 200 OK"
2026-04-21 22:58:42,992 - httpx - INFO - HTTP Request: POST http://localhost:38963/execute_merge "HTTP/1.1 200 OK"
2026-04-21 22:58:43,007 - httpx - INFO - HTTP Request: POST http://localhost:54186/allocate_page "HTTP/1.1 200 OK"
2026-04-21 22:58:43,226 - httpx - INFO - HTTP Request: POST http://localhost:38963/execute_merge "HTTP/1.1 200 OK"
2026-04-21 22:58:43,227 - httpx - INFO - HTTP Request: POST http://localhost:59797/heap/mark-merged "HTTP/1.1 200 OK"
2026-04-21 22:58:43,227 - httpx - INFO - HTTP Request: POST http://localhost:59814/heap/mark-merged "HTTP/1.1 200 OK"
2026-04-21 22:58:43,228 - httpx - INFO - HTTP Request: POST http://localhost:1028/heap/mark-merged "HTTP/1.1 200 OK"
2026-04-21 22:58:43,229 - httpx - INFO - HTTP Request: POST http://localhost:59992/heap/mark-merged "HTTP/1.1 200 OK"
2026-04-21 22:58:43,230 - httpx - INFO - HTTP Request: POST http://localhost:59830/heap/mark-merged "HTTP/1.1 200 OK"
2026-04-21 22:58:43,231 - httpx - INFO - HTTP Request: POST http://localhost:59802/heap/mark-merged "HTTP/1.1 200 OK"
2026-04-21 22:58:43,544 - httpx - INFO - HTTP Request: POST http://localhost:38963/execute_merge "HTTP/1.1 200 OK"
2026-04-21 22:58:43,896 - httpx - INFO - HTTP Request: GET http://localhost:59872/heap/unmerged "HTTP/1.1 200 OK"
2026-04-21 22:58:44,505 - httpx - INFO - HTTP Request: POST http://localhost:54186/heap-written "HTTP/1.1 200 OK"
2026-04-21 22:58:44,506 - httpx - INFO - HTTP Request: POST http://localhost:59794/heap/append "HTTP/1.1 200 OK"
2026-04-21 22:58:45,028 - httpx - INFO - HTTP Request: POST http://localhost:59872/heap/append "HTTP/1.1 200 OK"
2026-04-21 22:58:45,029 - httpx - INFO - HTTP Request: POST http://localhost:59900/heap/append "HTTP/1.1 200 OK"
2026-04-21 22:58:45,489 - httpx - INFO - HTTP Request: POST http://localhost:54186/allocate_page "HTTP/1.1 200 OK"
2026-04-21 22:58:45,490 - httpx - INFO - HTTP Request: POST http://localhost:59933/heap/append "HTTP/1.1 200 OK"
2026-04-21 22:58:45,492 - httpx - INFO - HTTP Request: GET http://localhost:59887/heap/unmerged "HTTP/1.1 200 OK"
2026-04-21 22:58:46,177 - httpx - INFO - HTTP Request: GET http://localhost:54186/task?agent_id=fdf7f99f "HTTP/1.1 200 OK"
2026-04-21 22:58:46,179 - httpx - INFO - HTTP Request: POST http://localhost:54186/allocate_page "HTTP/1.1 200 OK"
2026-04-21 22:58:46,179 - httpx - INFO - HTTP Request: POST http://localhost:59887/heap/append "HTTP/1.1 200 OK"
2026-04-21 22:58:46,188 - httpx - INFO - HTTP Request: POST http://localhost:54186/heap-written "HTTP/1.1 200 OK"
2026-04-21 22:58:46,525 - httpx - INFO - HTTP Request: POST http://localhost:54186/allocate_page "HTTP/1.1 200 OK"
2026-04-21 22:58:46,533 - httpx - INFO - HTTP Request: POST http://localhost:54186/heap-written "HTTP/1.1 200 OK"
2026-04-21 22:58:46,535 - httpx - INFO - HTTP Request: POST http://localhost:54186/heap-written "HTTP/1.1 200 OK"
2026-04-21 22:58:46,537 - httpx - INFO - HTTP Request: POST http://localhost:54186/allocate_page "HTTP/1.1 200 OK"
2026-04-21 22:58:46,802 - httpx - INFO - HTTP Request: GET http://localhost:59900/heap/unmerged "HTTP/1.1 200 OK"
2026-04-21 22:58:46,803 - httpx - INFO - HTTP Request: GET http://localhost:54186/task?agent_id=cdd1ee18 "HTTP/1.1 200 OK"
2026-04-21 22:58:46,804 - httpx - INFO - HTTP Request: POST http://localhost:54186/heap-written "HTTP/1.1 200 OK"
2026-04-21 22:58:46,805 - httpx - INFO - HTTP Request: POST http://localhost:54186/allocate_page "HTTP/1.1 200 OK"
2026-04-21 22:58:46,806 - httpx - INFO - HTTP Request: POST http://localhost:54186/allocate_page "HTTP/1.1 200 OK"
2026-04-21 22:58:47,079 - httpx - INFO - HTTP Request: POST http://localhost:54186/heap-written "HTTP/1.1 200 OK"
2026-04-21 22:58:47,080 - httpx - INFO - HTTP Request: POST http://localhost:54186/allocate_page "HTTP/1.1 200 OK"
2026-04-21 22:58:47,080 - httpx - INFO - HTTP Request: POST http://localhost:59793/heap/append "HTTP/1.1 200 OK"
2026-04-21 22:58:47,506 - httpx - INFO - HTTP Request: POST http://localhost:54186/allocate_page "HTTP/1.1 200 OK"
2026-04-21 22:58:47,509 - httpx - INFO - HTTP Request: POST http://localhost:1437/heap/append "HTTP/1.1 200 OK"
2026-04-21 22:58:47,515 - httpx - INFO - HTTP Request: POST http://localhost:54186/allocate_page "HTTP/1.1 200 OK"
2026-04-21 22:58:47,516 - httpx - INFO - HTTP Request: GET http://localhost:59917/heap/unmerged "HTTP/1.1 200 OK"
2026-04-21 22:58:47,654 - httpx - INFO - HTTP Request: POST http://localhost:59952/heap/append "HTTP/1.1 200 OK"
2026-04-21 22:58:47,655 - httpx - INFO - HTTP Request: POST http://localhost:59794/heap/append "HTTP/1.1 200 OK"
2026-04-21 22:58:47,785 - httpx - INFO - HTTP Request: POST http://localhost:54186/heap-written "HTTP/1.1 200 OK"
2026-04-21 22:58:49,262 - httpx - INFO - HTTP Request: POST http://localhost:54186/heap-written "HTTP/1.1 200 OK"
2026-04-21 22:58:49,263 - httpx - INFO - HTTP Request: GET http://localhost:59933/heap/unmerged "HTTP/1.1 200 OK"
2026-04-21 22:58:49,445 - httpx - INFO - HTTP Request: POST http://localhost:59967/heap/append "HTTP/1.1 200 OK"
2026-04-21 22:58:49,446 - httpx - INFO - HTTP Request: POST http://localhost:59900/heap/append "HTTP/1.1 200 OK"
2026-04-21 22:58:49,448 - httpx - INFO - HTTP Request: POST http://localhost:54186/heap-written "HTTP/1.1 200 OK"
2026-04-21 22:58:49,454 - httpx - INFO - HTTP Request: POST http://localhost:59933/heap/append "HTTP/1.1 200 OK"
2026-04-21 22:58:49,454 - httpx - INFO - HTTP Request: POST http://localhost:54186/heap-written "HTTP/1.1 200 OK"
2026-04-21 22:58:49,455 - httpx - INFO - HTTP Request: POST http://localhost:54186/allocate_page "HTTP/1.1 200 OK"
2026-04-21 22:58:49,470 - httpx - INFO - HTTP Request: POST http://localhost:54186/allocate_page "HTTP/1.1 200 OK"
2026-04-21 22:58:49,471 - httpx - INFO - HTTP Request: POST http://localhost:59821/heap/append "HTTP/1.1 200 OK"
2026-04-21 22:58:49,994 - httpx - INFO - HTTP Request: GET http://localhost:54186/task?agent_id=0f8f3855 "HTTP/1.1 200 OK"
2026-04-21 22:58:50,001 - httpx - INFO - HTTP Request: POST http://localhost:54186/allocate_page "HTTP/1.1 200 OK"
2026-04-21 22:58:50,002 - httpx - INFO - HTTP Request: POST http://localhost:54186/allocate_page "HTTP/1.1 200 OK"
2026-04-21 22:58:50,003 - httpx - INFO - HTTP Request: POST http://localhost:54186/allocate_page "HTTP/1.1 200 OK"
2026-04-21 22:58:50,004 - httpx - INFO - HTTP Request: POST http://localhost:59887/heap/append "HTTP/1.1 200 OK"
2026-04-21 22:58:51,692 - httpx - INFO - HTTP Request: GET http://localhost:59952/heap/unmerged "HTTP/1.1 200 OK"
2026-04-21 22:58:51,828 - httpx - INFO - HTTP Request: POST http://localhost:54186/heap-written "HTTP/1.1 200 OK"
2026-04-21 22:58:51,829 - httpx - INFO - HTTP Request: POST http://localhost:54186/heap-written "HTTP/1.1 200 OK"
2026-04-21 22:58:51,829 - httpx - INFO - HTTP Request: POST http://localhost:54186/heap-written "HTTP/1.1 200 OK"
2026-04-21 22:58:52,023 - httpx - INFO - HTTP Request: POST http://localhost:54186/heap-written "HTTP/1.1 200 OK"
2026-04-21 22:58:52,025 - httpx - INFO - HTTP Request: GET http://localhost:54186/task?agent_id=65eb0cf8 "HTTP/1.1 200 OK"
2026-04-21 22:58:52,025 - httpx - INFO - HTTP Request: GET http://localhost:54186/task?agent_id=7f58fa44 "HTTP/1.1 200 OK"
2026-04-21 22:58:52,146 - httpx - INFO - HTTP Request: POST http://localhost:54186/heap-written "HTTP/1.1 200 OK"
2026-04-21 22:58:52,147 - httpx - INFO - HTTP Request: POST http://localhost:54186/allocate_page "HTTP/1.1 200 OK"
2026-04-21 22:58:52,152 - httpx - INFO - HTTP Request: POST http://localhost:59793/heap/append "HTTP/1.1 200 OK"
2026-04-21 22:58:52,355 - httpx - INFO - HTTP Request: POST http://localhost:54186/allocate_page "HTTP/1.1 200 OK"
2026-04-21 22:58:52,358 - httpx - INFO - HTTP Request: GET http://localhost:54186/task?agent_id=67943fe2 "HTTP/1.1 200 OK"
2026-04-21 22:58:52,368 - httpx - INFO - HTTP Request: POST http://localhost:54186/allocate_page "HTTP/1.1 200 OK"
2026-04-21 22:58:52,468 - httpx - INFO - HTTP Request: POST http://localhost:59851/heap/append "HTTP/1.1 200 OK"
2026-04-21 22:58:52,469 - httpx - INFO - HTTP Request: POST http://localhost:59952/heap/append "HTTP/1.1 200 OK"
2026-04-21 22:58:52,472 - httpx - INFO - HTTP Request: POST http://localhost:1437/heap/append "HTTP/1.1 200 OK"
2026-04-21 22:58:52,476 - httpx - INFO - HTTP Request: POST http://localhost:59807/heap/append "HTTP/1.1 200 OK"
2026-04-21 22:58:52,481 - httpx - INFO - HTTP Request: GET http://localhost:59967/heap/unmerged "HTTP/1.1 200 OK"
2026-04-21 22:58:52,980 - httpx - INFO - HTTP Request: GET http://localhost:54186/active_pages "HTTP/1.1 200 OK"
2026-04-21 22:58:53,898 - httpx - INFO - HTTP Request: GET http://localhost:54186/active_pages "HTTP/1.1 200 OK"
2026-04-21 22:58:53,898 - httpx - INFO - HTTP Request: GET http://localhost:54186/active_pages "HTTP/1.1 200 OK"
2026-04-21 22:58:54,035 - httpx - INFO - HTTP Request: POST http://localhost:54186/heap-written "HTTP/1.1 200 OK"
2026-04-21 22:58:54,057 - httpx - INFO - HTTP Request: GET http://localhost:59992/heap/unmerged "HTTP/1.1 200 OK"
2026-04-21 22:58:54,058 - httpx - INFO - HTTP Request: POST http://localhost:54186/heap-written "HTTP/1.1 200 OK"
2026-04-21 22:58:54,059 - httpx - INFO - HTTP Request: POST http://localhost:54186/heap-written "HTTP/1.1 200 OK"
2026-04-21 22:58:54,062 - httpx - INFO - HTTP Request: POST http://localhost:54186/heap-written "HTTP/1.1 200 OK"
2026-04-21 22:58:54,064 - httpx - INFO - HTTP Request: POST http://localhost:54186/heap-written "HTTP/1.1 200 OK"
2026-04-21 22:58:54,185 - httpx - INFO - HTTP Request: GET http://localhost:54186/task?agent_id=f392378b "HTTP/1.1 200 OK"
2026-04-21 22:58:54,186 - httpx - INFO - HTTP Request: GET http://localhost:54186/task?agent_id=e0a2a819 "HTTP/1.1 200 OK"
2026-04-21 22:58:54,187 - httpx - INFO - HTTP Request: GET http://localhost:54186/task?agent_id=0a0141ac "HTTP/1.1 200 OK"
2026-04-21 22:58:54,188 - httpx - INFO - HTTP Request: POST http://localhost:59967/heap/append "HTTP/1.1 200 OK"
2026-04-21 22:58:54,189 - httpx - INFO - HTTP Request: POST http://localhost:54186/allocate_page "HTTP/1.1 200 OK"
2026-04-21 22:58:54,196 - httpx - INFO - HTTP Request: POST http://localhost:54186/allocate_page "HTTP/1.1 200 OK"
2026-04-21 22:58:54,197 - httpx - INFO - HTTP Request: POST http://localhost:59821/heap/append "HTTP/1.1 200 OK"
2026-04-21 22:58:54,197 - httpx - INFO - HTTP Request: POST http://localhost:59840/heap/append "HTTP/1.1 200 OK"
2026-04-21 22:58:54,208 - httpx - INFO - HTTP Request: GET http://localhost:54186/active_pages "HTTP/1.1 200 OK"
2026-04-21 22:58:54,744 - httpx - INFO - HTTP Request: GET http://localhost:1028/heap/unmerged "HTTP/1.1 200 OK"
2026-04-21 22:58:55,415 - httpx - INFO - HTTP Request: POST http://localhost:54186/heap-written "HTTP/1.1 200 OK"
2026-04-21 22:58:55,416 - httpx - INFO - HTTP Request: POST http://localhost:54186/heap-written "HTTP/1.1 200 OK"
2026-04-21 22:58:55,417 - httpx - INFO - HTTP Request: POST http://localhost:54186/heap-written "HTTP/1.1 200 OK"
2026-04-21 22:58:55,454 - httpx - INFO - HTTP Request: POST http://localhost:59851/heap/append "HTTP/1.1 200 OK"
2026-04-21 22:58:55,460 - httpx - INFO - HTTP Request: GET http://localhost:54186/task?agent_id=313eb1aa "HTTP/1.1 200 OK"
2026-04-21 22:58:55,461 - httpx - INFO - HTTP Request: GET http://localhost:54186/task?agent_id=17c44107 "HTTP/1.1 200 OK"
2026-04-21 22:58:55,462 - httpx - INFO - HTTP Request: POST http://localhost:59807/heap/append "HTTP/1.1 200 OK"
2026-04-21 22:58:55,463 - httpx - INFO - HTTP Request: POST http://localhost:54186/allocate_page "HTTP/1.1 200 OK"
2026-04-21 22:58:55,677 - httpx - INFO - HTTP Request: GET http://localhost:38963/heap/unmerged "HTTP/1.1 200 OK"
[BFF] 获取Agent 0f8f3855 堆段: 0 条
[BFF] all-unmerged 请求正在进行，等待完成...
[BFF] all-unmerged 请求正在进行，等待完成...
[BFF] all-unmerged 请求正在进行，等待完成...
[BFF] Consolidator容器已存在: 30fb733d
[BFF] 转发合并请求到Consolidator: http://localhost:38963/execute_merge
[BFF] Consolidator容器已存在: 30fb733d
[BFF] 转发合并请求到Consolidator: http://localhost:38963/execute_merge
[BFF] Consolidator容器已存在: 30fb733d
[BFF] 转发合并请求到Consolidator: http://localhost:38963/execute_merge
[BFF] 获取Agent 32947614 堆段: 2 条
[BFF] 获取Agent ecd67206 堆段: 0 条
[BFF] 获取Agent 0b416973 堆段: 0 条
[BFF] 读取PublicMemory (物理路径): /mnt/d/collections2026/phd_application/nanobot1/milestone2/data/public_memory/public_memory.jsonl, top_k=10000
[BFF] 读取PublicMemory完成: 167 条记录
[BFF] 读取PublicMemory (物理路径): /mnt/d/collections2026/phd_application/nanobot1/milestone2/data/public_memory/public_memory.jsonl, top_k=10000
[BFF] 读取PublicMemory完成: 167 条记录
[BFF] 读取PublicMemory (物理路径): /mnt/d/collections2026/phd_application/nanobot1/milestone2/data/public_memory/public_memory.jsonl, top_k=10000
[BFF] 读取PublicMemory完成: 167 条记录
[BFF] 读取PublicMemory (物理路径): /mnt/d/collections2026/phd_application/nanobot1/milestone2/data/public_memory/public_memory.jsonl, top_k=2
[BFF] 读取PublicMemory完成: 167 条记录
[BFF] 获取Agent 099c20e8 堆段: 1 条
[BFF] 写入PublicMemory (物理路径): /mnt/d/collections2026/phd_application/nanobot1/milestone2/data/public_memory/public_memory.jsonl
[BFF] 原子替换PublicMemory: 177 条记录 -> /mnt/d/collections2026/phd_application/nanobot1/milestone2/data/public_memory/public_memory.jsonl
[BFF] 获取Agent 17c44107 堆段: 0 条
[BFF] 写入PublicMemory (物理路径): /mnt/d/collections2026/phd_application/nanobot1/milestone2/data/public_memory/public_memory.jsonl
[BFF] 原子替换PublicMemory: 177 条记录 -> /mnt/d/collections2026/phd_application/nanobot1/milestone2/data/public_memory/public_memory.jsonl
[BFF] 写入PublicMemory (物理路径): /mnt/d/collections2026/phd_application/nanobot1/milestone2/data/public_memory/public_memory.jsonl
[BFF] 原子替换PublicMemory: 177 条记录 -> /mnt/d/collections2026/phd_application/nanobot1/milestone2/data/public_memory/public_memory.jsonl
[BFF] 获取Agent b85e8ec9 堆段: 2 条
[BFF] 读取PublicMemory (物理路径): /mnt/d/collections2026/phd_application/nanobot1/milestone2/data/public_memory/public_memory.jsonl, top_k=2
[BFF] 读取PublicMemory完成: 177 条记录
[BFF] 读取PublicMemory (物理路径): /mnt/d/collections2026/phd_application/nanobot1/milestone2/data/public_memory/public_memory.jsonl, top_k=2
[BFF] 读取PublicMemory完成: 177 条记录
[BFF] 获取Agent 24154eb6 堆段: 1 条
[BFF] 获取Agent 2ff18b1f 堆段: 0 条
[BFF] Consolidator合并完成: {'status': 'ok', 'original_count': 178, 'deduped_count': 177, 'removed_count': 1, 'pages_marked': 11, 'source': 'km_page_table'}
[BFF] Consolidator合并完成: {'status': 'ok', 'original_count': 178, 'deduped_count': 177, 'removed_count': 1, 'pages_marked': 11, 'source': 'km_page_table'}
[BFF] all-unmerged 请求正在进行，等待完成...
[BFF] Consolidator合并完成: {'status': 'ok', 'original_count': 178, 'deduped_count': 177, 'removed_count': 1, 'pages_marked': 11, 'source': 'km_page_table'}
[BFF] all-unmerged 请求正在进行，等待完成...
[BFF] 获取Agent cdd1ee18 堆段: 1 条
[BFF] 读取PublicMemory (物理路径): /mnt/d/collections2026/phd_application/nanobot1/milestone2/data/public_memory/public_memory.jsonl, top_k=2
[BFF] 读取PublicMemory完成: 177 条记录
[BFF] all-unmerged 请求正在进行，等待完成...
[BFF] 读取PublicMemory (物理路径): /mnt/d/collections2026/phd_application/nanobot1/milestone2/data/public_memory/public_memory.jsonl, top_k=2
[BFF] 读取PublicMemory完成: 177 条记录
[BFF] 获取Agent 67943fe2 堆段: 0 条
[BFF] 读取PublicMemory (物理路径): /mnt/d/collections2026/phd_application/nanobot1/milestone2/data/public_memory/public_memory.jsonl, top_k=2
[BFF] 读取PublicMemory完成: 177 条记录
[BFF] 获取Agent 7f58fa44 堆段: 1 条
[BFF] 获取Agent fdf7f99f 堆段: 2 条
[BFF] 读取PublicMemory (物理路径): /mnt/d/collections2026/phd_application/nanobot1/milestone2/data/public_memory/public_memory.jsonl, top_k=2
[BFF] 读取PublicMemory完成: 177 条记录
[BFF] 获取Agent 65eb0cf8 堆段: 1 条
[BFF] all-unmerged 请求正在进行，等待完成...
[BFF] all-unmerged 请求正在进行，等待完成...
[BFF] all-unmerged 请求正在进行，等待完成...
[BFF] Consolidator容器已存在: 30fb733d
[BFF] 转发合并请求到Consolidator: http://localhost:38963/execute_merge
[BFF] Consolidator容器已存在: 30fb733d
[BFF] 转发合并请求到Consolidator: http://localhost:38963/execute_merge
[BFF] Consolidator容器已存在: 30fb733d
[BFF] 转发合并请求到Consolidator: http://localhost:38963/execute_merge
[BFF] 读取PublicMemory (物理路径): /mnt/d/collections2026/phd_application/nanobot1/milestone2/data/public_memory/public_memory.jsonl, top_k=2
[BFF] 读取PublicMemory完成: 177 条记录
[BFF] 获取Agent e0a2a819 堆段: 1 条
[BFF] all-unmerged 请求正在进行，等待完成...
[BFF] Consolidator容器已存在: 30fb733d
[BFF] 转发合并请求到Consolidator: http://localhost:38963/execute_merge
[BFF] 获取Agent 313eb1aa 堆段: 1 条
[BFF] 读取PublicMemory (物理路径): /mnt/d/collections2026/phd_application/nanobot1/milestone2/data/public_memory/public_memory.jsonl, top_k=2
[BFF] 读取PublicMemory完成: 177 条记录
[BFF] 读取PublicMemory (物理路径): /mnt/d/collections2026/phd_application/nanobot1/milestone2/data/public_memory/public_memory.jsonl, top_k=2
[BFF] 读取PublicMemory完成: 177 条记录
[BFF] 读取PublicMemory (物理路径): /mnt/d/collections2026/phd_application/nanobot1/milestone2/data/public_memory/public_memory.jsonl, top_k=2
[BFF] 读取PublicMemory完成: 177 条记录
[BFF] 读取PublicMemory (物理路径): /mnt/d/collections2026/phd_application/nanobot1/milestone2/data/public_memory/public_memory.jsonl, top_k=10000
[BFF] 读取PublicMemory完成: 177 条记录
[BFF] 读取PublicMemory (物理路径): /mnt/d/collections2026/phd_application/nanobot1/milestone2/data/public_memory/public_memory.jsonl, top_k=10000
[BFF] 读取PublicMemory完成: 177 条记录
[BFF] 获取Agent 8251b4d7 堆段: 0 条
[BFF] 读取PublicMemory (物理路径): /mnt/d/collections2026/phd_application/nanobot1/milestone2/data/public_memory/public_memory.jsonl, top_k=10000
[BFF] 读取PublicMemory完成: 177 条记录
[BFF] 读取PublicMemory (物理路径): /mnt/d/collections2026/phd_application/nanobot1/milestone2/data/public_memory/public_memory.jsonl, top_k=2
[BFF] 读取PublicMemory完成: 177 条记录
[BFF] 读取PublicMemory (物理路径): /mnt/d/collections2026/phd_application/nanobot1/milestone2/data/public_memory/public_memory.jsonl, top_k=2
[BFF] 读取PublicMemory完成: 177 条记录
[BFF] 获取Agent c348c646 堆段: 0 条
[BFF] 读取PublicMemory (物理路径): /mnt/d/collections2026/phd_application/nanobot1/milestone2/data/public_memory/public_memory.jsonl, top_k=2
[BFF] 读取PublicMemory完成: 177 条记录
[BFF] 写入PublicMemory (物理路径): /mnt/d/collections2026/phd_application/nanobot1/milestone2/data/public_memory/public_memory.jsonl
[BFF] 原子替换PublicMemory: 186 条记录 -> /mnt/d/collections2026/phd_application/nanobot1/milestone2/data/public_memory/public_memory.jsonl
[BFF] 读取PublicMemory (物理路径): /mnt/d/collections2026/phd_application/nanobot1/milestone2/data/public_memory/public_memory.jsonl, top_k=10000
[BFF] 读取PublicMemory完成: 186 条记录
[BFF] 写入PublicMemory (物理路径): /mnt/d/collections2026/phd_application/nanobot1/milestone2/data/public_memory/public_memory.jsonl
[BFF] 原子替换PublicMemory: 186 条记录 -> /mnt/d/collections2026/phd_application/nanobot1/milestone2/data/public_memory/public_memory.jsonl
2026-04-21 22:58:55,780 - httpx - INFO - HTTP Request: POST http://localhost:54186/heap-written "HTTP/1.1 200 OK"
2026-04-21 22:58:55,783 - httpx - INFO - HTTP Request: POST http://localhost:54186/heap-written "HTTP/1.1 200 OK"
2026-04-21 22:58:55,784 - httpx - INFO - HTTP Request: GET http://localhost:54186/task?agent_id=2ff18b1f "HTTP/1.1 200 OK"
2026-04-21 22:58:56,678 - httpx - INFO - HTTP Request: POST http://localhost:54186/allocate_page "HTTP/1.1 200 OK"
2026-04-21 22:58:56,684 - httpx - INFO - HTTP Request: GET http://localhost:54186/task?agent_id=0b416973 "HTTP/1.1 200 OK"
2026-04-21 22:58:56,800 - httpx - INFO - HTTP Request: POST http://localhost:59840/heap/append "HTTP/1.1 200 OK"
2026-04-21 22:58:56,806 - httpx - INFO - HTTP Request: POST http://localhost:54186/mark_pages_merged "HTTP/1.1 200 OK"
2026-04-21 22:58:56,806 - httpx - INFO - HTTP Request: POST http://localhost:54186/mark_pages_merged "HTTP/1.1 200 OK"
2026-04-21 22:58:57,234 - httpx - INFO - HTTP Request: POST http://localhost:54186/mark_pages_merged "HTTP/1.1 200 OK"
2026-04-21 22:59:01,302 - httpx - INFO - HTTP Request: POST http://localhost:54186/mark_pages_merged "HTTP/1.1 200 OK"
2026-04-21 22:59:03,453 - httpx - INFO - HTTP Request: POST http://localhost:54186/heap-written "HTTP/1.1 200 OK"
2026-04-21 22:59:03,453 - httpx - INFO - HTTP Request: POST http://localhost:54186/allocate_page "HTTP/1.1 200 OK"
2026-04-21 22:59:05,038 - httpx - INFO - HTTP Request: POST http://localhost:59917/heap/mark-merged "HTTP/1.1 200 OK"
2026-04-21 22:59:05,510 - httpx - INFO - HTTP Request: POST http://localhost:1028/heap/append "HTTP/1.1 200 OK"
2026-04-21 22:59:05,511 - httpx - INFO - HTTP Request: POST http://localhost:59917/heap/mark-merged "HTTP/1.1 200 OK"
2026-04-21 22:59:05,759 - httpx - INFO - HTTP Request: POST http://localhost:59814/heap/mark-merged "HTTP/1.1 200 OK"
2026-04-21 22:59:05,760 - httpx - INFO - HTTP Request: POST http://localhost:59872/heap/mark-merged "HTTP/1.1 200 OK"
2026-04-21 22:59:05,761 - httpx - INFO - HTTP Request: POST http://localhost:59900/heap/mark-merged "HTTP/1.1 200 OK"
2026-04-21 22:59:05,761 - httpx - INFO - HTTP Request: GET http://localhost:54186/task?agent_id=24154eb6 "HTTP/1.1 200 OK"
2026-04-21 22:59:05,762 - httpx - INFO - HTTP Request: POST http://localhost:59794/heap/mark-merged "HTTP/1.1 200 OK"
2026-04-21 22:59:05,858 - httpx - INFO - HTTP Request: POST http://localhost:59814/heap/mark-merged "HTTP/1.1 200 OK"
2026-04-21 22:59:05,859 - httpx - INFO - HTTP Request: POST http://localhost:59900/heap/mark-merged "HTTP/1.1 200 OK"
2026-04-21 22:59:05,860 - httpx - INFO - HTTP Request: POST http://localhost:59967/heap/mark-merged "HTTP/1.1 200 OK"
2026-04-21 22:59:05,860 - httpx - INFO - HTTP Request: POST http://localhost:59821/heap/mark-merged "HTTP/1.1 200 OK"
2026-04-21 22:59:05,861 - httpx - INFO - HTTP Request: POST http://localhost:59794/heap/mark-merged "HTTP/1.1 200 OK"
2026-04-21 22:59:05,861 - httpx - INFO - HTTP Request: POST http://localhost:59872/heap/mark-merged "HTTP/1.1 200 OK"
2026-04-21 22:59:05,862 - httpx - INFO - HTTP Request: POST http://localhost:59952/heap/mark-merged "HTTP/1.1 200 OK"
2026-04-21 22:59:05,863 - httpx - INFO - HTTP Request: POST http://localhost:59840/heap/mark-merged "HTTP/1.1 200 OK"
2026-04-21 22:59:05,863 - httpx - INFO - HTTP Request: POST http://localhost:59802/heap/mark-merged "HTTP/1.1 200 OK"
2026-04-21 22:59:05,863 - httpx - INFO - HTTP Request: POST http://localhost:1437/heap/mark-merged "HTTP/1.1 200 OK"
2026-04-21 22:59:05,864 - httpx - INFO - HTTP Request: POST http://localhost:59887/heap/mark-merged "HTTP/1.1 200 OK"
2026-04-21 22:59:05,864 - httpx - INFO - HTTP Request: POST http://localhost:59821/heap/mark-merged "HTTP/1.1 200 OK"
2026-04-21 22:59:05,865 - httpx - INFO - HTTP Request: POST http://localhost:59952/heap/mark-merged "HTTP/1.1 200 OK"
2026-04-21 22:59:05,865 - httpx - INFO - HTTP Request: POST http://localhost:59807/heap/mark-merged "HTTP/1.1 200 OK"
2026-04-21 22:59:05,866 - httpx - INFO - HTTP Request: POST http://localhost:59967/heap/mark-merged "HTTP/1.1 200 OK"
2026-04-21 22:59:05,866 - httpx - INFO - HTTP Request: POST http://localhost:59851/heap/mark-merged "HTTP/1.1 200 OK"
2026-04-21 22:59:05,866 - httpx - INFO - HTTP Request: POST http://localhost:59793/heap/mark-merged "HTTP/1.1 200 OK"
2026-04-21 22:59:05,867 - httpx - INFO - HTTP Request: POST http://localhost:59933/heap/mark-merged "HTTP/1.1 200 OK"
2026-04-21 22:59:05,867 - httpx - INFO - HTTP Request: POST http://localhost:59917/heap/mark-merged "HTTP/1.1 200 OK"
2026-04-21 22:59:05,868 - httpx - INFO - HTTP Request: POST http://localhost:59840/heap/mark-merged "HTTP/1.1 200 OK"
2026-04-21 22:59:05,877 - httpx - INFO - HTTP Request: POST http://localhost:1437/heap/mark-merged "HTTP/1.1 200 OK"
2026-04-21 22:59:05,877 - httpx - INFO - HTTP Request: POST http://localhost:59802/heap/mark-merged "HTTP/1.1 200 OK"
2026-04-21 22:59:05,878 - httpx - INFO - HTTP Request: POST http://localhost:59793/heap/mark-merged "HTTP/1.1 200 OK"
2026-04-21 22:59:05,878 - httpx - INFO - HTTP Request: POST http://localhost:59887/heap/mark-merged "HTTP/1.1 200 OK"
2026-04-21 22:59:05,879 - httpx - INFO - HTTP Request: POST http://localhost:59933/heap/mark-merged "HTTP/1.1 200 OK"
2026-04-21 22:59:05,879 - httpx - INFO - HTTP Request: POST http://localhost:59807/heap/mark-merged "HTTP/1.1 200 OK"
2026-04-21 22:59:05,880 - httpx - INFO - HTTP Request: POST http://localhost:59851/heap/mark-merged "HTTP/1.1 200 OK"
2026-04-21 22:59:05,941 - httpx - INFO - HTTP Request: POST http://localhost:54186/allocate_page "HTTP/1.1 200 OK"
2026-04-21 22:59:05,945 - httpx - INFO - HTTP Request: POST http://localhost:59821/heap/mark-merged "HTTP/1.1 200 OK"
2026-04-21 22:59:05,946 - httpx - INFO - HTTP Request: POST http://localhost:59814/heap/mark-merged "HTTP/1.1 200 OK"
2026-04-21 22:59:05,946 - httpx - INFO - HTTP Request: POST http://localhost:59900/heap/mark-merged "HTTP/1.1 200 OK"
2026-04-21 22:59:05,947 - httpx - INFO - HTTP Request: POST http://localhost:59933/heap/mark-merged "HTTP/1.1 200 OK"
2026-04-21 22:59:05,947 - httpx - INFO - HTTP Request: POST http://localhost:59872/heap/mark-merged "HTTP/1.1 200 OK"
2026-04-21 22:59:05,947 - httpx - INFO - HTTP Request: POST http://localhost:1437/heap/mark-merged "HTTP/1.1 200 OK"
2026-04-21 22:59:05,948 - httpx - INFO - HTTP Request: POST http://localhost:59794/heap/mark-merged "HTTP/1.1 200 OK"
2026-04-21 22:59:05,948 - httpx - INFO - HTTP Request: POST http://localhost:59967/heap/mark-merged "HTTP/1.1 200 OK"
2026-04-21 22:59:05,949 - httpx - INFO - HTTP Request: POST http://localhost:59887/heap/mark-merged "HTTP/1.1 200 OK"
2026-04-21 22:59:05,949 - httpx - INFO - HTTP Request: POST http://localhost:59807/heap/mark-merged "HTTP/1.1 200 OK"
2026-04-21 22:59:05,950 - httpx - INFO - HTTP Request: POST http://localhost:59952/heap/mark-merged "HTTP/1.1 200 OK"
2026-04-21 22:59:05,950 - httpx - INFO - HTTP Request: POST http://localhost:59851/heap/mark-merged "HTTP/1.1 200 OK"
2026-04-21 22:59:05,950 - httpx - INFO - HTTP Request: POST http://localhost:59802/heap/mark-merged "HTTP/1.1 200 OK"
2026-04-21 22:59:05,951 - httpx - INFO - HTTP Request: POST http://localhost:59793/heap/mark-merged "HTTP/1.1 200 OK"
2026-04-21 22:59:05,951 - httpx - INFO - HTTP Request: POST http://localhost:59840/heap/mark-merged "HTTP/1.1 200 OK"
2026-04-21 22:59:05,955 - httpx - INFO - HTTP Request: POST http://localhost:38963/execute_merge "HTTP/1.1 200 OK"
2026-04-21 22:59:05,982 - httpx - INFO - HTTP Request: POST http://localhost:54186/allocate_page "HTTP/1.1 200 OK"
2026-04-21 22:59:06,084 - httpx - INFO - HTTP Request: POST http://localhost:38963/execute_merge "HTTP/1.1 200 OK"
2026-04-21 22:59:06,085 - httpx - INFO - HTTP Request: POST http://localhost:59917/heap/mark-merged "HTTP/1.1 200 OK"
2026-04-21 22:59:06,105 - httpx - INFO - HTTP Request: POST http://localhost:38963/execute_merge "HTTP/1.1 200 OK"
2026-04-21 22:59:06,107 - httpx - INFO - HTTP Request: POST http://localhost:59814/heap/mark-merged "HTTP/1.1 200 OK"
2026-04-21 22:59:06,107 - httpx - INFO - HTTP Request: POST http://localhost:59793/heap/mark-merged "HTTP/1.1 200 OK"
2026-04-21 22:59:06,108 - httpx - INFO - HTTP Request: POST http://localhost:59807/heap/mark-merged "HTTP/1.1 200 OK"
2026-04-21 22:59:06,109 - httpx - INFO - HTTP Request: POST http://localhost:59900/heap/mark-merged "HTTP/1.1 200 OK"
2026-04-21 22:59:06,109 - httpx - INFO - HTTP Request: POST http://localhost:59821/heap/mark-merged "HTTP/1.1 200 OK"
2026-04-21 22:59:06,110 - httpx - INFO - HTTP Request: POST http://localhost:59794/heap/mark-merged "HTTP/1.1 200 OK"
2026-04-21 22:59:06,110 - httpx - INFO - HTTP Request: POST http://localhost:59952/heap/mark-merged "HTTP/1.1 200 OK"
2026-04-21 22:59:06,111 - httpx - INFO - HTTP Request: POST http://localhost:59933/heap/mark-merged "HTTP/1.1 200 OK"
2026-04-21 22:59:06,111 - httpx - INFO - HTTP Request: POST http://localhost:59851/heap/mark-merged "HTTP/1.1 200 OK"
2026-04-21 22:59:06,112 - httpx - INFO - HTTP Request: POST http://localhost:59802/heap/mark-merged "HTTP/1.1 200 OK"
2026-04-21 22:59:06,112 - httpx - INFO - HTTP Request: POST http://localhost:1437/heap/mark-merged "HTTP/1.1 200 OK"
2026-04-21 22:59:06,113 - httpx - INFO - HTTP Request: POST http://localhost:59967/heap/mark-merged "HTTP/1.1 200 OK"
2026-04-21 22:59:06,113 - httpx - INFO - HTTP Request: POST http://localhost:59840/heap/mark-merged "HTTP/1.1 200 OK"
2026-04-21 22:59:06,114 - httpx - INFO - HTTP Request: POST http://localhost:59887/heap/mark-merged "HTTP/1.1 200 OK"
2026-04-21 22:59:06,115 - httpx - INFO - HTTP Request: POST http://localhost:59872/heap/mark-merged "HTTP/1.1 200 OK"
2026-04-21 22:59:06,423 - httpx - INFO - HTTP Request: POST http://localhost:38963/execute_merge "HTTP/1.1 200 OK"
2026-04-21 22:59:06,425 - httpx - INFO - HTTP Request: POST http://localhost:54186/allocate_page "HTTP/1.1 200 OK"
2026-04-21 22:59:06,426 - httpx - INFO - HTTP Request: POST http://localhost:59992/heap/append "HTTP/1.1 200 OK"
2026-04-21 22:59:06,610 - httpx - INFO - HTTP Request: POST http://localhost:54186/heap-written "HTTP/1.1 200 OK"
2026-04-21 22:59:06,784 - httpx - INFO - HTTP Request: POST http://localhost:54186/allocate_page "HTTP/1.1 200 OK"
2026-04-21 22:59:06,985 - httpx - INFO - HTTP Request: POST http://localhost:59802/heap/append "HTTP/1.1 200 OK"
2026-04-21 22:59:07,130 - httpx - INFO - HTTP Request: GET http://localhost:1437/heap/unmerged "HTTP/1.1 200 OK"
2026-04-21 22:59:07,131 - httpx - INFO - HTTP Request: POST http://localhost:59830/heap/append "HTTP/1.1 200 OK"
2026-04-21 22:59:07,571 - httpx - INFO - HTTP Request: POST http://localhost:54186/heap-written "HTTP/1.1 200 OK"
2026-04-21 22:59:07,576 - httpx - INFO - HTTP Request: POST http://localhost:54186/allocate_page "HTTP/1.1 200 OK"
2026-04-21 22:59:07,577 - httpx - INFO - HTTP Request: POST http://localhost:59872/heap/append "HTTP/1.1 200 OK"
2026-04-21 22:59:07,893 - httpx - INFO - HTTP Request: POST http://localhost:1028/heap/append "HTTP/1.1 200 OK"
2026-04-21 22:59:07,897 - httpx - INFO - HTTP Request: POST http://localhost:54186/heap-written "HTTP/1.1 200 OK"
2026-04-21 22:59:07,898 - httpx - INFO - HTTP Request: POST http://localhost:54186/heap-written "HTTP/1.1 200 OK"
2026-04-21 22:59:07,899 - httpx - INFO - HTTP Request: GET http://localhost:59793/heap/unmerged "HTTP/1.1 200 OK"
2026-04-21 22:59:08,223 - httpx - INFO - HTTP Request: POST http://localhost:54186/allocate_page "HTTP/1.1 200 OK"
2026-04-21 22:59:08,458 - httpx - INFO - HTTP Request: POST http://localhost:54186/allocate_page "HTTP/1.1 200 OK"
2026-04-21 22:59:08,465 - httpx - INFO - HTTP Request: POST http://localhost:54186/heap-written "HTTP/1.1 200 OK"
2026-04-21 22:59:08,478 - httpx - INFO - HTTP Request: POST http://localhost:54186/heap-written "HTTP/1.1 200 OK"
2026-04-21 22:59:08,481 - httpx - INFO - HTTP Request: POST http://localhost:54186/allocate_page "HTTP/1.1 200 OK"
2026-04-21 22:59:08,488 - httpx - INFO - HTTP Request: POST http://localhost:59992/heap/append "HTTP/1.1 200 OK"
2026-04-21 22:59:08,489 - httpx - INFO - HTTP Request: POST http://localhost:54186/allocate_page "HTTP/1.1 200 OK"
2026-04-21 22:59:08,494 - httpx - INFO - HTTP Request: GET http://localhost:59794/heap/unmerged "HTTP/1.1 200 OK"
2026-04-21 22:59:09,190 - httpx - INFO - HTTP Request: POST http://localhost:54186/heap-written "HTTP/1.1 200 OK"
2026-04-21 22:59:09,190 - httpx - INFO - HTTP Request: GET http://localhost:59797/heap/unmerged "HTTP/1.1 200 OK"
2026-04-21 22:59:09,340 - httpx - INFO - HTTP Request: POST http://localhost:59802/heap/append "HTTP/1.1 200 OK"
2026-04-21 22:59:09,340 - httpx - INFO - HTTP Request: POST http://localhost:59830/heap/append "HTTP/1.1 200 OK"
2026-04-21 22:59:09,655 - httpx - INFO - HTTP Request: POST http://localhost:59797/heap/append "HTTP/1.1 200 OK"
2026-04-21 22:59:09,656 - httpx - INFO - HTTP Request: POST http://localhost:59872/heap/append "HTTP/1.1 200 OK"
2026-04-21 22:59:09,917 - httpx - INFO - HTTP Request: POST http://localhost:54186/allocate_page "HTTP/1.1 200 OK"
2026-04-21 22:59:10,027 - httpx - INFO - HTTP Request: GET http://localhost:59802/heap/unmerged "HTTP/1.1 200 OK"
2026-04-21 22:59:10,183 - httpx - INFO - HTTP Request: POST http://localhost:54186/heap-written "HTTP/1.1 200 OK"
2026-04-21 22:59:10,184 - httpx - INFO - HTTP Request: POST http://localhost:54186/heap-written "HTTP/1.1 200 OK"
2026-04-21 22:59:10,399 - httpx - INFO - HTTP Request: POST http://localhost:54186/heap-written "HTTP/1.1 200 OK"
2026-04-21 22:59:10,401 - httpx - INFO - HTTP Request: POST http://localhost:54186/heap-written "HTTP/1.1 200 OK"
2026-04-21 22:59:10,484 - httpx - INFO - HTTP Request: POST http://localhost:54186/allocate_page "HTTP/1.1 200 OK"
2026-04-21 22:59:10,641 - httpx - INFO - HTTP Request: GET http://localhost:59807/heap/unmerged "HTTP/1.1 200 OK"
2026-04-21 22:59:10,787 - httpx - INFO - HTTP Request: POST http://localhost:59794/heap/append "HTTP/1.1 200 OK"
2026-04-21 22:59:11,251 - httpx - INFO - HTTP Request: POST http://localhost:54186/allocate_page "HTTP/1.1 200 OK"
2026-04-21 22:59:11,254 - httpx - INFO - HTTP Request: GET http://localhost:59814/heap/unmerged "HTTP/1.1 200 OK"
2026-04-21 22:59:11,384 - httpx - INFO - HTTP Request: POST http://localhost:54186/heap-written "HTTP/1.1 200 OK"
2026-04-21 22:59:11,385 - httpx - INFO - HTTP Request: POST http://localhost:59797/heap/append "HTTP/1.1 200 OK"
2026-04-21 22:59:11,509 - httpx - INFO - HTTP Request: POST http://localhost:54186/allocate_page "HTTP/1.1 200 OK"
2026-04-21 22:59:11,666 - httpx - INFO - HTTP Request: GET http://localhost:59821/heap/unmerged "HTTP/1.1 200 OK"
2026-04-21 22:59:11,815 - httpx - INFO - HTTP Request: POST http://localhost:54186/heap-written "HTTP/1.1 200 OK"
2026-04-21 22:59:12,278 - httpx - INFO - HTTP Request: POST http://localhost:59917/heap/append "HTTP/1.1 200 OK"
2026-04-21 22:59:12,586 - httpx - INFO - HTTP Request: GET http://localhost:59830/heap/unmerged "HTTP/1.1 200 OK"
2026-04-21 22:59:12,696 - httpx - INFO - HTTP Request: POST http://localhost:54186/allocate_page "HTTP/1.1 200 OK"
2026-04-21 22:59:12,697 - httpx - INFO - HTTP Request: POST http://localhost:54186/allocate_page "HTTP/1.1 200 OK"
2026-04-21 22:59:12,698 - httpx - INFO - HTTP Request: POST http://localhost:59794/heap/append "HTTP/1.1 200 OK"
2026-04-21 22:59:12,815 - httpx - INFO - HTTP Request: POST http://localhost:54186/heap-written "HTTP/1.1 200 OK"
2026-04-21 22:59:13,017 - httpx - INFO - HTTP Request: POST http://localhost:54186/allocate_page "HTTP/1.1 200 OK"
2026-04-21 22:59:13,020 - httpx - INFO - HTTP Request: GET http://localhost:59840/heap/unmerged "HTTP/1.1 200 OK"
2026-04-21 22:59:13,124 - httpx - INFO - HTTP Request: POST http://localhost:54186/heap-written "HTTP/1.1 200 OK"
2026-04-21 22:59:13,244 - httpx - INFO - HTTP Request: POST http://localhost:59933/heap/append "HTTP/1.1 200 OK"
2026-04-21 22:59:13,245 - httpx - INFO - HTTP Request: POST http://localhost:59887/heap/append "HTTP/1.1 200 OK"
2026-04-21 22:59:13,463 - httpx - INFO - HTTP Request: GET http://localhost:59851/heap/unmerged "HTTP/1.1 200 OK"
2026-04-21 22:59:14,007 - httpx - INFO - HTTP Request: POST http://localhost:59917/heap/append "HTTP/1.1 200 OK"
2026-04-21 22:59:14,120 - httpx - INFO - HTTP Request: POST http://localhost:54186/heap-written "HTTP/1.1 200 OK"
2026-04-21 22:59:14,123 - httpx - INFO - HTTP Request: POST http://localhost:54186/heap-written "HTTP/1.1 200 OK"
2026-04-21 22:59:14,129 - httpx - INFO - HTTP Request: POST http://localhost:54186/allocate_page "HTTP/1.1 200 OK"
2026-04-21 22:59:14,130 - httpx - INFO - HTTP Request: GET http://localhost:59872/heap/unmerged "HTTP/1.1 200 OK"
2026-04-21 22:59:14,131 - httpx - INFO - HTTP Request: POST http://localhost:54186/allocate_page "HTTP/1.1 200 OK"
2026-04-21 22:59:14,245 - httpx - INFO - HTTP Request: POST http://localhost:54186/allocate_page "HTTP/1.1 200 OK"
2026-04-21 22:59:14,246 - httpx - INFO - HTTP Request: POST http://localhost:54186/allocate_page "HTTP/1.1 200 OK"
2026-04-21 22:59:14,357 - httpx - INFO - HTTP Request: POST http://localhost:54186/heap-written "HTTP/1.1 200 OK"
2026-04-21 22:59:14,572 - httpx - INFO - HTTP Request: GET http://localhost:59887/heap/unmerged "HTTP/1.1 200 OK"
2026-04-21 22:59:14,800 - httpx - INFO - HTTP Request: POST http://localhost:59933/heap/append "HTTP/1.1 200 OK"
2026-04-21 22:59:14,907 - httpx - INFO - HTTP Request: POST http://localhost:59887/heap/append "HTTP/1.1 200 OK"
2026-04-21 22:59:14,914 - httpx - INFO - HTTP Request: POST http://localhost:59967/heap/append "HTTP/1.1 200 OK"
2026-04-21 22:59:14,916 - httpx - INFO - HTTP Request: POST http://localhost:59952/heap/append "HTTP/1.1 200 OK"
2026-04-21 22:59:14,917 - httpx - INFO - HTTP Request: GET http://localhost:59900/heap/unmerged "HTTP/1.1 200 OK"
2026-04-21 22:59:15,028 - httpx - INFO - HTTP Request: POST http://localhost:54186/heap-written "HTTP/1.1 200 OK"
2026-04-21 22:59:15,751 - httpx - INFO - HTTP Request: GET http://localhost:59917/heap/unmerged "HTTP/1.1 200 OK"
2026-04-21 22:59:15,926 - httpx - INFO - HTTP Request: POST http://localhost:54186/heap-written "HTTP/1.1 200 OK"
2026-04-21 22:59:15,926 - httpx - INFO - HTTP Request: POST http://localhost:54186/heap-written "HTTP/1.1 200 OK"
2026-04-21 22:59:15,928 - httpx - INFO - HTTP Request: POST http://localhost:54186/heap-written "HTTP/1.1 200 OK"
2026-04-21 22:59:15,942 - httpx - INFO - HTTP Request: POST http://localhost:54186/allocate_page "HTTP/1.1 200 OK"
2026-04-21 22:59:15,947 - httpx - INFO - HTTP Request: POST http://localhost:54186/allocate_page "HTTP/1.1 200 OK"
2026-04-21 22:59:15,952 - httpx - INFO - HTTP Request: POST http://localhost:54186/allocate_page "HTTP/1.1 200 OK"
2026-04-21 22:59:15,958 - httpx - INFO - HTTP Request: GET http://localhost:59933/heap/unmerged "HTTP/1.1 200 OK"
2026-04-21 22:59:16,171 - httpx - INFO - HTTP Request: GET http://localhost:59952/heap/unmerged "HTTP/1.1 200 OK"
2026-04-21 22:59:16,279 - httpx - INFO - HTTP Request: POST http://localhost:59952/heap/append "HTTP/1.1 200 OK"
2026-04-21 22:59:16,758 - httpx - INFO - HTTP Request: GET http://localhost:59967/heap/unmerged "HTTP/1.1 200 OK"
2026-04-21 22:59:16,868 - httpx - INFO - HTTP Request: POST http://localhost:54186/heap-written "HTTP/1.1 200 OK"
2026-04-21 22:59:16,888 - httpx - INFO - HTTP Request: POST http://localhost:54186/allocate_page "HTTP/1.1 200 OK"
2026-04-21 22:59:16,889 - httpx - INFO - HTTP Request: POST http://localhost:59967/heap/append "HTTP/1.1 200 OK"
2026-04-21 22:59:16,890 - httpx - INFO - HTTP Request: POST http://localhost:59793/heap/append "HTTP/1.1 200 OK"
2026-04-21 22:59:17,121 - httpx - INFO - HTTP Request: GET http://localhost:59992/heap/unmerged "HTTP/1.1 200 OK"
2026-04-21 22:59:17,654 - httpx - INFO - HTTP Request: POST http://localhost:54186/heap-written "HTTP/1.1 200 OK"
2026-04-21 22:59:17,830 - httpx - INFO - HTTP Request: POST http://localhost:54186/heap-written "HTTP/1.1 200 OK"
2026-04-21 22:59:17,835 - httpx - INFO - HTTP Request: POST http://localhost:54186/allocate_page "HTTP/1.1 200 OK"
2026-04-21 22:59:17,835 - httpx - INFO - HTTP Request: GET http://localhost:1028/heap/unmerged "HTTP/1.1 200 OK"
2026-04-21 22:59:17,836 - httpx - INFO - HTTP Request: POST http://localhost:59821/heap/append "HTTP/1.1 200 OK"
2026-04-21 22:59:17,958 - httpx - INFO - HTTP Request: POST http://localhost:54186/allocate_page "HTTP/1.1 200 OK"
2026-04-21 22:59:17,961 - httpx - INFO - HTTP Request: POST http://localhost:54186/heap-written "HTTP/1.1 200 OK"
2026-04-21 22:59:18,535 - httpx - INFO - HTTP Request: POST http://localhost:54186/allocate_page "HTTP/1.1 200 OK"
2026-04-21 22:59:18,539 - httpx - INFO - HTTP Request: POST http://localhost:59793/heap/append "HTTP/1.1 200 OK"
2026-04-21 22:59:18,553 - httpx - INFO - HTTP Request: POST http://localhost:59807/heap/append "HTTP/1.1 200 OK"
2026-04-21 22:59:18,835 - httpx - INFO - HTTP Request: POST http://localhost:54186/heap-written "HTTP/1.1 200 OK"
2026-04-21 22:59:18,839 - httpx - INFO - HTTP Request: POST http://localhost:54186/heap-written "HTTP/1.1 200 OK"
2026-04-21 22:59:19,057 - httpx - INFO - HTTP Request: POST http://localhost:54186/allocate_page "HTTP/1.1 200 OK"
2026-04-21 22:59:19,060 - httpx - INFO - HTTP Request: POST http://localhost:59821/heap/append "HTTP/1.1 200 OK"
2026-04-21 22:59:19,169 - httpx - INFO - HTTP Request: POST http://localhost:54186/heap-written "HTTP/1.1 200 OK"
2026-04-21 22:59:19,281 - httpx - INFO - HTTP Request: POST http://localhost:59807/heap/append "HTTP/1.1 200 OK"
2026-04-21 22:59:19,406 - httpx - INFO - HTTP Request: POST http://localhost:54186/heap-written "HTTP/1.1 200 OK"
2026-04-21 22:59:19,629 - httpx - INFO - HTTP Request: POST http://localhost:54186/allocate_page "HTTP/1.1 200 OK"
2026-04-21 22:59:19,931 - httpx - INFO - HTTP Request: POST http://localhost:59851/heap/append "HTTP/1.1 200 OK"
2026-04-21 22:59:20,207 - httpx - INFO - HTTP Request: POST http://localhost:54186/heap-written "HTTP/1.1 200 OK"
2026-04-21 22:59:20,210 - httpx - INFO - HTTP Request: POST http://localhost:54186/allocate_page "HTTP/1.1 200 OK"
2026-04-21 22:59:20,447 - httpx - INFO - HTTP Request: POST http://localhost:59851/heap/append "HTTP/1.1 200 OK"
2026-04-21 22:59:20,558 - httpx - INFO - HTTP Request: POST http://localhost:54186/heap-written "HTTP/1.1 200 OK"
2026-04-21 22:59:23,209 - httpx - INFO - HTTP Request: POST http://localhost:54186/allocate_page "HTTP/1.1 200 OK"
2026-04-21 22:59:23,437 - httpx - INFO - HTTP Request: POST http://localhost:59814/heap/append "HTTP/1.1 200 OK"
2026-04-21 22:59:23,679 - httpx - INFO - HTTP Request: POST http://localhost:54186/heap-written "HTTP/1.1 200 OK"
2026-04-21 22:59:23,682 - httpx - INFO - HTTP Request: POST http://localhost:54186/allocate_page "HTTP/1.1 200 OK"
2026-04-21 22:59:23,873 - httpx - INFO - HTTP Request: POST http://localhost:59814/heap/append "HTTP/1.1 200 OK"
2026-04-21 22:59:23,877 - httpx - INFO - HTTP Request: GET http://localhost:1437/heap/unmerged "HTTP/1.1 200 OK"
2026-04-21 22:59:24,083 - httpx - INFO - HTTP Request: POST http://localhost:54186/heap-written "HTTP/1.1 200 OK"
2026-04-21 22:59:24,089 - httpx - INFO - HTTP Request: GET http://localhost:59793/heap/unmerged "HTTP/1.1 200 OK"
2026-04-21 22:59:24,208 - httpx - INFO - HTTP Request: GET http://localhost:59794/heap/unmerged "HTTP/1.1 200 OK"
2026-04-21 22:59:24,337 - httpx - INFO - HTTP Request: GET http://localhost:59797/heap/unmerged "HTTP/1.1 200 OK"
2026-04-21 22:59:24,433 - httpx - INFO - HTTP Request: GET http://localhost:59802/heap/unmerged "HTTP/1.1 200 OK"
2026-04-21 22:59:24,527 - httpx - INFO - HTTP Request: GET http://localhost:59807/heap/unmerged "HTTP/1.1 200 OK"
2026-04-21 22:59:24,719 - httpx - INFO - HTTP Request: POST http://localhost:54186/allocate_page "HTTP/1.1 200 OK"
2026-04-21 22:59:24,723 - httpx - INFO - HTTP Request: GET http://localhost:59814/heap/unmerged "HTTP/1.1 200 OK"
2026-04-21 22:59:24,990 - httpx - INFO - HTTP Request: POST http://localhost:54186/allocate_page "HTTP/1.1 200 OK"
2026-04-21 22:59:24,993 - httpx - INFO - HTTP Request: POST http://localhost:1437/heap/append "HTTP/1.1 200 OK"
2026-04-21 22:59:24,996 - httpx - INFO - HTTP Request: GET http://localhost:59821/heap/unmerged "HTTP/1.1 200 OK"
2026-04-21 22:59:25,401 - httpx - INFO - HTTP Request: POST http://localhost:54186/heap-written "HTTP/1.1 200 OK"
2026-04-21 22:59:25,402 - httpx - INFO - HTTP Request: POST http://localhost:54186/allocate_page "HTTP/1.1 200 OK"
2026-04-21 22:59:25,406 - httpx - INFO - HTTP Request: GET http://localhost:59830/heap/unmerged "HTTP/1.1 200 OK"
2026-04-21 22:59:25,409 - httpx - INFO - HTTP Request: POST http://localhost:59840/heap/append "HTTP/1.1 200 OK"
2026-04-21 22:59:25,799 - httpx - INFO - HTTP Request: GET http://localhost:59840/heap/unmerged "HTTP/1.1 200 OK"
2026-04-21 22:59:25,933 - httpx - INFO - HTTP Request: POST http://localhost:54186/heap-written "HTTP/1.1 200 OK"
2026-04-21 22:59:25,938 - httpx - INFO - HTTP Request: POST http://localhost:54186/allocate_page "HTTP/1.1 200 OK"
2026-04-21 22:59:25,940 - httpx - INFO - HTTP Request: POST http://localhost:1437/heap/append "HTTP/1.1 200 OK"
2026-04-21 22:59:26,070 - httpx - INFO - HTTP Request: GET http://localhost:59851/heap/unmerged "HTTP/1.1 200 OK"
2026-04-21 22:59:26,375 - httpx - INFO - HTTP Request: POST http://localhost:54186/heap-written "HTTP/1.1 200 OK"
2026-04-21 22:59:26,380 - httpx - INFO - HTTP Request: POST http://localhost:59840/heap/append "HTTP/1.1 200 OK"
2026-04-21 22:59:26,386 - httpx - INFO - HTTP Request: GET http://localhost:59872/heap/unmerged "HTTP/1.1 200 OK"
2026-04-21 22:59:26,598 - httpx - INFO - HTTP Request: POST http://localhost:54186/heap-written "HTTP/1.1 200 OK"
2026-04-21 22:59:26,606 - httpx - INFO - HTTP Request: GET http://localhost:59887/heap/unmerged "HTTP/1.1 200 OK"
2026-04-21 22:59:26,714 - httpx - INFO - HTTP Request: GET http://localhost:59900/heap/unmerged "HTTP/1.1 200 OK"
2026-04-21 22:59:26,820 - httpx - INFO - HTTP Request: GET http://localhost:59917/heap/unmerged "HTTP/1.1 200 OK"
2026-04-21 22:59:26,935 - httpx - INFO - HTTP Request: GET http://localhost:59933/heap/unmerged "HTTP/1.1 200 OK"
2026-04-21 22:59:27,043 - httpx - INFO - HTTP Request: GET http://localhost:59952/heap/unmerged "HTTP/1.1 200 OK"
2026-04-21 22:59:27,195 - httpx - INFO - HTTP Request: GET http://localhost:59967/heap/unmerged "HTTP/1.1 200 OK"
2026-04-21 22:59:27,288 - httpx - INFO - HTTP Request: GET http://localhost:59992/heap/unmerged "HTTP/1.1 200 OK"
2026-04-21 22:59:27,463 - httpx - INFO - HTTP Request: GET http://localhost:1028/heap/unmerged "HTTP/1.1 200 OK"
2026-04-21 22:59:32,377 - httpx - INFO - HTTP Request: GET http://localhost:32534/health "HTTP/1.1 200 OK"
2026-04-21 22:59:32,582 - httpx - INFO - HTTP Request: GET http://localhost:54186/active_pages "HTTP/1.1 200 OK"
2026-04-21 22:59:32,792 - httpx - INFO - HTTP Request: GET http://localhost:1437/heap/unmerged "HTTP/1.1 200 OK"
2026-04-21 22:59:32,893 - httpx - INFO - HTTP Request: GET http://localhost:59793/heap/unmerged "HTTP/1.1 200 OK"
2026-04-21 22:59:32,997 - httpx - INFO - HTTP Request: GET http://localhost:59794/heap/unmerged "HTTP/1.1 200 OK"
2026-04-21 22:59:33,282 - httpx - INFO - HTTP Request: GET http://localhost:59797/heap/unmerged "HTTP/1.1 200 OK"
2026-04-21 22:59:33,410 - httpx - INFO - HTTP Request: GET http://localhost:59802/heap/unmerged "HTTP/1.1 200 OK"
2026-04-21 22:59:33,511 - httpx - INFO - HTTP Request: GET http://localhost:59807/heap/unmerged "HTTP/1.1 200 OK"
2026-04-21 22:59:33,630 - httpx - INFO - HTTP Request: GET http://localhost:59814/heap/unmerged "HTTP/1.1 200 OK"
2026-04-21 22:59:33,734 - httpx - INFO - HTTP Request: GET http://localhost:59821/heap/unmerged "HTTP/1.1 200 OK"
2026-04-21 22:59:33,840 - httpx - INFO - HTTP Request: GET http://localhost:59830/heap/unmerged "HTTP/1.1 200 OK"
2026-04-21 22:59:33,964 - httpx - INFO - HTTP Request: GET http://localhost:59840/heap/unmerged "HTTP/1.1 200 OK"
2026-04-21 22:59:34,083 - httpx - INFO - HTTP Request: GET http://localhost:59851/heap/unmerged "HTTP/1.1 200 OK"
2026-04-21 22:59:34,184 - httpx - INFO - HTTP Request: GET http://localhost:59872/heap/unmerged "HTTP/1.1 200 OK"
2026-04-21 22:59:34,443 - httpx - INFO - HTTP Request: GET http://localhost:59887/heap/unmerged "HTTP/1.1 200 OK"
2026-04-21 22:59:34,548 - httpx - INFO - HTTP Request: POST http://localhost:54186/mark_pages_merged "HTTP/1.1 200 OK"
2026-04-21 22:59:34,551 - httpx - INFO - HTTP Request: GET http://localhost:59900/heap/unmerged "HTTP/1.1 200 OK"
2026-04-21 22:59:37,100 - httpx - INFO - HTTP Request: GET http://localhost:59917/heap/unmerged "HTTP/1.1 200 OK"
2026-04-21 22:59:37,105 - httpx - INFO - HTTP Request: POST http://localhost:59840/heap/mark-merged "HTTP/1.1 200 OK"
2026-04-21 22:59:37,393 - httpx - INFO - HTTP Request: POST http://localhost:59887/heap/mark-merged "HTTP/1.1 200 OK"
2026-04-21 22:59:37,394 - httpx - INFO - HTTP Request: POST http://localhost:59851/heap/mark-merged "HTTP/1.1 200 OK"
2026-04-21 22:59:37,395 - httpx - INFO - HTTP Request: POST http://localhost:59952/heap/mark-merged "HTTP/1.1 200 OK"
2026-04-21 22:59:37,396 - httpx - INFO - HTTP Request: POST http://localhost:1437/heap/mark-merged "HTTP/1.1 200 OK"
2026-04-21 22:59:37,398 - httpx - INFO - HTTP Request: POST http://localhost:59797/heap/mark-merged "HTTP/1.1 200 OK"
2026-04-21 22:59:37,398 - httpx - INFO - HTTP Request: POST http://localhost:59872/heap/mark-merged "HTTP/1.1 200 OK"
2026-04-21 22:59:37,399 - httpx - INFO - HTTP Request: POST http://localhost:59917/heap/mark-merged "HTTP/1.1 200 OK"
2026-04-21 22:59:37,400 - httpx - INFO - HTTP Request: POST http://localhost:1028/heap/mark-merged "HTTP/1.1 200 OK"
2026-04-21 22:59:37,401 - httpx - INFO - HTTP Request: POST http://localhost:59794/heap/mark-merged "HTTP/1.1 200 OK"
2026-04-21 22:59:37,402 - httpx - INFO - HTTP Request: POST http://localhost:59802/heap/mark-merged "HTTP/1.1 200 OK"
2026-04-21 22:59:37,403 - httpx - INFO - HTTP Request: POST http://localhost:59814/heap/mark-merged "HTTP/1.1 200 OK"
2026-04-21 22:59:37,404 - httpx - INFO - HTTP Request: POST http://localhost:59821/heap/mark-merged "HTTP/1.1 200 OK"
2026-04-21 22:59:37,405 - httpx - INFO - HTTP Request: POST http://localhost:59933/heap/mark-merged "HTTP/1.1 200 OK"
2026-04-21 22:59:37,406 - httpx - INFO - HTTP Request: POST http://localhost:59807/heap/mark-merged "HTTP/1.1 200 OK"
2026-04-21 22:59:37,407 - httpx - INFO - HTTP Request: POST http://localhost:59830/heap/mark-merged "HTTP/1.1 200 OK"
2026-04-21 22:59:37,408 - httpx - INFO - HTTP Request: POST http://localhost:59793/heap/mark-merged "HTTP/1.1 200 OK"
2026-04-21 22:59:37,408 - httpx - INFO - HTTP Request: POST http://localhost:59992/heap/mark-merged "HTTP/1.1 200 OK"
2026-04-21 22:59:37,409 - httpx - INFO - HTTP Request: POST http://localhost:59967/heap/mark-merged "HTTP/1.1 200 OK"
2026-04-21 22:59:37,489 - httpx - INFO - HTTP Request: POST http://localhost:32534/execute_merge "HTTP/1.1 200 OK"
2026-04-21 22:59:37,523 - httpx - INFO - HTTP Request: GET http://localhost:59933/heap/unmerged "HTTP/1.1 200 OK"
2026-04-21 22:59:37,761 - httpx - INFO - HTTP Request: GET http://localhost:54186/active_pages "HTTP/1.1 200 OK"
2026-04-21 22:59:37,766 - httpx - INFO - HTTP Request: GET http://localhost:59952/heap/unmerged "HTTP/1.1 200 OK"
2026-04-21 22:59:37,936 - httpx - INFO - HTTP Request: GET http://localhost:59967/heap/unmerged "HTTP/1.1 200 OK"
2026-04-21 22:59:38,069 - httpx - INFO - HTTP Request: GET http://localhost:59992/heap/unmerged "HTTP/1.1 200 OK"
2026-04-21 22:59:38,169 - httpx - INFO - HTTP Request: GET http://localhost:1028/heap/unmerged "HTTP/1.1 200 OK"
2026-04-21 22:59:38,612 - httpx - INFO - HTTP Request: GET http://localhost:32534/heap/unmerged "HTTP/1.1 200 OK"
2026-04-21 22:59:40,922 - httpx - INFO - HTTP Request: POST http://localhost:59797/heap/mark-all-merged "HTTP/1.1 200 OK"
2026-04-21 22:59:40,927 - httpx - INFO - HTTP Request: POST http://localhost:32534/heap/mark-all-merged "HTTP/1.1 200 OK"
2026-04-21 22:59:40,930 - httpx - INFO - HTTP Request: POST http://localhost:1437/heap/mark-all-merged "HTTP/1.1 200 OK"
2026-04-21 22:59:40,932 - httpx - INFO - HTTP Request: POST http://localhost:59794/heap/mark-all-merged "HTTP/1.1 200 OK"
2026-04-21 22:59:40,933 - httpx - INFO - HTTP Request: POST http://localhost:59793/heap/mark-all-merged "HTTP/1.1 200 OK"
2026-04-21 22:59:40,947 - httpx - INFO - HTTP Request: POST http://localhost:59851/heap/mark-all-merged "HTTP/1.1 200 OK"
2026-04-21 22:59:40,948 - httpx - INFO - HTTP Request: POST http://localhost:59872/heap/mark-all-merged "HTTP/1.1 200 OK"
2026-04-21 22:59:40,948 - httpx - INFO - HTTP Request: POST http://localhost:59802/heap/mark-all-merged "HTTP/1.1 200 OK"
2026-04-21 22:59:40,949 - httpx - INFO - HTTP Request: POST http://localhost:59807/heap/mark-all-merged "HTTP/1.1 200 OK"
2026-04-21 22:59:40,950 - httpx - INFO - HTTP Request: POST http://localhost:59821/heap/mark-all-merged "HTTP/1.1 200 OK"
2026-04-21 22:59:40,951 - httpx - INFO - HTTP Request: POST http://localhost:59900/heap/mark-all-merged "HTTP/1.1 200 OK"
2026-04-21 22:59:40,952 - httpx - INFO - HTTP Request: POST http://localhost:59830/heap/mark-all-merged "HTTP/1.1 200 OK"
2026-04-21 22:59:40,952 - httpx - INFO - HTTP Request: POST http://localhost:59967/heap/mark-all-merged "HTTP/1.1 200 OK"
2026-04-21 22:59:40,953 - httpx - INFO - HTTP Request: POST http://localhost:59952/heap/mark-all-merged "HTTP/1.1 200 OK"
2026-04-21 22:59:40,954 - httpx - INFO - HTTP Request: POST http://localhost:59917/heap/mark-all-merged "HTTP/1.1 200 OK"
2026-04-21 22:59:40,954 - httpx - INFO - HTTP Request: POST http://localhost:59887/heap/mark-all-merged "HTTP/1.1 200 OK"
2026-04-21 22:59:40,954 - httpx - INFO - HTTP Request: POST http://localhost:1028/heap/mark-all-merged "HTTP/1.1 200 OK"
2026-04-21 22:59:40,955 - httpx - INFO - HTTP Request: POST http://localhost:59933/heap/mark-all-merged "HTTP/1.1 200 OK"
2026-04-21 22:59:40,955 - httpx - INFO - HTTP Request: POST http://localhost:59814/heap/mark-all-merged "HTTP/1.1 200 OK"
2026-04-21 22:59:40,956 - httpx - INFO - HTTP Request: POST http://localhost:59840/heap/mark-all-merged "HTTP/1.1 200 OK"
2026-04-21 22:59:40,958 - httpx - INFO - HTTP Request: POST http://localhost:59992/heap/mark-all-merged "HTTP/1.1 200 OK"
2026-04-21 22:59:40,999 - httpx - INFO - HTTP Request: POST http://localhost:32534/execute_merge "HTTP/1.1 200 OK"
[BFF] 获取Agent 30fb733d 堆段: 0 条
[BFF] all-unmerged 获取完成: 13 条
[BFF] 读取PublicMemory (物理路径): /mnt/d/collections2026/phd_application/nanobot1/milestone2/data/public_memory/public_memory.jsonl, top_k=2
[BFF] 读取PublicMemory完成: 186 条记录
[BFF] 读取PublicMemory (物理路径): /mnt/d/collections2026/phd_application/nanobot1/milestone2/data/public_memory/public_memory.jsonl, top_k=2
[BFF] 读取PublicMemory完成: 186 条记录
[BFF] 读取PublicMemory (物理路径): /mnt/d/collections2026/phd_application/nanobot1/milestone2/data/public_memory/public_memory.jsonl, top_k=2
[BFF] 读取PublicMemory完成: 186 条记录
[BFF] 写入PublicMemory (物理路径): /mnt/d/collections2026/phd_application/nanobot1/milestone2/data/public_memory/public_memory.jsonl
[BFF] 原子替换PublicMemory: 186 条记录 -> /mnt/d/collections2026/phd_application/nanobot1/milestone2/data/public_memory/public_memory.jsonl
[BFF] 写入PublicMemory (物理路径): /mnt/d/collections2026/phd_application/nanobot1/milestone2/data/public_memory/public_memory.jsonl
[BFF] 原子替换PublicMemory: 187 条记录 -> /mnt/d/collections2026/phd_application/nanobot1/milestone2/data/public_memory/public_memory.jsonl
[BFF] 读取PublicMemory (物理路径): /mnt/d/collections2026/phd_application/nanobot1/milestone2/data/public_memory/public_memory.jsonl, top_k=2
[BFF] 读取PublicMemory完成: 187 条记录
[BFF] 邻居发现: 所有父子关系已建立
[BFF] 容器不存在 30fb733d，清理中...
[BFF] 健康检查: 已清理 1 个无效容器
[BFF] Consolidator合并完成: {'status': 'ok', 'original_count': 204, 'deduped_count': 186, 'removed_count': 18, 'pages_marked': 27, 'source': 'km_page_table'}
[BFF] Consolidator合并完成: {'status': 'ok', 'original_count': 204, 'deduped_count': 186, 'removed_count': 18, 'pages_marked': 27, 'source': 'km_page_table'}
[BFF] Consolidator合并完成: {'status': 'ok', 'original_count': 204, 'deduped_count': 186, 'removed_count': 18, 'pages_marked': 27, 'source': 'km_page_table'}
[BFF] 读取PublicMemory (物理路径): /mnt/d/collections2026/phd_application/nanobot1/milestone2/data/public_memory/public_memory.jsonl, top_k=2
[BFF] 读取PublicMemory完成: 187 条记录
[BFF] all-unmerged 请求正在进行，等待完成...
[BFF] Consolidator合并完成: {'status': 'ok', 'original_count': 215, 'deduped_count': 187, 'removed_count': 28, 'pages_marked': 29, 'source': 'km_page_table'}
[BFF] all-unmerged 请求正在进行，等待完成...
[BFF] all-unmerged 请求正在进行，等待完成...
[BFF] 获取Agent 0a0141ac 堆段: 0 条
[BFF] 获取Agent f392378b 堆段: 0 条
[BFF] 获取Agent 0f8f3855 堆段: 0 条
[BFF] 获取Agent 32947614 堆段: 0 条
[BFF] 获取Agent ecd67206 堆段: 2 条
[BFF] 获取Agent 0b416973 堆段: 0 条
[BFF] 获取Agent 099c20e8 堆段: 0 条
[BFF] 获取Agent 17c44107 堆段: 0 条
[BFF] 获取Agent b85e8ec9 堆段: 2 条
[BFF] all-unmerged 请求正在进行，等待完成...
[BFF] 获取Agent 24154eb6 堆段: 1 条
[BFF] all-unmerged 请求正在进行，等待完成...
[BFF] 获取Agent 2ff18b1f 堆段: 0 条
[BFF] all-unmerged 请求正在进行，等待完成...
[BFF] all-unmerged 请求正在进行，等待完成...
[BFF] 获取Agent cdd1ee18 堆段: 2 条
[BFF] all-unmerged 请求正在进行，等待完成...
[BFF] 获取Agent 67943fe2 堆段: 1 条
[BFF] 获取Agent 7f58fa44 堆段: 0 条
[BFF] all-unmerged 请求正在进行，等待完成...
[BFF] 获取Agent fdf7f99f 堆段: 2 条
[BFF] all-unmerged 请求正在进行，等待完成...
[BFF] all-unmerged 请求正在进行，等待完成...
[BFF] all-unmerged 请求正在进行，等待完成...
[BFF] 获取Agent 65eb0cf8 堆段: 2 条
[BFF] 获取Agent e0a2a819 堆段: 1 条
[BFF] 获取Agent 313eb1aa 堆段: 1 条
[BFF] 获取Agent 8251b4d7 堆段: 2 条
[BFF] 获取Agent c348c646 堆段: 2 条
[BFF] all-unmerged 获取完成: 18 条
[BFF] 获取Agent 0a0141ac 堆段: 0 条
[BFF] 获取Agent f392378b 堆段: 2 条
[BFF] all-unmerged 请求正在进行，等待完成...
[BFF] 获取Agent 0f8f3855 堆段: 2 条
[BFF] 获取Agent 32947614 堆段: 2 条
[BFF] 获取Agent ecd67206 堆段: 2 条
[BFF] 获取Agent 0b416973 堆段: 2 条
[BFF] 获取Agent 099c20e8 堆段: 2 条
[BFF] 获取Agent 17c44107 堆段: 2 条
[BFF] 获取Agent b85e8ec9 堆段: 2 条
[BFF] all-unmerged 请求正在进行，等待完成...
[BFF] 获取Agent 24154eb6 堆段: 2 条
[BFF] all-unmerged 请求正在进行，等待完成...
[BFF] 获取Agent 2ff18b1f 堆段: 2 条
[BFF] all-unmerged 请求正在进行，等待完成...
[BFF] 获取Agent cdd1ee18 堆段: 2 条
[BFF] all-unmerged 请求正在进行，等待完成...
[BFF] all-unmerged 请求正在进行，等待完成...
[BFF] 获取Agent 67943fe2 堆段: 2 条
[BFF] 获取Agent 7f58fa44 堆段: 0 条
[BFF] 获取Agent fdf7f99f 堆段: 2 条
[BFF] 获取Agent 65eb0cf8 堆段: 2 条
[BFF] 获取Agent e0a2a819 堆段: 2 条
[BFF] 获取Agent 313eb1aa 堆段: 2 条
[BFF] 获取Agent 8251b4d7 堆段: 2 条
[BFF] 获取Agent c348c646 堆段: 2 条
[BFF] all-unmerged 获取完成: 36 条
[BFF] 创建Consolidator容器...
[BFF] all-unmerged 命中缓存: 36 条 (缓存剩余 4.0s)
[BFF] all-unmerged 命中缓存: 36 条 (缓存剩余 1.9s)
[Orchestrator] Container consolidator_d3ffb5e6 is ready
[Orchestrator] Created container consolidator_d3ffb5e6
[BFF] Consolidator容器已创建: d3ffb5e6
[BFF] Consolidator容器已创建: d3ffb5e6
[BFF] Consolidator容器已创建: d3ffb5e6
[BFF] 转发合并请求到Consolidator: http://localhost:32534/execute_merge
[BFF] 读取PublicMemory (物理路径): /mnt/d/collections2026/phd_application/nanobot1/milestone2/data/public_memory/public_memory.jsonl, top_k=10000
[BFF] 读取PublicMemory完成: 187 条记录
[BFF] 获取Agent 0a0141ac 堆段: 2 条
[BFF] 获取Agent f392378b 堆段: 2 条
[BFF] 获取Agent 0f8f3855 堆段: 2 条
[BFF] 获取Agent 32947614 堆段: 2 条
[BFF] 获取Agent ecd67206 堆段: 2 条
[BFF] 获取Agent 0b416973 堆段: 2 条
[BFF] 获取Agent 099c20e8 堆段: 2 条
[BFF] 获取Agent 17c44107 堆段: 2 条
[BFF] 获取Agent b85e8ec9 堆段: 2 条
[BFF] 获取Agent 24154eb6 堆段: 3 条
[BFF] 获取Agent 2ff18b1f 堆段: 2 条
[BFF] 获取Agent cdd1ee18 堆段: 2 条
[BFF] 写入PublicMemory (物理路径): /mnt/d/collections2026/phd_application/nanobot1/milestone2/data/public_memory/public_memory.jsonl
[BFF] 原子替换PublicMemory: 200 条记录 -> /mnt/d/collections2026/phd_application/nanobot1/milestone2/data/public_memory/public_memory.jsonl
[BFF] 获取Agent 67943fe2 堆段: 2 条
[BFF] 获取Agent 7f58fa44 堆段: 0 条
[BFF] all-unmerged 请求正在进行，等待完成...
[BFF] 获取Agent fdf7f99f 堆段: 2 条
[BFF] Consolidator容器已存在: d3ffb5e6
[BFF] 转发合并请求到Consolidator: http://localhost:32534/execute_merge
[BFF] Consolidator合并完成: {'status': 'ok', 'original_count': 226, 'deduped_count': 200, 'removed_count': 26, 'pages_marked': 39, 'source': 'km_page_table'}
[BFF] all-unmerged 请求正在进行，等待完成...
[BFF] 获取Agent 65eb0cf8 堆段: 0 条
[BFF] 获取Agent e0a2a819 堆段: 0 条
[BFF] all-unmerged 请求正在进行，等待完成...
[BFF] 读取PublicMemory (物理路径): /mnt/d/collections2026/phd_application/nanobot1/milestone2/data/public_memory/public_memory.jsonl, top_k=10000
[BFF] 读取PublicMemory完成: 200 条记录
[BFF] 获取Agent 313eb1aa 堆段: 0 条
[BFF] 获取Agent 8251b4d7 堆段: 0 条
[BFF] 获取Agent c348c646 堆段: 0 条
[BFF] 获取Agent d3ffb5e6 堆段: 0 条
[BFF] all-unmerged 获取完成: 29 条
[BFF] 写入PublicMemory (物理路径): /mnt/d/collections2026/phd_application/nanobot1/milestone2/data/public_memory/public_memory.jsonl
[BFF] 原子替换PublicMemory: 199 条记录 -> /mnt/d/collections2026/phd_application/nanobot1/milestone2/data/public_memory/public_memory.jsonl
[BFF] all-unmerged 命中缓存: 29 条 (缓存剩余 2.7s)
[BFF] Consolidator合并完成: {'status': 'ok', 'original_count': 236, 'deduped_count': 199, 'removed_count': 37, 'pages_marked': 36, 'source': 'heap_unmerged'}
2026-04-21 22:59:45,588 - httpx - INFO - HTTP Request: GET http://localhost:1437/heap/unmerged "HTTP/1.1 200 OK"
2026-04-21 22:59:45,719 - httpx - INFO - HTTP Request: GET http://localhost:59793/heap/unmerged "HTTP/1.1 200 OK"
2026-04-21 22:59:45,839 - httpx - INFO - HTTP Request: GET http://localhost:59794/heap/unmerged "HTTP/1.1 200 OK"
2026-04-21 22:59:45,967 - httpx - INFO - HTTP Request: GET http://localhost:59797/heap/unmerged "HTTP/1.1 200 OK"
2026-04-21 22:59:46,103 - httpx - INFO - HTTP Request: GET http://localhost:59802/heap/unmerged "HTTP/1.1 200 OK"
2026-04-21 22:59:46,403 - httpx - INFO - HTTP Request: GET http://localhost:59807/heap/unmerged "HTTP/1.1 200 OK"
2026-04-21 22:59:46,598 - httpx - INFO - HTTP Request: GET http://localhost:59814/heap/unmerged "HTTP/1.1 200 OK"
2026-04-21 22:59:46,796 - httpx - INFO - HTTP Request: GET http://localhost:59821/heap/unmerged "HTTP/1.1 200 OK"
2026-04-21 22:59:46,978 - httpx - INFO - HTTP Request: GET http://localhost:59830/heap/unmerged "HTTP/1.1 200 OK"
2026-04-21 22:59:47,273 - httpx - INFO - HTTP Request: GET http://localhost:59840/heap/unmerged "HTTP/1.1 200 OK"
2026-04-21 22:59:47,540 - httpx - INFO - HTTP Request: GET http://localhost:59851/heap/unmerged "HTTP/1.1 200 OK"
2026-04-21 22:59:47,690 - httpx - INFO - HTTP Request: GET http://localhost:59872/heap/unmerged "HTTP/1.1 200 OK"
2026-04-21 22:59:47,798 - httpx - INFO - HTTP Request: GET http://localhost:59887/heap/unmerged "HTTP/1.1 200 OK"
2026-04-21 22:59:47,969 - httpx - INFO - HTTP Request: GET http://localhost:59900/heap/unmerged "HTTP/1.1 200 OK"
2026-04-21 22:59:48,221 - httpx - INFO - HTTP Request: GET http://localhost:59917/heap/unmerged "HTTP/1.1 200 OK"
2026-04-21 22:59:48,419 - httpx - INFO - HTTP Request: GET http://localhost:59933/heap/unmerged "HTTP/1.1 200 OK"
2026-04-21 22:59:48,593 - httpx - INFO - HTTP Request: GET http://localhost:59952/heap/unmerged "HTTP/1.1 200 OK"
2026-04-21 22:59:48,806 - httpx - INFO - HTTP Request: GET http://localhost:59967/heap/unmerged "HTTP/1.1 200 OK"
2026-04-21 22:59:49,005 - httpx - INFO - HTTP Request: GET http://localhost:59992/heap/unmerged "HTTP/1.1 200 OK"
2026-04-21 22:59:49,142 - httpx - INFO - HTTP Request: GET http://localhost:1028/heap/unmerged "HTTP/1.1 200 OK"
2026-04-21 22:59:49,274 - httpx - INFO - HTTP Request: GET http://localhost:32534/heap/unmerged "HTTP/1.1 200 OK"
INFO:     Shutting down
INFO:     Waiting for application shutdown.
INFO:     Application shutdown complete.
INFO:     Finished server process [29651]
